,amp,batch_size,bss_reg,clip_grad,cotuning_reg,cutmix,decay_epochs,decay_rate,delta_reg,drop,layer_decay,linear_probing,lr,mixup,mixup_prob,model,momentum,opt,patience_epochs,pct_to_freeze,ra_magnitude,ra_num_ops,sched,smoothing,sp_reg,stoch_norm,warmup_epochs,warmup_lr,weight_decay,data_augmentation,opt_betas,auto_augment
20504694441440520,False,2,0.0,,0.5,0.1,0.0,0.1,0.0,0.0,,False,0.005,0.0,0.0,beit_base_patch16_384,0.9,sgd,10,1.0,9,3,cosine,0.1,0.0001,True,5,0.0,0.0001,random_augment,,
9807960688271499,True,4,0.001,1.0,0.5,0.25,0.0,0.1,0.01,0.0,0.65,False,1e-05,2.0,0.25,deit3_small_patch16_384_in21ft1k,0.9,adamw,10,0.0,8,2,cosine,0.1,0.01,False,10,0.0,0.01,none,"(0.0, 0.99)",
15314844028951064,False,4,0.1,1.0,0.0,0.0,0.0,0.1,0.0,0.3,0.75,True,0.0005,0.4,0.0,dla46x_c,0.9,adamw,10,1.0,9,2,cosine,0.1,0.0,False,0,1e-06,0.0,random_augment,"(0.0, 0.99)",
71707164140800161,True,32,0.1,10.0,0.0,0.1,10.0,0.5,0.1,0.1,0.75,False,0.001,2.0,0.75,tf_efficientnet_b4_ns,0.9,sgd,10,0.8,8,2,multistep,0.05,0.1,True,0,0.0,0.0,auto_augment,,original
172605606553161033,True,256,0.0001,10.0,0.5,0.0,20.0,0.5,0.1,0.4,,True,0.0005,0.0,0.25,edgenext_xx_small,0.9,adamp,10,0.0,8,2,multistep,0.1,0.1,False,5,1e-05,0.01,none,"(0.0, 0.99)",
43856137021585608,False,2,0.0001,10.0,2.0,0.1,20.0,0.1,0.0001,0.4,,False,0.005,0.0,0.5,edgenext_x_small,0.8,momentum,10,1.0,8,2,step,0.0,0.01,False,5,1e-06,0.001,trivial_augment,,
48321047954876768,False,32,0.0,1.0,0.5,0.5,0.0,0.1,0.0,0.1,0.75,True,0.0001,0.0,0.0,dla46x_c,0.9,adamw,10,1.0,8,2,cosine,0.1,0.0,False,5,1e-05,0.0,auto_augment,"(0.0, 0.99)",original
1875017784898632,False,128,0.0,1.0,4.0,0.5,0.0,0.1,0.01,0.0,0.75,False,5e-05,0.2,0.0,dla46x_c,0.9,adamp,2,0.6,8,2,plateau,0.1,0.1,False,0,1e-06,0.01,none,"(0.9, 0.999)",
11398896931087716,False,16,0.0,1.0,0.5,0.1,0.0,0.1,0.0,0.4,0.65,True,0.001,2.0,0.0,xcit_tiny_12_p8_384_dist,0.9,adam,10,0.8,8,2,cosine,0.1,0.1,True,0,1e-06,0.001,none,"(0.0, 0.99)",
3943703261081846,False,4,0.01,,1.0,2.0,10.0,0.1,0.001,0.0,,False,0.01,0.2,0.75,mobilevit_xs,0.9,adamw,10,1.0,9,2,step,0.1,0.001,False,10,1e-05,0.001,random_augment,"(0.9, 0.999)",
610468141912184026,False,64,0.001,,4.0,1.0,20.0,0.5,0.001,0.2,,True,1e-05,2.0,0.75,mobilevit_xs,0.95,momentum,10,0.4,17,3,multistep,0.0,0.0,False,5,0.0,0.001,random_augment,,
16406771594585499,True,32,0.0,,1.0,0.25,10.0,0.5,0.0001,0.0,,True,0.01,4.0,0.0,xcit_tiny_12_p8_384_dist,0.9,sgd,10,0.8,8,2,multistep,0.05,0.01,False,5,0.0,0.1,trivial_augment,,
36981426032447873,True,8,0.0001,10.0,0.5,0.0,0.0,0.1,0.01,0.1,0.65,False,5e-05,0.4,1.0,beit_base_patch16_384,0.9,adamp,5,0.4,8,2,plateau,0.1,0.1,False,0,1e-06,0.0001,none,"(0.9, 0.999)",
241360199524743726,False,128,0.01,,2.0,0.1,0.0,0.1,0.001,0.3,,False,1e-05,0.4,0.25,dla46x_c,0.9,adamp,5,0.8,17,3,plateau,0.05,0.001,True,0,1e-05,1e-05,random_augment,"(0.0, 0.99)",
31879499823621417,True,4,0.01,,2.0,1.0,20.0,0.1,0.0001,0.1,0.75,False,0.0001,0.4,0.5,beit_base_patch16_384,0.9,sgd,10,0.6,8,2,multistep,0.1,0.1,False,10,1e-06,0.0,none,,
32903956271222321,True,8,0.001,10.0,0.0,4.0,10.0,0.1,0.0,0.1,0.75,True,0.0005,0.4,0.5,volo_d4_448,0.9,adamw,10,0.8,8,2,step,0.0,0.01,False,0,1e-06,0.1,none,"(0.0, 0.99)",
229117021390436486,False,256,0.1,,0.0,0.5,20.0,0.1,0.0,0.1,0.75,True,0.005,4.0,1.0,xcit_tiny_12_p8_384_dist,0.9,adamw,10,1.0,8,2,multistep,0.05,0.0001,False,0,1e-05,0.01,auto_augment,"(0.9, 0.99)",v0
7459198860207711,True,4,0.0001,10.0,2.0,0.25,10.0,0.1,0.0,0.1,,True,0.005,1.0,0.75,edgenext_xx_small,0.9,adamw,10,0.8,8,2,step,0.0,0.001,True,5,1e-06,0.0,none,"(0.9, 0.999)",
431109092737407541,True,128,0.0001,10.0,4.0,0.1,20.0,0.1,0.0,0.4,,False,0.0005,0.0,1.0,mobilevitv2_075,0.95,momentum,10,0.0,9,3,multistep,0.0,0.0,True,10,0.0,0.01,random_augment,,
26869941578572375,True,128,0.1,1.0,0.0,1.0,0.0,0.1,0.0001,0.1,0.65,True,0.0001,1.0,0.5,xcit_nano_12_p8_384_dist,0.95,momentum,2,1.0,8,2,plateau,0.1,0.0,False,10,1e-05,0.01,none,,
599760443141792971,True,16,0.01,,2.0,0.0,10.0,0.5,0.1,0.3,0.65,False,0.005,4.0,0.75,volo_d3_448,0.95,momentum,10,0.8,17,3,step,0.05,0.0001,True,5,0.0,0.1,random_augment,,
18325372658686632,False,2,0.1,,2.0,0.0,0.0,0.1,0.01,0.1,0.65,False,0.01,0.4,0.25,mobilevit_xs,0.9,adam,10,1.0,8,2,cosine,0.05,0.0001,False,10,1e-06,0.01,auto_augment,"(0.9, 0.999)",original
43350626258447621,True,8,0.001,1.0,1.0,2.0,20.0,0.1,0.1,0.1,0.65,True,0.001,0.4,0.0,convnext_small_384_in22ft1k,0.9,adamp,10,0.4,8,2,step,0.05,0.1,True,0,0.0,0.001,none,"(0.0, 0.99)",
21635514092957998,False,8,0.01,,1.0,0.1,0.0,0.1,0.001,0.4,0.75,True,1e-05,1.0,0.0,volo_d1_384,0.9,adamw,10,0.4,8,2,cosine,0.0,0.001,False,0,0.0,1e-05,trivial_augment,"(0.9, 0.99)",
19245613521607337,True,64,0.001,,1.0,0.25,0.0,0.1,0.001,0.1,,False,1e-05,2.0,0.0,edgenext_xx_small,0.9,adamp,10,1.0,8,2,cosine,0.1,0.001,False,10,0.0,0.001,trivial_augment,"(0.9, 0.99)",
26650239582802536,False,2,0.001,10.0,0.5,0.25,0.0,0.1,0.0,0.4,0.65,False,0.01,0.0,1.0,edgenext_xx_small,0.8,momentum,10,0.2,8,2,cosine,0.05,0.0001,True,0,1e-05,0.01,none,,
65836920050636481,True,32,0.1,10.0,0.5,0.1,0.0,0.1,0.001,0.1,0.75,False,1e-05,0.0,0.5,convnext_small_384_in22ft1k,0.95,momentum,5,0.6,8,2,plateau,0.0,0.01,True,0,1e-05,0.1,none,,
80991978207939583,True,16,0.001,1.0,0.0,4.0,0.0,0.1,0.0,0.2,,True,0.001,1.0,0.25,xcit_tiny_12_p8_384_dist,0.9,adam,10,0.8,8,2,cosine,0.05,0.01,True,10,1e-05,0.0,none,"(0.0, 0.999)",
99483191476165,True,2,0.01,1.0,0.5,0.25,0.0,0.1,0.001,0.2,0.75,False,0.005,0.2,0.5,mobilevit_xxs,0.9,adamw,2,0.4,8,2,plateau,0.05,0.0001,True,0,0.0,0.1,trivial_augment,"(0.9, 0.999)",
109432209464627835,True,4,0.1,1.0,0.5,4.0,0.0,0.1,0.01,0.3,0.75,False,1e-05,0.2,1.0,swinv2_base_window12to24_192to384_22kft1k,0.9,adamp,10,0.6,17,3,cosine,0.0,0.1,False,0,0.0,0.0001,random_augment,"(0.0, 0.99)",
30342389707691813,True,64,0.1,,4.0,2.0,0.0,0.1,0.0,0.0,0.75,True,0.0005,0.0,0.25,xcit_tiny_24_p8_384_dist,0.9,sgd,10,0.8,17,3,cosine,0.05,0.001,False,5,1e-06,1e-05,random_augment,,
242714410373682924,False,16,0.0001,,0.0,2.0,20.0,0.1,0.0001,0.0,0.75,False,5e-05,0.0,1.0,xcit_tiny_12_p8_384_dist,0.9,adamw,10,0.8,8,2,multistep,0.1,0.001,True,0,1e-05,0.0,auto_augment,"(0.9, 0.99)",original
10208759266524817,True,2,0.001,1.0,1.0,1.0,0.0,0.1,0.01,0.3,,False,0.0001,0.4,0.0,beit_base_patch16_384,0.9,sgd,10,1.0,8,2,cosine,0.05,0.0,False,10,1e-06,0.01,auto_augment,,v0
167901487899005886,False,16,0.0,10.0,0.0,0.0,0.0,0.1,0.0001,0.1,0.75,False,0.0005,0.0,0.5,mobilevit_xs,0.9,adam,5,1.0,9,3,plateau,0.0,0.0001,False,0,1e-06,1e-05,random_augment,"(0.9, 0.999)",
4130963487941545,True,2,0.01,10.0,2.0,4.0,0.0,0.1,0.01,0.1,,False,5e-05,0.2,0.75,xcit_tiny_24_p8_384_dist,0.9,sgd,10,0.2,8,2,cosine,0.05,0.0,True,0,0.0,0.0001,none,,
7272660134138386,False,8,0.1,1.0,0.5,0.1,0.0,0.1,0.001,0.4,0.65,False,1e-05,0.2,0.0,edgenext_x_small,0.9,adamw,10,0.2,8,2,cosine,0.1,0.1,False,0,1e-06,0.0,none,"(0.9, 0.999)",
4626300154425493,True,128,0.0,10.0,0.0,4.0,0.0,0.1,0.1,0.4,,False,0.0005,0.0,0.0,mobilevit_xxs,0.9,adam,10,0.4,8,2,cosine,0.05,0.01,True,0,1e-06,0.0001,none,"(0.9, 0.999)",
26747930057138973,True,32,0.01,,2.0,0.1,20.0,0.1,0.01,0.0,0.75,True,0.005,2.0,0.75,volo_d5_512,0.9,adam,10,1.0,8,2,step,0.1,0.001,False,5,1e-05,0.01,none,"(0.9, 0.999)",
8191981088187738,False,16,0.1,1.0,0.5,0.25,0.0,0.1,0.001,0.1,0.65,True,0.001,2.0,0.75,beit_base_patch16_384,0.9,adamw,10,0.4,8,2,cosine,0.0,0.0001,True,0,0.0,0.1,none,"(0.0, 0.99)",
37001627325288724,False,8,0.0,,0.5,0.1,0.0,0.1,0.1,0.3,0.75,False,0.0001,0.4,0.0,swinv2_base_window12to24_192to384_22kft1k,0.9,sgd,2,0.8,9,3,plateau,0.0,0.0001,True,0,1e-06,0.0001,random_augment,,
12596389038866073,True,4,0.0,,0.5,0.0,0.0,0.1,0.0001,0.2,0.75,False,0.001,8.0,0.25,xcit_tiny_12_p8_384_dist,0.9,sgd,5,0.0,8,2,plateau,0.05,0.1,True,10,0.0,0.0001,none,,
18162702189349349,True,8,0.01,1.0,0.0,0.0,0.0,0.1,0.1,0.2,,False,5e-05,2.0,0.5,xcit_tiny_12_p8_384_dist,0.9,adamw,2,0.2,8,2,plateau,0.05,0.0,False,5,1e-06,0.01,none,"(0.9, 0.99)",
76330927347239884,False,8,0.0,10.0,0.0,2.0,0.0,0.1,0.001,0.1,,False,5e-05,0.4,0.5,tf_efficientnet_b6_ns,0.9,adam,10,0.6,8,2,cosine,0.1,0.001,True,5,1e-06,0.001,none,"(0.0, 0.999)",
29851402722830563,True,128,0.0,1.0,2.0,0.5,0.0,0.1,0.001,0.0,0.75,False,0.005,0.2,0.0,mobilevitv2_075,0.9,adamw,10,0.8,8,2,cosine,0.1,0.1,True,0,0.0,1e-05,none,"(0.0, 0.999)",
5487729697298407,True,128,0.01,10.0,2.0,0.1,0.0,0.1,0.0,0.4,,False,0.0001,1.0,0.75,mobilevit_xxs,0.9,sgd,10,0.8,8,2,cosine,0.1,0.0,True,0,0.0,1e-05,none,,
35556401569825826,False,32,0.0001,,0.0,0.1,0.0,0.1,0.0,0.0,,True,0.005,2.0,0.0,tf_efficientnet_b4_ns,0.99,momentum,2,0.8,8,2,plateau,0.1,0.1,True,10,0.0,0.001,trivial_augment,,
9073415316940400,False,4,0.0001,,4.0,0.25,0.0,0.1,0.001,0.4,0.75,True,5e-05,0.4,0.0,tf_efficientnet_b7_ns,0.8,momentum,10,0.8,8,2,cosine,0.1,0.1,False,0,1e-05,0.1,none,,
22176294145196426,False,32,0.0001,10.0,0.5,0.5,10.0,0.5,0.0,0.2,,True,5e-05,4.0,0.5,mobilevitv2_075,0.9,adamw,10,0.0,9,2,step,0.0,0.01,True,0,1e-06,1e-05,random_augment,"(0.9, 0.999)",
50402332607050784,False,4,0.1,10.0,4.0,0.1,10.0,0.5,0.1,0.2,0.75,False,0.0005,1.0,0.25,mobilevitv2_075,0.9,sgd,10,1.0,17,2,step,0.05,0.1,True,10,0.0,0.01,random_augment,,
23099098029176423,True,64,0.1,1.0,0.0,0.5,0.0,0.1,0.1,0.4,0.65,False,0.0001,0.4,0.5,edgenext_small,0.9,adam,2,0.8,8,2,plateau,0.05,0.1,True,0,0.0,0.0,none,"(0.9, 0.99)",
305705942347299647,True,8,0.1,1.0,4.0,0.25,20.0,0.1,0.0001,0.1,0.75,False,1e-05,1.0,1.0,tf_efficientnet_b6_ns,0.9,adamp,10,0.4,9,3,multistep,0.05,0.0001,True,0,1e-06,1e-05,random_augment,"(0.0, 0.99)",
59554321274313888,False,16,0.1,1.0,0.5,0.5,20.0,0.5,0.01,0.4,,False,0.0001,4.0,0.5,edgenext_x_small,0.9,adamw,10,0.0,8,2,multistep,0.05,0.1,True,0,0.0,0.001,none,"(0.0, 0.99)",
412276432403162395,True,2,0.01,,1.0,0.25,10.0,0.5,0.1,0.1,,False,1e-05,0.4,0.0,swinv2_base_window12to24_192to384_22kft1k,0.9,adamw,10,1.0,17,3,multistep,0.1,0.1,True,10,0.0,0.0,random_augment,"(0.9, 0.999)",
25070702873258755,True,2,0.01,1.0,2.0,1.0,0.0,0.1,0.01,0.1,0.75,False,5e-05,2.0,0.0,xcit_nano_12_p8_384_dist,0.9,adamp,10,1.0,8,2,cosine,0.0,0.0001,False,10,1e-06,0.1,none,"(0.0, 0.999)",
15238671243209569,True,2,0.0001,1.0,2.0,0.1,0.0,0.1,0.01,0.0,0.65,False,0.005,8.0,1.0,swinv2_base_window12to24_192to384_22kft1k,0.9,adamp,10,0.8,9,2,cosine,0.1,0.0,True,10,0.0,0.0,random_augment,"(0.0, 0.99)",
27871524408702281,True,8,0.001,10.0,2.0,0.5,0.0,0.1,0.1,0.4,0.75,False,5e-05,8.0,0.5,tf_efficientnet_b4_ns,0.9,adamw,10,0.2,8,2,cosine,0.1,0.001,True,10,1e-06,0.001,none,"(0.0, 0.999)",
23851317304845252,False,2,0.1,1.0,1.0,1.0,0.0,0.1,0.0001,0.2,0.65,False,0.001,4.0,0.5,beit_large_patch16_512,0.9,sgd,10,1.0,8,2,cosine,0.1,0.1,True,10,1e-06,0.0,auto_augment,,original
6531126651150799,True,128,0.001,,0.0,0.25,0.0,0.1,0.001,0.2,0.75,True,0.0005,1.0,0.25,dla46x_c,0.0,momentum,2,1.0,8,2,plateau,0.0,0.0,True,5,1e-05,1e-05,trivial_augment,,
19453431502679926,False,8,0.1,10.0,0.5,2.0,0.0,0.1,0.1,0.3,0.65,False,0.0001,4.0,1.0,beit_base_patch16_384,0.9,adamw,2,0.8,8,2,plateau,0.05,0.0001,True,0,1e-06,0.001,trivial_augment,"(0.9, 0.99)",
9370598557190192,False,32,0.01,10.0,0.0,1.0,10.0,0.1,0.1,0.0,0.75,True,5e-05,8.0,0.75,volo_d5_448,0.9,sgd,10,1.0,8,2,multistep,0.05,0.1,False,10,1e-05,0.1,auto_augment,,v0
63334829739207515,True,8,0.0,1.0,0.5,0.25,20.0,0.5,0.0,0.0,0.65,False,5e-05,0.0,0.0,mobilevitv2_075,0.9,adam,10,1.0,8,2,step,0.05,0.0001,False,10,1e-05,1e-05,trivial_augment,"(0.0, 0.99)",
28016350318507554,False,2,0.01,10.0,0.5,1.0,0.0,0.1,0.1,0.4,0.75,True,0.0001,0.2,0.75,deit3_small_patch16_384_in21ft1k,0.9,adam,10,0.0,8,2,cosine,0.05,0.001,True,0,1e-05,0.001,trivial_augment,"(0.0, 0.999)",
54855600607802405,True,64,0.01,10.0,2.0,0.0,0.0,0.1,0.0,0.2,0.75,True,0.005,8.0,0.5,edgenext_small,0.9,adamw,10,0.2,8,2,cosine,0.05,0.0001,True,10,1e-06,1e-05,none,"(0.9, 0.99)",
36982281862661390,False,32,0.1,,2.0,2.0,0.0,0.1,0.01,0.3,0.65,False,0.0001,4.0,1.0,edgenext_xx_small,0.9,adamp,10,0.2,8,2,cosine,0.0,0.0,True,0,1e-06,0.0001,auto_augment,"(0.0, 0.99)",v0
64865679249743050,False,8,0.001,10.0,4.0,2.0,10.0,0.1,0.0,0.0,,True,0.005,1.0,0.5,xcit_tiny_24_p8_384_dist,0.9,adamp,10,0.4,8,2,multistep,0.05,0.01,False,0,0.0,0.1,none,"(0.9, 0.99)",
269269493726671429,True,128,0.001,,4.0,1.0,20.0,0.1,0.0,0.4,0.65,True,0.0005,0.0,0.0,volo_d1_384,0.95,momentum,10,1.0,17,2,multistep,0.1,0.001,True,0,1e-06,0.01,random_augment,,
13884809022997269,True,256,0.01,1.0,2.0,0.5,20.0,0.1,0.0001,0.0,,True,0.01,0.0,0.5,dla46x_c,0.9,sgd,10,0.2,8,2,step,0.05,0.0,True,10,0.0,1e-05,trivial_augment,,
17084006069302810,False,64,0.0,1.0,2.0,4.0,0.0,0.1,0.0001,0.4,0.65,True,1e-05,1.0,0.25,mobilevit_xs,0.9,adamw,10,0.8,8,2,cosine,0.1,0.01,True,10,1e-06,0.1,none,"(0.9, 0.99)",
315262230210702889,True,16,0.1,10.0,4.0,0.0,10.0,0.1,0.1,0.3,0.75,True,0.0001,0.4,1.0,volo_d4_448,0.9,adamp,10,1.0,8,2,step,0.05,0.01,False,5,1e-06,0.0,auto_augment,"(0.0, 0.999)",original
21174903109801467,True,32,0.0001,10.0,2.0,1.0,0.0,0.1,0.001,0.0,,False,0.01,4.0,0.5,edgenext_small,0.9,adam,10,1.0,8,2,cosine,0.05,0.0001,False,0,1e-05,0.0001,trivial_augment,"(0.9, 0.99)",
383920101079509662,False,32,0.01,,0.0,0.5,20.0,0.5,0.1,0.4,0.75,False,0.005,2.0,0.0,volo_d4_448,0.9,adamw,10,1.0,8,2,step,0.1,0.1,True,10,0.0,0.001,auto_augment,"(0.0, 0.999)",original
1351109297692512,False,2,0.1,,1.0,0.25,0.0,0.1,0.1,0.2,0.75,False,0.0005,0.2,1.0,xcit_tiny_12_p8_384_dist,0.9,sgd,10,1.0,8,2,cosine,0.0,0.0,False,0,0.0,0.01,none,,
212557447932939361,True,2,0.0,10.0,4.0,0.1,10.0,0.1,0.01,0.0,0.65,False,0.01,4.0,0.0,mobilevit_xs,0.9,adamp,10,0.4,8,2,step,0.1,0.001,True,0,1e-06,0.01,auto_augment,"(0.9, 0.99)",original
25308918251469456,False,16,0.0,10.0,0.5,4.0,0.0,0.1,0.0,0.3,,True,1e-05,4.0,1.0,edgenext_x_small,0.9,adamp,2,0.0,9,2,plateau,0.1,0.0001,True,0,1e-05,0.1,random_augment,"(0.0, 0.999)",
28052137837745817,True,256,0.1,10.0,0.0,0.5,0.0,0.1,0.001,0.3,0.65,True,0.0001,0.0,1.0,mobilevit_xxs,0.9,sgd,10,1.0,17,3,cosine,0.1,0.1,True,0,1e-05,0.001,random_augment,,
398732503442220551,True,64,0.0,,1.0,0.5,10.0,0.1,0.001,0.3,0.75,True,0.0001,8.0,0.0,edgenext_small,0.99,momentum,10,0.6,8,2,step,0.0,0.001,True,10,0.0,0.01,auto_augment,,v0
49556238012479752,False,512,0.001,1.0,2.0,4.0,0.0,0.1,0.0001,0.1,0.75,True,0.001,1.0,0.75,edgenext_small,0.9,adam,10,1.0,17,2,cosine,0.0,0.01,False,0,1e-05,0.1,random_augment,"(0.9, 0.99)",
68744687201944200,False,2,0.0,1.0,2.0,2.0,0.0,0.1,0.1,0.3,,False,1e-05,0.2,0.25,dla46x_c,0.9,adam,10,0.8,8,2,cosine,0.0,0.001,False,10,1e-05,0.001,auto_augment,"(0.9, 0.99)",original
16951151375577194,False,256,0.0,1.0,1.0,0.1,10.0,0.5,0.1,0.1,0.75,True,1e-05,1.0,1.0,mobilevit_xxs,0.9,adamw,10,1.0,8,2,step,0.1,0.1,True,5,1e-06,0.1,none,"(0.9, 0.999)",
244453108448436529,True,128,0.001,1.0,1.0,0.25,10.0,0.5,0.0001,0.3,0.65,True,0.0005,2.0,0.0,edgenext_x_small,0.9,adamp,10,0.0,8,2,step,0.1,0.01,False,0,0.0,0.01,none,"(0.9, 0.99)",
508283418211954687,True,2,0.001,,0.0,0.1,10.0,0.5,0.01,0.4,0.65,False,0.01,0.0,1.0,convnext_small_384_in22ft1k,0.0,momentum,10,1.0,17,3,step,0.0,0.1,True,0,1e-06,1e-05,random_augment,,
22448212849937845,True,2,0.01,10.0,2.0,1.0,10.0,0.5,0.01,0.2,,False,0.005,0.2,0.25,edgenext_x_small,0.9,adamp,10,1.0,8,2,multistep,0.0,0.0001,True,10,1e-06,1e-05,none,"(0.9, 0.999)",
353283563244097197,True,32,0.0001,1.0,4.0,0.25,20.0,0.5,0.01,0.4,0.75,True,0.01,0.4,0.0,mobilevitv2_075,0.9,adamp,10,0.0,9,3,step,0.1,0.001,True,10,1e-06,0.0001,random_augment,"(0.9, 0.99)",
358269972198336861,True,256,0.001,,2.0,0.25,10.0,0.1,0.01,0.4,0.65,False,0.0001,0.4,0.75,edgenext_xx_small,0.9,adamw,10,0.6,9,3,step,0.0,0.0,False,0,1e-06,0.01,random_augment,"(0.0, 0.999)",
401104845193165,True,16,0.0001,1.0,0.0,0.25,0.0,0.1,0.0,0.3,0.65,False,0.005,0.0,0.25,edgenext_xx_small,0.9,sgd,10,0.0,8,2,cosine,0.1,0.0001,True,10,0.0,0.1,none,,
22333045382683851,True,4,0.0001,,4.0,2.0,10.0,0.5,0.0,0.4,0.75,False,0.0005,0.2,0.25,volo_d1_384,0.9,sgd,10,1.0,8,2,multistep,0.05,0.01,True,5,1e-06,1e-05,none,,
28816646720579110,False,64,0.0,,0.0,0.25,0.0,0.1,0.01,0.2,0.75,True,0.005,4.0,0.75,edgenext_xx_small,0.95,momentum,10,0.2,8,2,cosine,0.1,0.0,False,0,1e-06,0.0001,none,,
1570984553488897,True,2,0.001,,2.0,4.0,0.0,0.1,0.001,0.4,,False,0.0005,0.4,0.25,edgenext_small,0.9,sgd,10,0.8,8,2,cosine,0.1,0.1,False,5,0.0,0.01,none,,
11477179840168842,False,16,0.001,10.0,0.5,0.0,0.0,0.1,0.0,0.0,0.75,False,1e-05,0.0,0.25,edgenext_small,0.9,sgd,10,0.0,8,2,cosine,0.0,0.0,True,5,1e-06,0.001,auto_augment,,v0
65426924267650542,False,128,0.0,,4.0,2.0,0.0,0.1,0.0001,0.4,0.75,False,0.005,4.0,1.0,mobilevitv2_075,0.9,adamw,2,0.6,17,2,plateau,0.1,0.0,False,5,1e-06,0.1,random_augment,"(0.9, 0.999)",
25526358101141388,False,2,0.0001,1.0,4.0,1.0,0.0,0.1,0.0001,0.3,0.75,False,0.005,0.2,0.25,edgenext_x_small,0.95,momentum,10,0.6,8,2,cosine,0.05,0.0001,False,10,1e-05,0.1,none,,
7568214565106568,False,128,0.001,1.0,4.0,2.0,0.0,0.1,0.001,0.2,0.65,False,0.0001,0.2,0.25,mobilevitv2_075,0.9,adamw,10,0.8,8,2,cosine,0.05,0.1,False,10,1e-06,0.0,none,"(0.9, 0.999)",
151435956948792794,False,32,0.001,1.0,2.0,0.1,10.0,0.5,0.001,0.4,0.65,True,1e-05,0.4,0.5,mobilevitv2_075,0.9,adamp,10,0.4,17,2,step,0.1,0.01,False,5,0.0,1e-05,random_augment,"(0.9, 0.999)",
19209731093953385,True,8,0.0,1.0,1.0,4.0,0.0,0.1,0.1,0.1,,True,0.0001,0.2,0.75,xcit_tiny_24_p8_384_dist,0.9,adamw,10,0.0,8,2,cosine,0.05,0.0,False,10,0.0,0.001,trivial_augment,"(0.9, 0.99)",
198551141677039293,True,32,0.01,,4.0,0.0,10.0,0.1,0.0001,0.3,0.65,False,0.005,8.0,0.0,xcit_tiny_12_p8_384_dist,0.9,adamp,10,0.8,8,2,multistep,0.0,0.1,False,0,0.0,0.0001,none,"(0.9, 0.99)",
105633367655457269,True,64,0.0001,,1.0,1.0,20.0,0.1,0.01,0.1,0.75,False,0.001,0.4,1.0,convnext_small_384_in22ft1k,0.9,sgd,10,0.6,17,3,multistep,0.1,0.0,False,10,0.0,0.1,random_augment,,
47376532890267190,False,512,0.01,10.0,1.0,2.0,20.0,0.1,0.1,0.1,0.65,True,1e-05,8.0,1.0,edgenext_x_small,0.9,adamw,10,0.6,8,2,step,0.1,0.001,True,0,0.0,0.0,trivial_augment,"(0.0, 0.99)",
28226287381262025,True,4,0.1,,0.0,4.0,0.0,0.1,0.01,0.4,0.75,True,0.005,2.0,1.0,volo_d1_384,0.9,adamp,10,1.0,8,2,cosine,0.05,0.0001,False,10,1e-05,0.001,trivial_augment,"(0.0, 0.999)",
64019862536489824,False,8,0.0,1.0,4.0,4.0,10.0,0.5,0.1,0.4,0.75,True,0.001,2.0,1.0,mobilevit_xs,0.9,adamp,10,0.8,8,2,step,0.0,0.001,True,0,1e-06,0.0,auto_augment,"(0.9, 0.999)",v0
25356326064743429,True,512,0.1,10.0,2.0,0.1,0.0,0.1,0.0,0.4,0.75,True,0.005,8.0,0.0,edgenext_x_small,0.95,momentum,10,0.6,8,2,cosine,0.0,0.0,False,5,1e-05,0.1,none,,
36523116286057297,True,2,0.001,1.0,0.5,1.0,0.0,0.1,0.001,0.3,,False,0.01,1.0,1.0,deit3_small_patch16_384_in21ft1k,0.9,adam,10,0.2,17,2,cosine,0.05,0.1,False,0,0.0,0.0001,random_augment,"(0.9, 0.999)",
15934039596427196,False,4,0.01,10.0,2.0,1.0,0.0,0.1,0.01,0.1,0.75,False,1e-05,0.4,0.0,convnext_small_384_in22ft1k,0.0,momentum,10,0.0,8,2,cosine,0.0,0.001,False,5,1e-05,0.0,auto_augment,,v0
83589243412735392,False,16,0.001,1.0,2.0,0.1,10.0,0.5,0.1,0.2,0.65,False,0.01,4.0,0.75,mobilevit_xxs,0.9,sgd,10,0.6,9,3,multistep,0.05,0.0001,False,10,1e-05,0.01,random_augment,,
59470132496249706,False,16,0.0,,0.0,4.0,20.0,0.5,0.001,0.4,,False,0.005,0.2,0.0,xcit_tiny_12_p8_384_dist,0.9,adamw,10,1.0,8,2,multistep,0.1,0.01,False,0,0.0,0.001,none,"(0.0, 0.99)",
2750401689415027,True,16,0.0,1.0,4.0,1.0,0.0,0.1,0.0,0.1,,False,5e-05,8.0,1.0,deit3_small_patch16_384_in21ft1k,0.0,momentum,2,1.0,8,2,plateau,0.0,0.01,False,0,0.0,0.001,trivial_augment,,
2786789742462514,False,64,0.01,10.0,0.5,2.0,0.0,0.1,0.0001,0.2,,False,0.001,0.4,0.5,dla46x_c,0.9,adam,10,0.2,8,2,cosine,0.1,0.0,True,0,0.0,0.001,trivial_augment,"(0.9, 0.999)",
106577085869079411,True,4,0.0001,,1.0,0.5,20.0,0.1,0.0001,0.3,0.75,False,0.005,0.4,0.25,xcit_tiny_24_p8_384_dist,0.95,momentum,10,0.0,8,2,step,0.1,0.01,False,10,1e-05,0.1,none,,
32653263023925860,False,4,0.0001,1.0,0.0,1.0,20.0,0.1,0.0,0.3,0.65,False,0.005,0.4,0.25,mobilevitv2_075,0.9,adamw,10,0.0,8,2,step,0.05,0.0001,True,5,0.0,0.1,auto_augment,"(0.9, 0.999)",v0
2634123790558390,False,8,0.001,,0.0,0.1,10.0,0.1,0.0,0.3,,False,0.0005,0.2,0.75,mobilevit_xs,0.9,adamw,10,0.6,8,2,multistep,0.05,0.0,True,10,1e-05,0.01,none,"(0.9, 0.999)",
62201089187773309,True,2,0.0001,1.0,0.0,0.0,0.0,0.1,0.1,0.3,0.65,False,0.01,0.4,0.25,mobilevit_xxs,0.9,momentum,5,0.4,8,2,plateau,0.1,0.0,True,0,0.0,1e-05,none,,
82646487897860533,True,128,0.0,1.0,4.0,1.0,0.0,0.1,0.001,0.0,0.75,False,0.0001,4.0,0.25,xcit_tiny_24_p8_384_dist,0.9,adamw,10,1.0,8,2,cosine,0.1,0.01,True,5,0.0,0.01,auto_augment,"(0.0, 0.999)",v0
322664877121141013,True,8,0.0001,1.0,0.0,1.0,0.0,0.1,0.001,0.4,,True,0.0001,0.0,1.0,edgenext_x_small,0.99,momentum,5,0.2,17,3,plateau,0.1,0.0001,True,10,1e-05,1e-05,random_augment,,
13562404616993100,False,16,0.01,1.0,0.0,0.25,0.0,0.1,0.0001,0.2,0.65,False,0.005,0.4,1.0,xcit_tiny_12_p8_384_dist,0.9,sgd,5,1.0,8,2,plateau,0.1,0.01,False,0,0.0,1e-05,trivial_augment,,
32345339678363036,False,4,0.01,1.0,1.0,1.0,0.0,0.1,0.001,0.2,0.75,True,0.001,2.0,0.0,edgenext_x_small,0.9,adam,2,0.2,8,2,plateau,0.1,0.0,True,10,1e-05,0.0,none,"(0.0, 0.99)",
25085902622618830,False,8,0.001,10.0,2.0,0.25,0.0,0.1,0.1,0.0,0.65,False,0.0005,1.0,1.0,xcit_tiny_24_p8_384_dist,0.9,sgd,10,0.2,17,3,cosine,0.0,0.001,False,10,1e-06,0.1,random_augment,,
33300688227091920,False,2,0.0,10.0,1.0,0.1,0.0,0.1,0.01,0.3,0.75,False,0.0001,8.0,0.75,mobilevit_xs,0.9,adam,5,0.4,8,2,plateau,0.05,0.1,True,10,1e-06,0.1,trivial_augment,"(0.9, 0.999)",
16764877391420057,True,8,0.1,10.0,0.0,0.1,0.0,0.1,0.0,0.1,0.75,False,1e-05,0.2,1.0,mobilevitv2_075,0.9,momentum,10,0.8,8,2,cosine,0.05,0.001,True,0,1e-06,0.1,trivial_augment,,
1285399973850265,True,2,0.01,10.0,4.0,4.0,0.0,0.1,0.01,0.2,0.75,False,5e-05,0.0,0.0,mobilevitv2_075,0.9,adamp,10,0.0,8,2,cosine,0.1,0.0,True,10,1e-05,0.1,trivial_augment,"(0.9, 0.999)",
112268481955765832,False,4,0.0,1.0,1.0,2.0,20.0,0.1,0.0,0.1,0.65,True,0.01,0.0,0.25,tf_efficientnet_b6_ns,0.95,momentum,10,0.4,8,2,step,0.0,0.01,False,5,0.0,0.0,trivial_augment,,
2132165220831732,False,128,0.0,10.0,1.0,0.25,0.0,0.1,0.01,0.4,0.65,True,0.01,0.0,0.5,mobilevit_xxs,0.9,adam,10,0.8,9,2,cosine,0.0,0.001,False,10,1e-06,0.01,random_augment,"(0.9, 0.999)",
102375394868183868,False,2,0.0001,10.0,0.5,0.25,0.0,0.1,0.0001,0.1,0.65,False,0.005,8.0,0.25,tf_efficientnet_b4_ns,0.9,adamp,10,0.0,17,3,cosine,0.1,0.01,False,5,1e-05,0.0001,random_augment,"(0.9, 0.999)",
355145651811765252,False,2,0.1,10.0,0.0,0.5,10.0,0.5,0.001,0.3,,False,1e-05,0.0,1.0,edgenext_xx_small,0.95,momentum,10,1.0,8,2,multistep,0.1,0.0001,False,0,0.0,0.0,auto_augment,,v0
6965983974995286,False,16,0.0,10.0,0.0,0.1,0.0,0.1,0.01,0.3,0.65,False,0.001,2.0,0.75,beit_base_patch16_384,0.9,sgd,2,0.8,8,2,plateau,0.0,0.1,False,5,0.0,0.0,none,,
31040777110196007,True,32,0.0001,,4.0,0.1,0.0,0.1,0.1,0.1,0.65,False,0.01,0.2,0.75,volo_d3_448,0.9,adamw,2,1.0,8,2,plateau,0.1,0.01,True,10,1e-05,1e-05,none,"(0.0, 0.99)",
28613735193417834,False,128,0.1,1.0,2.0,4.0,20.0,0.1,0.01,0.3,0.75,False,1e-05,1.0,1.0,edgenext_small,0.9,sgd,10,0.4,8,2,multistep,0.0,0.001,True,5,0.0,0.0001,none,,
378438790683864694,False,8,0.0,1.0,0.0,0.5,20.0,0.5,0.1,0.4,0.65,False,0.0001,0.2,0.5,xcit_nano_12_p8_384_dist,0.9,adamp,10,0.6,8,2,step,0.05,0.1,False,10,0.0,1e-05,auto_augment,"(0.0, 0.999)",v0
2829271661461477,True,2,0.001,10.0,2.0,1.0,10.0,0.1,0.001,0.0,,False,0.0005,1.0,0.75,swinv2_base_window12to24_192to384_22kft1k,0.9,adam,10,0.8,8,2,multistep,0.05,0.01,True,0,0.0,0.001,trivial_augment,"(0.9, 0.999)",
83156283820805,True,8,0.0,1.0,2.0,0.5,10.0,0.1,0.01,0.2,0.65,False,0.0005,0.4,0.25,beit_base_patch16_384,0.9,adamp,10,0.0,8,2,multistep,0.05,0.0,True,0,0.0,0.1,trivial_augment,"(0.9, 0.999)",
12642398183471204,False,4,0.1,,4.0,2.0,0.0,0.1,0.01,0.4,0.75,True,5e-05,2.0,0.75,xcit_tiny_12_p8_384_dist,0.9,sgd,10,0.0,17,2,cosine,0.1,0.001,False,0,1e-06,0.0001,random_augment,,
145024985709721125,True,32,0.001,10.0,0.0,0.0,20.0,0.1,0.0,0.3,,True,0.0001,0.0,1.0,mobilevitv2_075,0.99,momentum,10,0.8,9,2,step,0.05,0.0001,True,0,1e-06,0.0,random_augment,,
78228089333052626,False,4,0.01,,0.5,0.25,20.0,0.1,0.001,0.1,0.65,False,0.0005,4.0,0.25,tf_efficientnet_b4_ns,0.9,momentum,10,0.4,8,2,multistep,0.0,0.1,False,10,1e-05,0.0001,none,,
12781750698115402,False,8,0.0001,1.0,1.0,2.0,0.0,0.1,0.0,0.2,,False,0.005,1.0,0.75,volo_d1_384,0.9,sgd,5,0.4,8,2,plateau,0.1,0.0001,False,5,1e-06,0.0001,none,,
27665620036767344,False,4,0.1,1.0,4.0,0.5,0.0,0.1,0.001,0.3,0.75,False,1e-05,1.0,0.25,xcit_tiny_24_p8_384_dist,0.9,adam,10,0.4,8,2,cosine,0.0,0.1,False,5,1e-06,0.001,trivial_augment,"(0.0, 0.999)",
16953893331647455,True,2,0.01,,0.0,2.0,0.0,0.1,0.1,0.0,,False,0.001,4.0,0.75,swinv2_base_window12to24_192to384_22kft1k,0.9,momentum,10,0.8,8,2,cosine,0.0,0.0,False,10,1e-06,0.1,trivial_augment,,
16769908313125089,True,256,0.01,10.0,1.0,0.25,0.0,0.1,0.001,0.4,,False,0.001,0.2,0.5,edgenext_small,0.9,adam,10,0.8,8,2,cosine,0.1,0.001,True,0,1e-06,0.1,none,"(0.9, 0.99)",
20549856123013871,True,64,0.0,10.0,4.0,0.1,0.0,0.1,0.0001,0.1,0.65,False,0.0001,1.0,0.25,edgenext_x_small,0.9,adamp,10,1.0,8,2,cosine,0.1,0.1,True,5,0.0,0.0001,trivial_augment,"(0.9, 0.99)",
65580249741936945,True,256,0.0,10.0,0.0,2.0,10.0,0.1,0.0,0.0,0.75,False,1e-05,2.0,0.5,edgenext_small,0.9,adam,10,1.0,8,2,step,0.0,0.0001,False,10,1e-06,0.1,none,"(0.9, 0.99)",
115893011796444720,False,2,0.0,1.0,4.0,0.5,0.0,0.1,0.001,0.0,0.65,False,5e-05,4.0,0.0,mobilevit_xs,0.99,momentum,10,0.2,9,3,cosine,0.1,0.1,False,5,1e-05,0.01,random_augment,,
226901592480443963,True,8,0.0001,10.0,2.0,0.0,20.0,0.1,0.001,0.1,,False,0.0001,4.0,1.0,volo_d3_448,0.9,adamw,10,1.0,8,2,multistep,0.1,0.01,False,0,0.0,0.1,auto_augment,"(0.9, 0.99)",v0
96612320163390901,True,16,0.01,10.0,2.0,4.0,0.0,0.1,0.01,0.0,0.75,False,0.0001,2.0,0.5,edgenext_x_small,0.9,adamp,2,0.0,8,2,plateau,0.05,0.1,True,5,1e-06,0.0,auto_augment,"(0.0, 0.999)",original
4848098285309457,True,4,0.01,,0.0,2.0,10.0,0.1,0.1,0.3,0.65,False,5e-05,0.2,0.75,xcit_tiny_24_p8_384_dist,0.9,sgd,10,0.2,8,2,step,0.0,0.01,False,10,1e-06,0.0001,trivial_augment,,
155526947334619655,True,8,0.0,10.0,0.5,0.5,10.0,0.5,0.0001,0.1,,False,1e-05,1.0,1.0,tf_efficientnet_b6_ns,0.8,momentum,10,0.8,8,2,step,0.05,0.0001,True,5,0.0,0.01,auto_augment,,v0
12913251174515080,False,64,0.0,10.0,1.0,2.0,0.0,0.1,0.001,0.3,0.75,True,0.005,0.2,0.25,xcit_nano_12_p8_384_dist,0.9,adamp,10,0.8,8,2,cosine,0.1,0.0,False,10,1e-06,0.0001,none,"(0.0, 0.99)",
1207967192226740,False,4,0.0001,10.0,1.0,1.0,10.0,0.1,0.001,0.0,0.65,False,0.0005,1.0,1.0,swinv2_base_window12to24_192to384_22kft1k,0.9,adam,10,0.8,8,2,step,0.05,0.0,False,10,1e-05,0.1,none,"(0.9, 0.999)",
45327933181282356,False,2,0.001,1.0,4.0,4.0,0.0,0.1,0.001,0.2,0.75,False,1e-05,0.2,0.5,tf_efficientnet_b6_ns,0.9,adam,5,0.4,8,2,plateau,0.0,0.0001,False,10,1e-06,0.0001,trivial_augment,"(0.0, 0.99)",
19826255352708856,False,64,0.001,,2.0,0.0,10.0,0.5,0.0,0.2,0.65,True,0.0001,0.4,0.75,mobilevit_xs,0.9,sgd,10,0.6,8,2,step,0.05,0.0001,False,0,1e-05,0.001,none,,
18039347875325226,False,128,0.01,1.0,0.5,1.0,0.0,0.1,0.01,0.4,,False,0.001,2.0,0.0,xcit_nano_12_p8_384_dist,0.9,adamw,10,1.0,8,2,cosine,0.05,0.001,False,0,1e-06,0.01,none,"(0.9, 0.99)",
1782686536122681,True,32,0.1,,0.0,1.0,10.0,0.1,0.1,0.4,0.75,False,0.0001,0.2,0.0,tf_efficientnet_b4_ns,0.9,sgd,10,0.4,8,2,step,0.1,0.01,True,10,0.0,0.01,none,,
5206003525913909,True,8,0.01,10.0,0.5,0.0,0.0,0.1,0.01,0.0,0.65,True,0.0005,8.0,1.0,xcit_nano_12_p8_384_dist,0.9,sgd,10,0.0,8,2,cosine,0.0,0.001,True,5,1e-05,0.0001,none,,
450708538445218306,False,64,0.001,,2.0,0.1,20.0,0.5,0.1,0.4,0.65,True,0.001,0.2,0.25,xcit_tiny_12_p8_384_dist,0.9,adamp,10,0.8,17,3,multistep,0.05,0.0001,False,5,1e-05,0.0001,random_augment,"(0.0, 0.99)",
107662535284857896,False,4,0.01,10.0,2.0,0.5,20.0,0.1,0.0001,0.0,0.65,False,0.01,4.0,1.0,mobilevit_xxs,0.9,adamw,10,0.2,8,2,step,0.0,0.0001,True,0,1e-05,0.01,none,"(0.0, 0.999)",
334171111653790293,True,4,0.0,,1.0,0.5,20.0,0.1,0.0001,0.1,0.75,False,0.005,1.0,0.5,dla46x_c,0.9,adamw,10,0.2,9,3,multistep,0.1,0.01,False,5,1e-06,0.01,random_augment,"(0.9, 0.99)",
74410810569556117,True,16,0.0,10.0,4.0,0.1,0.0,0.1,0.001,0.1,0.65,True,1e-05,0.2,0.25,xcit_nano_12_p8_384_dist,0.9,adamp,10,0.8,9,3,cosine,0.1,0.1,True,0,0.0,0.01,random_augment,"(0.0, 0.99)",
15724667847652535,True,64,0.01,,0.5,1.0,0.0,0.1,0.0001,0.1,,False,0.0001,4.0,0.75,convnext_small_384_in22ft1k,0.8,momentum,10,0.8,8,2,cosine,0.0,0.01,True,10,1e-06,0.0,none,,
30266780287576537,True,2,0.001,1.0,2.0,0.1,0.0,0.1,0.0001,0.3,,False,0.001,0.4,0.75,xcit_nano_12_p8_384_dist,0.9,adam,10,0.0,8,2,cosine,0.05,0.001,True,0,1e-06,1e-05,trivial_augment,"(0.0, 0.999)",
125647924893115433,True,8,0.0001,1.0,0.5,0.1,0.0,0.1,0.0001,0.3,,False,0.0001,0.0,0.5,beit_base_patch16_384,0.9,adamp,5,0.2,17,2,plateau,0.1,0.1,False,0,0.0,0.0001,random_augment,"(0.0, 0.999)",
29125789053970899,True,4,0.001,10.0,4.0,0.1,0.0,0.1,0.0001,0.4,0.65,False,5e-05,8.0,0.25,volo_d1_384,0.9,adamp,10,0.2,8,2,cosine,0.05,0.0001,False,10,1e-06,0.0001,trivial_augment,"(0.0, 0.999)",
49962176369518940,False,32,0.1,10.0,4.0,0.1,10.0,0.5,0.0001,0.1,0.75,False,0.005,8.0,0.25,tf_efficientnet_b4_ns,0.9,adamw,10,0.8,8,2,step,0.0,0.0,False,0,0.0,0.01,trivial_augment,"(0.0, 0.99)",
26661893365793254,False,8,0.0,10.0,0.5,1.0,0.0,0.1,0.01,0.1,0.65,False,0.005,4.0,1.0,volo_d1_384,0.95,momentum,10,1.0,8,2,cosine,0.0,0.001,True,0,1e-05,0.01,none,,
189683437192917527,True,64,0.001,1.0,1.0,4.0,20.0,0.5,0.01,0.3,0.75,False,1e-05,0.2,0.0,deit3_small_patch16_384_in21ft1k,0.9,adamw,10,0.8,8,2,step,0.0,0.01,False,5,1e-06,0.001,auto_augment,"(0.0, 0.99)",original
187627994034521341,True,128,0.0001,,2.0,0.1,20.0,0.5,0.0001,0.2,,True,0.001,4.0,0.0,edgenext_x_small,0.8,momentum,10,0.8,8,2,step,0.0,0.0001,True,10,1e-05,0.1,auto_augment,,original
86972386597742,False,4,0.0,,1.0,0.1,0.0,0.1,0.01,0.2,0.65,False,0.005,4.0,0.25,edgenext_small,0.9,adamw,10,1.0,8,2,cosine,0.1,0.0,True,0,0.0,0.1,trivial_augment,"(0.9, 0.999)",
56122605932489615,True,64,0.01,,0.0,0.1,10.0,0.5,0.1,0.3,,False,0.01,4.0,1.0,edgenext_small,0.8,momentum,10,0.0,8,2,step,0.1,0.0,False,10,1e-06,0.0,none,,
73829539555000502,False,256,0.0001,1.0,4.0,2.0,0.0,0.1,0.1,0.2,0.75,True,0.0001,8.0,0.75,mobilevit_xs,0.9,adamp,10,0.6,8,2,cosine,0.0,0.0001,False,0,1e-05,0.1,none,"(0.0, 0.999)",
385251041576201238,False,2,0.0001,,0.5,1.0,20.0,0.5,0.1,0.4,,False,0.0005,4.0,0.0,mobilevit_xs,0.9,adamw,10,0.6,8,2,multistep,0.05,0.01,True,10,0.0,0.0001,auto_augment,"(0.0, 0.999)",original
74288839889993564,False,4,0.1,1.0,0.0,0.0,0.0,0.1,0.01,0.0,,False,0.0001,0.4,1.0,volo_d3_448,0.99,momentum,5,1.0,8,2,plateau,0.05,0.0001,False,0,0.0,0.01,none,,
27446273936273525,True,8,0.0,10.0,1.0,0.0,0.0,0.1,0.0001,0.0,0.65,False,0.005,0.0,1.0,volo_d1_384,0.9,adamw,10,0.0,8,2,cosine,0.05,0.1,True,10,0.0,0.001,none,"(0.0, 0.999)",
97398867245054112,False,2,0.1,,1.0,0.0,0.0,0.1,0.001,0.1,,False,0.0005,8.0,1.0,mobilevitv2_075,0.9,momentum,10,0.6,9,3,cosine,0.0,0.001,False,5,0.0,0.1,random_augment,,
9680280172599200,False,256,0.001,,0.0,2.0,20.0,0.1,0.01,0.1,0.65,True,0.0001,0.2,0.75,edgenext_x_small,0.9,adamw,10,0.4,8,2,multistep,0.0,0.0,True,5,0.0,0.01,none,"(0.9, 0.999)",
75616134523829002,False,64,0.1,10.0,1.0,4.0,0.0,0.1,0.1,0.0,0.75,False,0.001,8.0,0.25,xcit_tiny_12_p8_384_dist,0.9,adam,10,1.0,9,3,cosine,0.0,0.0,False,0,0.0,0.001,random_augment,"(0.0, 0.99)",
96833108277088283,True,64,0.1,1.0,2.0,0.1,0.0,0.1,0.001,0.3,0.75,True,0.005,1.0,0.0,beit_base_patch16_384,0.9,adam,2,1.0,8,2,plateau,0.0,0.1,False,0,1e-05,0.0,auto_augment,"(0.0, 0.999)",original
97776186193705023,True,32,0.01,,2.0,0.1,10.0,0.1,0.0001,0.0,0.75,True,0.0001,4.0,0.5,beit_base_patch16_384,0.9,adamp,10,0.8,8,2,step,0.0,0.001,True,0,1e-06,0.1,none,"(0.0, 0.999)",
25308725354838000,False,2,0.0,1.0,2.0,4.0,20.0,0.5,0.0,0.1,,False,1e-05,1.0,0.0,volo_d5_512,0.9,adamp,10,1.0,8,2,multistep,0.1,0.0001,True,0,1e-05,0.1,none,"(0.9, 0.999)",
11619140078003445,True,32,0.001,1.0,2.0,4.0,0.0,0.1,0.01,0.4,0.65,False,0.0005,8.0,0.25,edgenext_small,0.9,adamw,10,1.0,8,2,cosine,0.05,0.1,False,10,1e-06,0.001,none,"(0.0, 0.99)",
9608037962777388,False,2,0.0001,1.0,4.0,1.0,0.0,0.1,0.0001,0.2,0.65,False,0.005,0.2,0.0,dla46x_c,0.8,momentum,10,0.2,8,2,cosine,0.05,0.0,False,5,0.0,0.01,none,,
100502274537963459,True,32,0.0,10.0,0.5,1.0,10.0,0.1,0.001,0.3,0.75,True,0.005,0.2,0.25,deit3_small_patch16_384_in21ft1k,0.95,momentum,10,0.4,8,2,multistep,0.1,0.01,True,0,1e-06,0.001,none,,
74536828115221893,True,4,0.0,10.0,2.0,2.0,20.0,0.5,0.0001,0.2,0.75,False,0.005,0.2,1.0,deit3_small_patch16_384_in21ft1k,0.9,adamp,10,0.8,8,2,step,0.0,0.01,True,5,0.0,0.01,none,"(0.9, 0.999)",
132884875140036106,False,8,0.1,10.0,0.0,0.1,0.0,0.1,0.001,0.0,0.75,False,0.0005,8.0,0.0,mobilevit_xxs,0.8,momentum,5,1.0,17,2,plateau,0.0,0.001,True,0,1e-06,0.001,random_augment,,
3798732374694650,False,4,0.0001,10.0,0.0,0.5,10.0,0.1,0.01,0.3,0.75,False,0.001,0.0,0.25,tf_efficientnet_b4_ns,0.9,sgd,10,0.0,8,2,multistep,0.0,0.01,False,5,1e-05,0.001,none,,
193373980279681492,False,64,0.1,,2.0,4.0,20.0,0.5,0.001,0.2,0.65,True,0.0001,0.0,0.75,dla46x_c,0.9,adamw,10,0.6,17,2,step,0.0,0.1,True,5,0.0,0.0,random_augment,"(0.0, 0.99)",
107792154230099716,False,64,0.001,,0.5,0.25,0.0,0.1,0.0001,0.0,0.75,False,0.0005,0.2,0.0,edgenext_x_small,0.95,momentum,10,1.0,9,3,cosine,0.1,0.1,False,5,1e-05,0.01,random_augment,,
1864216331260468,False,512,0.1,,4.0,0.5,10.0,0.1,0.0001,0.2,,False,0.001,0.4,0.5,dla46x_c,0.9,sgd,10,1.0,8,2,multistep,0.0,0.1,False,0,1e-06,0.01,trivial_augment,,
8044529998108971,True,4,0.0001,10.0,0.5,4.0,10.0,0.1,0.01,0.3,0.75,False,0.001,1.0,1.0,deit3_small_patch16_384_in21ft1k,0.9,sgd,10,0.0,8,2,multistep,0.0,0.0001,True,10,1e-05,0.0,none,,
58736021889077761,True,128,0.0001,,4.0,0.1,0.0,0.1,0.01,0.2,0.75,True,0.01,4.0,0.75,volo_d1_384,0.9,adamp,5,1.0,9,2,plateau,0.1,0.1,False,5,1e-06,0.01,random_augment,"(0.0, 0.999)",
1886547890249974,False,64,0.01,,2.0,4.0,0.0,0.1,0.0,0.4,,True,5e-05,4.0,0.0,edgenext_x_small,0.9,sgd,10,0.2,8,2,cosine,0.1,0.0,True,0,1e-06,0.01,none,,
23093730613419788,False,4,0.001,1.0,2.0,0.0,0.0,0.1,0.01,0.4,,False,0.005,0.4,0.75,edgenext_small,0.9,momentum,2,0.4,8,2,plateau,0.0,0.1,True,0,0.0,0.0,trivial_augment,,
191781007867061612,False,32,0.01,,0.0,0.0,0.0,0.1,0.1,0.3,0.65,False,0.001,0.4,0.0,edgenext_x_small,0.9,adamw,5,1.0,8,2,plateau,0.1,0.001,False,0,0.0,1e-05,auto_augment,"(0.0, 0.999)",original
16363663977472389,True,32,0.0,1.0,1.0,2.0,0.0,0.1,0.0,0.0,0.65,False,0.001,1.0,0.5,xcit_tiny_12_p8_384_dist,0.9,adam,10,0.6,8,2,cosine,0.1,0.0,False,5,0.0,0.1,none,"(0.9, 0.99)",
29478135291287591,True,64,0.0,10.0,0.0,0.5,20.0,0.1,0.0,0.0,0.75,True,1e-05,8.0,1.0,edgenext_x_small,0.9,adam,10,0.6,8,2,step,0.1,0.1,False,5,1e-05,0.0001,none,"(0.9, 0.999)",
44616305744161737,True,256,0.1,1.0,2.0,0.25,20.0,0.1,0.001,0.2,0.75,True,0.005,0.0,0.0,xcit_tiny_24_p8_384_dist,0.9,adam,10,1.0,8,2,step,0.1,0.01,False,0,0.0,0.0001,trivial_augment,"(0.0, 0.99)",
10804686214249987,True,16,0.0,,4.0,4.0,20.0,0.1,0.0001,0.2,,True,1e-05,0.0,1.0,xcit_tiny_12_p8_384_dist,0.9,adamp,10,0.6,8,2,step,0.0,0.0,False,0,0.0,0.001,none,"(0.9, 0.999)",
26848798694715569,True,8,0.01,,2.0,0.5,20.0,0.5,0.1,0.0,,False,0.005,1.0,0.5,tf_efficientnet_b4_ns,0.9,adam,10,0.8,8,2,multistep,0.05,0.1,True,5,1e-05,0.01,trivial_augment,"(0.9, 0.999)",
69680850509031232,False,8,0.0001,,2.0,1.0,10.0,0.1,0.0,0.0,0.65,False,1e-05,2.0,0.0,xcit_tiny_24_p8_384_dist,0.9,adam,10,0.8,8,2,step,0.05,0.1,False,10,1e-06,0.0001,none,"(0.9, 0.99)",
18719814753018438,False,16,0.1,1.0,0.5,0.1,0.0,0.1,0.1,0.4,,False,0.0005,8.0,0.0,edgenext_xx_small,0.9,adamw,10,0.2,8,2,cosine,0.1,0.001,True,5,1e-05,0.01,trivial_augment,"(0.9, 0.99)",
27094231862538339,True,4,0.001,,0.0,0.25,0.0,0.1,0.001,0.0,,False,0.0005,4.0,0.0,swinv2_base_window12to24_192to384_22kft1k,0.9,adamp,2,0.0,8,2,plateau,0.1,0.0,True,0,0.0,0.001,none,"(0.0, 0.999)",
15924870855153189,True,32,0.0,,4.0,2.0,0.0,0.1,0.0,0.3,0.75,False,0.01,0.2,1.0,tf_efficientnet_b7_ns,0.0,momentum,10,1.0,8,2,cosine,0.05,0.0001,False,5,1e-05,0.0,auto_augment,,v0
58300222693756619,True,64,0.0001,,1.0,0.0,0.0,0.1,0.001,0.4,,True,0.0001,1.0,0.25,mobilevit_xxs,0.9,adam,5,0.2,8,2,plateau,0.1,0.0,True,5,0.0,0.01,trivial_augment,"(0.0, 0.999)",
24686233658983976,False,256,0.1,10.0,2.0,0.5,0.0,0.1,0.01,0.4,0.65,True,0.0001,2.0,0.25,edgenext_x_small,0.9,adam,10,0.6,8,2,cosine,0.05,0.0,True,10,0.0,0.1,trivial_augment,"(0.0, 0.999)",
409485684745009772,False,32,0.01,10.0,4.0,0.25,10.0,0.1,0.01,0.1,0.75,True,5e-05,0.2,0.5,xcit_small_12_p8_384_dist,0.99,momentum,10,0.8,8,2,multistep,0.1,0.01,False,10,0.0,0.0001,auto_augment,,original
97796957519627821,True,2,0.0,1.0,4.0,0.25,10.0,0.1,0.001,0.0,,False,5e-05,1.0,0.0,volo_d3_448,0.9,adam,10,0.6,8,2,multistep,0.05,0.01,True,0,1e-06,0.1,none,"(0.0, 0.99)",
18892873146452028,False,16,0.1,1.0,2.0,0.25,0.0,0.1,0.0,0.0,0.65,True,0.005,0.0,1.0,xcit_tiny_12_p8_384_dist,0.9,adamp,2,0.2,8,2,plateau,0.0,0.1,True,10,1e-05,0.01,auto_augment,"(0.9, 0.999)",original
3331882992842274,False,128,0.1,,1.0,2.0,0.0,0.1,0.0,0.4,0.65,True,0.005,0.2,1.0,edgenext_small,0.9,adam,10,0.2,9,2,cosine,0.0,0.001,False,5,1e-06,0.001,random_augment,"(0.9, 0.999)",
19987829780291838,False,2,0.0001,,0.5,2.0,0.0,0.1,0.0001,0.3,0.75,False,1e-05,8.0,0.25,swinv2_base_window12to24_192to384_22kft1k,0.9,adam,2,0.0,8,2,plateau,0.0,0.001,False,5,1e-05,0.001,none,"(0.9, 0.99)",
124957914746475460,False,8,0.001,10.0,1.0,2.0,0.0,0.1,0.001,0.1,0.75,True,0.005,1.0,0.5,edgenext_x_small,0.9,adam,5,0.4,8,2,plateau,0.1,0.01,True,5,1e-06,0.001,none,"(0.0, 0.99)",
27144725481246838,False,8,0.01,,4.0,0.1,0.0,0.1,0.0,0.4,,False,0.0005,2.0,0.75,edgenext_small,0.9,adamw,2,0.6,8,2,plateau,0.0,0.1,True,0,0.0,0.001,none,"(0.0, 0.99)",
91199307848333966,False,32,0.0001,10.0,2.0,0.0,20.0,0.5,0.001,0.1,,False,0.005,0.2,0.25,dla46x_c,0.9,adamp,10,0.0,8,2,step,0.1,0.01,True,5,1e-06,0.01,auto_augment,"(0.9, 0.999)",original
77073238128286352,False,4,0.0,10.0,0.5,0.5,20.0,0.1,0.01,0.1,,False,0.001,8.0,0.75,deit3_small_patch16_384_in21ft1k,0.9,adam,10,0.8,8,2,multistep,0.0,0.001,True,0,0.0,0.0001,trivial_augment,"(0.9, 0.99)",
74020223726277030,False,2,0.0,,4.0,0.5,0.0,0.1,0.0,0.2,0.65,False,0.0001,8.0,0.5,tf_efficientnet_b7_ns,0.9,adamp,10,0.2,9,3,cosine,0.1,0.01,False,5,1e-05,0.1,random_augment,"(0.0, 0.99)",
14602804690065186,False,128,0.01,,0.5,0.0,0.0,0.1,0.01,0.3,,True,1e-05,1.0,0.0,edgenext_x_small,0.8,momentum,10,0.0,8,2,cosine,0.05,0.01,False,5,1e-05,1e-05,trivial_augment,,
101988036830890984,False,8,0.0,10.0,0.0,2.0,10.0,0.1,0.001,0.1,,False,0.0005,0.0,0.0,beit_large_patch16_512,0.95,momentum,10,1.0,8,2,multistep,0.1,0.001,True,5,1e-06,0.0001,trivial_augment,,
189505098293194336,False,8,0.1,,2.0,0.25,0.0,0.1,0.01,0.1,0.65,True,0.001,8.0,0.0,convnext_small_384_in22ft1k,0.9,adamp,5,0.4,8,2,plateau,0.0,0.0001,False,0,1e-06,0.001,auto_augment,"(0.0, 0.999)",original
132961547466237716,False,32,0.0001,1.0,0.0,0.25,0.0,0.1,0.0,0.4,0.75,False,1e-05,0.4,1.0,xcit_tiny_12_p8_384_dist,0.8,momentum,10,0.6,17,3,cosine,0.05,0.001,False,5,1e-06,0.001,random_augment,,
58789443263732265,True,4,0.1,10.0,2.0,0.1,20.0,0.5,0.01,0.3,,False,5e-05,1.0,1.0,mobilevitv2_075,0.8,momentum,10,0.4,8,2,multistep,0.05,0.01,True,5,1e-06,0.01,trivial_augment,,
74459589821076308,False,256,0.01,10.0,2.0,4.0,0.0,0.1,0.0001,0.4,0.65,False,0.01,2.0,0.75,edgenext_x_small,0.9,adam,10,0.6,8,2,cosine,0.0,0.01,False,5,0.0,0.01,none,"(0.0, 0.999)",
49436784643314199,True,128,0.001,,0.0,0.25,10.0,0.5,0.0,0.3,0.65,False,0.001,0.2,0.5,mobilevitv2_075,0.9,adamp,10,0.4,8,2,step,0.0,0.0,True,10,1e-06,0.1,trivial_augment,"(0.0, 0.99)",
24839343829491108,False,16,0.1,10.0,0.0,2.0,0.0,0.1,0.1,0.1,0.65,False,5e-05,2.0,1.0,beit_base_patch16_384,0.9,sgd,5,0.8,17,2,plateau,0.05,0.0,True,0,1e-06,0.1,random_augment,,
20687916847367743,True,16,0.001,,0.0,0.0,0.0,0.1,0.0001,0.4,0.65,False,1e-05,2.0,0.25,mobilevit_xs,0.9,sgd,2,0.0,17,2,plateau,0.1,0.01,True,10,0.0,0.0001,random_augment,,
46723489871330061,True,32,0.1,1.0,1.0,2.0,0.0,0.1,0.001,0.3,,False,0.005,0.0,0.5,beit_base_patch16_384,0.0,momentum,5,0.8,8,2,plateau,0.0,0.1,False,10,1e-06,1e-05,none,,
16790151442803628,False,8,0.01,10.0,1.0,0.0,0.0,0.1,0.01,0.0,,False,0.001,4.0,0.75,mobilevit_xs,0.9,adamp,10,1.0,8,2,cosine,0.0,0.1,True,0,1e-06,0.1,trivial_augment,"(0.9, 0.99)",
6162687700096923,True,32,0.01,,2.0,0.5,0.0,0.1,0.0,0.3,0.65,False,0.005,2.0,0.0,edgenext_xx_small,0.9,sgd,10,0.6,8,2,cosine,0.1,0.0,False,10,1e-06,1e-05,none,,
356591000976999684,False,16,0.0001,10.0,4.0,0.5,10.0,0.5,0.0,0.4,0.75,False,0.0001,0.0,0.75,beit_base_patch16_384,0.9,adamp,10,1.0,8,2,multistep,0.0,0.01,True,0,0.0,0.1,auto_augment,"(0.0, 0.999)",original
133093741608979963,True,16,0.001,10.0,1.0,0.0,10.0,0.1,0.1,0.2,,False,0.005,8.0,0.75,xcit_nano_12_p8_384_dist,0.99,momentum,10,0.8,8,2,multistep,0.0,0.0001,False,10,1e-06,0.001,none,,
11543618654721291,True,4,0.0001,1.0,4.0,0.5,0.0,0.1,0.001,0.4,0.65,False,0.001,8.0,0.0,xcit_small_12_p8_384_dist,0.9,adamw,10,0.4,8,2,cosine,0.05,0.1,True,5,1e-06,0.001,trivial_augment,"(0.0, 0.99)",
4112328672403314,False,16,0.0001,,1.0,2.0,0.0,0.1,0.0,0.4,0.75,False,0.0001,1.0,0.0,edgenext_small,0.0,momentum,10,0.6,8,2,cosine,0.0,0.1,False,0,0.0,0.0001,none,,
80937825023897033,True,8,0.0001,10.0,4.0,4.0,20.0,0.1,0.1,0.3,0.75,False,0.0001,2.0,0.25,convnext_small_384_in22ft1k,0.9,adamw,10,0.6,8,2,step,0.1,0.1,False,10,1e-05,0.0,trivial_augment,"(0.9, 0.99)",
221099004701793198,False,2,0.0001,,4.0,2.0,20.0,0.1,0.0,0.3,,False,5e-05,0.2,0.0,tf_efficientnet_b6_ns,0.9,adamw,10,0.4,8,2,step,0.0,0.001,True,0,1e-05,0.01,none,"(0.9, 0.99)",
36688624387078305,True,4,0.1,10.0,0.0,2.0,0.0,0.1,0.01,0.1,0.75,False,0.005,2.0,0.25,mobilevit_xs,0.99,momentum,10,0.8,9,2,cosine,0.05,0.0,True,5,0.0,0.0001,random_augment,,
80391337839940707,True,32,0.0001,,4.0,0.25,0.0,0.1,0.0,0.2,,False,0.005,2.0,0.5,edgenext_x_small,0.99,momentum,10,0.2,17,2,cosine,0.05,0.01,True,5,1e-06,0.0,random_augment,,
123951230634829106,False,4,0.01,1.0,2.0,4.0,20.0,0.5,0.001,0.0,0.65,False,0.01,8.0,0.0,dla46x_c,0.9,adam,10,1.0,8,2,step,0.1,0.0001,False,5,1e-05,0.01,trivial_augment,"(0.0, 0.999)",
165586024208328972,False,16,0.001,,4.0,4.0,0.0,0.1,0.01,0.2,,False,0.005,2.0,1.0,dla46x_c,0.8,momentum,5,1.0,8,2,plateau,0.1,0.0001,True,10,1e-06,0.001,auto_augment,,original
32405803199578448,False,32,0.0,,1.0,4.0,0.0,0.1,0.0001,0.3,0.65,False,5e-05,0.4,0.75,convnext_small_384_in22ft1k,0.95,momentum,2,0.8,8,2,plateau,0.1,0.1,True,10,1e-05,0.0,none,,
35027679343173428,False,4,0.001,,1.0,0.25,0.0,0.1,0.0001,0.1,,True,0.0005,0.4,0.75,mobilevit_xs,0.9,adam,10,0.0,8,2,cosine,0.1,0.1,False,10,1e-05,0.01,auto_augment,"(0.0, 0.99)",v0
30934671791299328,False,4,0.001,10.0,2.0,0.5,20.0,0.5,0.0001,0.3,,False,0.0001,4.0,0.0,xcit_nano_12_p8_384_dist,0.9,sgd,10,1.0,8,2,multistep,0.1,0.0001,False,10,1e-05,1e-05,trivial_augment,,
45062993228129547,True,256,0.1,,2.0,0.25,0.0,0.1,0.001,0.3,0.65,False,0.01,4.0,0.5,edgenext_small,0.9,sgd,5,0.6,8,2,plateau,0.05,0.01,False,0,1e-06,0.0001,auto_augment,,original
6432072360129311,True,8,0.001,,0.5,0.5,0.0,0.1,0.001,0.4,0.65,False,0.0001,0.0,0.75,edgenext_xx_small,0.9,sgd,10,1.0,8,2,cosine,0.1,0.01,True,0,1e-05,1e-05,none,,
136586398942721834,False,32,0.001,1.0,0.0,0.0,0.0,0.1,0.0001,0.0,0.75,True,0.005,8.0,0.25,mobilevitv2_075,0.8,momentum,10,0.8,17,3,cosine,0.0,0.1,False,5,0.0,0.0,random_augment,,
29834694122976720,False,2,0.0,,0.5,4.0,0.0,0.1,0.0,0.0,0.75,False,0.0001,1.0,0.0,xcit_tiny_24_p8_384_dist,0.9,adam,2,0.0,8,2,plateau,0.05,0.01,True,0,0.0,1e-05,none,"(0.0, 0.99)",
138168013631575932,False,2,0.1,1.0,0.5,0.1,20.0,0.1,0.0001,0.2,0.75,False,5e-05,1.0,1.0,volo_d3_448,0.8,momentum,10,0.0,8,2,step,0.05,0.1,True,10,0.0,0.1,auto_augment,,original
23385321174247839,True,32,0.0,1.0,1.0,0.0,0.0,0.1,0.1,0.4,0.65,True,0.01,0.0,0.5,mobilevitv2_075,0.9,adam,10,1.0,8,2,cosine,0.1,0.01,True,10,0.0,0.0,none,"(0.9, 0.99)",
42487447924371572,False,32,0.01,,2.0,0.1,0.0,0.1,0.0,0.4,0.75,True,1e-05,0.4,0.5,mobilevit_xs,0.9,adamw,2,0.4,8,2,plateau,0.1,0.0001,False,5,1e-06,0.01,auto_augment,"(0.0, 0.99)",original
161492568851873311,True,16,0.01,1.0,2.0,4.0,20.0,0.5,0.0001,0.3,0.65,True,0.0001,0.2,0.0,volo_d1_384,0.99,momentum,10,0.2,8,2,step,0.0,0.1,False,10,1e-06,0.0,trivial_augment,,
9134249915146521,True,4,0.0001,1.0,2.0,0.0,20.0,0.1,0.001,0.0,,False,0.0001,4.0,0.75,dla46x_c,0.9,sgd,10,0.6,8,2,step,0.1,0.01,True,0,1e-05,0.1,none,,
31089374905428338,False,256,0.01,10.0,1.0,0.25,20.0,0.5,0.01,0.3,0.75,True,0.005,0.4,0.5,mobilevit_xxs,0.9,sgd,10,0.6,8,2,multistep,0.0,0.001,False,0,0.0,0.0,trivial_augment,,
54483914756843411,True,8,0.001,10.0,1.0,2.0,10.0,0.5,0.0,0.3,0.65,True,0.001,0.4,0.0,beit_base_patch16_384,0.9,sgd,10,0.8,17,2,multistep,0.05,0.0001,False,0,1e-06,1e-05,random_augment,,
28323831136907034,False,2,0.01,10.0,0.0,0.25,20.0,0.5,0.1,0.1,0.65,False,1e-05,0.0,0.25,beit_base_patch16_384,0.9,sgd,10,0.6,9,2,multistep,0.1,0.001,True,10,1e-05,0.001,random_augment,,
78808526427117624,False,16,0.0001,10.0,0.5,0.1,20.0,0.1,0.0001,0.2,,False,1e-05,1.0,0.5,tf_efficientnet_b6_ns,0.9,momentum,10,0.8,8,2,multistep,0.1,0.001,False,0,1e-06,1e-05,none,,
995199034982621,True,8,0.001,1.0,1.0,4.0,0.0,0.1,0.01,0.4,0.75,True,0.0001,0.0,0.75,convnext_small_384_in22ft1k,0.9,sgd,10,0.0,8,2,cosine,0.05,0.0001,True,0,1e-05,0.1,trivial_augment,,
1035000269108842,False,8,0.0001,10.0,1.0,4.0,0.0,0.1,0.0,0.0,,False,0.001,2.0,0.0,swinv2_base_window12to24_192to384_22kft1k,0.9,adamp,2,0.8,8,2,plateau,0.1,0.01,True,0,1e-05,0.1,none,"(0.9, 0.999)",
59238992202488958,False,128,0.001,,2.0,2.0,10.0,0.5,0.0,0.2,0.65,False,0.0001,1.0,0.25,xcit_nano_12_p8_384_dist,0.9,sgd,10,1.0,8,2,step,0.05,0.01,True,5,1e-05,0.01,auto_augment,,v0
108911527977821963,True,8,0.0001,10.0,2.0,0.5,0.0,0.1,0.0,0.2,0.75,False,5e-05,0.2,0.75,edgenext_small,0.95,momentum,10,0.0,9,3,cosine,0.05,0.1,True,10,1e-06,0.001,random_augment,,
571330394785080,False,2,0.0,,4.0,0.25,0.0,0.1,0.01,0.1,,False,5e-05,4.0,0.5,edgenext_small,0.0,momentum,10,0.2,9,2,cosine,0.0,0.01,True,0,1e-06,0.1,random_augment,,
2472653926719208,False,64,0.0001,1.0,1.0,4.0,10.0,0.1,0.0,0.4,0.75,True,0.0001,8.0,0.0,edgenext_small,0.9,sgd,10,0.2,8,2,step,0.1,0.1,False,5,1e-05,0.01,trivial_augment,,
117150171488839771,True,16,0.01,10.0,4.0,0.5,10.0,0.5,0.01,0.4,0.65,False,0.005,0.0,0.0,tf_efficientnet_b4_ns,0.9,adamp,10,0.0,8,2,multistep,0.05,0.01,True,0,1e-05,0.001,none,"(0.0, 0.999)",
2593550941901256,False,128,0.01,10.0,2.0,2.0,10.0,0.1,0.0,0.1,0.75,True,5e-05,0.4,0.75,edgenext_xx_small,0.0,momentum,10,0.0,8,2,multistep,0.1,0.001,False,10,1e-05,0.01,trivial_augment,,
6677108853370815,True,4,0.1,,1.0,0.0,0.0,0.1,0.1,0.1,,False,0.0001,2.0,0.75,xcit_tiny_24_p8_384_dist,0.9,sgd,10,1.0,8,2,cosine,0.0,0.0,True,10,1e-05,1e-05,none,,
34703246392704579,True,4,0.001,,1.0,0.1,0.0,0.1,0.1,0.3,0.65,False,1e-05,0.2,1.0,edgenext_small,0.99,momentum,10,0.8,8,2,cosine,0.0,0.01,False,0,1e-05,0.01,trivial_augment,,
11029756876956992,False,4,0.0,,1.0,1.0,20.0,0.1,0.001,0.4,0.65,True,0.0005,0.2,0.25,deit3_small_patch16_384_in21ft1k,0.9,sgd,10,0.8,8,2,step,0.0,0.0,True,5,0.0,0.001,trivial_augment,,
145925637016128266,False,4,0.01,1.0,0.5,0.0,10.0,0.5,0.01,0.0,0.65,False,0.0005,0.4,1.0,beit_base_patch16_384,0.99,momentum,10,0.2,8,2,multistep,0.05,0.0001,True,0,0.0,0.1,trivial_augment,,
31804820900343335,True,64,0.01,1.0,4.0,2.0,20.0,0.1,0.0,0.3,0.75,False,0.0005,4.0,0.75,volo_d3_448,0.9,sgd,10,1.0,8,2,multistep,0.1,0.1,True,5,1e-06,0.0,none,,
79425848562311476,False,64,0.001,1.0,1.0,0.5,0.0,0.1,0.01,0.0,0.65,False,0.0001,1.0,1.0,tf_efficientnet_b4_ns,0.9,adam,10,1.0,8,2,cosine,0.0,0.1,False,5,1e-05,1e-05,none,"(0.0, 0.999)",
237513966237510012,False,2,0.1,,1.0,0.25,0.0,0.1,0.0001,0.0,0.65,True,0.0005,0.2,1.0,xcit_tiny_12_p8_384_dist,0.9,adamp,5,0.2,17,3,plateau,0.0,0.0001,False,10,1e-05,0.01,random_augment,"(0.0, 0.99)",
5541775873434633,True,4,0.0,10.0,0.0,0.1,0.0,0.1,0.1,0.2,,True,0.005,0.2,0.75,beit_large_patch16_512,0.9,adam,10,0.8,9,2,cosine,0.05,0.1,True,0,0.0,1e-05,random_augment,"(0.9, 0.999)",
62511015386113316,False,32,0.0001,,1.0,2.0,0.0,0.1,0.0,0.4,0.75,False,0.005,8.0,0.0,dla46x_c,0.9,adam,5,0.2,8,2,plateau,0.05,0.0001,True,10,0.0,1e-05,none,"(0.0, 0.999)",
15787868968919880,False,2,0.0,1.0,1.0,0.0,0.0,0.1,0.0001,0.3,0.65,False,0.0005,0.0,0.0,volo_d5_512,0.9,adam,2,1.0,8,2,plateau,0.0,0.001,False,0,1e-05,0.0,trivial_augment,"(0.0, 0.99)",
480543386052842382,False,128,0.0,,0.5,2.0,20.0,0.5,0.0,0.3,0.65,True,0.01,0.2,1.0,edgenext_x_small,0.99,momentum,10,0.0,8,2,multistep,0.0,0.0,False,10,1e-05,0.01,auto_augment,,original
56037254375086877,True,64,0.001,10.0,0.0,4.0,0.0,0.1,0.1,0.1,0.75,False,0.01,8.0,0.25,xcit_tiny_12_p8_384_dist,0.9,momentum,10,0.8,8,2,cosine,0.0,0.0,True,5,1e-06,0.0,none,,
9532220315010166,False,64,0.001,10.0,1.0,4.0,0.0,0.1,0.01,0.1,,False,0.0001,8.0,0.5,mobilevit_xs,0.9,adam,10,0.4,9,2,cosine,0.05,0.0,True,0,0.0,0.01,random_augment,"(0.0, 0.99)",
3825983435716928,False,4,0.001,10.0,2.0,0.5,0.0,0.1,0.01,0.1,,False,0.01,1.0,0.25,mobilevit_xxs,0.9,adam,10,0.2,8,2,cosine,0.0,0.0,True,5,1e-05,0.001,trivial_augment,"(0.9, 0.999)",
30736417643837754,False,16,0.0001,10.0,0.0,4.0,0.0,0.1,0.0,0.0,,False,0.005,0.0,0.0,beit_base_patch16_384,0.9,adamp,10,0.6,8,2,cosine,0.1,0.01,True,0,1e-05,1e-05,trivial_augment,"(0.0, 0.999)",
52134797176436330,False,32,0.1,1.0,2.0,0.1,0.0,0.1,0.0,0.1,0.65,False,0.0005,2.0,0.25,mobilevit_xxs,0.9,adamp,5,1.0,8,2,plateau,0.1,0.1,False,10,1e-06,0.001,none,"(0.9, 0.99)",
30000438177657145,True,16,0.0001,10.0,1.0,0.1,0.0,0.1,0.001,0.0,,False,5e-05,8.0,0.25,dla46x_c,0.9,adamw,2,0.8,8,2,plateau,0.05,0.1,True,5,0.0,1e-05,trivial_augment,"(0.0, 0.999)",
4692616730923338,False,2,0.0001,10.0,1.0,0.5,0.0,0.1,0.1,0.1,0.75,False,0.01,8.0,1.0,beit_large_patch16_512,0.9,adam,10,0.8,8,2,cosine,0.1,0.001,False,5,1e-06,0.0001,none,"(0.9, 0.999)",
96409371771693116,False,32,0.0001,,1.0,0.5,0.0,0.1,0.001,0.1,0.65,False,0.0005,4.0,0.0,deit3_small_patch16_384_in21ft1k,0.9,adam,10,0.2,9,3,cosine,0.0,0.0001,True,0,1e-06,0.0,random_augment,"(0.0, 0.999)",
65770475282502030,False,2,0.0,10.0,0.0,0.0,10.0,0.1,0.01,0.1,0.75,False,0.0005,8.0,0.0,tf_efficientnet_b6_ns,0.9,adamw,10,0.0,8,2,multistep,0.1,0.01,False,0,1e-05,0.1,trivial_augment,"(0.9, 0.99)",
39627437468135590,False,64,0.0,10.0,0.0,2.0,0.0,0.1,0.1,0.2,0.65,True,0.0005,0.0,0.0,edgenext_small,0.9,adamp,5,1.0,8,2,plateau,0.0,0.0001,False,0,1e-06,0.0,trivial_augment,"(0.9, 0.999)",
21702939114051857,True,64,0.001,10.0,4.0,0.1,10.0,0.5,0.1,0.2,,False,0.005,0.0,0.0,edgenext_x_small,0.9,sgd,10,1.0,8,2,multistep,0.05,0.0001,True,0,0.0,1e-05,none,,
111643440625747263,True,4,0.0,10.0,4.0,0.1,20.0,0.1,0.1,0.1,,True,0.005,0.2,0.0,edgenext_small,0.9,adamw,10,0.4,8,2,step,0.05,0.0001,False,0,1e-05,1e-05,trivial_augment,"(0.0, 0.999)",
1642150825393597,True,16,0.0,1.0,0.0,2.0,0.0,0.1,0.01,0.0,0.75,True,0.001,4.0,0.25,volo_d3_448,0.9,sgd,10,1.0,8,2,cosine,0.05,0.1,True,5,0.0,0.01,none,,
3820082408153128,False,64,0.0001,,0.0,0.25,0.0,0.1,0.01,0.3,0.75,False,0.01,4.0,0.25,mobilevit_xxs,0.9,sgd,2,0.4,8,2,plateau,0.05,0.1,False,5,1e-05,0.001,none,,
165934653291827941,True,128,0.0001,,2.0,2.0,10.0,0.5,0.0,0.3,0.75,True,0.0001,0.4,0.75,edgenext_xx_small,0.9,adamw,10,0.4,8,2,multistep,0.0,0.0,False,10,1e-05,0.001,auto_augment,"(0.0, 0.99)",original
25569732685938729,True,256,0.01,10.0,4.0,2.0,0.0,0.1,0.1,0.0,,False,0.001,0.4,0.0,edgenext_x_small,0.9,adam,2,1.0,8,2,plateau,0.0,0.1,False,10,1e-05,0.1,trivial_augment,"(0.0, 0.999)",
122493845754514339,True,16,0.1,10.0,4.0,0.25,0.0,0.1,0.01,0.2,0.65,True,0.005,1.0,0.25,xcit_tiny_12_p8_384_dist,0.9,adamp,10,0.8,17,3,cosine,0.1,0.1,False,0,1e-05,0.1,random_augment,"(0.0, 0.999)",
406504137693324863,True,64,0.1,1.0,1.0,0.5,10.0,0.5,0.1,0.0,,False,1e-05,0.4,0.0,edgenext_xx_small,0.9,momentum,10,0.8,9,3,step,0.0,0.0,True,0,0.0,0.01,random_augment,,
5197365577398496,False,8,0.1,10.0,1.0,0.0,0.0,0.1,0.0001,0.4,0.75,True,0.01,0.2,1.0,xcit_tiny_12_p8_384_dist,0.0,momentum,10,0.4,9,2,cosine,0.05,0.0001,True,5,1e-05,0.0001,random_augment,,
2572815419548768,False,64,0.0001,10.0,2.0,0.1,10.0,0.1,0.01,0.2,0.65,False,1e-05,1.0,1.0,mobilevit_xxs,0.9,adamp,10,0.2,8,2,step,0.05,0.0001,False,10,1e-05,0.01,none,"(0.9, 0.999)",
362066015493133198,False,512,0.1,10.0,4.0,0.25,10.0,0.5,0.0001,0.2,0.65,False,1e-05,1.0,0.0,edgenext_x_small,0.9,adamw,10,1.0,8,2,step,0.0,0.01,False,5,0.0,1e-05,auto_augment,"(0.0, 0.999)",original
22087183905713938,False,8,0.01,1.0,1.0,2.0,10.0,0.5,0.001,0.3,0.75,True,5e-05,0.2,0.25,dla46x_c,0.9,sgd,10,0.0,9,2,multistep,0.0,0.001,False,0,1e-06,1e-05,random_augment,,
897365199189505,True,128,0.1,10.0,1.0,0.5,10.0,0.1,0.1,0.1,0.65,False,0.0005,1.0,0.5,edgenext_xx_small,0.9,sgd,10,0.2,8,2,step,0.1,0.1,True,10,1e-06,0.1,trivial_augment,,
264162531901673650,False,8,0.001,1.0,0.5,0.1,10.0,0.1,0.0,0.2,0.65,False,5e-05,0.2,0.75,convnext_small_384_in22ft1k,0.95,momentum,10,1.0,17,2,step,0.05,0.001,True,10,1e-06,0.0001,random_augment,,
210021559999761963,True,4,0.0,,2.0,0.5,20.0,0.1,0.1,0.3,,False,1e-05,0.0,0.0,deit3_small_patch16_384_in21ft1k,0.9,adam,10,0.0,17,2,step,0.1,0.01,True,5,1e-06,0.0,random_augment,"(0.9, 0.99)",
35916733765109437,True,16,0.0,10.0,0.0,0.5,0.0,0.1,0.1,0.1,0.65,False,5e-05,2.0,0.5,xcit_small_12_p8_384_dist,0.9,adamp,5,1.0,8,2,plateau,0.1,0.01,False,10,1e-06,0.001,none,"(0.9, 0.999)",
202490533689871935,True,4,0.1,,2.0,4.0,10.0,0.1,0.001,0.1,,False,0.005,1.0,0.25,swinv2_base_window12to24_192to384_22kft1k,0.9,adamp,10,0.4,8,2,step,0.1,0.0001,True,10,1e-05,0.0,none,"(0.9, 0.99)",
17199596472618875,True,8,0.0,10.0,1.0,1.0,0.0,0.1,0.01,0.4,0.65,False,0.0001,4.0,0.75,edgenext_xx_small,0.9,sgd,10,0.4,8,2,cosine,0.05,0.0001,True,0,1e-05,0.1,auto_augment,,original
48624134751541273,True,128,0.0,1.0,0.5,0.1,0.0,0.1,0.1,0.0,0.75,False,0.001,1.0,0.5,mobilevit_xs,0.9,adamp,2,1.0,8,2,plateau,0.1,0.0,False,0,0.0,0.1,none,"(0.9, 0.99)",
77371432758166242,False,128,0.0,1.0,1.0,0.25,0.0,0.1,0.0,0.1,,True,0.0005,4.0,0.5,edgenext_small,0.99,momentum,10,1.0,17,2,cosine,0.0,0.001,True,10,0.0,0.0001,random_augment,,
6372014236603812,False,2,0.1,,1.0,1.0,0.0,0.1,0.0001,0.0,0.65,True,0.001,1.0,1.0,xcit_small_12_p8_384_dist,0.9,adamp,10,0.8,8,2,cosine,0.1,0.1,False,0,1e-05,1e-05,none,"(0.9, 0.999)",
88129446004506050,False,32,0.1,1.0,4.0,0.0,10.0,0.5,0.0001,0.3,,False,5e-05,4.0,0.0,volo_d1_384,0.9,momentum,10,1.0,8,2,step,0.0,0.1,False,10,0.0,0.0,none,,
35845444254962797,True,16,0.0,1.0,0.0,4.0,10.0,0.1,0.001,0.1,0.75,False,5e-05,2.0,0.75,swinv2_base_window12to24_192to384_22kft1k,0.8,momentum,10,0.8,8,2,multistep,0.0,0.1,True,5,1e-06,0.001,none,,
20889757172466260,False,32,0.1,,4.0,1.0,0.0,0.1,0.0001,0.2,0.65,False,0.01,0.4,0.0,mobilevit_xxs,0.9,adamp,10,0.8,9,2,cosine,0.05,0.001,False,5,1e-06,0.0001,random_augment,"(0.9, 0.99)",
864916272415971,True,32,0.1,1.0,0.0,1.0,0.0,0.1,0.01,0.3,0.75,False,0.005,0.4,0.75,xcit_tiny_24_p8_384_dist,0.9,adam,2,0.8,8,2,plateau,0.05,0.001,True,10,1e-06,0.1,none,"(0.9, 0.999)",
14256743131418694,False,16,0.0001,10.0,1.0,2.0,0.0,0.1,0.1,0.0,,False,1e-05,0.0,0.75,edgenext_xx_small,0.8,momentum,2,0.0,8,2,plateau,0.0,0.0,False,10,1e-06,1e-05,none,,
14007924645369696,False,2,0.001,,2.0,0.0,0.0,0.1,0.01,0.4,,False,0.0001,8.0,1.0,xcit_nano_12_p8_384_dist,0.9,adamw,10,0.2,8,2,cosine,0.1,0.01,False,0,1e-06,1e-05,trivial_augment,"(0.0, 0.99)",
6447072634661015,True,512,0.0001,10.0,0.0,2.0,0.0,0.1,0.001,0.1,0.75,False,0.0005,8.0,0.75,edgenext_x_small,0.9,sgd,10,1.0,8,2,cosine,0.1,0.1,True,0,1e-05,1e-05,trivial_augment,,
6564328444139409,True,32,0.0,10.0,0.5,2.0,10.0,0.1,0.1,0.4,0.65,False,0.0005,1.0,0.0,mobilevit_xs,0.9,adam,10,0.0,8,2,multistep,0.05,0.001,True,5,1e-05,1e-05,none,"(0.9, 0.999)",
5038339614964782,False,16,0.001,,1.0,0.1,10.0,0.1,0.01,0.0,,False,0.005,0.4,0.75,mobilevitv2_075,0.0,momentum,10,0.4,8,2,step,0.1,0.0,True,0,1e-05,0.0001,trivial_augment,,
20009754010874620,False,64,0.0,1.0,0.5,0.0,0.0,0.1,0.0001,0.3,0.65,True,0.0001,0.4,1.0,mobilevitv2_075,0.9,adamp,10,1.0,8,2,cosine,0.1,0.01,False,5,1e-05,0.001,trivial_augment,"(0.9, 0.99)",
30292590089398810,False,8,0.001,1.0,4.0,0.1,0.0,0.1,0.0001,0.1,0.75,False,0.01,0.2,0.25,edgenext_xx_small,0.95,momentum,10,1.0,8,2,cosine,0.0,0.1,True,0,1e-06,1e-05,trivial_augment,,
31595235198258131,True,512,0.01,,2.0,2.0,0.0,0.1,0.001,0.4,0.65,True,0.0005,0.0,0.5,edgenext_xx_small,0.9,adamw,2,0.2,9,2,plateau,0.1,0.0,True,0,1e-06,0.0,random_augment,"(0.0, 0.999)",
62101396211384481,True,256,0.001,10.0,0.0,0.0,0.0,0.1,0.0001,0.3,0.65,True,0.005,0.0,1.0,edgenext_small,0.9,momentum,5,0.8,8,2,plateau,0.0,0.1,True,10,1e-05,0.0001,trivial_augment,,
299880076967816023,True,2,0.1,10.0,0.5,2.0,10.0,0.1,0.01,0.3,0.75,False,5e-05,0.4,0.25,tf_efficientnet_b7_ns,0.95,momentum,10,0.8,8,2,multistep,0.0,0.01,True,0,0.0,0.1,auto_augment,,v0
290787605159849049,True,4,0.001,,2.0,0.25,20.0,0.5,0.001,0.4,0.65,False,0.0001,1.0,0.0,volo_d1_384,0.9,adamw,10,1.0,9,3,step,0.0,0.001,False,0,1e-06,0.0,random_augment,"(0.9, 0.999)",
35556521691518595,True,32,0.001,1.0,2.0,0.25,0.0,0.1,0.001,0.4,0.75,True,0.0001,8.0,0.5,volo_d4_448,0.9,sgd,5,1.0,8,2,plateau,0.1,0.1,True,10,0.0,0.001,auto_augment,,v0
167550311448370425,True,4,0.1,1.0,2.0,0.1,10.0,0.1,0.1,0.2,0.75,False,0.001,1.0,1.0,deit3_small_patch16_384_in21ft1k,0.9,adamp,10,0.8,17,2,multistep,0.1,0.001,True,0,0.0,1e-05,random_augment,"(0.0, 0.99)",
9391625470074939,True,256,0.01,1.0,4.0,0.0,0.0,0.1,0.0001,0.3,,False,0.0005,2.0,0.25,edgenext_x_small,0.9,sgd,5,1.0,9,2,plateau,0.1,0.0,True,10,1e-05,0.1,random_augment,,
6725696620585848,False,16,0.1,,0.5,0.25,0.0,0.1,0.0001,0.0,0.65,False,0.005,4.0,0.25,dla46x_c,0.9,adam,2,0.4,8,2,plateau,0.0,0.01,True,10,1e-05,1e-05,none,"(0.9, 0.999)",
35213938361750185,True,16,0.0001,,2.0,0.0,20.0,0.1,0.0,0.4,,True,0.0005,4.0,1.0,tf_efficientnet_b4_ns,0.9,adamp,10,0.2,8,2,step,0.0,0.001,True,0,0.0,0.001,auto_augment,"(0.9, 0.999)",v0
5312817993361780,False,64,0.0,10.0,1.0,0.5,0.0,0.1,0.0,0.3,,False,0.005,4.0,1.0,tf_efficientnet_b4_ns,0.9,adamp,10,0.8,8,2,cosine,0.0,0.1,False,10,1e-05,0.0001,none,"(0.9, 0.999)",
1941383494884172,False,8,0.0001,10.0,0.5,0.0,0.0,0.1,0.0001,0.3,,False,0.001,8.0,0.25,tf_efficientnet_b4_ns,0.9,sgd,10,0.0,9,2,cosine,0.05,0.1,True,0,1e-06,0.01,random_augment,,
13196157357532777,True,16,0.0,,0.5,4.0,20.0,0.1,0.01,0.4,0.65,False,0.01,0.0,0.5,tf_efficientnet_b7_ns,0.9,sgd,10,0.8,8,2,multistep,0.05,0.1,True,0,1e-05,0.0001,none,,
31448436213912698,False,4,0.001,,2.0,0.0,20.0,0.5,0.01,0.1,0.75,False,0.0005,0.0,0.0,mobilevitv2_075,0.9,sgd,10,0.6,8,2,step,0.0,0.0001,True,10,0.0,0.0,trivial_augment,,
7673705977094755,True,16,0.0001,,4.0,0.5,10.0,0.1,0.001,0.1,,True,0.0005,8.0,0.75,edgenext_xx_small,0.9,adam,10,0.2,8,2,step,0.05,0.0001,False,0,1e-05,0.0,none,"(0.9, 0.999)",
78796577047630938,False,16,0.1,10.0,4.0,0.25,0.0,0.1,0.0,0.2,0.65,True,0.01,8.0,0.5,dla46x_c,0.9,adam,10,0.8,9,3,cosine,0.0,0.001,False,0,1e-06,1e-05,random_augment,"(0.0, 0.99)",
23472625978897040,False,4,0.0001,10.0,1.0,1.0,10.0,0.5,0.0,0.3,,True,0.0001,0.2,0.0,volo_d1_384,0.0,momentum,10,0.2,9,2,multistep,0.05,0.1,False,0,1e-06,0.0,random_augment,,
98987501970864103,True,128,0.0,,1.0,2.0,10.0,0.1,0.0001,0.1,0.75,False,0.0001,8.0,1.0,mobilevit_xs,0.95,momentum,10,1.0,8,2,multistep,0.1,0.001,True,10,0.0,0.01,none,,
65105146215824424,False,16,0.0001,,0.0,0.0,10.0,0.1,0.01,0.4,0.65,False,0.0005,1.0,0.25,volo_d3_448,0.9,adam,10,1.0,8,2,step,0.05,0.1,True,5,0.0,0.1,none,"(0.9, 0.99)",
14787801444070805,True,8,0.0,,0.0,0.25,0.0,0.1,0.1,0.2,,False,1e-05,2.0,0.75,xcit_tiny_12_p8_384_dist,0.9,sgd,10,0.0,17,2,cosine,0.1,0.0,True,10,1e-05,1e-05,random_augment,,
4541510051304034,False,8,0.0,1.0,1.0,0.0,0.0,0.1,0.01,0.0,0.75,False,0.0005,0.0,0.75,edgenext_small,0.9,adamp,10,0.6,8,2,cosine,0.1,0.001,False,0,1e-06,0.0001,none,"(0.9, 0.999)",
2001222513513384,False,16,0.0001,10.0,4.0,0.5,0.0,0.1,0.001,0.2,0.75,True,0.01,8.0,0.25,tf_efficientnet_b6_ns,0.9,sgd,10,1.0,8,2,cosine,0.05,0.01,False,5,1e-06,0.01,trivial_augment,,
391762607517647677,True,2,0.001,,1.0,0.0,10.0,0.1,0.1,0.3,0.75,False,5e-05,8.0,0.25,volo_d5_448,0.9,adamp,10,1.0,17,3,multistep,0.05,0.001,False,5,0.0,0.001,random_augment,"(0.9, 0.999)",
34031152311299344,False,64,0.01,,4.0,2.0,0.0,0.1,0.0,0.3,0.75,True,0.0005,0.4,0.0,edgenext_small,0.9,adam,5,0.8,8,2,plateau,0.0,0.01,True,5,0.0,0.01,trivial_augment,"(0.9, 0.999)",
12714813965917249,True,16,0.1,,0.5,0.25,20.0,0.1,0.1,0.2,0.75,True,0.0005,1.0,0.25,xcit_nano_12_p8_384_dist,0.9,adam,10,0.4,8,2,step,0.05,0.001,True,0,1e-06,0.0001,none,"(0.9, 0.999)",
63735625749645027,True,32,0.0001,1.0,2.0,0.0,20.0,0.5,0.1,0.1,0.65,False,5e-05,1.0,1.0,convnext_small_384_in22ft1k,0.9,adamp,10,0.6,9,2,multistep,0.0,0.01,True,5,0.0,0.0,random_augment,"(0.0, 0.99)",
8213576649578198,False,32,0.0,,1.0,4.0,10.0,0.1,0.1,0.0,0.65,True,0.005,0.0,0.75,dla46x_c,0.9,sgd,10,0.0,8,2,step,0.05,0.001,True,0,0.0,0.1,auto_augment,,v0
24967723119611582,False,4,0.0,,4.0,0.25,20.0,0.5,0.0001,0.0,0.75,False,5e-05,0.2,0.75,edgenext_xx_small,0.9,sgd,10,0.0,8,2,multistep,0.0,0.1,False,5,1e-06,0.1,none,,
2239194002216079,True,4,0.001,10.0,2.0,0.1,10.0,0.1,0.0001,0.3,,False,0.0005,0.2,0.75,swinv2_base_window12to24_192to384_22kft1k,0.9,adamw,10,0.8,9,2,multistep,0.0,0.1,True,10,1e-06,0.01,random_augment,"(0.9, 0.999)",
5342185095624616,False,8,0.1,1.0,0.0,1.0,0.0,0.1,0.001,0.1,0.65,False,0.01,1.0,0.25,volo_d1_384,0.9,sgd,10,0.2,8,2,cosine,0.0,0.0001,True,10,1e-05,0.0001,trivial_augment,,
58545360224664850,False,64,0.0,10.0,2.0,0.1,0.0,0.1,0.001,0.2,,False,0.001,4.0,0.0,edgenext_small,0.9,sgd,5,0.4,17,3,plateau,0.0,0.001,False,0,1e-06,0.01,random_augment,,
1130906525408495,True,512,0.0001,,2.0,0.25,0.0,0.1,0.001,0.4,,True,0.0001,0.2,0.75,edgenext_x_small,0.9,sgd,10,0.8,8,2,cosine,0.05,0.0,True,5,1e-05,0.1,none,,
23947689706419841,True,16,0.01,,4.0,0.25,10.0,0.5,0.0,0.4,0.75,False,0.001,0.2,0.75,xcit_tiny_12_p8_384_dist,0.9,sgd,10,0.2,8,2,multistep,0.0,0.0001,True,0,1e-05,0.0,none,,
111099095363218591,True,2,0.0,10.0,2.0,2.0,20.0,0.1,0.01,0.2,,False,0.01,2.0,0.0,tf_efficientnet_b6_ns,0.95,momentum,10,0.2,8,2,multistep,0.0,0.0,True,10,0.0,1e-05,trivial_augment,,
6491074271765072,False,256,0.0001,,1.0,0.25,0.0,0.1,0.0001,0.1,0.65,False,0.001,0.0,0.0,xcit_tiny_12_p8_384_dist,0.9,sgd,2,1.0,8,2,plateau,0.05,0.001,False,5,1e-05,1e-05,none,,
20010701032334536,False,8,0.1,10.0,4.0,0.0,0.0,0.1,0.1,0.3,0.75,True,0.01,0.0,0.75,swinv2_base_window12to24_192to384_22kft1k,0.9,adamw,10,1.0,8,2,cosine,0.1,0.01,False,5,1e-05,0.001,none,"(0.9, 0.99)",
27305872051803917,True,8,0.1,1.0,0.0,0.1,0.0,0.1,0.01,0.1,,False,5e-05,0.2,0.5,swinv2_base_window12to24_192to384_22kft1k,0.9,adam,10,0.8,8,2,cosine,0.0,0.0,False,10,0.0,0.001,none,"(0.0, 0.999)",
23880905875878988,False,8,0.01,1.0,1.0,0.5,0.0,0.1,0.0001,0.3,,False,0.005,2.0,0.25,deit3_small_patch16_384_in21ft1k,0.9,adam,10,0.4,8,2,cosine,0.1,0.0001,False,0,1e-05,0.0,trivial_augment,"(0.9, 0.99)",
142786005258680237,True,64,0.001,1.0,0.0,2.0,0.0,0.1,0.0,0.0,0.75,True,0.0001,1.0,1.0,dla46x_c,0.9,adamp,5,0.0,8,2,plateau,0.0,0.001,True,0,1e-05,0.0001,auto_augment,"(0.0, 0.99)",original
26425300245849284,False,256,0.0,1.0,4.0,2.0,0.0,0.1,0.0,0.2,,True,0.005,2.0,1.0,dla46x_c,0.9,adamp,10,0.2,8,2,cosine,0.05,0.0001,False,10,1e-06,0.01,none,"(0.0, 0.99)",
30572059869834247,True,2,0.001,1.0,0.5,0.5,0.0,0.1,0.0001,0.3,0.65,False,5e-05,0.2,0.75,tf_efficientnet_b6_ns,0.9,adamp,10,0.2,8,2,cosine,0.1,0.001,True,10,1e-06,1e-05,none,"(0.0, 0.999)",
12381020874350193,True,4,0.0,10.0,2.0,1.0,20.0,0.1,0.0001,0.4,,False,5e-05,0.2,0.5,edgenext_x_small,0.9,sgd,10,0.8,8,2,multistep,0.0,0.0,True,5,0.0,0.0001,none,,
7347731172464954,False,4,0.1,1.0,1.0,4.0,0.0,0.1,0.0001,0.0,0.75,False,0.0005,0.2,0.0,deit3_small_patch16_384_in21ft1k,0.9,sgd,10,0.4,8,2,cosine,0.1,0.1,True,0,1e-06,0.0,none,,
20491378192964891,True,64,0.0,1.0,1.0,0.25,10.0,0.1,0.1,0.3,0.65,False,5e-05,1.0,0.0,edgenext_x_small,0.9,sgd,10,0.6,8,2,step,0.1,0.0,True,5,0.0,0.0001,auto_augment,,original
31934298821157293,True,8,0.0001,,0.5,2.0,20.0,0.5,0.0001,0.2,,True,5e-05,2.0,0.25,edgenext_xx_small,0.9,adamw,10,0.2,8,2,multistep,0.05,0.01,True,10,1e-06,0.0,trivial_augment,"(0.9, 0.999)",
15893974291500603,True,32,0.01,,1.0,1.0,0.0,0.1,0.001,0.1,,False,0.01,1.0,0.5,xcit_tiny_24_p8_384_dist,0.9,adamp,10,1.0,8,2,cosine,0.05,0.1,True,0,1e-05,0.0,none,"(0.0, 0.99)",
22920399703019184,False,16,0.0001,1.0,0.5,1.0,0.0,0.1,0.01,0.0,0.65,True,0.005,0.4,1.0,xcit_nano_12_p8_384_dist,0.9,adam,10,0.0,8,2,cosine,0.1,0.001,True,10,1e-05,1e-05,none,"(0.9, 0.99)",
48621612491814961,True,2,0.0,1.0,0.5,0.0,10.0,0.5,0.001,0.1,0.75,False,0.001,0.0,1.0,swinv2_base_window12to24_192to384_22kft1k,0.9,adamp,10,0.4,8,2,step,0.1,0.0,False,0,0.0,0.1,none,"(0.0, 0.99)",
173797054594713306,False,2,0.001,1.0,4.0,0.1,0.0,0.1,0.01,0.1,0.75,False,0.0001,4.0,0.5,xcit_tiny_24_p8_384_dist,0.9,momentum,5,0.4,8,2,plateau,0.0,0.1,False,0,1e-05,0.001,none,,
80638014165863860,False,64,0.0,10.0,0.5,4.0,20.0,0.1,0.01,0.2,0.75,True,0.01,1.0,0.0,xcit_nano_12_p8_384_dist,0.9,sgd,10,1.0,9,3,step,0.1,0.1,False,0,1e-05,0.0,random_augment,,
158123382495350761,True,2,0.0,,2.0,0.0,10.0,0.5,0.001,0.4,0.75,False,0.001,0.2,1.0,edgenext_x_small,0.9,adamp,10,0.6,8,2,multistep,0.05,0.1,True,0,0.0,0.0001,auto_augment,"(0.0, 0.99)",v0
70756886426940419,True,8,0.01,1.0,0.5,0.0,10.0,0.1,0.0,0.0,,False,0.005,8.0,0.25,xcit_tiny_24_p8_384_dist,0.9,adam,10,0.6,8,2,multistep,0.0,0.0001,True,0,1e-06,1e-05,none,"(0.9, 0.99)",
68346471064963864,False,8,0.0,10.0,4.0,0.1,10.0,0.1,0.0001,0.1,0.65,False,0.0005,2.0,0.5,xcit_nano_12_p8_384_dist,0.9,adamw,10,0.6,8,2,multistep,0.05,0.0,True,10,1e-06,0.001,trivial_augment,"(0.9, 0.99)",
1383248586065289,True,256,0.01,10.0,1.0,4.0,10.0,0.1,0.01,0.2,0.65,False,0.001,8.0,0.75,xcit_tiny_12_p8_384_dist,0.9,adamp,10,1.0,8,2,step,0.0,0.001,False,0,0.0,0.01,none,"(0.9, 0.999)",
26201579847805665,True,32,0.001,,0.5,2.0,0.0,0.1,0.001,0.2,0.65,False,1e-05,1.0,0.5,xcit_tiny_12_p8_384_dist,0.9,adamp,10,0.6,8,2,cosine,0.05,0.0001,True,0,1e-06,0.01,none,"(0.0, 0.999)",
19175626359164977,True,16,0.0,10.0,1.0,1.0,10.0,0.5,0.01,0.4,,False,1e-05,0.2,1.0,xcit_tiny_12_p8_384_dist,0.9,sgd,10,0.0,8,2,step,0.0,0.01,True,5,0.0,0.001,trivial_augment,,
163739403791208682,False,512,0.001,10.0,0.0,2.0,10.0,0.1,0.0001,0.0,0.75,True,0.0005,2.0,0.0,edgenext_x_small,0.9,adamw,10,0.6,17,2,multistep,0.1,0.01,False,10,0.0,0.01,random_augment,"(0.0, 0.99)",
30550004067661301,True,64,0.0,1.0,0.0,1.0,0.0,0.1,0.0001,0.2,,False,0.01,0.4,0.5,mobilevit_xs,0.9,adam,2,0.2,8,2,plateau,0.0,0.0001,True,10,1e-06,1e-05,none,"(0.0, 0.999)",
14559671505459012,False,16,0.001,10.0,1.0,1.0,0.0,0.1,0.01,0.0,,False,0.01,0.4,0.0,volo_d5_512,0.9,adamw,10,1.0,8,2,cosine,0.05,0.0,False,5,1e-05,1e-05,trivial_augment,"(0.0, 0.99)",
30996593754474458,False,4,0.001,,0.5,0.25,0.0,0.1,0.0,0.3,0.65,False,5e-05,8.0,0.5,beit_large_patch16_512,0.9,adamw,10,0.8,8,2,cosine,0.0,0.0001,True,10,1e-05,1e-05,trivial_augment,"(0.0, 0.999)",
302758339368438,False,2,0.0001,,0.5,4.0,10.0,0.1,0.001,0.0,,True,0.01,0.2,0.0,volo_d5_512,0.0,momentum,10,0.8,8,2,step,0.0,0.0,False,10,0.0,0.1,trivial_augment,,
297333700134681570,False,16,0.01,1.0,0.5,1.0,10.0,0.1,0.01,0.1,0.65,False,0.01,8.0,0.5,convnext_small_384_in22ft1k,0.9,adamp,10,0.8,8,2,step,0.05,0.01,True,5,0.0,1e-05,none,"(0.0, 0.999)",
31654979807576264,False,32,0.001,,0.5,0.0,0.0,0.1,0.001,0.3,0.75,True,0.0001,0.2,0.5,edgenext_xx_small,0.9,sgd,5,0.0,8,2,plateau,0.1,0.1,True,0,1e-06,0.0,none,,
12293462279958381,True,32,0.1,1.0,2.0,1.0,0.0,0.1,0.0,0.3,0.65,False,1e-05,1.0,0.0,tf_efficientnet_b4_ns,0.9,adamp,10,0.0,8,2,cosine,0.05,0.1,True,0,0.0,0.0001,none,"(0.0, 0.99)",
33947692954245865,True,2,0.01,1.0,0.5,2.0,0.0,0.1,0.0001,0.3,,True,0.01,0.2,0.75,convnext_small_384_in22ft1k,0.9,adamp,10,0.2,17,2,cosine,0.1,0.001,False,5,0.0,0.01,random_augment,"(0.9, 0.999)",
24471398745019126,False,64,0.001,1.0,1.0,4.0,0.0,0.1,0.0,0.3,0.65,False,0.0005,0.4,0.25,dla46x_c,0.9,adamw,10,0.8,8,2,cosine,0.0,0.0001,False,5,0.0,0.1,none,"(0.0, 0.99)",
24430175455322454,False,16,0.0001,,4.0,4.0,0.0,0.1,0.0001,0.4,0.65,True,5e-05,0.4,0.0,deit3_small_patch16_384_in21ft1k,0.9,adam,10,0.6,8,2,cosine,0.05,0.01,True,0,0.0,0.1,trivial_augment,"(0.0, 0.999)",
65196484664911336,False,64,0.001,10.0,2.0,2.0,0.0,0.1,0.1,0.1,0.65,False,5e-05,0.0,0.75,edgenext_xx_small,0.9,momentum,2,0.2,8,2,plateau,0.05,0.0,True,10,0.0,0.1,auto_augment,,original
51363515044320430,False,8,0.001,1.0,0.0,1.0,10.0,0.5,0.0,0.4,0.75,False,0.01,8.0,0.5,edgenext_x_small,0.9,sgd,10,1.0,17,2,multistep,0.05,0.01,False,0,0.0,0.001,random_augment,,
234252948149115041,True,64,0.0,,4.0,0.0,20.0,0.1,0.001,0.0,0.75,False,0.005,4.0,0.0,deit3_small_patch16_384_in21ft1k,0.9,adam,10,1.0,8,2,multistep,0.1,0.01,False,5,1e-06,0.0,auto_augment,"(0.9, 0.99)",v0
359655400629701564,False,256,0.0,,0.0,1.0,10.0,0.5,0.0001,0.0,,False,5e-05,0.2,0.75,mobilevit_xxs,0.9,adamw,10,0.8,8,2,step,0.05,0.001,False,0,1e-06,0.001,auto_augment,"(0.0, 0.999)",original
56299609021353279,True,256,0.01,1.0,0.5,0.1,0.0,0.1,0.001,0.3,,False,0.0005,0.0,0.25,edgenext_x_small,0.9,sgd,2,0.0,17,3,plateau,0.05,0.001,False,0,1e-05,0.0,random_augment,,
36104247420532257,True,4,0.01,,0.0,0.0,10.0,0.1,0.1,0.4,,True,0.0001,8.0,1.0,edgenext_x_small,0.9,adamw,10,0.4,8,2,step,0.05,0.0001,True,0,1e-05,0.001,none,"(0.0, 0.99)",
20290420651047610,False,8,0.001,,0.5,0.25,0.0,0.1,0.001,0.1,,False,0.0001,0.4,1.0,swinv2_base_window12to24_192to384_22kft1k,0.9,adamw,10,0.6,8,2,cosine,0.05,0.001,False,0,0.0,0.0001,none,"(0.9, 0.99)",
18274487232919050,False,2,0.0,1.0,2.0,1.0,0.0,0.1,0.01,0.4,0.65,False,0.001,0.2,0.75,tf_efficientnet_b4_ns,0.0,momentum,10,0.0,8,2,cosine,0.0,0.01,True,5,1e-06,0.01,auto_augment,,original
158238827437923509,True,8,0.01,1.0,2.0,0.5,0.0,0.1,0.001,0.1,,True,0.01,8.0,0.5,deit3_small_patch16_384_in21ft1k,0.9,adam,2,0.0,9,3,plateau,0.0,0.001,True,5,0.0,0.0001,random_augment,"(0.0, 0.999)",
45548079414663925,True,2,0.01,,0.5,0.25,0.0,0.1,0.0,0.3,,True,0.005,4.0,1.0,deit3_small_patch16_384_in21ft1k,0.9,sgd,5,0.6,9,3,plateau,0.1,0.0,True,0,1e-05,0.0001,random_augment,,
73733923760723538,False,16,0.1,,2.0,0.25,0.0,0.1,0.001,0.4,,False,0.0001,4.0,0.25,mobilevit_xxs,0.95,momentum,10,0.0,8,2,cosine,0.1,0.1,False,10,1e-06,0.1,none,,
72245912577202250,False,32,0.1,10.0,1.0,1.0,10.0,0.1,0.001,0.4,0.65,False,0.01,1.0,0.75,dla46x_c,0.9,adamp,10,0.2,8,2,step,0.05,0.0,True,5,1e-06,0.0,trivial_augment,"(0.9, 0.99)",
34224149652325897,True,128,0.01,,4.0,0.1,10.0,0.1,0.01,0.0,0.65,True,0.001,0.2,0.0,deit3_small_patch16_384_in21ft1k,0.8,momentum,10,0.8,8,2,step,0.0,0.0001,False,0,1e-06,0.01,none,,
32563132244578104,False,16,0.0001,1.0,1.0,0.25,20.0,0.1,0.01,0.2,0.65,False,0.0005,1.0,0.25,convnext_small_384_in22ft1k,0.9,sgd,10,0.0,8,2,step,0.05,0.0,False,5,0.0,0.1,auto_augment,,v0
13722874528916286,False,2,0.001,1.0,2.0,4.0,0.0,0.1,0.0001,0.0,,False,1e-05,0.4,0.5,mobilevit_xs,0.9,adamw,10,0.2,8,2,cosine,0.1,0.1,False,5,0.0,1e-05,trivial_augment,"(0.0, 0.99)",
113559246561646641,True,4,0.0001,10.0,1.0,4.0,10.0,0.5,0.0001,0.0,0.75,False,0.005,0.2,0.0,volo_d5_512,0.9,adam,10,1.0,8,2,step,0.0,0.1,True,0,0.0,0.1,none,"(0.0, 0.999)",
27921174851521148,False,256,0.01,1.0,1.0,1.0,0.0,0.1,0.001,0.0,0.75,False,5e-05,8.0,0.0,edgenext_x_small,0.9,adam,10,1.0,8,2,cosine,0.0,0.0001,False,0,1e-05,0.001,trivial_augment,"(0.0, 0.999)",
34917193224622922,False,256,0.0001,10.0,2.0,1.0,0.0,0.1,0.001,0.3,,True,0.0001,0.0,0.75,edgenext_xx_small,0.9,adamw,10,0.6,17,2,cosine,0.05,0.001,True,5,1e-05,0.01,random_augment,"(0.9, 0.999)",
166023945140922360,False,2,0.0,10.0,4.0,2.0,10.0,0.5,0.0,0.4,0.75,False,0.001,2.0,0.75,volo_d4_448,0.9,adam,10,0.8,8,2,step,0.0,0.0001,True,10,1e-05,0.001,auto_augment,"(0.0, 0.99)",original
28147655886111452,False,4,0.0,1.0,2.0,0.1,20.0,0.5,0.1,0.2,0.75,False,0.01,1.0,1.0,mobilevit_xxs,0.9,sgd,10,0.4,8,2,step,0.0,0.0001,True,5,1e-05,0.001,none,,
25510292953427628,False,2,0.0001,1.0,0.5,1.0,0.0,0.1,0.01,0.1,,False,0.0001,1.0,0.5,mobilevit_xxs,0.9,adamp,10,0.4,8,2,cosine,0.05,0.0,False,10,1e-05,0.1,trivial_augment,"(0.0, 0.999)",
61437250439222348,False,4,0.001,10.0,4.0,2.0,0.0,0.1,0.01,0.3,,True,0.0001,2.0,0.75,volo_d5_512,0.9,momentum,10,0.8,17,2,cosine,0.0,0.0,True,5,1e-06,0.0001,random_augment,,
969167437942584,False,128,0.1,10.0,0.5,0.5,10.0,0.1,0.0,0.2,0.75,False,5e-05,8.0,0.25,tf_efficientnet_b4_ns,0.9,adamp,10,1.0,8,2,multistep,0.05,0.1,False,0,1e-05,0.1,none,"(0.9, 0.999)",
4794119612852028,False,16,0.1,1.0,2.0,0.1,10.0,0.1,0.0001,0.2,0.65,False,1e-05,1.0,0.25,tf_efficientnet_b4_ns,0.0,momentum,10,0.2,9,2,multistep,0.05,0.1,True,5,1e-06,0.0001,random_augment,,
219374864232919389,True,32,0.0,10.0,0.0,4.0,20.0,0.5,0.1,0.4,,True,0.0001,0.2,0.25,edgenext_xx_small,0.9,adamw,10,0.6,17,2,multistep,0.0,0.001,False,5,1e-06,0.1,random_augment,"(0.9, 0.99)",
5570709071208328,False,64,0.0001,,0.0,0.25,0.0,0.1,0.001,0.0,0.75,False,5e-05,0.0,0.75,mobilevit_xs,0.9,adamp,2,0.6,8,2,plateau,0.0,0.0001,False,5,0.0,1e-05,none,"(0.9, 0.999)",
396866758166998402,False,8,0.0001,,4.0,0.0,10.0,0.1,0.01,0.0,0.75,True,0.005,1.0,0.0,mobilevit_xs,0.9,adamp,10,0.0,17,3,step,0.1,0.001,False,10,1e-05,0.0,random_augment,"(0.9, 0.999)",
29267310490414506,False,2,0.001,1.0,4.0,0.5,0.0,0.1,0.0001,0.3,0.65,False,0.0001,0.4,0.75,volo_d3_448,0.9,adamp,10,0.8,8,2,cosine,0.1,0.0,False,0,1e-05,0.0001,trivial_augment,"(0.0, 0.999)",
504512122359635725,True,128,0.1,10.0,2.0,2.0,10.0,0.5,0.0,0.1,0.65,True,0.01,8.0,0.0,mobilevitv2_075,0.9,adamw,10,0.2,17,3,step,0.1,0.001,True,10,1e-06,0.01,random_augment,"(0.0, 0.999)",
38620424269670806,False,64,0.001,,2.0,4.0,10.0,0.1,0.01,0.1,,False,1e-05,8.0,0.75,mobilevit_xxs,0.9,adamp,10,0.0,8,2,multistep,0.0,0.1,False,10,1e-06,1e-05,trivial_augment,"(0.0, 0.99)",
70351750068204013,True,16,0.001,1.0,4.0,4.0,10.0,0.1,0.0001,0.2,0.75,False,1e-05,0.0,0.0,edgenext_x_small,0.9,sgd,10,0.6,9,3,multistep,0.0,0.1,True,0,0.0,1e-05,random_augment,,
474508188911920601,True,64,0.0,,1.0,0.1,10.0,0.5,0.0001,0.3,0.75,True,0.01,0.4,0.75,mobilevit_xxs,0.9,adamp,10,1.0,17,3,multistep,0.1,0.001,True,0,1e-06,0.0001,random_augment,"(0.9, 0.99)",
59086079678607520,False,8,0.001,10.0,0.0,0.5,0.0,0.1,0.0001,0.4,,False,0.001,8.0,1.0,swinv2_base_window12to24_192to384_22kft1k,0.9,adamp,5,1.0,8,2,plateau,0.0,0.01,True,0,1e-05,0.01,trivial_augment,"(0.0, 0.999)",
42883990172612194,False,8,0.0,,1.0,0.1,0.0,0.1,0.01,0.2,0.75,False,0.001,0.2,0.25,edgenext_xx_small,0.9,adam,10,1.0,17,2,cosine,0.05,0.01,True,0,1e-05,0.01,random_augment,"(0.0, 0.99)",
3516048246264806,False,4,0.01,10.0,0.5,0.25,0.0,0.1,0.001,0.4,,False,0.001,1.0,1.0,xcit_tiny_24_p8_384_dist,0.0,momentum,10,0.4,8,2,cosine,0.05,0.1,False,10,1e-06,0.001,none,,
28740513427701957,True,32,0.0001,10.0,0.0,1.0,0.0,0.1,0.0,0.2,0.75,False,1e-05,0.4,0.0,convnext_small_384_in22ft1k,0.9,adamw,10,0.0,8,2,cosine,0.1,0.0,True,10,0.0,0.0001,none,"(0.0, 0.99)",
47651798181409123,True,128,0.0,1.0,0.5,0.0,20.0,0.1,0.01,0.3,,False,0.0005,4.0,0.75,beit_base_patch16_384,0.9,sgd,10,1.0,8,2,step,0.0,0.0001,True,10,0.0,0.0,auto_augment,,original
179881443890252883,True,32,0.01,1.0,4.0,4.0,20.0,0.5,0.1,0.1,0.65,False,1e-05,0.0,0.5,dla46x_c,0.9,adamw,10,0.6,8,2,step,0.1,0.1,True,5,0.0,0.01,auto_augment,"(0.0, 0.99)",v0
117148741152098190,False,16,0.01,1.0,1.0,0.1,0.0,0.1,0.0001,0.0,0.75,False,0.0005,4.0,0.25,xcit_tiny_12_p8_384_dist,0.99,momentum,10,0.8,8,2,cosine,0.05,0.01,True,0,1e-05,0.001,auto_augment,,original
17981997879561030,False,2,0.0,1.0,1.0,0.0,10.0,0.5,0.01,0.3,0.75,False,0.01,1.0,1.0,deit3_small_patch16_384_in21ft1k,0.9,adamw,10,0.6,8,2,multistep,0.05,0.01,True,10,0.0,0.01,none,"(0.9, 0.999)",
18188402195595160,False,64,0.0,1.0,2.0,0.5,0.0,0.1,0.1,0.1,,False,0.005,0.4,0.0,deit3_small_patch16_384_in21ft1k,0.9,adamp,2,1.0,8,2,plateau,0.0,0.001,False,5,1e-06,0.01,none,"(0.9, 0.99)",
13998994391273913,True,32,0.01,1.0,2.0,1.0,0.0,0.1,0.1,0.2,0.75,False,0.0005,0.0,0.5,edgenext_xx_small,0.9,sgd,10,0.4,8,2,cosine,0.0,0.01,False,0,1e-06,1e-05,auto_augment,,v0
95715321760306308,False,128,0.001,,2.0,0.0,20.0,0.5,0.0,0.4,0.65,True,0.0001,0.4,0.0,mobilevit_xxs,0.9,adamp,10,0.2,8,2,step,0.1,0.1,True,5,1e-05,1e-05,trivial_augment,"(0.9, 0.99)",
63427070394973873,True,2,0.1,,0.0,0.5,0.0,0.1,0.01,0.2,0.75,False,0.001,0.0,1.0,volo_d1_384,0.9,adamp,10,0.0,8,2,cosine,0.1,0.001,True,10,1e-05,1e-05,auto_augment,"(0.9, 0.99)",v0
6001494267033190,False,64,0.0,1.0,1.0,0.1,0.0,0.1,0.1,0.0,0.75,False,0.005,0.4,0.75,dla46x_c,0.9,sgd,10,0.4,8,2,cosine,0.0,0.0,False,5,1e-06,1e-05,none,,
3051087317924962,False,8,0.0001,,1.0,0.1,0.0,0.1,0.001,0.2,,False,0.001,4.0,1.0,tf_efficientnet_b6_ns,0.9,sgd,10,0.6,8,2,cosine,0.05,0.01,False,10,0.0,0.001,trivial_augment,,
29155695208358960,False,4,0.0001,1.0,0.0,0.25,0.0,0.1,0.0001,0.0,0.75,False,0.005,8.0,0.75,volo_d1_384,0.8,momentum,10,0.2,8,2,cosine,0.05,0.01,False,10,1e-06,0.0001,none,,
29497532088423880,False,64,0.0,1.0,4.0,4.0,0.0,0.1,0.001,0.1,0.65,True,0.001,0.4,0.0,xcit_tiny_12_p8_384_dist,0.9,adamp,10,1.0,8,2,cosine,0.0,0.0001,True,5,1e-05,0.0001,none,"(0.0, 0.999)",
39340812653986830,False,16,0.01,1.0,4.0,2.0,10.0,0.1,0.01,0.4,,False,1e-05,2.0,1.0,deit3_small_patch16_384_in21ft1k,0.9,adam,10,0.4,8,2,multistep,0.0,0.001,False,5,0.0,0.0,trivial_augment,"(0.0, 0.99)",
79519832949238190,False,32,0.1,,2.0,0.5,0.0,0.1,0.0001,0.4,0.65,True,1e-05,2.0,1.0,tf_efficientnet_b4_ns,0.99,momentum,5,1.0,8,2,plateau,0.0,0.0,False,10,1e-05,1e-05,trivial_augment,,
108862584911915821,True,16,0.01,1.0,0.5,0.1,20.0,0.1,0.001,0.1,0.75,False,0.001,0.4,0.25,edgenext_small,0.9,adamw,10,0.0,8,2,step,0.0,0.0001,True,10,1e-06,0.001,trivial_augment,"(0.0, 0.999)",
113968784310955373,True,64,0.1,10.0,2.0,0.0,10.0,0.5,0.01,0.3,0.65,False,0.0001,8.0,0.75,mobilevit_xs,0.9,sgd,10,0.4,17,3,step,0.05,0.0001,True,0,1e-06,0.1,random_augment,,
146030151877132968,False,2,0.0001,10.0,0.5,0.25,10.0,0.5,0.0001,0.3,0.65,False,1e-05,0.0,0.5,volo_d5_448,0.99,momentum,10,0.8,8,2,step,0.05,0.01,False,5,0.0,0.1,none,,
115485167859905079,True,32,0.0,1.0,4.0,2.0,10.0,0.1,0.0001,0.4,,True,0.001,2.0,0.75,edgenext_x_small,0.9,adamw,10,0.4,8,2,multistep,0.05,0.001,True,5,1e-06,0.01,auto_augment,"(0.0, 0.99)",original
77218070682873373,True,16,0.001,1.0,1.0,0.0,20.0,0.1,0.0001,0.4,0.75,False,0.0001,0.0,0.75,edgenext_small,0.9,momentum,10,0.6,9,2,multistep,0.1,0.0001,True,5,0.0,0.0001,random_augment,,
70851217490940425,True,8,0.0,10.0,1.0,1.0,10.0,0.1,0.01,0.3,0.75,True,0.01,8.0,1.0,dla46x_c,0.9,momentum,10,1.0,9,2,step,0.05,0.001,False,5,1e-06,1e-05,random_augment,,
3731372507077277,True,8,0.1,,0.0,0.1,0.0,0.1,0.01,0.2,0.65,False,5e-05,0.0,0.25,volo_d4_448,0.9,sgd,10,0.8,8,2,cosine,0.1,0.01,True,0,1e-05,0.001,trivial_augment,,
121213734768288675,True,32,0.001,,4.0,0.5,0.0,0.1,0.001,0.1,0.75,False,1e-05,0.0,0.75,deit3_small_patch16_384_in21ft1k,0.9,adamw,10,1.0,17,3,cosine,0.05,0.1,True,0,1e-05,0.0,random_augment,"(0.9, 0.99)",
101348942040321705,True,32,0.001,1.0,0.5,1.0,0.0,0.1,0.0,0.3,0.75,False,1e-05,0.2,0.25,mobilevitv2_075,0.9,momentum,2,1.0,17,2,plateau,0.0,0.0,True,0,0.0,0.0001,random_augment,,
16042040424668454,False,16,0.0001,,4.0,2.0,0.0,0.1,0.001,0.0,,True,0.005,0.4,0.0,mobilevitv2_075,0.9,sgd,5,0.0,8,2,plateau,0.0,0.1,True,5,1e-05,0.0,none,,
30458019777800950,False,64,0.0,,1.0,2.0,20.0,0.5,0.1,0.2,0.65,False,0.0001,0.0,0.25,mobilevit_xs,0.9,adamw,10,0.2,8,2,step,0.0,0.0,False,10,1e-06,1e-05,trivial_augment,"(0.9, 0.999)",
78107604761092767,True,256,0.1,,4.0,2.0,20.0,0.1,0.01,0.3,,True,1e-05,4.0,0.75,edgenext_small,0.9,adam,10,1.0,8,2,step,0.0,0.0001,True,5,1e-05,0.0001,trivial_augment,"(0.9, 0.99)",
45230216189303898,False,2,0.0001,,4.0,0.25,0.0,0.1,0.1,0.0,,False,0.0001,0.2,0.5,volo_d1_384,0.0,momentum,10,0.8,17,2,cosine,0.1,0.1,False,5,1e-06,0.0001,random_augment,,
28202123754938666,False,4,0.01,1.0,0.5,0.25,0.0,0.1,0.1,0.4,0.75,False,0.001,8.0,0.25,edgenext_small,0.9,adamp,10,0.8,8,2,cosine,0.1,0.1,True,5,1e-05,0.001,none,"(0.0, 0.99)",
229886093206580994,False,2,0.01,10.0,2.0,0.0,20.0,0.1,0.001,0.4,,False,0.005,8.0,0.5,xcit_small_12_p8_384_dist,0.9,momentum,10,1.0,8,2,step,0.1,0.001,False,10,0.0,0.001,auto_augment,,v0
9716523547021972,False,512,0.001,1.0,4.0,0.25,0.0,0.1,0.001,0.2,0.65,False,0.01,8.0,1.0,edgenext_xx_small,0.9,sgd,5,0.8,8,2,plateau,0.05,0.001,True,5,0.0,0.01,trivial_augment,,
28539724674382392,False,128,0.0,,4.0,2.0,0.0,0.1,0.1,0.0,0.75,True,0.001,4.0,0.25,edgenext_x_small,0.9,sgd,5,0.4,8,2,plateau,0.0,0.001,False,5,0.0,0.0001,none,,
46508197576436866,False,64,0.001,10.0,1.0,4.0,0.0,0.1,0.0,0.2,0.65,True,0.01,1.0,0.0,edgenext_small,0.9,adamw,5,0.4,8,2,plateau,0.1,0.1,True,0,1e-06,1e-05,none,"(0.0, 0.99)",
2797223604211902,False,128,0.0,,1.0,0.1,0.0,0.1,0.0,0.0,0.75,False,0.005,0.2,0.5,mobilevit_xxs,0.9,sgd,10,0.8,8,2,cosine,0.05,0.0001,True,0,0.0,0.001,none,,
6456723326308838,False,4,0.001,,0.0,0.1,0.0,0.1,0.0,0.2,0.75,False,0.005,8.0,1.0,volo_d3_448,0.9,sgd,10,0.6,8,2,cosine,0.05,0.0,False,5,1e-05,1e-05,trivial_augment,,
26021285072177594,False,256,0.0,,4.0,4.0,0.0,0.1,0.01,0.0,0.75,True,0.0005,0.4,0.75,edgenext_x_small,0.95,momentum,10,0.4,8,2,cosine,0.05,0.1,False,10,0.0,0.01,none,,
37997750131965037,True,2,0.001,10.0,0.5,0.5,0.0,0.1,0.001,0.4,,False,0.01,1.0,0.75,beit_base_patch16_384,0.9,adamw,10,0.6,17,2,cosine,0.1,0.001,False,5,0.0,1e-05,random_augment,"(0.9, 0.999)",
10355468435203430,False,4,0.0001,10.0,4.0,4.0,20.0,0.1,0.001,0.1,,False,5e-05,0.0,1.0,xcit_tiny_12_p8_384_dist,0.9,sgd,10,0.6,8,2,multistep,0.0,0.0,False,0,1e-05,0.01,trivial_augment,,
64232037609863720,False,256,0.001,10.0,1.0,2.0,0.0,0.1,0.1,0.0,0.75,True,0.005,0.4,0.25,mobilevit_xxs,0.9,adamw,5,1.0,8,2,plateau,0.0,0.0001,False,10,1e-06,0.0,none,"(0.0, 0.999)",
14272998890897218,False,8,0.01,10.0,4.0,4.0,0.0,0.1,0.0001,0.0,,False,0.01,8.0,0.5,xcit_small_12_p8_384_dist,0.9,adamp,10,0.2,8,2,cosine,0.05,0.0001,False,10,1e-06,1e-05,none,"(0.0, 0.99)",
364886210717876722,False,8,0.0001,,0.0,0.1,20.0,0.5,0.0,0.3,0.65,True,0.01,0.0,0.0,mobilevitv2_075,0.9,adamw,10,0.6,8,2,step,0.0,0.0001,False,10,0.0,0.1,none,"(0.0, 0.999)",
70599193204087559,True,64,0.0001,1.0,1.0,1.0,0.0,0.1,0.001,0.3,,False,1e-05,8.0,0.5,edgenext_small,0.9,adam,10,1.0,9,3,cosine,0.1,0.0,True,10,0.0,1e-05,random_augment,"(0.9, 0.999)",
79922222181933511,True,128,0.0001,1.0,1.0,0.1,20.0,0.1,0.001,0.3,0.75,False,0.0001,2.0,0.75,dla46x_c,0.9,sgd,10,0.2,9,3,step,0.0,0.001,True,5,0.0,0.0,random_augment,,
20264903538875376,False,16,0.0,,0.5,0.0,0.0,0.1,0.1,0.0,,True,0.005,0.0,0.0,mobilevit_xs,0.9,adam,10,0.0,9,2,cosine,0.1,0.0,False,0,0.0,0.0001,random_augment,"(0.9, 0.99)",
14959606164446290,False,8,0.001,1.0,2.0,2.0,0.0,0.1,0.001,0.2,0.65,False,0.01,1.0,1.0,edgenext_x_small,0.9,adamw,10,0.8,8,2,cosine,0.0,0.001,True,0,0.0,0.0,none,"(0.0, 0.99)",
80397705557014357,True,128,0.01,10.0,2.0,4.0,20.0,0.1,0.1,0.1,0.65,False,0.0005,0.0,0.5,edgenext_x_small,0.9,adam,10,0.6,8,2,step,0.1,0.01,True,5,1e-06,0.0,none,"(0.9, 0.99)",
1453590218565205,True,16,0.0001,1.0,1.0,1.0,10.0,0.1,0.0001,0.2,0.75,True,0.005,0.2,0.25,deit3_small_patch16_384_in21ft1k,0.9,adamp,10,0.2,8,2,multistep,0.1,0.0001,True,0,0.0,0.01,none,"(0.9, 0.999)",
120170933125546572,False,2,0.1,10.0,0.5,0.1,10.0,0.5,0.0001,0.2,0.65,True,1e-05,4.0,0.5,convnext_small_384_in22ft1k,0.9,sgd,10,0.4,17,3,multistep,0.1,0.1,True,10,1e-05,1e-05,random_augment,,
306730616988332092,False,8,0.0001,10.0,1.0,1.0,10.0,0.1,0.001,0.3,0.75,True,0.005,8.0,1.0,mobilevit_xs,0.9,adamw,10,1.0,8,2,step,0.1,0.1,False,5,0.0,0.0,auto_augment,"(0.0, 0.999)",v0
3932168446886941,True,2,0.0,,1.0,0.0,0.0,0.1,0.01,0.2,0.65,False,0.001,2.0,0.0,edgenext_xx_small,0.9,adam,10,0.4,8,2,cosine,0.0,0.001,False,10,1e-05,0.001,none,"(0.9, 0.999)",
29752609412446346,False,4,0.01,,1.0,0.25,20.0,0.5,0.001,0.2,,False,5e-05,0.0,0.25,deit3_small_patch16_384_in21ft1k,0.9,sgd,10,0.0,8,2,step,0.0,0.01,False,0,0.0,1e-05,trivial_augment,,
7452266822422763,True,8,0.0001,1.0,0.0,0.5,0.0,0.1,0.001,0.2,0.75,True,0.0001,4.0,0.5,dla46x_c,0.9,sgd,10,1.0,8,2,cosine,0.1,0.0001,True,5,1e-06,0.0,none,,
3556024261330423,True,128,0.0,10.0,4.0,2.0,0.0,0.1,0.01,0.1,0.65,True,0.0005,0.0,0.25,edgenext_small,0.9,sgd,10,0.4,8,2,cosine,0.0,0.001,True,10,1e-06,0.001,none,,
43443622392422915,True,64,0.01,10.0,0.5,4.0,0.0,0.1,0.01,0.3,0.65,False,0.0005,1.0,0.75,edgenext_small,0.9,adamw,10,0.4,17,2,cosine,0.1,0.0,True,5,0.0,0.001,random_augment,"(0.0, 0.99)",
6559097714610897,True,4,0.01,10.0,2.0,0.5,10.0,0.1,0.0001,0.2,,False,1e-05,0.4,0.75,mobilevit_xxs,0.9,sgd,10,1.0,8,2,step,0.0,0.001,True,5,1e-05,1e-05,none,,
34312343562678726,False,2,0.001,,1.0,0.5,0.0,0.1,0.1,0.1,0.65,False,0.005,2.0,0.75,edgenext_x_small,0.99,momentum,10,1.0,9,2,cosine,0.0,0.001,True,0,1e-06,0.01,random_augment,,
105351719834401994,False,4,0.1,1.0,4.0,0.5,0.0,0.1,0.0001,0.0,0.75,False,0.001,4.0,0.5,deit3_small_patch16_384_in21ft1k,0.9,adam,10,1.0,17,3,cosine,0.0,0.001,False,0,0.0,0.1,random_augment,"(0.0, 0.99)",
29084688698576911,True,16,0.01,1.0,2.0,0.1,0.0,0.1,0.001,0.1,0.75,False,0.0005,1.0,0.75,xcit_tiny_12_p8_384_dist,0.95,momentum,2,0.2,8,2,plateau,0.05,0.01,True,5,1e-06,0.0001,none,,
116286076705826724,False,16,0.0001,1.0,2.0,0.5,0.0,0.1,0.01,0.0,0.75,False,0.0001,1.0,0.75,tf_efficientnet_b4_ns,0.99,momentum,2,0.2,8,2,plateau,0.1,0.0,False,5,0.0,0.001,auto_augment,,original
10506338037192042,False,2,0.1,,0.5,0.5,0.0,0.1,0.1,0.3,0.75,False,0.01,2.0,0.5,edgenext_xx_small,0.9,sgd,5,0.4,8,2,plateau,0.0,0.0,False,5,1e-05,0.01,trivial_augment,,
17820110842128258,False,16,0.1,10.0,0.0,0.0,0.0,0.1,0.0,0.2,0.65,True,0.0005,2.0,0.0,mobilevit_xs,0.9,adam,10,0.8,8,2,cosine,0.1,0.001,True,5,0.0,0.01,none,"(0.9, 0.99)",
38983869189911288,False,4,0.001,,0.0,1.0,0.0,0.1,0.01,0.2,0.65,False,0.001,4.0,1.0,beit_base_patch16_384,0.99,momentum,10,0.6,8,2,cosine,0.05,0.01,True,5,1e-05,1e-05,trivial_augment,,
287646675642645554,False,4,0.1,,4.0,0.25,20.0,0.5,0.0001,0.0,0.65,False,0.0005,2.0,1.0,beit_base_patch16_384,0.9,adamw,10,0.6,9,3,step,0.1,0.001,False,0,0.0,0.0001,random_augment,"(0.9, 0.999)",
450502390847065564,False,64,0.01,,0.0,0.1,10.0,0.5,0.0001,0.2,0.65,True,0.001,0.4,1.0,convnext_small_384_in22ft1k,0.99,momentum,10,0.8,8,2,step,0.1,0.001,True,10,1e-06,0.0001,auto_augment,,v0
14320352718758162,False,4,0.0,,2.0,0.1,20.0,0.1,0.0,0.4,,False,0.005,2.0,1.0,edgenext_x_small,0.9,adamp,10,0.6,8,2,step,0.05,0.1,False,10,1e-06,1e-05,none,"(0.9, 0.999)",
65219320930051179,True,32,0.0,,0.5,0.5,10.0,0.1,0.01,0.1,0.65,False,0.0005,0.2,0.75,mobilevit_xs,0.9,momentum,10,0.0,8,2,step,0.0,0.001,True,10,0.0,0.1,trivial_augment,,
81051055638208618,False,8,0.01,,2.0,0.5,0.0,0.1,0.0001,0.3,0.75,False,5e-05,0.2,0.0,xcit_tiny_12_p8_384_dist,0.9,adamp,10,0.8,9,3,cosine,0.05,0.001,False,0,0.0,0.1,random_augment,"(0.9, 0.99)",
7756315363290969,True,32,0.0,10.0,4.0,0.5,0.0,0.1,0.1,0.0,0.65,False,5e-05,4.0,0.25,xcit_nano_12_p8_384_dist,0.9,sgd,2,1.0,8,2,plateau,0.1,0.0001,True,0,1e-05,0.0,trivial_augment,,
36007481656267902,False,2,0.1,1.0,1.0,2.0,0.0,0.1,0.0,0.4,0.65,False,5e-05,2.0,0.75,tf_efficientnet_b6_ns,0.99,momentum,10,0.8,8,2,cosine,0.0,0.0,False,0,1e-05,0.001,trivial_augment,,
39061032876058074,False,16,0.0001,1.0,2.0,0.0,20.0,0.1,0.0001,0.4,0.75,True,0.0001,4.0,0.25,xcit_nano_12_p8_384_dist,0.9,sgd,10,0.8,8,2,multistep,0.05,0.01,False,10,1e-05,1e-05,auto_augment,,v0
18953020261372272,False,16,0.001,10.0,0.0,0.0,0.0,0.1,0.001,0.3,0.75,False,0.0001,8.0,0.5,xcit_nano_12_p8_384_dist,0.9,adamw,2,0.4,8,2,plateau,0.0,0.01,False,0,0.0,0.001,trivial_augment,"(0.9, 0.99)",
66542217063848208,False,2,0.0001,1.0,0.0,4.0,0.0,0.1,0.0,0.0,,False,1e-05,0.0,1.0,volo_d3_448,0.95,momentum,5,0.8,8,2,plateau,0.0,0.0,True,10,0.0,0.01,none,,
64981927046261165,True,8,0.0,1.0,0.5,2.0,0.0,0.1,0.001,0.1,0.75,False,0.01,8.0,0.0,tf_efficientnet_b6_ns,0.95,momentum,5,0.8,8,2,plateau,0.0,0.0001,False,5,0.0,0.1,trivial_augment,,
192693662349833127,True,4,0.01,10.0,1.0,0.0,20.0,0.5,0.0,0.1,0.65,False,0.001,8.0,0.75,volo_d3_448,0.9,adamw,10,0.4,8,2,step,0.1,0.01,False,0,1e-05,1e-05,auto_augment,"(0.0, 0.99)",original
55840129160272657,True,16,0.0,,0.0,0.5,0.0,0.1,0.001,0.2,,True,0.001,1.0,1.0,dla46x_c,0.9,adamw,5,0.6,8,2,plateau,0.1,0.0001,False,0,1e-06,0.0,none,"(0.9, 0.99)",
82156932995205374,False,32,0.001,,4.0,4.0,0.0,0.1,0.0001,0.0,0.65,True,1e-05,0.4,0.0,xcit_nano_12_p8_384_dist,0.9,adamp,10,0.4,8,2,cosine,0.0,0.0001,True,5,1e-05,0.1,auto_augment,"(0.0, 0.999)",v0
237362276411537412,False,128,0.0,1.0,2.0,0.0,20.0,0.1,0.001,0.3,0.75,True,0.001,1.0,0.75,edgenext_x_small,0.9,adamp,10,0.6,17,2,step,0.0,0.0001,False,5,1e-05,0.01,random_augment,"(0.0, 0.999)",
20739120903357735,True,4,0.1,10.0,4.0,0.1,0.0,0.1,0.001,0.0,,False,0.0001,2.0,0.25,edgenext_small,0.9,momentum,10,0.2,8,2,cosine,0.05,0.001,False,0,1e-06,0.0001,trivial_augment,,
4872431475182509,True,16,0.1,10.0,0.0,0.0,0.0,0.1,0.0001,0.0,0.65,False,1e-05,0.2,0.25,xcit_small_12_p8_384_dist,0.9,sgd,10,0.6,8,2,cosine,0.1,0.1,False,10,1e-06,0.0001,trivial_augment,,
26910760551071419,True,2,0.0001,10.0,0.5,4.0,0.0,0.1,0.01,0.0,,False,0.0005,0.2,0.75,volo_d5_512,0.95,momentum,10,0.8,8,2,cosine,0.1,0.01,False,10,1e-05,0.01,trivial_augment,,
133343629775348756,False,256,0.1,1.0,4.0,0.25,10.0,0.1,0.0001,0.3,,False,0.001,0.2,0.5,dla46x_c,0.99,momentum,10,0.6,8,2,multistep,0.1,0.001,True,0,1e-05,0.001,none,,
44493304252115407,True,128,0.01,1.0,0.0,0.0,0.0,0.1,0.0001,0.2,,False,0.001,8.0,0.5,beit_base_patch16_384,0.9,adamw,5,1.0,8,2,plateau,0.05,0.0,True,10,1e-05,0.001,trivial_augment,"(0.0, 0.99)",
27654062335632821,True,64,0.0,1.0,0.5,0.5,20.0,0.5,0.01,0.0,0.65,False,0.0001,2.0,0.25,mobilevit_xxs,0.9,sgd,10,1.0,8,2,multistep,0.0,0.01,False,5,1e-06,0.001,none,,
19433976083481070,False,64,0.0,,2.0,0.25,0.0,0.1,0.1,0.2,0.75,False,0.005,1.0,0.75,edgenext_small,0.9,adamp,10,0.2,8,2,cosine,0.05,0.0,True,0,1e-06,0.001,auto_augment,"(0.9, 0.999)",original
30030538389813765,True,32,0.001,1.0,4.0,2.0,0.0,0.1,0.0001,0.2,0.75,False,0.0005,0.4,0.5,edgenext_x_small,0.95,momentum,2,1.0,8,2,plateau,0.05,0.0001,False,10,0.0,1e-05,none,,
430329616812330309,True,32,0.0,1.0,2.0,0.25,20.0,0.1,0.0001,0.0,,False,0.001,0.2,0.75,edgenext_xx_small,0.95,momentum,10,0.8,9,3,multistep,0.0,0.01,False,0,1e-05,0.1,random_augment,,
3931422413073779,True,64,0.0001,,0.0,0.0,0.0,0.1,0.01,0.3,,True,5e-05,0.4,0.0,deit3_small_patch16_384_in21ft1k,0.9,sgd,10,0.8,8,2,cosine,0.0,0.001,False,10,1e-05,0.001,none,,
16783512849001483,True,16,0.001,1.0,0.0,0.5,0.0,0.1,0.01,0.0,0.65,False,0.005,0.4,1.0,xcit_nano_12_p8_384_dist,0.9,sgd,10,0.4,9,3,cosine,0.1,0.01,True,0,1e-06,0.1,random_augment,,
24378148712443910,False,256,0.001,,2.0,0.0,20.0,0.5,0.001,0.2,0.75,False,0.001,0.4,1.0,dla46x_c,0.0,momentum,10,0.6,8,2,multistep,0.1,0.1,False,0,0.0,0.1,trivial_augment,,
21342244895550292,False,8,0.0001,,0.5,2.0,10.0,0.5,0.0001,0.4,0.75,False,0.001,8.0,1.0,dla46x_c,0.0,momentum,10,0.2,8,2,multistep,0.05,0.001,False,5,1e-05,0.0001,trivial_augment,,
6085968084816886,False,64,0.001,10.0,2.0,0.0,0.0,0.1,0.01,0.2,0.75,True,0.005,8.0,0.25,xcit_nano_12_p8_384_dist,0.9,adamp,2,0.8,8,2,plateau,0.05,0.0,True,5,1e-06,1e-05,trivial_augment,"(0.9, 0.999)",
127976610971130104,False,4,0.1,1.0,1.0,0.5,20.0,0.1,0.0,0.3,,False,0.0005,0.2,0.25,edgenext_small,0.8,momentum,10,0.6,8,2,step,0.0,0.0,False,5,1e-05,1e-05,none,,
132774777755898930,False,2,0.0,,4.0,0.1,0.0,0.1,0.001,0.3,0.65,False,1e-05,4.0,1.0,xcit_tiny_24_p8_384_dist,0.9,adamp,2,0.8,9,3,plateau,0.1,0.1,True,10,0.0,0.001,random_augment,"(0.9, 0.999)",
5671740471911269,True,16,0.1,10.0,2.0,2.0,0.0,0.1,0.0,0.1,,True,0.0005,4.0,0.5,beit_base_patch16_384,0.9,sgd,10,0.8,8,2,cosine,0.0,0.01,True,5,0.0,1e-05,trivial_augment,,
6935819320310310,False,2,0.0,,2.0,0.25,0.0,0.1,0.0001,0.1,0.75,False,1e-05,0.2,0.25,xcit_small_12_p8_384_dist,0.9,sgd,2,0.6,8,2,plateau,0.0,0.001,False,5,0.0,0.0,none,,
94537678380638734,False,64,0.01,,0.5,0.25,0.0,0.1,0.0001,0.1,0.65,True,0.0001,0.0,0.25,volo_d3_448,0.9,adam,2,1.0,17,2,plateau,0.0,0.0001,False,0,0.0,1e-05,random_augment,"(0.0, 0.999)",
15648249536490425,True,8,0.0,1.0,4.0,2.0,0.0,0.1,0.001,0.2,0.65,True,0.01,2.0,1.0,beit_base_patch16_384,0.9,adamp,10,0.2,9,2,cosine,0.0,0.01,False,10,1e-06,0.0,random_augment,"(0.0, 0.99)",
452637811451813156,False,32,0.0001,,4.0,4.0,10.0,0.5,0.001,0.0,0.75,False,5e-05,1.0,0.75,mobilevit_xxs,0.99,momentum,10,0.8,8,2,step,0.0,0.0,False,10,0.0,0.0,auto_augment,,v0
24062952289728185,True,512,0.0001,10.0,0.5,0.1,10.0,0.1,0.0,0.2,0.75,False,0.0005,1.0,0.0,edgenext_xx_small,0.9,adam,10,0.4,8,2,multistep,0.1,0.01,False,5,1e-05,0.0,auto_augment,"(0.9, 0.999)",original
22555136763483899,True,8,0.01,10.0,2.0,2.0,0.0,0.1,0.1,0.4,,False,0.001,8.0,1.0,edgenext_xx_small,0.9,momentum,10,1.0,9,2,cosine,0.05,0.01,False,0,1e-05,1e-05,random_augment,,
308830544335150266,False,128,0.01,10.0,0.5,0.5,10.0,0.5,0.0001,0.1,0.65,True,0.0001,0.4,0.5,mobilevit_xs,0.9,adamp,10,0.4,9,3,step,0.1,0.1,False,0,1e-05,0.1,random_augment,"(0.0, 0.99)",
216009696091452549,True,256,0.01,,4.0,0.25,0.0,0.1,0.0001,0.3,0.65,False,0.001,0.0,0.75,edgenext_x_small,0.9,adam,2,0.0,17,3,plateau,0.1,0.001,True,10,1e-05,0.0001,random_augment,"(0.9, 0.99)",
3080088672024747,True,4,0.01,10.0,2.0,4.0,0.0,0.1,0.001,0.0,0.75,False,0.01,0.0,0.0,tf_efficientnet_b7_ns,0.9,sgd,2,0.6,8,2,plateau,0.0,0.0,True,10,0.0,0.001,none,,
14931767030582153,True,64,0.1,10.0,1.0,0.25,20.0,0.1,0.1,0.2,,False,5e-05,0.4,0.5,edgenext_x_small,0.9,adamw,10,1.0,8,2,multistep,0.0,0.0,True,0,0.0,0.0,trivial_augment,"(0.9, 0.999)",
36604730902685982,False,16,0.001,1.0,0.0,2.0,10.0,0.1,0.1,0.1,0.75,False,5e-05,4.0,0.25,deit3_small_patch16_384_in21ft1k,0.9,sgd,10,1.0,17,2,step,0.1,0.1,True,0,0.0,0.0001,random_augment,,
127962638022352664,False,4,0.1,10.0,2.0,0.1,20.0,0.5,0.0001,0.2,0.65,False,0.001,0.0,0.75,tf_efficientnet_b4_ns,0.9,adam,10,0.6,8,2,multistep,0.0,0.1,True,0,1e-05,1e-05,trivial_augment,"(0.0, 0.999)",
121281046225349475,True,4,0.1,10.0,0.5,1.0,10.0,0.1,0.1,0.1,,True,5e-05,4.0,0.75,xcit_small_12_p8_384_dist,0.9,adam,10,0.2,8,2,multistep,0.1,0.01,False,5,1e-05,0.0,auto_augment,"(0.0, 0.99)",original
27907008923030451,True,256,0.001,,0.0,2.0,0.0,0.1,0.1,0.2,0.65,False,0.0005,0.2,0.75,edgenext_xx_small,0.9,adam,10,0.8,8,2,cosine,0.0,0.0,False,0,1e-05,0.001,trivial_augment,"(0.0, 0.999)",
49279134624699746,False,4,0.01,10.0,2.0,4.0,0.0,0.1,0.001,0.0,0.65,False,0.0001,4.0,0.75,volo_d4_448,0.8,momentum,5,1.0,8,2,plateau,0.05,0.1,False,5,1e-06,0.1,none,,
10672681008303612,False,2,0.1,,1.0,4.0,0.0,0.1,0.0,0.4,,False,0.01,4.0,1.0,beit_base_patch16_384,0.9,sgd,10,0.8,17,2,cosine,0.05,0.0001,False,10,1e-05,0.01,random_augment,,
15778623619814280,False,16,0.01,10.0,1.0,0.25,0.0,0.1,0.0001,0.2,0.65,False,0.0005,0.0,0.75,xcit_nano_12_p8_384_dist,0.9,adamp,10,0.6,8,2,cosine,0.1,0.0001,False,0,1e-05,0.0,none,"(0.0, 0.99)",
56939788163768567,True,8,0.1,10.0,2.0,0.25,0.0,0.1,0.0001,0.3,0.75,False,0.0005,4.0,0.5,tf_efficientnet_b4_ns,0.9,adam,5,0.0,8,2,plateau,0.0,0.0,True,5,0.0,0.1,none,"(0.0, 0.999)",
39758196674547904,False,8,0.0,1.0,2.0,0.1,0.0,0.1,0.1,0.0,0.65,False,0.005,4.0,1.0,edgenext_small,0.99,momentum,10,0.8,8,2,cosine,0.0,0.0,False,5,1e-06,0.0,trivial_augment,,
55919071375489122,False,16,0.001,10.0,0.0,0.25,10.0,0.5,0.1,0.0,0.75,True,0.005,0.0,0.75,edgenext_x_small,0.8,momentum,10,0.6,8,2,multistep,0.0,0.001,True,0,1e-06,0.0,none,,
116576796124228690,False,64,0.0,1.0,1.0,2.0,0.0,0.1,0.01,0.1,0.75,False,1e-05,2.0,0.25,deit3_small_patch16_384_in21ft1k,0.99,momentum,2,1.0,17,2,plateau,0.0,0.0,False,0,1e-06,0.001,random_augment,,
29568023984209854,False,128,0.1,10.0,1.0,0.5,20.0,0.5,0.0,0.0,0.75,True,0.005,1.0,0.75,dla46x_c,0.9,adamw,10,0.4,8,2,step,0.1,0.0,False,10,1e-05,0.0001,none,"(0.9, 0.999)",
25710615006595604,False,32,0.001,,2.0,4.0,0.0,0.1,0.1,0.4,,False,0.0005,0.4,0.25,xcit_small_12_p8_384_dist,0.9,adamw,10,0.8,8,2,cosine,0.1,0.01,False,0,0.0,0.01,trivial_augment,"(0.0, 0.999)",
8210905718870686,False,8,0.1,,2.0,2.0,0.0,0.1,0.001,0.2,,False,0.0005,1.0,1.0,mobilevit_xs,0.9,sgd,5,0.4,8,2,plateau,0.0,0.001,True,0,0.0,0.1,trivial_augment,,
140768187123170738,False,4,0.001,1.0,2.0,0.25,0.0,0.1,0.1,0.3,0.75,False,0.0005,2.0,1.0,edgenext_x_small,0.9,momentum,10,0.8,17,3,cosine,0.1,0.001,False,10,0.0,0.001,random_augment,,
533823233410499298,False,16,0.1,10.0,1.0,0.0,20.0,0.1,0.001,0.1,,True,0.001,2.0,0.25,edgenext_x_small,0.8,momentum,10,1.0,17,3,step,0.05,0.0001,False,0,1e-06,0.0,random_augment,,
152206338686168734,False,512,0.0001,1.0,2.0,0.1,10.0,0.5,0.0,0.3,0.65,True,0.0001,0.4,0.0,edgenext_xx_small,0.99,momentum,10,0.8,8,2,step,0.0,0.0,True,0,1e-05,1e-05,trivial_augment,,
22081996842722770,False,8,0.001,10.0,0.0,0.1,10.0,0.5,0.1,0.0,,False,0.0005,0.4,0.25,tf_efficientnet_b6_ns,0.9,sgd,10,1.0,8,2,step,0.1,0.0001,False,0,1e-06,1e-05,none,,
8676611747805017,True,64,0.001,1.0,4.0,1.0,0.0,0.1,0.01,0.0,0.65,False,0.0005,0.0,0.25,volo_d1_384,0.9,adamp,2,1.0,8,2,plateau,0.0,0.01,True,0,1e-06,0.1,none,"(0.0, 0.99)",
500878112688030534,False,16,0.0001,10.0,4.0,0.1,20.0,0.1,0.0,0.1,0.75,False,0.0001,0.0,0.0,dla46x_c,0.9,adamw,10,1.0,17,3,multistep,0.05,0.0,True,10,1e-05,1e-05,random_augment,"(0.0, 0.999)",
107790657765256515,True,4,0.1,10.0,2.0,0.1,0.0,0.1,0.1,0.1,,True,0.0001,8.0,0.75,edgenext_xx_small,0.95,momentum,10,0.4,9,3,cosine,0.1,0.1,False,5,1e-05,0.01,random_augment,,
93266501669680304,False,4,0.1,1.0,1.0,1.0,20.0,0.5,0.1,0.2,0.65,False,5e-05,0.0,0.0,volo_d4_448,0.9,adamp,10,1.0,8,2,multistep,0.05,0.0001,True,0,0.0,0.0001,none,"(0.9, 0.99)",
358650006195294818,False,32,0.0,10.0,4.0,1.0,10.0,0.5,0.0001,0.3,,True,0.005,2.0,0.75,mobilevitv2_075,0.9,adam,10,0.6,8,2,step,0.05,0.0,True,10,1e-06,0.01,auto_augment,"(0.0, 0.999)",original
162690406526019616,False,512,0.0,,0.0,0.5,0.0,0.1,0.1,0.4,0.65,True,0.005,0.4,0.0,edgenext_x_small,0.9,adamp,5,0.8,8,2,plateau,0.1,0.01,False,5,1e-06,0.1,auto_augment,"(0.9, 0.99)",original
2246478502846772,False,4,0.0,1.0,4.0,2.0,0.0,0.1,0.01,0.4,0.75,False,0.001,1.0,0.5,edgenext_small,0.0,momentum,10,0.0,8,2,cosine,0.1,0.1,True,10,1e-06,0.01,trivial_augment,,
215004662530619761,True,2,0.0,1.0,0.5,0.25,0.0,0.1,0.0001,0.0,,False,0.005,0.4,0.5,xcit_small_12_p8_384_dist,0.9,adam,2,0.2,17,3,plateau,0.1,0.0,False,10,0.0,0.0001,random_augment,"(0.9, 0.99)",
76506521290427686,False,8,0.1,,2.0,0.1,20.0,0.1,0.0,0.4,0.75,False,0.001,4.0,0.25,beit_base_patch16_384,0.9,adamp,10,0.0,8,2,step,0.05,0.1,True,10,1e-06,0.001,trivial_augment,"(0.9, 0.99)",
23840832090297947,True,8,0.1,1.0,4.0,1.0,0.0,0.1,0.01,0.1,,False,0.0001,0.0,0.75,deit3_small_patch16_384_in21ft1k,0.9,sgd,10,0.4,9,3,cosine,0.0,0.1,True,10,1e-06,0.0,random_augment,,
8083280516339021,True,8,0.001,10.0,0.0,1.0,0.0,0.1,0.01,0.0,,False,1e-05,0.0,0.0,mobilevit_xs,0.9,adam,10,0.8,8,2,cosine,0.1,0.01,True,10,1e-05,0.0,none,"(0.9, 0.999)",
58660558335812668,False,8,0.01,1.0,0.5,0.1,0.0,0.1,0.0,0.3,0.65,False,0.01,0.0,0.25,dla46x_c,0.9,sgd,5,0.6,17,3,plateau,0.1,0.1,True,0,1e-06,0.01,random_augment,,
14909651695077356,False,4,0.01,,0.0,0.0,0.0,0.1,0.01,0.0,0.65,False,0.01,0.2,0.5,xcit_small_12_p8_384_dist,0.9,sgd,10,1.0,17,2,cosine,0.1,0.01,False,0,0.0,0.0,random_augment,,
27276865823964496,False,8,0.1,,0.5,2.0,0.0,0.1,0.01,0.1,0.65,False,0.005,1.0,1.0,volo_d4_448,0.9,adam,10,0.8,8,2,cosine,0.0,0.01,True,5,0.0,0.001,none,"(0.0, 0.999)",
25943717633934732,False,16,0.001,,1.0,4.0,20.0,0.5,0.001,0.4,,True,0.0005,0.0,0.75,beit_base_patch16_384,0.9,sgd,10,1.0,8,2,multistep,0.0,0.1,True,5,0.0,0.01,trivial_augment,,
27937087037956386,False,2,0.001,10.0,0.5,0.0,0.0,0.1,0.0,0.3,0.75,False,0.0005,0.0,1.0,volo_d5_512,0.9,sgd,10,1.0,17,3,cosine,0.0,0.001,False,0,1e-05,0.001,random_augment,,
58960930403010299,True,8,0.01,1.0,0.0,0.5,0.0,0.1,0.1,0.4,0.75,False,0.001,0.2,0.5,volo_d1_384,0.9,sgd,5,1.0,17,3,plateau,0.1,0.1,True,10,1e-06,0.01,random_augment,,
81131248659812239,True,2,0.0001,10.0,1.0,1.0,0.0,0.1,0.1,0.4,0.75,False,0.01,8.0,0.0,dla46x_c,0.9,adamp,10,1.0,9,3,cosine,0.1,0.001,True,0,0.0,0.1,random_augment,"(0.9, 0.99)",
289852420400683836,False,16,0.0,10.0,0.0,0.1,20.0,0.5,0.01,0.0,0.65,True,0.001,0.2,0.75,volo_d4_448,0.9,adamw,10,1.0,9,3,step,0.1,0.1,True,10,1e-06,1e-05,random_augment,"(0.9, 0.999)",
13724334109215240,False,16,0.01,1.0,1.0,1.0,0.0,0.1,0.0001,0.2,,True,0.001,8.0,0.0,xcit_tiny_12_p8_384_dist,0.9,adam,10,0.8,8,2,cosine,0.1,0.1,False,5,0.0,1e-05,auto_augment,"(0.9, 0.999)",v0
27993579129244189,True,2,0.0001,1.0,4.0,0.0,20.0,0.5,0.0,0.2,0.65,False,0.0001,0.4,0.5,deit3_small_patch16_384_in21ft1k,0.9,adamp,10,0.2,8,2,multistep,0.1,0.0,True,0,1e-05,0.001,none,"(0.9, 0.999)",
40864155637665981,True,4,0.0001,,2.0,0.0,0.0,0.1,0.0001,0.1,,False,0.0005,2.0,0.75,beit_base_patch16_384,0.9,adamp,10,0.4,8,2,cosine,0.1,0.01,False,10,0.0,0.1,auto_augment,"(0.0, 0.99)",original
38481894209371578,False,16,0.1,1.0,2.0,2.0,0.0,0.1,0.01,0.4,,True,0.0005,1.0,1.0,edgenext_x_small,0.9,adamp,5,0.6,8,2,plateau,0.1,0.1,False,5,1e-06,1e-05,trivial_augment,"(0.9, 0.999)",
26986700983921500,False,128,0.0001,1.0,4.0,0.0,0.0,0.1,0.01,0.2,0.75,False,0.0001,0.4,0.5,mobilevit_xs,0.9,adamw,10,0.6,9,2,cosine,0.1,0.01,True,10,1e-05,0.01,random_augment,"(0.0, 0.999)",
17521892597875800,False,128,0.0001,,0.5,2.0,10.0,0.1,0.01,0.3,0.75,False,0.001,4.0,0.25,dla46x_c,0.9,adam,10,0.6,8,2,multistep,0.1,0.001,True,10,1e-05,0.1,auto_augment,"(0.9, 0.999)",original
204142610973666800,False,4,0.0001,,4.0,0.0,0.0,0.1,0.0001,0.1,,False,0.001,4.0,0.25,swinv2_base_window12to24_192to384_22kft1k,0.9,adam,2,0.2,17,3,plateau,0.1,0.0001,True,5,0.0,0.01,random_augment,"(0.0, 0.99)",
38179068165491004,False,2,0.01,,0.0,0.25,0.0,0.1,0.0001,0.4,0.65,False,0.0001,2.0,0.0,mobilevitv2_075,0.99,momentum,10,1.0,8,2,cosine,0.1,0.1,False,10,0.0,1e-05,trivial_augment,,
121503549122446111,True,16,0.01,1.0,2.0,1.0,0.0,0.1,0.01,0.2,,False,1e-05,2.0,0.75,tf_efficientnet_b7_ns,0.99,momentum,10,0.8,8,2,cosine,0.1,0.01,True,10,1e-05,0.0,auto_augment,,original
17844759498955789,True,2,0.0001,1.0,4.0,2.0,0.0,0.1,0.01,0.0,,True,1e-05,0.0,1.0,volo_d4_448,0.9,adam,10,0.4,8,2,cosine,0.05,0.1,True,5,0.0,0.01,trivial_augment,"(0.9, 0.99)",
71140799462200534,False,64,0.01,1.0,4.0,4.0,10.0,0.1,0.1,0.0,,False,0.005,0.0,1.0,edgenext_x_small,0.9,adam,10,0.4,8,2,step,0.1,0.0001,False,0,1e-05,1e-05,none,"(0.9, 0.99)",
68971176888903849,True,4,0.001,1.0,0.5,0.0,10.0,0.1,0.0,0.1,0.65,False,0.005,8.0,0.0,tf_efficientnet_b6_ns,0.9,momentum,10,0.2,8,2,multistep,0.0,0.001,True,0,0.0,0.0001,trivial_augment,,
49844134601307438,False,16,0.1,,2.0,4.0,0.0,0.1,0.0,0.1,0.75,False,5e-05,0.4,0.25,dla46x_c,0.9,adam,5,0.8,8,2,plateau,0.0,0.001,False,10,1e-05,0.1,trivial_augment,"(0.9, 0.99)",
427793824850868078,False,16,0.1,1.0,2.0,1.0,10.0,0.1,0.0001,0.0,0.65,False,0.005,0.0,0.75,volo_d1_384,0.9,adam,10,0.4,17,3,multistep,0.0,0.1,False,5,1e-05,1e-05,random_augment,"(0.0, 0.99)",
183272368807353270,False,128,0.0001,1.0,0.0,1.0,20.0,0.5,0.01,0.4,0.65,True,1e-05,0.2,0.5,xcit_tiny_24_p8_384_dist,0.9,adam,10,1.0,8,2,step,0.1,0.0,True,0,1e-05,0.0001,auto_augment,"(0.0, 0.99)",v0
6421469694058491,True,256,0.001,1.0,0.0,4.0,0.0,0.1,0.0001,0.2,,True,0.0001,2.0,0.0,edgenext_xx_small,0.9,adam,10,0.2,8,2,cosine,0.0,0.01,True,0,1e-05,1e-05,trivial_augment,"(0.9, 0.999)",
26186867138051875,True,2,0.01,1.0,4.0,1.0,0.0,0.1,0.0001,0.2,,False,0.001,4.0,0.25,convnext_small_384_in22ft1k,0.9,adamw,10,1.0,8,2,cosine,0.05,0.0,True,0,1e-06,0.01,trivial_augment,"(0.0, 0.999)",
72159485810722457,True,8,0.1,1.0,1.0,0.0,0.0,0.1,0.01,0.0,0.75,False,1e-05,1.0,0.0,edgenext_small,0.9,adam,10,1.0,8,2,cosine,0.1,0.1,True,0,1e-06,0.0,auto_augment,"(0.9, 0.99)",original
323463345192072099,True,32,0.0,,1.0,0.5,20.0,0.5,0.001,0.2,,True,1e-05,4.0,0.75,convnext_small_384_in22ft1k,0.99,momentum,10,0.6,17,2,step,0.0,0.0,False,10,1e-06,0.0,random_augment,,
3501352030759856,False,32,0.0001,10.0,0.0,0.5,0.0,0.1,0.001,0.0,,False,0.001,0.0,0.75,edgenext_x_small,0.9,sgd,10,0.8,8,2,cosine,0.05,0.01,False,10,1e-06,0.001,none,,
50103944541273051,True,32,0.1,10.0,1.0,0.1,0.0,0.1,0.0,0.3,0.65,False,0.0001,0.4,0.25,edgenext_x_small,0.9,sgd,2,0.6,17,3,plateau,0.05,0.1,True,0,0.0,0.01,random_augment,,
558782349842503,True,2,0.1,10.0,0.0,2.0,10.0,0.1,0.001,0.4,0.75,True,0.001,0.4,0.75,tf_efficientnet_b7_ns,0.9,sgd,10,0.8,9,2,multistep,0.0,0.001,True,0,1e-06,0.1,random_augment,,
18681023791958977,True,2,0.001,1.0,0.0,0.0,10.0,0.5,0.01,0.4,0.65,True,1e-05,2.0,1.0,convnext_small_384_in22ft1k,0.9,sgd,10,0.6,8,2,step,0.0,0.0,True,5,1e-05,0.01,trivial_augment,,
3509679124724762,False,4,0.0,10.0,4.0,4.0,0.0,0.1,0.01,0.3,0.65,False,0.0001,8.0,1.0,tf_efficientnet_b4_ns,0.9,sgd,2,0.0,8,2,plateau,0.1,0.01,False,10,1e-06,0.001,none,,
16773412552689074,False,256,0.0,10.0,4.0,2.0,0.0,0.1,0.001,0.4,0.65,True,0.0005,0.0,0.0,edgenext_x_small,0.9,adam,10,0.2,8,2,cosine,0.0,0.01,True,0,1e-06,0.1,trivial_augment,"(0.9, 0.99)",
125226957928239598,False,8,0.01,10.0,2.0,0.1,20.0,0.5,0.1,0.4,0.75,False,0.01,8.0,0.0,xcit_tiny_24_p8_384_dist,0.9,adam,10,0.4,8,2,multistep,0.1,0.0001,True,0,1e-05,0.001,none,"(0.0, 0.999)",
9922472599423704,False,16,0.0001,,4.0,0.0,0.0,0.1,0.001,0.3,0.75,False,0.0001,0.0,0.5,beit_base_patch16_384,0.9,adamw,10,0.6,8,2,cosine,0.05,0.0001,False,0,1e-06,0.01,none,"(0.0, 0.99)",
17029329360711574,False,8,0.0,10.0,1.0,4.0,0.0,0.1,0.01,0.4,0.65,False,1e-05,0.4,0.5,mobilevit_xs,0.9,adamw,10,0.0,8,2,cosine,0.0,0.0,True,10,1e-06,0.1,auto_augment,"(0.9, 0.999)",original
142796064018601485,True,32,0.001,1.0,0.0,0.0,0.0,0.1,0.0,0.2,,True,5e-05,0.2,1.0,edgenext_small,0.0,momentum,5,0.2,8,2,plateau,0.1,0.001,True,0,1e-05,0.0001,auto_augment,,original
65995274937943444,False,8,0.0,1.0,0.0,0.1,10.0,0.1,0.0,0.3,0.75,True,1e-05,1.0,0.5,volo_d5_448,0.9,momentum,10,1.0,8,2,step,0.1,0.01,True,5,1e-05,0.1,none,,
40184998983185706,False,2,0.001,1.0,4.0,0.5,10.0,0.1,0.0,0.4,0.75,True,0.0001,0.2,1.0,convnext_small_384_in22ft1k,0.9,adamw,10,0.4,8,2,step,0.05,0.01,True,0,1e-05,0.0,trivial_augment,"(0.0, 0.99)",
35626213342746075,True,4,0.1,10.0,0.5,0.0,0.0,0.1,0.1,0.4,0.75,False,0.005,4.0,0.0,deit3_small_patch16_384_in21ft1k,0.9,sgd,5,0.6,8,2,plateau,0.05,0.1,False,0,1e-06,0.001,auto_augment,,v0
113811947998624588,False,8,0.01,,4.0,2.0,0.0,0.1,0.0001,0.0,,False,0.0005,0.4,1.0,xcit_tiny_12_p8_384_dist,0.99,momentum,10,0.6,9,3,cosine,0.0,0.0001,True,10,0.0,0.1,random_augment,,
21365986556441328,False,16,0.1,,0.0,1.0,0.0,0.1,0.01,0.2,0.65,False,5e-05,4.0,0.75,volo_d5_448,0.9,adamp,10,1.0,8,2,cosine,0.0,0.1,False,5,1e-05,0.0001,trivial_augment,"(0.9, 0.99)",
37456447712125611,True,4,0.0001,10.0,2.0,0.25,0.0,0.1,0.0,0.2,0.65,False,0.01,0.0,0.25,beit_base_patch16_384,0.9,adam,5,0.4,9,2,plateau,0.05,0.0001,True,0,1e-05,0.0001,random_augment,"(0.9, 0.999)",
5976541208260588,False,8,0.01,1.0,1.0,0.25,0.0,0.1,0.1,0.4,,False,0.001,0.2,1.0,deit3_small_patch16_384_in21ft1k,0.9,adam,10,0.4,8,2,cosine,0.05,0.01,True,0,1e-06,1e-05,none,"(0.9, 0.999)",
26877554907316002,False,2,0.1,10.0,0.0,4.0,20.0,0.5,0.1,0.3,0.75,False,0.0005,0.4,0.0,volo_d5_448,0.9,sgd,10,0.6,8,2,step,0.05,0.0001,False,10,1e-05,0.01,trivial_augment,,
89874352834019568,False,2,0.0001,10.0,0.5,0.5,20.0,0.5,0.001,0.0,,False,5e-05,2.0,1.0,mobilevitv2_075,0.9,adamw,10,0.4,8,2,step,0.05,0.0,False,10,1e-06,0.1,trivial_augment,"(0.9, 0.99)",
388820699792196,False,16,0.0,,1.0,0.0,10.0,0.1,0.1,0.4,0.65,False,1e-05,0.4,0.25,volo_d1_384,0.9,adam,10,0.8,8,2,multistep,0.1,0.0,True,10,0.0,0.1,trivial_augment,"(0.9, 0.999)",
3743331511328640,False,2,0.0,10.0,2.0,0.5,10.0,0.1,0.001,0.2,,False,0.01,1.0,0.0,mobilevit_xs,0.9,adamw,10,0.6,8,2,step,0.05,0.1,True,0,1e-05,0.001,none,"(0.9, 0.999)",
31884290852442361,True,16,0.01,10.0,0.5,0.5,20.0,0.5,0.0001,0.0,,False,1e-05,4.0,0.25,mobilevit_xxs,0.9,adamw,10,0.2,8,2,multistep,0.0,0.0,True,10,1e-06,0.0,none,"(0.9, 0.999)",
2489950315607004,False,2,0.01,10.0,0.5,0.25,0.0,0.1,0.0001,0.4,0.75,False,5e-05,0.2,0.25,xcit_small_12_p8_384_dist,0.9,adamp,2,0.4,8,2,plateau,0.1,0.0,True,5,1e-05,0.01,none,"(0.9, 0.999)",
347942887755596966,False,4,0.01,1.0,0.5,0.5,10.0,0.5,0.001,0.2,0.75,False,0.01,1.0,0.5,xcit_tiny_24_p8_384_dist,0.9,adamp,10,0.4,9,3,step,0.1,0.0001,False,0,1e-05,0.0,random_augment,"(0.9, 0.99)",
49076988468089483,True,64,0.1,10.0,0.5,0.25,10.0,0.5,0.0001,0.1,0.65,True,1e-05,0.4,1.0,edgenext_xx_small,0.9,adam,10,0.8,8,2,step,0.0,0.0001,False,0,1e-06,0.1,trivial_augment,"(0.0, 0.99)",
233136608440244891,True,8,0.001,,0.0,0.25,20.0,0.1,0.0001,0.4,,False,0.001,0.2,0.75,xcit_tiny_24_p8_384_dist,0.9,adamw,10,0.8,8,2,step,0.05,0.1,True,10,1e-06,1e-05,auto_augment,"(0.9, 0.99)",v0
5246137251118809,True,32,0.0,10.0,0.5,0.1,0.0,0.1,0.0,0.3,,False,0.001,0.2,1.0,deit3_small_patch16_384_in21ft1k,0.9,adamp,10,0.0,8,2,cosine,0.1,0.1,True,5,1e-05,0.0001,none,"(0.9, 0.999)",
207192603338866676,False,4,0.01,10.0,1.0,0.0,20.0,0.1,0.0,0.3,0.65,True,1e-05,0.4,0.0,mobilevitv2_075,0.9,adamp,10,0.6,17,2,multistep,0.0,0.0,False,5,1e-06,0.0001,random_augment,"(0.9, 0.99)",
3246965826954504,False,16,0.0001,10.0,0.0,1.0,0.0,0.1,0.0,0.0,0.75,False,1e-05,4.0,1.0,xcit_tiny_12_p8_384_dist,0.9,sgd,10,0.4,9,2,cosine,0.05,0.0001,True,0,1e-06,0.001,random_augment,,
6197520902584898,False,4,0.001,10.0,4.0,2.0,0.0,0.1,0.01,0.1,0.65,False,1e-05,1.0,0.25,edgenext_small,0.9,sgd,10,0.4,8,2,cosine,0.0,0.01,False,10,1e-06,1e-05,trivial_augment,,
72416476647969781,True,128,0.0001,1.0,2.0,0.25,10.0,0.5,0.0001,0.0,,False,5e-05,2.0,0.75,mobilevit_xxs,0.9,sgd,10,1.0,8,2,step,0.1,0.0001,True,10,1e-06,0.0,auto_augment,,original
118857785562758705,True,8,0.0,,0.0,1.0,0.0,0.1,0.01,0.4,,True,0.001,0.2,0.0,convnext_small_384_in22ft1k,0.9,adamw,10,0.4,17,3,cosine,0.05,0.001,False,0,0.0,1e-05,random_augment,"(0.9, 0.99)",
12528046951244992,False,64,0.1,10.0,4.0,4.0,0.0,0.1,0.1,0.4,,False,0.0005,2.0,0.25,mobilevitv2_075,0.9,sgd,10,0.8,8,2,cosine,0.0,0.0,True,10,0.0,0.0001,auto_augment,,v0
319447666608439917,True,4,0.01,10.0,4.0,4.0,20.0,0.5,0.001,0.4,,False,5e-05,0.2,0.75,xcit_tiny_12_p8_384_dist,0.9,adamw,10,0.6,9,3,step,0.05,0.001,False,10,1e-06,0.001,random_augment,"(0.0, 0.99)",
48974471117593908,False,16,0.1,1.0,1.0,0.5,0.0,0.1,0.0001,0.2,0.65,False,0.001,0.4,0.25,dla46x_c,0.9,adam,10,0.2,8,2,cosine,0.05,0.1,False,10,0.0,0.1,none,"(0.9, 0.99)",
38537302609375273,True,2,0.1,1.0,2.0,0.5,0.0,0.1,0.0001,0.2,0.65,False,5e-05,0.2,0.5,mobilevitv2_075,0.99,momentum,10,0.0,8,2,cosine,0.1,0.01,True,5,1e-06,1e-05,trivial_augment,,
23020805490353915,True,8,0.0,1.0,0.5,0.25,0.0,0.1,0.01,0.2,0.75,False,0.0005,0.2,0.5,convnext_small_384_in22ft1k,0.9,adamp,10,0.4,8,2,cosine,0.05,0.1,False,0,0.0,0.0,trivial_augment,"(0.9, 0.99)",
30507331501635077,True,64,0.001,1.0,1.0,0.0,0.0,0.1,0.01,0.4,0.65,False,0.0005,8.0,1.0,edgenext_xx_small,0.9,adam,10,0.6,8,2,cosine,0.05,0.01,False,10,1e-06,1e-05,none,"(0.0, 0.999)",
428599022942134476,False,2,0.001,,1.0,1.0,10.0,0.1,0.001,0.1,,True,0.01,0.4,0.25,mobilevit_xs,0.9,adamw,10,0.4,17,3,multistep,0.1,0.001,True,0,1e-06,0.0,random_augment,"(0.0, 0.99)",
24675527606784394,False,8,0.0,1.0,0.0,4.0,0.0,0.1,0.1,0.0,0.65,False,1e-05,0.0,0.5,edgenext_small,0.95,momentum,10,1.0,8,2,cosine,0.1,0.1,False,10,0.0,0.1,none,,
105928149662396802,False,2,0.1,,4.0,2.0,20.0,0.1,0.0,0.0,0.75,False,0.0001,0.0,0.0,swinv2_base_window12to24_192to384_22kft1k,0.9,adam,10,0.2,9,2,multistep,0.05,0.0,False,5,1e-06,0.1,random_augment,"(0.0, 0.999)",
49867351071708230,False,32,0.1,1.0,2.0,0.5,10.0,0.5,0.1,0.3,0.75,True,5e-05,8.0,1.0,tf_efficientnet_b7_ns,0.9,adamp,10,1.0,8,2,step,0.1,0.01,False,10,1e-05,0.1,none,"(0.0, 0.99)",
52780515197998217,True,8,0.1,1.0,0.0,4.0,0.0,0.1,0.001,0.4,,False,0.01,2.0,1.0,edgenext_x_small,0.9,adam,10,0.6,8,2,cosine,0.0,0.01,True,0,0.0,0.0001,none,"(0.9, 0.99)",
5607410192597558,False,4,0.001,1.0,4.0,0.25,0.0,0.1,0.1,0.2,0.65,False,0.005,0.4,0.5,edgenext_small,0.9,sgd,10,0.4,8,2,cosine,0.1,0.01,False,5,0.0,1e-05,trivial_augment,,
261826809791553097,True,16,0.0,1.0,0.0,4.0,10.0,0.1,0.0,0.4,0.75,False,0.005,0.2,1.0,mobilevit_xs,0.9,adam,10,0.6,9,3,step,0.1,0.0001,False,10,1e-05,0.01,random_augment,"(0.9, 0.999)",
130719366285448722,False,16,0.001,1.0,1.0,0.25,0.0,0.1,0.0,0.3,,False,5e-05,0.4,1.0,mobilevit_xs,0.9,adamw,5,0.8,8,2,plateau,0.1,0.001,False,5,1e-05,0.1,auto_augment,"(0.0, 0.99)",v0
113764345377868711,True,2,0.0,10.0,4.0,0.0,10.0,0.5,0.0,0.2,,False,1e-05,0.0,0.5,mobilevit_xs,0.9,adamw,10,1.0,8,2,step,0.1,0.001,False,10,0.0,0.1,trivial_augment,"(0.0, 0.999)",
58394072544104351,True,64,0.0,,1.0,0.0,20.0,0.5,0.0001,0.4,0.75,False,0.001,1.0,0.5,edgenext_xx_small,0.9,adam,10,0.0,8,2,multistep,0.0,0.001,False,10,0.0,0.01,none,"(0.0, 0.99)",
65405884002558513,True,256,0.0001,10.0,0.0,0.25,10.0,0.1,0.001,0.0,0.75,False,0.005,0.0,1.0,edgenext_small,0.9,adam,10,0.6,8,2,multistep,0.05,0.1,True,0,1e-06,0.1,none,"(0.9, 0.99)",
96520102613935897,True,128,0.01,10.0,0.0,0.1,0.0,0.1,0.01,0.3,0.65,False,0.005,8.0,0.25,edgenext_x_small,0.9,adamw,10,1.0,9,3,cosine,0.05,0.01,False,5,1e-06,0.0,random_augment,"(0.0, 0.999)",
9096075381416281,True,16,0.01,1.0,4.0,0.0,0.0,0.1,0.001,0.0,,False,0.005,0.4,0.25,dla46x_c,0.9,sgd,5,0.4,8,2,plateau,0.0,0.0001,True,0,1e-05,0.1,trivial_augment,,
82163191480031888,False,32,0.0,10.0,0.0,1.0,10.0,0.5,0.01,0.1,0.75,True,0.01,4.0,0.25,volo_d1_384,0.9,adam,10,0.8,9,2,step,0.05,0.0001,True,5,1e-05,0.1,random_augment,"(0.9, 0.99)",
100552400266866592,False,8,0.0001,,0.5,0.5,10.0,0.1,0.0001,0.0,,True,0.005,8.0,1.0,dla46x_c,0.9,adamp,10,0.4,8,2,multistep,0.0,0.001,False,5,1e-06,0.001,trivial_augment,"(0.0, 0.999)",
23341746671990285,True,8,0.0,,4.0,0.0,10.0,0.5,0.1,0.2,0.75,False,0.01,0.4,0.75,mobilevitv2_075,0.9,sgd,10,0.4,8,2,step,0.1,0.0,True,10,0.0,0.0,none,,
81807278795547325,True,16,0.0001,,0.0,2.0,0.0,0.1,0.1,0.4,0.65,False,0.001,8.0,0.25,volo_d5_512,0.9,adam,10,1.0,8,2,cosine,0.1,0.001,False,10,1e-06,0.1,auto_augment,"(0.0, 0.999)",v0
74427435202853185,True,16,0.0001,10.0,4.0,4.0,20.0,0.1,0.0001,0.4,0.65,True,1e-05,2.0,0.75,convnext_small_384_in22ft1k,0.9,adamw,10,0.4,8,2,multistep,0.1,0.0,False,5,0.0,0.01,none,"(0.9, 0.99)",
20104927483232779,True,16,0.1,1.0,2.0,0.1,0.0,0.1,0.0,0.4,,True,0.001,1.0,1.0,volo_d1_384,0.9,adamp,10,0.0,8,2,cosine,0.0,0.0,False,10,1e-05,0.001,trivial_augment,"(0.9, 0.99)",
66776261073807478,False,8,0.01,,0.5,0.25,10.0,0.1,0.0,0.0,0.65,False,0.001,0.2,1.0,volo_d3_448,0.9,momentum,10,0.8,8,2,multistep,0.1,0.0,False,5,1e-06,0.01,trivial_augment,,
2341056625041967,True,16,0.0,,2.0,2.0,0.0,0.1,0.01,0.4,0.65,False,0.01,4.0,1.0,xcit_small_12_p8_384_dist,0.9,adamw,10,0.6,8,2,cosine,0.0,0.0001,True,0,1e-05,0.01,none,"(0.9, 0.999)",
238997504279164976,False,32,0.0001,,0.0,0.5,20.0,0.1,0.0,0.3,,True,0.01,0.4,0.5,volo_d1_384,0.9,adam,10,0.6,17,2,step,0.0,0.0,False,0,0.0,0.0001,random_augment,"(0.0, 0.999)",
121620288951317875,True,128,0.1,1.0,0.0,0.25,20.0,0.5,0.0,0.0,0.65,False,0.0001,0.0,0.75,mobilevit_xs,0.9,adam,10,0.4,8,2,step,0.05,0.0001,True,0,0.0,0.1,none,"(0.0, 0.999)",
36978835369688561,True,64,0.0,,0.0,2.0,0.0,0.1,0.0001,0.1,0.65,False,0.001,4.0,1.0,deit3_small_patch16_384_in21ft1k,0.99,momentum,10,1.0,8,2,cosine,0.1,0.1,False,0,1e-06,0.0001,none,,
53594170600074240,False,128,0.0001,,2.0,1.0,0.0,0.1,0.0,0.2,0.65,True,0.01,1.0,0.75,edgenext_xx_small,0.9,adam,5,0.0,8,2,plateau,0.0,0.001,False,0,1e-05,0.0001,none,"(0.9, 0.99)",
119996938293540125,True,8,0.0,1.0,4.0,0.0,0.0,0.1,0.001,0.0,,True,0.001,0.2,1.0,xcit_small_12_p8_384_dist,0.99,momentum,2,0.4,8,2,plateau,0.0,0.01,True,5,1e-05,1e-05,auto_augment,,original
29801553701651541,True,32,0.1,1.0,0.5,0.25,0.0,0.1,0.01,0.0,0.75,True,1e-05,0.4,0.5,tf_efficientnet_b4_ns,0.9,adamw,10,1.0,8,2,cosine,0.05,0.0001,True,0,0.0,1e-05,none,"(0.0, 0.999)",
24118630084216716,False,16,0.0,,2.0,2.0,0.0,0.1,0.0001,0.2,0.65,False,0.005,8.0,0.5,edgenext_xx_small,0.9,adam,2,0.0,8,2,plateau,0.05,0.001,True,5,1e-05,0.0,auto_augment,"(0.9, 0.999)",original
120891648313906837,True,16,0.0,1.0,1.0,1.0,10.0,0.5,0.0001,0.2,0.65,False,1e-05,4.0,1.0,xcit_nano_12_p8_384_dist,0.9,adam,10,1.0,8,2,multistep,0.1,0.001,True,5,1e-06,0.0,none,"(0.0, 0.999)",
33316470483363001,True,2,0.0,10.0,0.5,4.0,0.0,0.1,0.0,0.0,0.65,False,5e-05,0.4,1.0,beit_base_patch16_384,0.99,momentum,10,0.2,8,2,cosine,0.1,0.0,False,0,1e-05,0.1,trivial_augment,,
8885982084195067,True,16,0.0,,2.0,0.0,0.0,0.1,0.0001,0.3,0.75,False,0.005,2.0,0.5,convnext_small_384_in22ft1k,0.9,adamp,2,0.2,8,2,plateau,0.0,0.001,False,10,1e-06,0.1,trivial_augment,"(0.0, 0.99)",
40620430007593686,False,2,0.001,10.0,0.5,2.0,20.0,0.1,0.0,0.3,,False,0.01,0.4,0.25,mobilevit_xs,0.9,adamw,10,0.8,8,2,step,0.05,0.001,True,0,0.0,0.1,trivial_augment,"(0.0, 0.99)",
31402684853620507,True,2,0.001,1.0,4.0,0.5,0.0,0.1,0.0001,0.2,0.75,False,1e-05,0.0,0.25,xcit_small_12_p8_384_dist,0.9,adamw,10,0.8,8,2,cosine,0.0,0.01,False,10,0.0,0.0,trivial_augment,"(0.0, 0.999)",
39063406195938865,True,128,0.1,10.0,0.0,0.0,0.0,0.1,0.001,0.2,0.75,True,0.01,0.2,1.0,edgenext_xx_small,0.99,momentum,10,0.0,8,2,cosine,0.1,0.01,False,10,1e-05,1e-05,none,,
11468011624380896,False,256,0.1,1.0,0.5,0.1,0.0,0.1,0.1,0.1,,False,0.001,4.0,0.25,edgenext_small,0.9,sgd,10,1.0,17,2,cosine,0.05,0.1,False,5,1e-06,0.001,random_augment,,
138254787218743129,True,2,0.0001,1.0,0.5,1.0,20.0,0.1,0.0,0.1,,False,0.005,4.0,0.0,beit_large_patch16_512,0.9,adamp,10,0.8,8,2,multistep,0.0,0.0,True,0,1e-06,0.1,auto_augment,"(0.0, 0.99)",original
6102512942959707,True,256,0.1,1.0,4.0,0.5,0.0,0.1,0.01,0.4,0.65,False,0.001,0.2,0.5,dla46x_c,0.9,sgd,10,0.4,8,2,cosine,0.1,0.0001,True,5,1e-06,1e-05,none,,
1046710889193748,False,8,0.01,10.0,2.0,0.5,0.0,0.1,0.1,0.2,,False,0.0005,8.0,0.0,volo_d1_384,0.9,sgd,10,0.6,8,2,cosine,0.1,0.1,True,0,1e-05,0.1,trivial_augment,,
438345620387815117,True,128,0.01,1.0,2.0,0.5,10.0,0.5,0.1,0.0,0.75,False,1e-05,4.0,0.25,edgenext_x_small,0.95,momentum,10,0.2,9,3,multistep,0.05,0.001,True,10,1e-06,0.1,random_augment,,
487929845962077308,False,32,0.0,1.0,2.0,4.0,10.0,0.1,0.01,0.4,,False,0.001,2.0,0.25,dla46x_c,0.9,adamw,10,0.0,17,3,multistep,0.05,0.001,False,0,1e-06,0.01,random_augment,"(0.0, 0.999)",
23971481751885336,False,2,0.001,1.0,2.0,0.1,0.0,0.1,0.001,0.2,0.75,False,0.005,1.0,0.75,volo_d3_448,0.9,adamp,10,1.0,8,2,cosine,0.1,0.001,True,0,1e-05,0.0,trivial_augment,"(0.9, 0.99)",
27504655100248421,True,64,0.0,,2.0,2.0,0.0,0.1,0.01,0.2,0.65,True,1e-05,2.0,0.25,tf_efficientnet_b4_ns,0.9,adamp,2,0.4,8,2,plateau,0.0,0.01,False,0,1e-06,0.001,trivial_augment,"(0.0, 0.999)",
26279951330407051,True,2,0.0,10.0,0.5,4.0,0.0,0.1,0.001,0.1,0.65,False,0.01,8.0,0.25,convnext_small_384_in22ft1k,0.9,sgd,10,0.0,17,3,cosine,0.1,0.0001,False,5,1e-06,0.01,random_augment,,
14488623956082871,True,2,0.0,1.0,4.0,0.25,0.0,0.1,0.0,0.1,,False,0.001,0.2,0.5,beit_large_patch16_512,0.9,adam,10,1.0,8,2,cosine,0.1,0.0,True,0,1e-05,1e-05,none,"(0.0, 0.99)",
219014965141377818,False,256,0.01,1.0,2.0,0.25,20.0,0.1,0.0001,0.2,,False,0.001,0.0,0.75,mobilevit_xxs,0.9,adamw,10,0.8,8,2,multistep,0.0,0.01,True,5,0.0,0.1,none,"(0.9, 0.99)",
25135055525111604,False,16,0.0001,,4.0,0.5,0.0,0.1,0.0,0.3,0.75,False,5e-05,2.0,0.25,mobilevit_xxs,0.9,adamp,10,0.2,8,2,cosine,0.05,0.0,True,10,1e-06,0.1,trivial_augment,"(0.0, 0.999)",
99246749169115110,False,128,0.0001,,4.0,0.1,10.0,0.1,0.1,0.3,0.65,False,0.01,1.0,1.0,edgenext_x_small,0.9,adam,10,0.0,8,2,multistep,0.0,0.0,True,5,1e-06,0.01,trivial_augment,"(0.0, 0.999)",
11405632126410816,False,16,0.0,10.0,4.0,4.0,20.0,0.1,0.0,0.3,0.75,True,0.001,4.0,0.5,xcit_tiny_12_p8_384_dist,0.9,adamp,10,0.4,8,2,multistep,0.0,0.0,False,5,1e-06,0.001,trivial_augment,"(0.9, 0.999)",
2576591469363458,False,4,0.001,10.0,1.0,0.1,0.0,0.1,0.0,0.2,0.65,False,0.0005,4.0,0.0,beit_base_patch16_384,0.9,adamw,10,0.0,8,2,cosine,0.1,0.0001,False,10,1e-05,0.01,none,"(0.9, 0.999)",
17724689304922267,True,16,0.0,,2.0,0.25,0.0,0.1,0.01,0.3,0.75,False,5e-05,2.0,0.5,xcit_nano_12_p8_384_dist,0.9,sgd,10,0.4,8,2,cosine,0.05,0.0001,False,5,0.0,0.01,auto_augment,,original
57180413346960932,False,32,0.01,10.0,1.0,2.0,0.0,0.1,0.01,0.0,0.75,False,0.001,2.0,0.0,dla46x_c,0.9,adamp,5,0.6,8,2,plateau,0.0,0.0001,False,0,1e-06,0.1,none,"(0.0, 0.999)",
46332868089971362,False,8,0.0001,,1.0,2.0,0.0,0.1,0.001,0.1,0.65,True,0.0005,8.0,0.5,mobilevitv2_075,0.9,adamp,5,0.0,8,2,plateau,0.0,0.01,True,10,0.0,1e-05,trivial_augment,"(0.0, 0.99)",
790810149080540,False,4,0.0001,,0.5,0.25,0.0,0.1,0.1,0.2,0.75,False,1e-05,0.4,0.25,mobilevit_xs,0.9,adamp,10,0.6,8,2,cosine,0.1,0.001,False,10,1e-06,0.1,none,"(0.9, 0.999)",
3896765312772079,True,2,0.0001,,2.0,1.0,0.0,0.1,0.01,0.2,0.65,False,0.01,0.4,0.75,dla46x_c,0.9,sgd,10,0.0,8,2,cosine,0.1,0.1,True,5,1e-05,0.001,trivial_augment,,
5241675845762702,False,32,0.01,1.0,0.0,0.25,0.0,0.1,0.01,0.3,,False,0.01,0.2,0.25,xcit_nano_12_p8_384_dist,0.9,sgd,10,0.8,8,2,cosine,0.05,0.1,True,5,1e-05,0.0001,trivial_augment,,
34031145127371164,False,32,0.001,10.0,1.0,2.0,0.0,0.1,0.1,0.2,0.75,True,0.0005,1.0,1.0,volo_d1_384,0.9,adam,5,0.8,8,2,plateau,0.0,0.01,True,5,0.0,0.01,trivial_augment,"(0.9, 0.999)",
46888375058915782,False,8,0.0001,10.0,4.0,0.1,0.0,0.1,0.0001,0.3,,False,1e-05,0.0,0.5,mobilevit_xs,0.8,momentum,2,0.6,8,2,plateau,0.0,0.0,True,0,1e-05,1e-05,auto_augment,,original
31318947276683033,True,64,0.1,10.0,0.5,4.0,20.0,0.5,0.01,0.4,0.65,False,0.0001,1.0,0.5,edgenext_x_small,0.0,momentum,10,0.0,8,2,multistep,0.05,0.001,True,5,0.0,0.0,none,,
210604472389636911,True,32,0.1,1.0,1.0,4.0,0.0,0.1,0.1,0.2,,False,0.01,0.4,0.0,xcit_tiny_24_p8_384_dist,0.0,momentum,5,1.0,9,3,plateau,0.05,0.001,True,10,1e-05,0.0,random_augment,,
221448688237942834,False,8,0.0,10.0,0.0,2.0,20.0,0.5,0.0,0.3,0.75,False,0.0005,0.4,1.0,edgenext_xx_small,0.8,momentum,10,0.0,17,2,step,0.05,0.0,False,0,0.0,0.001,random_augment,,
73071283523024772,False,2,0.1,,0.0,0.5,20.0,0.1,0.1,0.0,0.75,False,0.001,0.4,0.0,xcit_small_12_p8_384_dist,0.9,momentum,10,0.6,8,2,step,0.05,0.0,False,5,0.0,0.1,trivial_augment,,
13046843924053759,True,2,0.0001,,1.0,2.0,0.0,0.1,0.0,0.3,0.75,False,5e-05,2.0,1.0,xcit_nano_12_p8_384_dist,0.8,momentum,2,0.4,8,2,plateau,0.05,0.1,True,10,1e-06,0.0001,trivial_augment,,
124421281461647524,False,64,0.01,10.0,4.0,1.0,20.0,0.5,0.0001,0.2,,True,0.001,4.0,0.0,mobilevit_xs,0.95,momentum,10,1.0,8,2,step,0.0,0.01,False,5,0.0,0.001,none,,
1868977844156857,True,128,0.01,10.0,2.0,0.0,10.0,0.1,0.0001,0.2,,False,1e-05,1.0,0.0,edgenext_x_small,0.9,adamw,10,0.6,8,2,multistep,0.05,0.1,False,0,1e-06,0.01,none,"(0.9, 0.999)",
13437386591941804,False,8,0.0,1.0,2.0,4.0,0.0,0.1,0.0001,0.0,0.75,True,0.01,0.0,1.0,edgenext_x_small,0.9,sgd,5,1.0,8,2,plateau,0.05,0.0,True,10,1e-05,0.0001,none,,
95991538235853163,True,128,0.0,,0.0,2.0,20.0,0.5,0.01,0.2,,True,0.0005,4.0,0.5,mobilevit_xs,0.9,adamp,10,0.4,8,2,multistep,0.0,0.01,True,0,0.0,0.0,none,"(0.9, 0.99)",
107773820389982140,False,512,0.01,1.0,4.0,4.0,20.0,0.1,0.0001,0.0,0.75,True,0.0005,4.0,0.0,edgenext_xx_small,0.95,momentum,10,0.6,8,2,multistep,0.05,0.01,False,5,1e-05,0.01,none,,
36996416237507994,False,2,0.01,,1.0,2.0,0.0,0.1,0.1,0.0,0.75,False,1e-05,8.0,0.75,mobilevit_xs,0.9,adamw,5,0.4,8,2,plateau,0.1,0.0,True,0,1e-06,0.0001,trivial_augment,"(0.9, 0.999)",
10338893807006042,False,32,0.01,1.0,1.0,0.1,0.0,0.1,0.0,0.1,0.65,False,0.0001,2.0,0.25,deit3_small_patch16_384_in21ft1k,0.9,adamw,10,1.0,8,2,cosine,0.0,0.1,True,10,1e-06,0.01,none,"(0.0, 0.99)",
35237407997506763,True,64,0.1,,4.0,0.25,0.0,0.1,0.0,0.1,0.65,False,0.005,2.0,1.0,deit3_small_patch16_384_in21ft1k,0.9,adamw,10,0.8,17,2,cosine,0.1,0.01,True,0,0.0,0.001,random_augment,"(0.9, 0.999)",
7831664667177696,False,2,0.001,1.0,0.5,0.25,0.0,0.1,0.001,0.1,,False,0.001,0.4,0.75,mobilevitv2_075,0.9,sgd,10,0.2,8,2,cosine,0.0,0.001,False,5,1e-05,0.0,none,,
26670172439853165,True,4,0.1,1.0,0.0,2.0,0.0,0.1,0.0001,0.1,0.75,False,0.0001,4.0,0.75,mobilevitv2_075,0.9,adamp,10,0.0,8,2,cosine,0.1,0.001,True,0,1e-05,0.01,trivial_augment,"(0.0, 0.999)",
60089613064784503,True,16,0.001,10.0,4.0,1.0,20.0,0.5,0.0001,0.0,0.75,False,0.005,0.0,0.25,tf_efficientnet_b4_ns,0.9,adamp,10,0.2,8,2,multistep,0.0,0.0,True,5,1e-06,0.001,none,"(0.0, 0.99)",
315588065013079333,True,16,0.001,,1.0,0.5,10.0,0.5,0.0001,0.2,0.75,False,0.001,0.2,1.0,convnext_small_384_in22ft1k,0.9,adam,10,0.8,9,3,multistep,0.0,0.0,True,0,1e-05,0.0,random_augment,"(0.0, 0.99)",
80514860719590223,True,16,0.001,,4.0,0.0,0.0,0.1,0.1,0.1,0.75,False,0.0001,0.4,0.25,edgenext_x_small,0.99,momentum,5,0.8,9,2,plateau,0.05,0.0001,True,10,1e-06,0.0,random_augment,,
33823602460967157,True,32,0.0001,10.0,0.0,2.0,10.0,0.1,0.1,0.1,,False,0.0005,0.4,0.25,convnext_small_384_in22ft1k,0.9,adam,10,0.2,8,2,step,0.05,0.1,False,0,0.0,0.01,none,"(0.0, 0.99)",
101198776359376764,False,2,0.01,1.0,0.5,0.5,0.0,0.1,0.01,0.0,0.75,False,0.01,1.0,0.25,xcit_tiny_12_p8_384_dist,0.9,adam,5,0.8,17,2,plateau,0.0,0.0,True,10,1e-05,0.001,random_augment,"(0.9, 0.999)",
34785226386751416,False,16,0.0,,2.0,0.25,10.0,0.1,0.0,0.1,,False,0.0005,4.0,0.25,xcit_tiny_12_p8_384_dist,0.9,sgd,10,0.8,17,2,multistep,0.05,0.01,True,0,1e-05,0.01,random_augment,,
13324303254719636,False,32,0.0001,1.0,0.5,1.0,0.0,0.1,0.01,0.4,,True,0.0001,1.0,0.0,dla46x_c,0.9,adamw,10,0.8,8,2,cosine,0.0,0.01,True,5,1e-05,0.0001,trivial_augment,"(0.0, 0.99)",
93167066998652762,False,4,0.0,1.0,0.5,0.25,0.0,0.1,0.0001,0.2,0.65,False,0.01,2.0,0.5,xcit_tiny_12_p8_384_dist,0.8,momentum,2,0.6,17,2,plateau,0.1,0.1,True,10,1e-05,0.001,random_augment,,
24060213322896804,False,16,0.0001,,4.0,0.1,0.0,0.1,0.0,0.4,0.75,False,0.0005,0.0,0.5,xcit_nano_12_p8_384_dist,0.9,sgd,10,0.8,8,2,cosine,0.1,0.01,False,5,1e-05,0.0,auto_augment,,original
19186139429167685,True,8,0.0,,4.0,2.0,10.0,0.5,0.01,0.3,,False,0.0005,0.2,1.0,dla46x_c,0.9,sgd,10,0.6,8,2,step,0.1,0.01,True,5,0.0,0.001,trivial_augment,,
380684538779750713,True,2,0.1,10.0,2.0,0.25,20.0,0.5,0.001,0.2,0.65,False,0.005,4.0,0.0,deit3_small_patch16_384_in21ft1k,0.9,adamp,10,1.0,8,2,step,0.0,0.1,False,10,1e-05,0.0,auto_augment,"(0.0, 0.999)",v0
285077123956557486,False,2,0.001,10.0,0.5,0.25,20.0,0.5,0.01,0.3,0.65,False,0.005,0.4,0.5,swinv2_base_window12to24_192to384_22kft1k,0.95,momentum,10,0.6,17,2,multistep,0.05,0.0001,False,5,0.0,0.01,random_augment,,
25782526203353210,False,4,0.0001,,1.0,0.5,20.0,0.5,0.001,0.2,0.75,True,1e-05,8.0,0.5,tf_efficientnet_b6_ns,0.9,sgd,10,0.8,8,2,step,0.05,0.01,True,0,0.0,0.01,none,,
161648631453251075,True,8,0.0,,0.5,0.25,20.0,0.5,0.1,0.2,,False,0.01,0.0,0.0,volo_d1_384,0.9,adam,10,0.2,17,2,multistep,0.05,0.1,False,0,1e-05,0.0,random_augment,"(0.9, 0.999)",
70789732741194269,True,8,0.01,1.0,0.5,0.1,0.0,0.1,0.001,0.2,0.65,True,0.0001,0.4,0.25,edgenext_x_small,0.9,adam,10,0.4,9,3,cosine,0.05,0.01,True,0,1e-06,1e-05,random_augment,"(0.9, 0.999)",
76731382525502101,True,128,0.0001,10.0,1.0,1.0,0.0,0.1,0.001,0.3,,True,0.001,0.0,0.0,edgenext_x_small,0.9,adamw,10,1.0,8,2,cosine,0.05,0.1,False,5,1e-05,0.001,none,"(0.0, 0.999)",
29160993187327796,False,32,0.0001,1.0,4.0,0.25,0.0,0.1,0.0,0.0,0.65,False,0.005,0.0,0.75,convnext_small_384_in22ft1k,0.9,sgd,10,0.6,17,3,cosine,0.1,0.01,False,10,1e-06,0.0001,random_augment,,
33756154019888710,False,8,0.001,1.0,4.0,0.25,0.0,0.1,0.0001,0.3,0.75,False,0.005,2.0,0.5,volo_d3_448,0.9,adamp,5,0.8,8,2,plateau,0.1,0.1,True,10,1e-05,0.1,none,"(0.9, 0.999)",
14211192797744821,True,16,0.01,10.0,4.0,0.1,10.0,0.1,0.0001,0.4,0.75,False,0.005,4.0,0.5,xcit_tiny_12_p8_384_dist,0.9,sgd,10,0.6,8,2,multistep,0.0,0.001,True,5,1e-06,1e-05,auto_augment,,v0
260776343761540488,False,2,0.0001,10.0,1.0,0.5,10.0,0.1,0.0001,0.1,,False,0.01,0.4,0.5,edgenext_x_small,0.9,adamp,10,0.2,9,3,step,0.1,0.0001,False,5,0.0,0.01,random_augment,"(0.9, 0.999)",
130413746228301410,False,256,0.001,10.0,4.0,0.1,0.0,0.1,0.01,0.3,0.75,False,1e-05,8.0,0.75,dla46x_c,0.0,momentum,5,0.2,8,2,plateau,0.05,0.001,False,10,1e-06,0.1,auto_augment,,v0
335886467595447831,True,256,0.001,,4.0,2.0,20.0,0.1,0.001,0.4,0.75,False,5e-05,0.0,0.75,dla46x_c,0.9,adamp,10,0.2,8,2,multistep,0.0,0.01,True,0,1e-05,0.001,auto_augment,"(0.0, 0.999)",original
229490381864848326,False,16,0.0,,0.5,2.0,10.0,0.1,0.01,0.1,,False,5e-05,4.0,1.0,convnext_small_384_in22ft1k,0.9,adam,10,0.2,17,2,step,0.05,0.0001,True,10,1e-05,0.01,random_augment,"(0.0, 0.999)",
25612500127449302,False,32,0.01,1.0,0.0,0.1,20.0,0.5,0.0001,0.0,0.65,True,0.005,0.2,1.0,tf_efficientnet_b4_ns,0.9,sgd,10,0.8,8,2,step,0.0,0.001,True,10,1e-05,0.1,none,,
28065220170821454,False,128,0.1,,0.5,4.0,0.0,0.1,0.0,0.2,,True,0.0005,2.0,0.25,convnext_small_384_in22ft1k,0.9,adamw,2,1.0,8,2,plateau,0.05,0.0,False,5,1e-05,0.001,none,"(0.0, 0.999)",
167310078519606215,True,8,0.0,,2.0,4.0,10.0,0.1,0.01,0.0,0.65,False,0.0005,1.0,0.75,edgenext_xx_small,0.9,adamw,10,0.6,17,2,multistep,0.1,0.0001,False,10,1e-05,0.0001,random_augment,"(0.0, 0.99)",
426518549554834602,False,2,0.1,1.0,1.0,1.0,10.0,0.1,0.001,0.1,0.65,False,0.001,8.0,1.0,convnext_small_384_in22ft1k,0.95,momentum,10,0.4,9,3,multistep,0.0,0.1,True,5,1e-05,0.0001,random_augment,,
28515137657783070,False,128,0.0001,,1.0,0.5,0.0,0.1,0.0,0.1,0.75,False,0.01,0.2,0.0,convnext_small_384_in22ft1k,0.9,adamw,2,0.8,8,2,plateau,0.05,0.0,False,5,0.0,0.0001,trivial_augment,"(0.0, 0.999)",
24958488236281163,True,512,0.001,10.0,4.0,0.0,20.0,0.5,0.01,0.3,,False,0.0005,8.0,0.75,edgenext_xx_small,0.9,adamw,10,0.8,8,2,multistep,0.05,0.01,False,5,1e-06,0.1,trivial_augment,"(0.9, 0.999)",
10866215571931116,False,2,0.001,,4.0,2.0,0.0,0.1,0.0001,0.4,,False,0.001,0.2,0.75,swinv2_base_window12to24_192to384_22kft1k,0.9,sgd,5,0.2,8,2,plateau,0.0,0.1,False,0,0.0,0.001,trivial_augment,,
3426869923361486,False,32,0.0001,10.0,4.0,2.0,0.0,0.1,0.0,0.1,0.75,True,1e-05,4.0,0.5,mobilevitv2_075,0.0,momentum,10,0.2,8,2,cosine,0.05,0.01,True,5,1e-06,0.001,trivial_augment,,
13171501657685722,False,8,0.0001,,0.0,0.0,0.0,0.1,0.0001,0.1,0.75,False,0.005,0.2,0.75,mobilevitv2_075,0.9,sgd,5,0.0,9,2,plateau,0.1,0.001,True,0,1e-05,0.0001,random_augment,,
64589993184834101,True,64,0.0,,1.0,0.0,10.0,0.5,0.1,0.1,,True,0.005,0.2,1.0,tf_efficientnet_b4_ns,0.9,sgd,10,1.0,8,2,step,0.0,0.0,True,5,1e-05,0.0,auto_augment,,v0
4322494280440180,False,64,0.0,1.0,4.0,4.0,0.0,0.1,0.0,0.3,0.65,False,0.0005,1.0,1.0,volo_d1_384,0.9,sgd,10,0.8,9,2,cosine,0.0,0.01,True,5,0.0,0.0001,random_augment,,
24140825093767394,False,4,0.1,1.0,4.0,0.0,0.0,0.1,0.0001,0.0,,False,0.001,8.0,1.0,xcit_tiny_24_p8_384_dist,0.9,adamw,10,0.2,8,2,cosine,0.0,0.1,True,5,1e-05,0.0,auto_augment,"(0.9, 0.999)",original
4604230276736352,False,16,0.001,,2.0,0.25,10.0,0.1,0.0001,0.0,,True,0.01,1.0,0.75,mobilevit_xxs,0.9,sgd,10,0.4,8,2,multistep,0.1,0.0001,True,0,1e-06,0.0001,none,,
59358822586906323,True,4,0.0,,0.5,0.25,10.0,0.5,0.0,0.0,0.75,True,0.0001,4.0,1.0,mobilevit_xxs,0.9,adamp,10,0.6,8,2,step,0.05,0.0001,True,10,1e-05,0.01,auto_augment,"(0.9, 0.999)",v0
18238622098490001,True,32,0.1,1.0,4.0,0.0,0.0,0.1,0.01,0.3,0.65,True,5e-05,8.0,0.5,edgenext_x_small,0.9,sgd,10,0.2,8,2,cosine,0.1,0.0,True,5,1e-06,0.01,auto_augment,,original
2637034712327252,False,4,0.0,10.0,0.5,2.0,0.0,0.1,0.001,0.0,0.65,False,1e-05,1.0,0.0,swinv2_base_window12to24_192to384_22kft1k,0.0,momentum,10,0.6,8,2,cosine,0.1,0.0,True,10,1e-05,0.01,trivial_augment,,
112005266981187390,False,16,0.01,10.0,0.0,0.5,0.0,0.1,0.1,0.2,,True,0.0005,0.2,0.0,volo_d1_384,0.95,momentum,2,0.2,17,2,plateau,0.05,0.0,True,10,1e-05,1e-05,random_augment,,
30967665873149224,False,64,0.01,1.0,0.5,0.25,0.0,0.1,0.1,0.4,,False,0.005,0.2,0.5,convnext_small_384_in22ft1k,0.9,sgd,10,1.0,17,3,cosine,0.0,0.1,False,10,1e-05,1e-05,random_augment,,
270528244416671906,False,4,0.01,1.0,2.0,1.0,20.0,0.5,0.1,0.4,,False,0.0001,4.0,0.0,mobilevit_xs,0.9,momentum,10,0.4,8,2,step,0.1,0.0001,False,0,1e-06,0.001,none,,
138625705493752342,False,8,0.0001,1.0,4.0,1.0,0.0,0.1,0.01,0.1,0.65,False,5e-05,1.0,0.0,xcit_small_12_p8_384_dist,0.9,adamp,5,0.6,8,2,plateau,0.1,0.1,True,10,1e-06,0.1,auto_augment,"(0.0, 0.99)",original
27300102385088241,True,32,0.1,1.0,0.5,2.0,0.0,0.1,0.001,0.4,,False,0.0005,0.4,0.0,volo_d4_448,0.9,adamp,2,1.0,8,2,plateau,0.05,0.1,True,5,0.0,0.001,trivial_augment,"(0.0, 0.999)",
33676035267652960,False,8,0.001,10.0,1.0,1.0,0.0,0.1,0.0001,0.1,,False,0.005,0.4,1.0,volo_d4_448,0.99,momentum,2,0.8,8,2,plateau,0.05,0.1,False,10,1e-05,0.1,none,,
11472671915320272,False,16,0.001,,4.0,0.5,0.0,0.1,0.1,0.0,0.75,True,0.0005,2.0,0.0,xcit_small_12_p8_384_dist,0.9,sgd,10,0.6,17,2,cosine,0.1,0.1,False,5,1e-06,0.001,random_augment,,
35968160647534038,False,16,0.1,1.0,0.5,1.0,0.0,0.1,0.1,0.3,,False,0.0001,2.0,1.0,dla46x_c,0.99,momentum,10,0.4,8,2,cosine,0.05,0.001,True,10,1e-06,0.001,none,,
339972132663998557,True,16,0.0,1.0,2.0,0.25,20.0,0.1,0.001,0.4,0.65,False,1e-05,2.0,0.5,edgenext_xx_small,0.95,momentum,10,0.2,8,2,multistep,0.05,0.0,False,5,1e-05,0.0,auto_augment,,original
18600485820252265,True,2,0.01,1.0,0.5,0.5,0.0,0.1,0.0001,0.0,,False,0.0001,1.0,0.5,edgenext_small,0.9,adamp,10,1.0,8,2,cosine,0.1,0.1,True,0,1e-05,0.01,none,"(0.9, 0.99)",
25669708154390008,False,64,0.0001,1.0,1.0,2.0,0.0,0.1,0.001,0.3,0.65,True,0.0005,0.4,1.0,xcit_small_12_p8_384_dist,0.95,momentum,2,1.0,8,2,plateau,0.1,0.0,False,0,0.0,0.01,none,,
32000712976650058,False,512,0.1,10.0,1.0,4.0,0.0,0.1,0.0001,0.0,,True,1e-05,2.0,0.5,mobilevit_xxs,0.9,sgd,5,0.8,8,2,plateau,0.1,0.001,False,0,1e-05,0.0,none,,
23516035123833256,False,8,0.1,1.0,1.0,0.25,0.0,0.1,0.01,0.3,0.75,False,0.0005,4.0,0.75,volo_d1_384,0.9,adamw,10,0.6,8,2,cosine,0.05,0.001,True,0,1e-06,0.0,trivial_augment,"(0.9, 0.99)",
54319653696700263,True,4,0.0,1.0,0.5,0.25,0.0,0.1,0.1,0.4,,False,5e-05,2.0,0.25,tf_efficientnet_b7_ns,0.9,adamw,5,0.4,8,2,plateau,0.05,0.0,False,10,0.0,1e-05,none,"(0.9, 0.99)",
7066582733846850,False,16,0.01,,1.0,0.1,0.0,0.1,0.0,0.4,0.65,True,0.0005,0.0,0.25,xcit_tiny_12_p8_384_dist,0.9,adam,10,0.2,9,2,cosine,0.0,0.0001,False,10,0.0,0.0,random_augment,"(0.9, 0.999)",
69308947074030455,True,64,0.01,1.0,0.0,0.0,0.0,0.1,0.01,0.2,0.75,False,1e-05,8.0,1.0,tf_efficientnet_b4_ns,0.9,adam,10,1.0,9,3,cosine,0.1,0.1,True,10,0.0,0.0001,random_augment,"(0.9, 0.999)",
89714507732247696,False,16,0.0,1.0,0.0,0.1,20.0,0.5,0.0001,0.1,,False,0.001,1.0,0.0,convnext_small_384_in22ft1k,0.9,adamp,10,0.6,8,2,step,0.1,0.1,True,0,1e-06,0.1,trivial_augment,"(0.9, 0.99)",
235902338534315621,True,64,0.0,10.0,4.0,1.0,20.0,0.1,0.001,0.0,,True,0.005,0.0,0.0,mobilevit_xxs,0.9,adamp,10,1.0,8,2,step,0.1,0.01,False,0,1e-05,0.1,auto_augment,"(0.9, 0.99)",original
80034915431372283,True,32,0.01,,0.5,0.0,0.0,0.1,0.001,0.2,,False,5e-05,0.0,0.75,volo_d4_448,0.95,momentum,2,1.0,8,2,plateau,0.05,0.1,False,10,0.0,0.0,none,,
59938133534672709,True,4,0.001,1.0,4.0,1.0,0.0,0.1,0.1,0.4,0.65,True,0.0005,0.2,0.5,beit_large_patch16_512,0.9,momentum,10,1.0,17,2,cosine,0.0,0.0,True,0,1e-06,0.001,random_augment,,
7062683748201996,False,16,0.0,10.0,2.0,1.0,0.0,0.1,0.001,0.0,,False,0.0001,0.4,0.5,edgenext_small,0.9,sgd,10,0.4,8,2,cosine,0.1,0.0,False,10,0.0,0.0,none,,
30118527162363241,True,2,0.0,1.0,0.0,0.0,20.0,0.1,0.0001,0.3,0.75,False,5e-05,0.4,0.5,dla46x_c,0.9,sgd,10,1.0,8,2,step,0.05,0.001,True,10,0.0,1e-05,none,,
55813413926938457,True,64,0.001,10.0,4.0,4.0,10.0,0.5,0.001,0.1,0.65,False,0.01,4.0,0.5,edgenext_small,0.9,adam,10,1.0,8,2,step,0.0,0.0,False,0,1e-06,0.0,trivial_augment,"(0.0, 0.99)",
31573546872545826,False,2,0.001,1.0,0.0,4.0,20.0,0.5,0.001,0.3,0.65,False,0.0005,4.0,0.75,convnext_small_384_in22ft1k,0.9,adamw,10,0.6,8,2,step,0.05,0.1,False,0,1e-06,0.0,none,"(0.9, 0.999)",
385991191159456376,False,4,0.01,10.0,1.0,0.25,20.0,0.5,0.0,0.1,,True,0.01,1.0,0.75,volo_d4_448,0.9,adamp,10,0.6,9,3,multistep,0.1,0.001,True,5,1e-05,0.0001,random_augment,"(0.0, 0.999)",
70859697222521435,True,8,0.0,10.0,0.0,4.0,0.0,0.1,0.0001,0.3,0.75,False,0.005,0.2,0.25,convnext_small_384_in22ft1k,0.9,momentum,10,0.4,8,2,cosine,0.0,0.01,False,5,1e-06,1e-05,auto_augment,,original
354614547628248807,True,4,0.01,1.0,2.0,0.1,20.0,0.5,0.001,0.3,0.75,True,0.01,1.0,0.75,mobilevitv2_075,0.0,momentum,10,1.0,9,3,step,0.05,0.0001,True,10,1e-06,1e-05,random_augment,,
3590140353691610,False,4,0.0001,10.0,2.0,1.0,0.0,0.1,0.1,0.1,0.65,False,0.0005,8.0,0.0,dla46x_c,0.9,adamw,2,0.4,8,2,plateau,0.0,0.1,True,10,1e-06,0.001,none,"(0.9, 0.999)",
11426366178579245,True,8,0.0,10.0,2.0,0.5,0.0,0.1,0.1,0.2,0.65,False,0.001,0.4,0.25,tf_efficientnet_b4_ns,0.8,momentum,2,0.2,8,2,plateau,0.05,0.0001,False,5,1e-06,0.001,none,,
2588506531121160,False,2,0.0,10.0,4.0,0.1,10.0,0.1,0.1,0.1,,False,0.0001,8.0,0.25,xcit_tiny_24_p8_384_dist,0.9,sgd,10,0.0,8,2,multistep,0.05,0.001,False,10,1e-05,0.01,none,,
24760017280197025,True,16,0.0001,1.0,2.0,0.0,0.0,0.1,0.1,0.4,,False,0.0005,4.0,0.5,edgenext_xx_small,0.9,sgd,10,0.4,17,3,cosine,0.05,0.0,False,0,1e-06,0.1,random_augment,,
98975578914879160,False,8,0.001,,0.5,2.0,0.0,0.1,0.1,0.3,,True,0.01,0.0,0.0,volo_d3_448,0.9,adamp,10,1.0,17,3,cosine,0.0,0.001,True,10,0.0,0.01,random_augment,"(0.9, 0.999)",
2217943993411632,False,128,0.0,,0.5,4.0,10.0,0.1,0.0001,0.4,,False,1e-05,1.0,0.5,edgenext_x_small,0.9,sgd,10,0.6,8,2,step,0.1,0.001,True,10,1e-06,0.01,trivial_augment,,
292291998129364505,True,8,0.0,1.0,2.0,0.5,10.0,0.1,0.1,0.0,,False,0.0001,0.2,0.5,xcit_nano_12_p8_384_dist,0.95,momentum,10,0.0,8,2,step,0.05,0.001,False,5,1e-06,0.1,none,,
68511500992344517,True,16,0.0,1.0,0.5,0.1,10.0,0.1,0.0001,0.0,,True,1e-05,2.0,0.75,edgenext_small,0.9,adamw,10,0.6,8,2,multistep,0.05,0.0001,True,0,1e-05,0.001,none,"(0.9, 0.99)",
753831871813673,True,512,0.001,,0.5,4.0,10.0,0.1,0.0001,0.2,0.75,False,0.0005,2.0,1.0,edgenext_small,0.9,sgd,10,0.8,8,2,multistep,0.0,0.0,False,10,1e-06,0.1,trivial_augment,,
186143451436350026,False,32,0.0001,,0.0,0.25,10.0,0.5,0.01,0.0,0.65,False,5e-05,8.0,0.25,edgenext_xx_small,0.9,adamw,10,0.4,17,2,multistep,0.0,0.001,True,5,1e-05,0.0,random_augment,"(0.0, 0.99)",
61613357416970151,True,4,0.0001,1.0,1.0,2.0,0.0,0.1,0.01,0.4,0.65,False,0.001,2.0,1.0,volo_d3_448,0.9,adamw,10,0.8,8,2,cosine,0.1,0.0001,True,10,1e-06,0.0001,auto_augment,"(0.9, 0.99)",v0
40088198663669023,True,16,0.001,10.0,0.0,4.0,0.0,0.1,0.0001,0.1,0.65,False,0.005,2.0,0.75,edgenext_xx_small,0.9,adamp,10,0.6,17,2,cosine,0.0,0.001,False,0,1e-05,0.0,random_augment,"(0.9, 0.999)",
202277238804196672,False,8,0.0001,10.0,0.5,4.0,0.0,0.1,0.1,0.2,0.75,False,0.001,0.2,1.0,deit3_small_patch16_384_in21ft1k,0.99,momentum,2,0.2,9,3,plateau,0.05,0.001,False,5,1e-05,0.0,random_augment,,
63511404176503584,False,2,0.01,,4.0,0.0,0.0,0.1,0.0,0.2,0.65,False,0.005,2.0,0.75,dla46x_c,0.9,adamw,5,0.4,8,2,plateau,0.0,0.01,False,0,0.0,0.0,trivial_augment,"(0.0, 0.999)",
109159000310331886,False,8,0.1,10.0,4.0,0.1,20.0,0.1,0.1,0.2,0.75,False,0.001,0.2,0.25,xcit_small_12_p8_384_dist,0.9,adamp,10,0.4,8,2,multistep,0.1,0.0,True,5,1e-05,0.001,none,"(0.0, 0.999)",
7277389393006447,True,16,0.0,,1.0,0.0,0.0,0.1,0.0,0.3,0.65,True,5e-05,0.4,0.5,xcit_tiny_12_p8_384_dist,0.9,sgd,10,0.0,9,2,cosine,0.0,0.0,True,0,1e-06,0.0,random_augment,,
90263899249324165,True,2,0.01,10.0,4.0,2.0,0.0,0.1,0.1,0.4,0.75,False,0.005,0.2,0.75,dla46x_c,0.9,adam,10,1.0,9,3,cosine,0.05,0.0001,True,5,1e-05,0.1,random_augment,"(0.0, 0.999)",
211388311027114597,True,2,0.001,10.0,4.0,1.0,10.0,0.5,0.0,0.1,,False,1e-05,8.0,0.75,tf_efficientnet_b7_ns,0.9,adam,10,0.6,17,2,multistep,0.1,0.1,True,5,1e-06,0.1,random_augment,"(0.9, 0.99)",
116629739363477167,True,16,0.0,,2.0,0.5,10.0,0.5,0.01,0.0,0.75,False,5e-05,1.0,0.25,deit3_small_patch16_384_in21ft1k,0.9,adamp,10,0.8,9,2,step,0.1,0.01,False,0,1e-06,0.001,random_augment,"(0.0, 0.999)",
31170285456273867,True,4,0.01,,2.0,2.0,0.0,0.1,0.0001,0.1,0.75,False,1e-05,1.0,0.0,edgenext_x_small,0.9,adam,2,0.4,8,2,plateau,0.05,0.001,True,0,0.0,0.0,trivial_augment,"(0.0, 0.999)",
138512258456634742,False,8,0.0001,10.0,1.0,4.0,0.0,0.1,0.0,0.3,0.75,False,5e-05,8.0,0.5,edgenext_small,0.9,momentum,10,0.2,17,3,cosine,0.05,0.001,False,10,1e-06,0.1,random_augment,,
28102061600199256,False,8,0.1,1.0,1.0,0.1,0.0,0.1,0.1,0.4,,False,0.01,8.0,0.0,tf_efficientnet_b6_ns,0.9,adamw,10,0.8,8,2,cosine,0.0,0.01,False,5,1e-05,0.001,none,"(0.0, 0.999)",
12258964815928395,True,256,0.0,1.0,1.0,0.5,0.0,0.1,0.0001,0.3,0.75,False,0.005,0.0,0.75,edgenext_x_small,0.9,adamp,10,0.6,9,2,cosine,0.0,0.001,True,0,0.0,0.0001,random_augment,"(0.0, 0.99)",
54334402106237343,True,32,0.01,1.0,1.0,0.1,0.0,0.1,0.01,0.2,,True,5e-05,8.0,0.0,edgenext_small,0.9,sgd,2,0.2,17,3,plateau,0.05,0.0001,False,10,0.0,1e-05,random_augment,,
150953139554654428,False,512,0.1,1.0,0.0,2.0,0.0,0.1,0.001,0.2,0.65,False,0.0001,1.0,0.25,dla46x_c,0.9,adam,2,0.8,9,3,plateau,0.05,0.0001,False,5,1e-05,0.0001,random_augment,"(0.9, 0.99)",
19233841838847865,True,16,0.0001,,1.0,0.0,0.0,0.1,0.01,0.0,,True,0.005,2.0,0.0,edgenext_x_small,0.9,momentum,10,0.2,9,2,cosine,0.0,0.001,False,10,0.0,0.001,random_augment,,
69915884014192578,False,16,0.1,1.0,2.0,0.0,10.0,0.1,0.001,0.4,0.75,False,1e-05,0.2,0.5,volo_d3_448,0.9,adam,10,0.8,8,2,step,0.0,0.0,False,5,1e-05,0.0001,none,"(0.9, 0.99)",
62528749088231857,True,128,0.01,10.0,2.0,0.5,0.0,0.1,0.01,0.0,,True,0.0005,0.2,0.0,edgenext_xx_small,0.9,adamp,10,1.0,8,2,cosine,0.1,0.001,True,10,0.0,1e-05,auto_augment,"(0.9, 0.99)",v0
16562521220885964,False,2,0.01,1.0,0.5,4.0,0.0,0.1,0.0,0.2,0.75,False,1e-05,8.0,0.75,beit_base_patch16_384,0.9,adam,2,0.4,8,2,plateau,0.1,0.01,False,10,0.0,0.1,trivial_augment,"(0.9, 0.99)",
20069835466417521,True,256,0.001,1.0,4.0,0.25,0.0,0.1,0.001,0.2,0.75,False,5e-05,8.0,0.25,edgenext_xx_small,0.9,momentum,10,0.0,8,2,cosine,0.1,0.001,True,5,1e-05,0.001,none,,
13104178469849329,True,16,0.1,,0.0,0.0,0.0,0.1,0.0001,0.3,0.65,False,5e-05,0.2,0.0,xcit_small_12_p8_384_dist,0.8,momentum,10,0.8,8,2,cosine,0.05,0.01,False,0,1e-05,0.0001,trivial_augment,,
147103044186118974,False,16,0.0001,1.0,2.0,2.0,0.0,0.1,0.01,0.1,0.65,True,0.01,1.0,0.75,edgenext_x_small,0.95,momentum,10,0.4,17,3,cosine,0.0,0.0,True,10,1e-05,0.1,random_augment,,
12041962205224340,False,4,0.0001,1.0,4.0,0.5,0.0,0.1,0.1,0.1,,False,0.001,1.0,0.0,dla46x_c,0.9,sgd,5,0.8,9,2,plateau,0.05,0.001,False,10,1e-05,0.001,random_augment,,
39116936327259278,False,4,0.001,,1.0,4.0,0.0,0.1,0.001,0.0,0.65,False,1e-05,0.4,0.25,deit3_small_patch16_384_in21ft1k,0.9,adam,5,0.6,8,2,plateau,0.0,0.001,True,10,1e-05,1e-05,none,"(0.9, 0.999)",
97699183690200341,True,8,0.001,1.0,2.0,4.0,0.0,0.1,0.01,0.1,0.75,False,0.001,8.0,0.0,xcit_tiny_24_p8_384_dist,0.9,adamp,10,0.8,17,3,cosine,0.0,0.001,False,0,1e-06,0.1,random_augment,"(0.9, 0.999)",
48310736255790482,False,4,0.0,,4.0,4.0,0.0,0.1,0.01,0.1,,False,5e-05,8.0,1.0,xcit_tiny_12_p8_384_dist,0.9,adamp,10,0.6,17,2,cosine,0.0,0.0,False,5,1e-05,0.0,random_augment,"(0.0, 0.99)",
94638947995806413,True,8,0.0001,1.0,0.0,2.0,0.0,0.1,0.1,0.0,,False,0.001,0.2,0.75,mobilevitv2_075,0.9,adamp,10,0.0,8,2,cosine,0.0,0.01,True,0,0.0,1e-05,auto_augment,"(0.0, 0.999)",original
94774587579010099,True,2,0.0001,10.0,0.0,2.0,0.0,0.1,0.0001,0.3,,False,0.001,8.0,0.75,swinv2_base_window12to24_192to384_22kft1k,0.9,adamw,10,0.8,8,2,cosine,0.0,0.001,True,5,0.0,1e-05,auto_augment,"(0.0, 0.999)",original
27983945225518524,False,2,0.01,1.0,4.0,0.25,20.0,0.5,0.001,0.1,,False,1e-05,4.0,0.25,tf_efficientnet_b4_ns,0.9,sgd,10,0.8,8,2,multistep,0.0,0.0,True,0,1e-05,0.001,none,,
70510243417336710,False,2,0.0,10.0,4.0,4.0,0.0,0.1,0.0,0.1,,False,0.0001,8.0,0.75,edgenext_small,0.9,adamp,10,1.0,8,2,cosine,0.1,0.1,True,5,0.0,1e-05,auto_augment,"(0.9, 0.99)",original
45146576421368484,False,16,0.0001,10.0,4.0,1.0,20.0,0.1,0.0001,0.1,0.65,False,0.0001,2.0,0.0,xcit_nano_12_p8_384_dist,0.9,adam,10,0.0,8,2,multistep,0.0,0.1,True,0,1e-06,0.0001,none,"(0.0, 0.99)",
30001171031861937,True,256,0.1,,0.0,2.0,0.0,0.1,0.1,0.0,0.65,False,0.005,4.0,1.0,mobilevit_xxs,0.9,sgd,10,0.6,17,3,cosine,0.1,0.1,True,5,0.0,1e-05,random_augment,,
82135267974228914,False,32,0.001,10.0,1.0,1.0,0.0,0.1,0.01,0.4,0.65,False,0.01,0.0,0.25,edgenext_xx_small,0.9,adamp,2,0.8,8,2,plateau,0.05,0.1,False,5,1e-05,0.1,auto_augment,"(0.0, 0.999)",v0
12888045871020125,True,512,0.0001,1.0,0.0,2.0,0.0,0.1,0.0001,0.4,,False,0.01,0.2,1.0,edgenext_small,0.9,adamw,10,0.6,8,2,cosine,0.0,0.1,True,5,1e-06,0.0001,trivial_augment,"(0.0, 0.99)",
130183547221984555,True,2,0.01,,0.0,0.1,0.0,0.1,0.0001,0.3,0.75,False,0.001,0.4,0.75,tf_efficientnet_b7_ns,0.9,adam,5,0.0,8,2,plateau,0.0,0.001,True,0,1e-06,0.1,auto_augment,"(0.0, 0.99)",v0
8201214153754148,False,4,0.001,1.0,0.5,1.0,0.0,0.1,0.0,0.0,0.75,False,1e-05,0.4,0.25,swinv2_base_window12to24_192to384_22kft1k,0.9,sgd,2,0.8,8,2,plateau,0.05,0.0001,True,0,0.0,0.1,auto_augment,,v0
7570702426125962,False,4,0.0,1.0,0.5,0.1,0.0,0.1,0.0001,0.3,0.75,False,1e-05,4.0,0.0,tf_efficientnet_b6_ns,0.9,adamw,2,0.2,8,2,plateau,0.05,0.1,False,10,1e-06,0.0,trivial_augment,"(0.9, 0.999)",
38361825711713289,True,4,0.001,1.0,2.0,4.0,0.0,0.1,0.0001,0.3,0.65,True,0.01,0.2,1.0,volo_d1_384,0.9,adamw,5,0.6,8,2,plateau,0.1,0.0001,True,0,1e-06,1e-05,trivial_augment,"(0.9, 0.999)",
358284410433463507,True,16,0.0,10.0,0.5,0.25,10.0,0.5,0.0,0.3,0.65,False,5e-05,0.2,0.25,dla46x_c,0.95,momentum,10,0.0,8,2,step,0.0,0.0001,False,0,1e-06,0.01,auto_augment,,original
43061433449727798,False,2,0.0001,1.0,1.0,1.0,20.0,0.1,0.01,0.0,,False,0.0005,8.0,0.25,swinv2_base_window12to24_192to384_22kft1k,0.9,sgd,10,0.4,8,2,multistep,0.0,0.0,False,10,1e-05,0.01,auto_augment,,original
114192359807549775,True,256,0.0,,2.0,0.5,0.0,0.1,0.0,0.4,0.65,True,0.01,1.0,1.0,mobilevit_xs,0.99,momentum,10,1.0,9,3,cosine,0.05,0.0001,False,10,1e-06,0.1,random_augment,,
70244334600309817,True,16,0.0,10.0,4.0,1.0,0.0,0.1,0.0001,0.3,0.75,False,1e-05,0.0,0.5,mobilevit_xxs,0.9,adamw,10,0.0,8,2,cosine,0.0,0.001,False,0,0.0,1e-05,auto_augment,"(0.9, 0.99)",original
186732861163411131,True,32,0.1,,0.0,0.25,20.0,0.5,0.0,0.0,,False,0.01,0.2,0.75,mobilevit_xs,0.9,adam,10,0.8,8,2,step,0.05,0.0001,True,10,0.0,0.1,auto_augment,"(0.0, 0.99)",original
16670999999849874,False,16,0.0001,1.0,2.0,0.0,10.0,0.1,0.001,0.0,0.65,False,0.001,0.2,1.0,dla46x_c,0.9,sgd,10,1.0,8,2,step,0.0,0.0001,False,0,1e-06,0.1,auto_augment,,original
44598277840991587,True,16,0.0,1.0,1.0,0.1,0.0,0.1,0.001,0.1,,True,0.0005,4.0,0.25,mobilevit_xs,0.0,momentum,5,1.0,8,2,plateau,0.05,0.001,False,0,0.0,0.0001,none,,
39996695977249092,False,16,0.001,1.0,2.0,0.0,0.0,0.1,0.0001,0.3,0.65,False,1e-05,4.0,0.0,convnext_small_384_in22ft1k,0.9,sgd,5,0.2,8,2,plateau,0.1,0.0,True,10,1e-06,0.0,auto_augment,,v0
101177511268964261,True,8,0.001,,0.5,2.0,10.0,0.1,0.1,0.4,0.75,False,0.0005,1.0,0.25,edgenext_x_small,0.9,adamp,10,0.4,8,2,multistep,0.1,0.01,False,10,1e-05,0.001,none,"(0.0, 0.999)",
27380924749766582,False,32,0.01,10.0,1.0,1.0,0.0,0.1,0.01,0.3,0.75,False,0.005,0.2,0.25,convnext_small_384_in22ft1k,0.9,adamw,10,0.8,8,2,cosine,0.0,0.0,True,10,0.0,0.001,none,"(0.0, 0.999)",
3824575428803624,False,32,0.001,,4.0,4.0,10.0,0.1,0.01,0.4,0.65,False,1e-05,1.0,0.75,edgenext_small,0.9,sgd,10,1.0,8,2,multistep,0.1,0.1,False,5,1e-05,0.001,none,,
57382279892315943,True,256,0.0001,,2.0,2.0,0.0,0.1,0.0,0.0,0.65,True,0.01,2.0,0.75,edgenext_x_small,0.9,adamp,10,0.4,8,2,cosine,0.1,0.1,False,5,1e-06,0.1,auto_augment,"(0.9, 0.99)",v0
13696480601788470,False,16,0.01,10.0,4.0,0.1,20.0,0.1,0.0001,0.2,0.75,False,1e-05,0.0,0.5,swinv2_base_window12to24_192to384_22kft1k,0.9,adam,10,1.0,8,2,multistep,0.1,0.001,False,5,0.0,1e-05,none,"(0.9, 0.999)",
20881948070183605,True,16,0.0001,1.0,1.0,2.0,10.0,0.5,0.1,0.0,,True,0.0001,4.0,0.5,edgenext_small,0.9,sgd,10,0.0,8,2,multistep,0.1,0.0001,False,5,1e-06,0.0001,none,,
34822923911274840,False,16,0.01,10.0,0.0,1.0,0.0,0.1,0.1,0.2,0.75,False,0.0005,0.4,0.5,convnext_small_384_in22ft1k,0.99,momentum,10,0.4,8,2,cosine,0.0,0.0001,False,5,1e-05,0.01,none,,
3041071383154898,False,4,0.001,,2.0,4.0,0.0,0.1,0.001,0.3,0.65,False,0.005,0.2,1.0,dla46x_c,0.9,adamp,10,0.4,8,2,cosine,0.1,0.001,False,10,0.0,0.001,none,"(0.9, 0.999)",
90751049613339207,True,256,0.1,10.0,1.0,0.1,20.0,0.5,0.001,0.3,0.65,False,1e-05,4.0,1.0,xcit_nano_12_p8_384_dist,0.9,adamp,10,1.0,8,2,multistep,0.1,0.01,True,5,0.0,0.01,trivial_augment,"(0.9, 0.99)",
90541826296672688,False,32,0.0,,4.0,0.5,0.0,0.1,0.1,0.2,0.75,False,0.001,1.0,0.5,beit_base_patch16_384,0.9,adamp,2,0.8,8,2,plateau,0.1,0.1,False,0,0.0,0.01,auto_augment,"(0.0, 0.999)",original
72975482177003284,False,8,0.0,10.0,0.0,2.0,0.0,0.1,0.0,0.2,0.75,False,0.005,0.4,0.0,dla46x_c,0.9,adam,10,0.8,8,2,cosine,0.0,0.1,False,0,0.0,0.1,none,"(0.0, 0.999)",
2780852490057122,False,32,0.01,,2.0,4.0,0.0,0.1,0.0001,0.3,,True,0.0001,0.2,0.5,edgenext_xx_small,0.9,adamp,10,0.2,8,2,cosine,0.05,0.0,True,0,0.0,0.001,none,"(0.9, 0.999)",
78017631817490412,False,16,0.001,,0.5,4.0,20.0,0.1,0.0,0.3,,True,1e-05,0.0,0.5,beit_large_patch16_512,0.9,adamp,10,1.0,8,2,step,0.0,0.0,False,5,1e-05,0.0001,none,"(0.9, 0.99)",
12723017760782076,False,128,0.01,1.0,0.5,0.0,0.0,0.1,0.1,0.4,0.65,False,0.001,2.0,1.0,mobilevitv2_075,0.9,adamw,10,0.6,8,2,cosine,0.0,0.01,True,0,1e-06,0.0001,trivial_augment,"(0.0, 0.99)",
49657887042528141,True,32,0.1,1.0,0.5,0.1,10.0,0.5,0.0,0.2,0.75,False,0.0005,0.2,0.25,xcit_tiny_24_p8_384_dist,0.0,momentum,10,0.6,8,2,multistep,0.1,0.1,True,0,1e-05,0.1,none,,
168344790485991307,True,16,0.0,,0.0,0.1,10.0,0.5,0.001,0.4,,False,1e-05,0.4,0.25,volo_d1_384,0.9,adamp,10,0.0,8,2,multistep,0.1,0.0,False,0,1e-05,1e-05,auto_augment,"(0.0, 0.99)",original
15799263297784499,True,64,0.0001,1.0,4.0,0.1,0.0,0.1,0.001,0.2,,False,0.0001,8.0,0.25,edgenext_x_small,0.9,adamw,10,0.2,8,2,cosine,0.0,0.01,False,0,1e-05,0.0,auto_augment,"(0.9, 0.999)",v0
39392897274647970,False,16,0.01,,2.0,2.0,0.0,0.1,0.0,0.3,0.65,False,0.0001,0.0,1.0,mobilevitv2_075,0.9,adamp,10,0.4,8,2,cosine,0.1,0.0,True,5,0.0,0.0,auto_augment,"(0.0, 0.99)",v0
21423857035267901,True,64,0.0,1.0,0.0,4.0,0.0,0.1,0.0001,0.2,0.75,True,0.0001,0.4,0.75,edgenext_xx_small,0.9,adamp,2,0.8,9,2,plateau,0.1,0.001,True,5,1e-05,0.0001,random_augment,"(0.9, 0.99)",
6943083439500167,True,8,0.1,1.0,0.0,2.0,0.0,0.1,0.0001,0.4,,False,0.001,0.2,0.5,convnext_small_384_in22ft1k,0.9,adamw,10,0.8,8,2,cosine,0.1,0.001,False,5,0.0,0.0,trivial_augment,"(0.9, 0.999)",
7002311251205280,False,128,0.0001,,0.0,4.0,0.0,0.1,0.0001,0.4,0.65,False,0.0001,0.2,0.5,mobilevit_xs,0.9,adamp,10,1.0,8,2,cosine,0.1,0.0001,True,5,0.0,0.0,none,"(0.9, 0.999)",
23429359728544459,True,128,0.001,1.0,0.5,4.0,0.0,0.1,0.001,0.3,,True,0.01,0.0,0.25,edgenext_small,0.9,adamw,2,1.0,8,2,plateau,0.05,0.0001,False,0,1e-06,0.0,auto_augment,"(0.9, 0.999)",original
23409866327814918,False,2,0.0001,10.0,0.5,4.0,0.0,0.1,0.0,0.2,,False,5e-05,8.0,0.5,dla46x_c,0.9,adamw,10,0.4,8,2,cosine,0.05,0.0,False,0,1e-06,0.0,auto_augment,"(0.9, 0.999)",original
3593536564077215,True,512,0.0001,1.0,1.0,0.0,10.0,0.1,0.1,0.3,,False,1e-05,8.0,1.0,edgenext_x_small,0.9,sgd,10,1.0,8,2,step,0.05,0.1,True,10,1e-06,0.001,none,,
116579126936773405,True,2,0.01,10.0,0.5,4.0,10.0,0.5,0.0001,0.3,0.75,False,0.001,0.0,0.25,volo_d1_384,0.95,momentum,10,0.2,8,2,step,0.05,0.0,False,0,1e-06,0.001,none,,
30394802256012044,False,32,0.001,1.0,2.0,0.25,0.0,0.1,0.01,0.0,,True,0.0005,4.0,0.0,edgenext_small,0.9,adam,2,0.0,8,2,plateau,0.1,0.0,True,5,1e-06,1e-05,none,"(0.0, 0.999)",
30097450796574139,True,16,0.1,1.0,0.5,4.0,0.0,0.1,0.001,0.0,0.75,False,0.005,4.0,0.25,edgenext_x_small,0.9,adamw,10,0.8,8,2,cosine,0.0,0.0001,True,10,0.0,1e-05,none,"(0.0, 0.999)",
59234294287232703,True,32,0.01,10.0,2.0,0.1,20.0,0.5,0.01,0.2,0.65,True,0.001,0.2,0.5,edgenext_x_small,0.9,adamp,10,0.0,9,2,multistep,0.0,0.01,True,5,1e-05,0.01,random_augment,"(0.0, 0.99)",
395257056974967789,True,32,0.0,,4.0,1.0,10.0,0.1,0.01,0.1,0.75,False,1e-05,0.4,0.0,edgenext_xx_small,0.9,adam,10,0.8,17,3,step,0.05,0.0,True,0,1e-05,1e-05,random_augment,"(0.9, 0.999)",
365431048244228,False,4,0.001,1.0,0.0,0.1,0.0,0.1,0.01,0.4,0.65,False,0.0005,1.0,1.0,mobilevit_xs,0.9,sgd,10,0.4,8,2,cosine,0.05,0.1,False,10,0.0,0.1,none,,
48361723289600740,False,512,0.01,10.0,1.0,0.1,20.0,0.1,0.001,0.2,0.65,False,0.0005,4.0,0.75,dla46x_c,0.9,adamw,10,0.6,8,2,step,0.05,0.01,False,5,1e-05,0.0,none,"(0.0, 0.99)",
2416134201634891,True,2,0.0,1.0,0.0,1.0,0.0,0.1,0.01,0.4,0.75,False,0.001,0.2,0.75,tf_efficientnet_b6_ns,0.9,sgd,10,0.8,8,2,cosine,0.0,0.0001,False,5,1e-05,0.01,none,,
36605805323972863,True,128,0.0,,0.0,0.0,10.0,0.1,0.01,0.0,0.65,True,0.01,0.0,1.0,xcit_nano_12_p8_384_dist,0.9,adam,10,1.0,8,2,multistep,0.1,0.1,True,0,0.0,0.0001,trivial_augment,"(0.0, 0.99)",
19277153339958203,True,8,0.0001,1.0,1.0,2.0,10.0,0.5,0.0001,0.2,0.65,False,1e-05,2.0,0.5,edgenext_xx_small,0.9,sgd,10,0.6,8,2,multistep,0.1,0.1,False,10,0.0,0.001,none,,
61934382049241880,False,2,0.0,1.0,1.0,1.0,20.0,0.5,0.01,0.2,0.65,False,0.0005,0.0,0.25,beit_base_patch16_384,0.9,adam,10,0.8,8,2,step,0.0,0.01,True,5,1e-05,0.0001,trivial_augment,"(0.0, 0.99)",
86617889993016975,True,4,0.1,10.0,0.5,0.25,0.0,0.1,0.01,0.3,0.65,False,0.01,0.0,0.5,volo_d3_448,0.9,adamw,10,0.6,8,2,cosine,0.05,0.01,False,5,0.0,1e-05,auto_augment,"(0.0, 0.999)",v0
32228082396653743,True,2,0.1,1.0,4.0,4.0,20.0,0.5,0.01,0.4,0.65,False,0.001,4.0,0.75,xcit_nano_12_p8_384_dist,0.9,sgd,10,0.0,8,2,step,0.0,0.01,True,5,1e-05,0.0,none,,
12200176295189970,False,16,0.01,,2.0,4.0,20.0,0.1,0.0,0.4,,True,1e-05,0.0,1.0,xcit_small_12_p8_384_dist,0.0,momentum,10,1.0,8,2,step,0.0,0.01,False,0,0.0,0.0001,none,,
110534713907928648,False,16,0.1,1.0,4.0,0.0,20.0,0.1,0.01,0.1,,True,0.0001,0.2,1.0,volo_d5_448,0.9,adamw,10,1.0,8,2,multistep,0.05,0.001,True,5,1e-05,0.0001,none,"(0.0, 0.999)",
42948000678317671,True,2,0.0,1.0,4.0,0.5,0.0,0.1,0.0,0.2,0.65,False,1e-05,2.0,0.0,mobilevit_xs,0.9,adam,5,1.0,8,2,plateau,0.05,0.001,False,5,1e-05,0.01,trivial_augment,"(0.0, 0.99)",
14487921482259303,True,32,0.01,,1.0,0.0,0.0,0.1,0.0001,0.3,0.75,True,0.005,4.0,0.75,mobilevit_xxs,0.9,sgd,10,0.2,17,2,cosine,0.1,0.0,True,0,1e-05,1e-05,random_augment,,
2711497914809898,False,16,0.1,,0.5,0.1,0.0,0.1,0.1,0.3,,False,1e-05,2.0,0.5,xcit_tiny_12_p8_384_dist,0.9,adamp,10,1.0,8,2,cosine,0.1,0.0,False,0,0.0,0.001,none,"(0.9, 0.999)",
46921682494506099,True,4,0.001,1.0,0.5,0.0,20.0,0.1,0.0001,0.1,0.75,False,0.0005,0.4,0.25,edgenext_xx_small,0.9,sgd,10,1.0,17,2,step,0.05,0.001,True,0,1e-05,1e-05,random_augment,,
1760508760076587,True,2,0.001,1.0,2.0,0.5,0.0,0.1,0.001,0.4,,False,5e-05,0.2,0.0,convnext_small_384_in22ft1k,0.9,sgd,10,0.2,8,2,cosine,0.05,0.001,True,10,0.0,0.01,none,,
21250251072714369,True,4,0.001,10.0,0.0,0.5,0.0,0.1,0.1,0.0,0.75,False,5e-05,0.4,1.0,edgenext_small,0.9,adam,10,0.2,9,2,cosine,0.05,0.0001,True,0,1e-05,0.0001,random_augment,"(0.9, 0.99)",
27854519381040464,False,32,0.001,,0.5,4.0,0.0,0.1,0.001,0.3,0.75,False,0.0001,0.4,0.25,deit3_small_patch16_384_in21ft1k,0.9,adamw,2,0.2,8,2,plateau,0.05,0.0001,True,10,1e-06,0.001,trivial_augment,"(0.0, 0.999)",
539909191882735311,True,4,0.0001,1.0,0.0,4.0,10.0,0.5,0.1,0.3,,False,0.0005,8.0,0.75,beit_base_patch16_384,0.8,momentum,10,0.8,17,3,step,0.0,0.001,True,5,1e-05,0.0001,random_augment,,
6166519923477819,True,4,0.001,1.0,1.0,0.1,0.0,0.1,0.0001,0.2,0.75,False,0.01,0.0,1.0,edgenext_x_small,0.9,sgd,10,0.4,8,2,cosine,0.0,0.0001,False,10,1e-06,1e-05,none,,
62400574093284317,True,64,0.001,1.0,4.0,1.0,20.0,0.5,0.0001,0.4,0.65,False,5e-05,8.0,0.25,convnext_small_384_in22ft1k,0.9,sgd,10,1.0,17,2,multistep,0.0,0.1,True,5,0.0,1e-05,random_augment,,
11552097679018676,False,32,0.0001,1.0,2.0,4.0,0.0,0.1,0.1,0.1,,False,0.0001,2.0,1.0,mobilevitv2_075,0.9,adam,2,1.0,8,2,plateau,0.1,0.1,True,5,1e-06,0.001,trivial_augment,"(0.0, 0.99)",
73290741558466186,False,64,0.001,,1.0,4.0,0.0,0.1,0.001,0.2,0.65,False,0.001,4.0,0.0,dla46x_c,0.9,adamw,10,1.0,9,3,cosine,0.0,0.0,True,10,0.0,0.1,random_augment,"(0.0, 0.99)",
79922766665982643,True,16,0.001,10.0,0.5,4.0,20.0,0.1,0.001,0.1,0.75,False,0.01,1.0,0.75,tf_efficientnet_b7_ns,0.9,adam,10,0.8,8,2,step,0.0,0.001,True,5,0.0,0.0,trivial_augment,"(0.9, 0.99)",
20291696928754974,False,2,0.01,10.0,1.0,0.25,10.0,0.5,0.001,0.3,,False,5e-05,0.0,0.75,xcit_small_12_p8_384_dist,0.0,momentum,10,1.0,9,2,step,0.05,0.001,False,0,0.0,0.0001,random_augment,,
55027103894893590,False,16,0.01,10.0,0.0,1.0,0.0,0.1,0.001,0.1,0.65,False,5e-05,2.0,0.75,edgenext_x_small,0.9,adam,10,0.8,8,2,cosine,0.1,0.001,True,0,1e-05,1e-05,none,"(0.9, 0.99)",
151437366253108587,True,4,0.01,1.0,1.0,0.0,10.0,0.5,0.0,0.1,0.75,False,5e-05,8.0,1.0,beit_large_patch16_512,0.9,adam,10,1.0,17,2,multistep,0.1,0.01,False,5,0.0,1e-05,random_augment,"(0.9, 0.999)",
8002186040332613,True,64,0.1,10.0,0.0,0.1,0.0,0.1,0.0,0.4,0.65,False,0.005,8.0,1.0,volo_d1_384,0.9,sgd,10,0.8,8,2,cosine,0.05,0.01,False,10,1e-05,0.0,none,,
39070141938145727,True,512,0.0,10.0,4.0,0.0,10.0,0.1,0.0,0.0,,True,1e-05,0.2,0.75,mobilevit_xxs,0.9,adamw,10,0.8,8,2,step,0.0,0.1,False,10,1e-05,1e-05,trivial_augment,"(0.0, 0.99)",
68601591291583961,True,512,0.01,,1.0,0.0,10.0,0.5,0.0,0.0,0.65,False,5e-05,4.0,0.5,edgenext_xx_small,0.9,sgd,10,0.8,8,2,multistep,0.05,0.001,False,5,1e-05,0.001,auto_augment,,original
25400429286735986,False,32,0.0001,,2.0,0.5,0.0,0.1,0.1,0.4,0.75,True,0.0005,2.0,0.5,xcit_tiny_12_p8_384_dist,0.9,adamp,10,0.6,9,2,cosine,0.0,0.01,False,5,1e-05,0.1,random_augment,"(0.0, 0.999)",
220320323553953563,True,16,0.001,,0.5,0.25,20.0,0.1,0.1,0.4,0.65,False,0.005,0.0,0.0,convnext_small_384_in22ft1k,0.9,adam,10,1.0,8,2,multistep,0.0,0.0,True,5,0.0,0.01,none,"(0.9, 0.99)",
40350380768702549,True,512,0.1,,2.0,1.0,10.0,0.1,0.0001,0.1,0.75,False,0.001,4.0,0.25,edgenext_xx_small,0.9,adamw,10,0.8,8,2,step,0.05,0.1,True,5,1e-05,0.0,trivial_augment,"(0.0, 0.99)",
284657734715239273,True,128,0.0,,2.0,0.1,0.0,0.1,0.1,0.3,0.65,True,5e-05,4.0,1.0,mobilevit_xs,0.0,momentum,5,0.2,17,3,plateau,0.05,0.01,False,5,1e-05,0.1,random_augment,,
133126081917472282,False,8,0.0001,10.0,4.0,4.0,0.0,0.1,0.0,0.1,0.65,False,5e-05,0.0,0.5,mobilevitv2_075,0.8,momentum,10,0.0,17,3,cosine,0.05,0.01,False,10,1e-06,0.001,random_augment,,
3697278394240891,True,2,0.0,10.0,2.0,4.0,0.0,0.1,0.0001,0.1,0.65,False,0.0001,0.4,0.0,deit3_small_patch16_384_in21ft1k,0.9,adam,10,0.6,8,2,cosine,0.05,0.0001,True,0,1e-05,0.001,none,"(0.9, 0.999)",
15193643687527580,False,32,0.1,,0.0,0.1,0.0,0.1,0.0001,0.0,0.75,False,0.01,0.2,0.25,xcit_tiny_12_p8_384_dist,0.9,adamw,10,0.8,8,2,cosine,0.1,0.001,False,10,0.0,0.0,auto_augment,"(0.9, 0.999)",v0
193945708075681620,False,2,0.0,1.0,4.0,4.0,0.0,0.1,0.0,0.1,0.65,False,0.01,0.4,0.25,xcit_tiny_24_p8_384_dist,0.9,adam,5,0.2,8,2,plateau,0.0,0.001,True,10,1e-06,0.0,auto_augment,"(0.0, 0.999)",original
13689063534706731,True,32,0.1,1.0,2.0,2.0,0.0,0.1,0.0,0.1,0.65,True,1e-05,2.0,0.0,xcit_nano_12_p8_384_dist,0.9,adamp,10,0.4,8,2,cosine,0.05,0.001,False,5,0.0,1e-05,none,"(0.0, 0.99)",
374183811567691939,True,2,0.0001,1.0,4.0,1.0,20.0,0.5,0.0,0.3,0.75,False,0.0005,2.0,0.25,convnext_small_384_in22ft1k,0.9,adamp,10,0.4,8,2,multistep,0.1,0.0,False,5,0.0,0.01,auto_augment,"(0.0, 0.999)",v0
21991130223452056,False,64,0.001,10.0,4.0,0.25,0.0,0.1,0.001,0.2,0.65,False,0.01,0.0,0.75,edgenext_xx_small,0.9,adamp,10,1.0,8,2,cosine,0.1,0.0,True,10,0.0,1e-05,trivial_augment,"(0.9, 0.99)",
62209492742946396,False,128,0.01,,4.0,1.0,20.0,0.5,0.01,0.3,0.65,True,5e-05,0.4,0.75,dla46x_c,0.9,adamw,10,0.8,8,2,step,0.05,0.0001,True,0,0.0,1e-05,trivial_augment,"(0.0, 0.99)",
23365354378788496,False,64,0.001,1.0,2.0,1.0,0.0,0.1,0.0001,0.4,,False,0.0005,0.0,0.0,edgenext_xx_small,0.9,adamw,10,1.0,8,2,cosine,0.05,0.001,True,10,0.0,0.0,auto_augment,"(0.9, 0.999)",original
202035438058179290,False,256,0.001,10.0,2.0,4.0,10.0,0.1,0.0001,0.1,0.65,False,1e-05,0.0,0.0,edgenext_xx_small,0.9,adamw,10,0.4,8,2,step,0.05,0.0001,True,10,1e-06,0.0,none,"(0.9, 0.99)",
113858997895226492,False,32,0.01,1.0,1.0,0.0,10.0,0.5,0.0001,0.2,0.65,True,1e-05,0.0,0.5,edgenext_xx_small,0.9,adam,10,0.6,8,2,step,0.0,0.1,True,10,0.0,0.1,none,"(0.0, 0.999)",
18735476209509019,True,128,0.001,,0.5,0.25,0.0,0.1,0.0,0.4,0.65,True,1e-05,1.0,0.25,xcit_tiny_12_p8_384_dist,0.9,adamw,10,1.0,8,2,cosine,0.1,0.01,True,5,1e-05,0.01,none,"(0.9, 0.99)",
57498924949046191,True,2,0.0,10.0,2.0,0.25,20.0,0.5,0.001,0.2,,False,0.01,8.0,0.25,deit3_small_patch16_384_in21ft1k,0.9,adamw,10,0.0,9,2,multistep,0.05,0.001,False,10,1e-06,0.1,random_augment,"(0.0, 0.99)",
35677605885858614,False,4,0.1,1.0,0.0,1.0,0.0,0.1,0.001,0.2,,False,1e-05,0.0,1.0,dla46x_c,0.99,momentum,10,1.0,8,2,cosine,0.0,0.01,True,0,1e-06,0.001,trivial_augment,,
57758187589336391,True,8,0.001,1.0,2.0,0.0,20.0,0.5,0.0,0.4,0.75,False,0.0005,8.0,0.25,mobilevit_xxs,0.9,adamp,10,0.2,8,2,step,0.1,0.1,True,0,1e-05,0.1,trivial_augment,"(0.0, 0.99)",
62041266391362769,True,2,0.0001,1.0,2.0,0.25,0.0,0.1,0.0001,0.2,0.65,False,0.0001,0.4,0.5,volo_d4_448,0.9,adamw,2,0.6,8,2,plateau,0.0,0.0,True,10,1e-05,0.0001,auto_augment,"(0.9, 0.99)",v0
10573508026779103,True,2,0.1,1.0,1.0,0.5,0.0,0.1,0.0,0.4,0.75,False,0.0001,0.0,1.0,xcit_tiny_24_p8_384_dist,0.9,sgd,10,0.6,8,2,cosine,0.1,0.1,False,5,1e-05,0.01,auto_augment,,v0
13018169438264870,False,32,0.1,10.0,2.0,0.1,0.0,0.1,0.0,0.2,0.75,True,0.0005,8.0,0.0,edgenext_small,0.8,momentum,10,0.8,8,2,cosine,0.1,0.001,True,10,1e-06,0.0001,trivial_augment,,
20020159817941114,False,64,0.01,1.0,2.0,4.0,0.0,0.1,0.001,0.3,,False,5e-05,0.2,0.75,edgenext_xx_small,0.9,momentum,10,0.4,8,2,cosine,0.05,0.1,False,5,1e-05,0.001,trivial_augment,,
39988910874610727,True,512,0.0,,2.0,0.0,0.0,0.1,0.0,0.4,0.65,False,0.005,4.0,1.0,edgenext_x_small,0.99,momentum,10,0.4,9,2,cosine,0.05,0.0,True,10,1e-06,0.0,random_augment,,
76829938931072524,False,8,0.0,10.0,1.0,0.25,0.0,0.1,0.1,0.1,0.65,True,1e-05,0.4,0.25,mobilevit_xxs,0.9,adamp,10,0.4,9,3,cosine,0.0,0.0001,False,10,1e-05,0.001,random_augment,"(0.0, 0.99)",
15775814102240293,True,16,0.001,1.0,2.0,0.25,20.0,0.1,0.1,0.4,0.75,False,1e-05,2.0,0.0,xcit_small_12_p8_384_dist,0.9,sgd,10,1.0,8,2,step,0.05,0.0001,False,0,1e-05,0.0,trivial_augment,,
43617742992264083,True,8,0.0001,10.0,4.0,0.5,0.0,0.1,0.01,0.3,0.65,True,5e-05,4.0,1.0,tf_efficientnet_b7_ns,0.8,momentum,2,0.6,8,2,plateau,0.0,0.001,True,10,0.0,0.001,auto_augment,,original
24603490665521234,False,32,0.001,1.0,0.0,0.5,20.0,0.5,0.001,0.3,0.65,False,0.005,8.0,0.5,dla46x_c,0.9,sgd,10,1.0,8,2,multistep,0.1,0.1,True,5,0.0,0.1,trivial_augment,,
18032881738907334,False,128,0.1,10.0,0.5,1.0,0.0,0.1,0.01,0.2,,False,0.001,8.0,0.25,mobilevitv2_075,0.9,adamp,2,0.4,8,2,plateau,0.1,0.0001,False,0,1e-06,0.01,none,"(0.9, 0.99)",
93209843956533499,True,2,0.0001,1.0,1.0,4.0,20.0,0.5,0.01,0.2,0.65,False,5e-05,2.0,0.0,xcit_nano_12_p8_384_dist,0.9,adamp,10,0.2,8,2,step,0.1,0.001,False,0,0.0,0.0001,auto_augment,"(0.9, 0.999)",original
20054434734510238,False,64,0.0001,10.0,4.0,0.1,0.0,0.1,0.001,0.3,0.75,True,0.005,4.0,1.0,mobilevit_xxs,0.9,adamp,10,0.6,8,2,cosine,0.1,0.0001,True,5,1e-05,0.001,none,"(0.9, 0.99)",
19335359728360325,True,64,0.01,1.0,0.5,4.0,0.0,0.1,0.0001,0.1,0.65,False,0.005,0.4,0.25,mobilevitv2_075,0.9,momentum,10,0.8,8,2,cosine,0.1,0.01,True,10,0.0,0.001,none,,
13050484806207674,False,4,0.1,,0.0,1.0,20.0,0.1,0.1,0.4,0.65,False,5e-05,0.4,1.0,mobilevit_xxs,0.9,sgd,10,0.0,8,2,multistep,0.1,0.1,True,10,1e-06,0.0001,none,,
115073957388308504,False,256,0.0,1.0,0.0,0.1,10.0,0.5,0.001,0.3,0.75,True,0.005,0.2,1.0,edgenext_x_small,0.9,adamp,10,0.2,8,2,step,0.0,0.0,False,10,0.0,0.01,trivial_augment,"(0.0, 0.999)",
34451874361327441,True,128,0.0001,,2.0,1.0,0.0,0.1,0.1,0.0,0.65,True,0.001,0.0,0.0,dla46x_c,0.99,momentum,10,0.4,8,2,cosine,0.05,0.0001,True,5,1e-06,0.01,none,,
9937297166162693,True,8,0.0001,,0.5,0.1,0.0,0.1,0.001,0.4,0.75,False,0.0005,1.0,0.0,edgenext_xx_small,0.9,adam,10,0.4,8,2,cosine,0.05,0.001,False,0,1e-06,0.01,trivial_augment,"(0.0, 0.99)",
123790663327766514,False,16,0.0001,,1.0,0.25,20.0,0.5,0.0001,0.4,,False,0.0005,0.2,0.5,mobilevit_xs,0.95,momentum,10,0.4,8,2,step,0.0,0.0001,False,0,1e-05,0.01,trivial_augment,,
5111685220956447,True,4,0.01,10.0,2.0,1.0,0.0,0.1,0.0,0.0,,False,0.01,8.0,0.5,xcit_nano_12_p8_384_dist,0.0,momentum,10,0.8,8,2,cosine,0.1,0.0,False,5,1e-05,0.0001,none,,
9537248987528571,True,32,0.1,10.0,2.0,4.0,0.0,0.1,0.01,0.4,,False,0.001,4.0,0.5,edgenext_small,0.9,adamw,10,0.4,8,2,cosine,0.1,0.0,True,0,0.0,0.01,none,"(0.0, 0.99)",
29870088365085932,False,4,0.0,10.0,0.0,0.25,0.0,0.1,0.001,0.2,,False,1e-05,4.0,0.0,beit_base_patch16_384,0.9,adamp,2,0.4,8,2,plateau,0.1,0.0,False,5,0.0,1e-05,trivial_augment,"(0.0, 0.999)",
127301255089104123,True,32,0.01,10.0,4.0,0.1,20.0,0.5,0.0,0.3,0.65,False,0.005,0.0,0.5,edgenext_x_small,0.9,adamp,10,0.2,8,2,step,0.0,0.0,True,10,0.0,1e-05,trivial_augment,"(0.0, 0.999)",
31455455570836797,True,4,0.01,1.0,0.0,1.0,0.0,0.1,0.0001,0.1,0.65,False,0.01,0.0,0.0,tf_efficientnet_b7_ns,0.95,momentum,2,0.6,8,2,plateau,0.05,0.0001,True,10,0.0,0.0,trivial_augment,,
79333832674113267,True,4,0.01,,2.0,0.1,20.0,0.1,0.001,0.4,0.75,False,0.01,2.0,1.0,xcit_tiny_24_p8_384_dist,0.9,adam,10,1.0,8,2,multistep,0.1,0.001,True,0,1e-05,1e-05,trivial_augment,"(0.9, 0.99)",
19334628601104640,False,8,0.001,10.0,0.5,0.25,0.0,0.1,0.0,0.3,,True,0.005,4.0,1.0,edgenext_x_small,0.9,adamp,10,1.0,8,2,cosine,0.1,0.01,True,10,0.0,0.001,trivial_augment,"(0.9, 0.99)",
20173954384945520,False,32,0.1,,1.0,4.0,0.0,0.1,0.0001,0.1,0.75,False,0.001,2.0,1.0,mobilevit_xs,0.9,adamp,10,0.0,8,2,cosine,0.1,0.1,False,10,1e-05,0.001,none,"(0.9, 0.99)",
56246857634841198,False,16,0.1,,0.5,0.25,0.0,0.1,0.0001,0.3,,True,0.001,4.0,0.25,tf_efficientnet_b4_ns,0.9,adamw,10,0.2,8,2,cosine,0.0,0.1,True,10,1e-06,0.0,none,"(0.9, 0.99)",
440150224957275858,False,16,0.1,10.0,0.0,0.25,10.0,0.5,0.0,0.1,0.65,False,0.005,0.2,0.5,mobilevitv2_075,0.9,adamp,10,0.4,17,3,step,0.1,0.001,True,10,1e-05,0.01,random_augment,"(0.0, 0.99)",
2549496864349305,True,32,0.001,1.0,0.5,0.5,0.0,0.1,0.01,0.3,0.65,False,5e-05,1.0,0.75,deit3_small_patch16_384_in21ft1k,0.9,sgd,2,0.0,8,2,plateau,0.1,0.1,True,5,1e-05,0.01,trivial_augment,,
49824321956897812,False,512,0.001,,2.0,4.0,0.0,0.1,0.01,0.4,0.65,True,1e-05,0.2,1.0,edgenext_small,0.9,adamw,5,1.0,8,2,plateau,0.1,0.0,False,10,1e-05,0.1,trivial_augment,"(0.9, 0.99)",
29147445494134596,False,2,0.001,,2.0,0.0,0.0,0.1,0.01,0.3,0.65,False,0.0005,1.0,0.0,beit_large_patch16_512,0.9,adamp,10,1.0,8,2,cosine,0.1,0.001,False,10,1e-06,0.0001,none,"(0.0, 0.99)",
444700671322570022,False,4,0.0,,0.5,0.5,10.0,0.5,0.0001,0.1,,False,0.0005,8.0,1.0,xcit_small_12_p8_384_dist,0.9,adam,10,0.0,17,3,step,0.0,0.0001,False,0,1e-06,0.0,random_augment,"(0.0, 0.99)",
105482623533112982,False,4,0.0,,4.0,0.25,20.0,0.1,0.1,0.2,0.75,False,0.0005,1.0,0.5,edgenext_xx_small,0.9,adamw,10,0.8,8,2,step,0.1,0.0,False,5,0.0,0.1,none,"(0.0, 0.999)",
80130522969700194,False,128,0.1,,2.0,0.0,0.0,0.1,0.01,0.3,0.65,True,5e-05,1.0,0.0,mobilevit_xs,0.9,adamw,10,0.4,9,3,cosine,0.0,0.0001,False,0,1e-06,0.0,random_augment,"(0.0, 0.99)",
159299758730018632,False,8,0.0001,1.0,0.5,4.0,0.0,0.1,0.0001,0.1,0.65,False,0.001,2.0,0.5,xcit_small_12_p8_384_dist,0.9,adamp,5,0.8,8,2,plateau,0.1,0.001,True,10,1e-05,0.0001,auto_augment,"(0.9, 0.99)",v0
369847125180500208,False,16,0.1,10.0,0.0,0.5,20.0,0.1,0.0,0.3,,False,0.005,0.2,0.0,beit_base_patch16_384,0.9,adamw,10,0.6,9,3,step,0.1,0.0001,False,10,1e-05,0.0001,random_augment,"(0.0, 0.999)",
26721253131617247,True,256,0.1,10.0,4.0,0.5,0.0,0.1,0.01,0.1,0.65,True,0.01,4.0,1.0,edgenext_xx_small,0.95,momentum,10,0.2,8,2,cosine,0.0,0.0001,False,5,1e-05,0.01,trivial_augment,,
5492889176532976,False,64,0.001,,4.0,2.0,0.0,0.1,0.1,0.0,0.65,False,0.01,0.2,1.0,edgenext_small,0.9,sgd,10,1.0,9,2,cosine,0.0,0.0001,True,0,0.0,1e-05,random_augment,,
56589902175033468,False,2,0.0001,10.0,0.5,0.5,0.0,0.1,0.001,0.0,0.65,False,1e-05,8.0,1.0,mobilevit_xxs,0.9,adam,2,0.2,8,2,plateau,0.1,0.0001,False,10,1e-05,0.0,none,"(0.9, 0.99)",
61825037082787336,False,8,0.1,,2.0,0.5,20.0,0.5,0.01,0.1,0.65,True,0.005,0.2,0.75,xcit_small_12_p8_384_dist,0.9,adam,10,0.4,8,2,multistep,0.1,0.0,False,5,1e-05,0.0001,none,"(0.0, 0.99)",
456014470538412290,False,4,0.0001,,0.5,0.25,10.0,0.1,0.01,0.3,0.75,False,0.0005,0.4,0.25,edgenext_small,0.9,adam,10,0.8,17,3,multistep,0.0,0.0,True,0,1e-05,0.01,random_augment,"(0.9, 0.99)",
104701109548588564,False,8,0.0,10.0,4.0,0.0,0.0,0.1,0.01,0.0,0.65,False,1e-05,8.0,0.0,edgenext_xx_small,0.9,adam,10,0.4,17,3,cosine,0.1,0.01,True,5,1e-06,0.0,random_augment,"(0.9, 0.999)",
423857265640426108,False,64,0.0001,10.0,0.0,1.0,10.0,0.1,0.001,0.4,0.65,True,0.001,2.0,0.75,mobilevit_xs,0.9,adam,10,0.6,17,3,step,0.1,0.0001,False,10,1e-05,0.01,random_augment,"(0.0, 0.99)",
47860290590426465,True,8,0.0,,2.0,4.0,0.0,0.1,0.1,0.2,,False,0.0001,0.4,0.0,mobilevit_xs,0.9,adamw,10,0.2,8,2,cosine,0.0,0.0,False,5,1e-06,0.0,auto_augment,"(0.0, 0.99)",original
39631712186682630,False,2,0.0,10.0,0.0,2.0,0.0,0.1,0.0001,0.1,0.75,False,0.005,0.2,0.25,edgenext_xx_small,0.9,adam,5,0.2,9,2,plateau,0.05,0.0001,False,0,1e-06,0.0,random_augment,"(0.9, 0.999)",
58920753069454761,True,32,0.1,10.0,0.0,0.0,0.0,0.1,0.001,0.0,,False,1e-05,8.0,0.0,convnext_small_384_in22ft1k,0.9,sgd,5,0.8,17,3,plateau,0.0,0.001,True,10,1e-06,0.01,random_augment,,
139093208071012958,False,256,0.01,1.0,0.0,1.0,20.0,0.1,0.01,0.1,0.75,True,0.005,1.0,0.75,edgenext_xx_small,0.99,momentum,10,0.0,8,2,step,0.0,0.0001,False,0,0.0,0.01,none,,
69062934443240179,True,2,0.0001,10.0,4.0,1.0,0.0,0.1,0.001,0.1,0.75,False,1e-05,8.0,0.0,xcit_tiny_24_p8_384_dist,0.9,adamw,2,1.0,17,2,plateau,0.0,0.01,False,5,0.0,0.0001,random_augment,"(0.9, 0.999)",
89737964236426533,True,256,0.0001,1.0,2.0,0.5,0.0,0.1,0.1,0.3,,True,0.01,0.0,0.75,edgenext_xx_small,0.9,adam,10,0.0,8,2,cosine,0.05,0.0001,False,5,1e-06,0.1,auto_augment,"(0.0, 0.999)",original
21714965612708125,True,128,0.1,1.0,0.0,2.0,0.0,0.1,0.1,0.0,0.65,True,1e-05,0.2,0.5,deit3_small_patch16_384_in21ft1k,0.9,momentum,10,1.0,8,2,cosine,0.05,0.001,True,0,0.0,1e-05,none,,
104842190856523482,False,2,0.1,1.0,0.5,0.0,10.0,0.1,0.001,0.2,,False,0.0001,0.2,0.75,deit3_small_patch16_384_in21ft1k,0.9,adamp,10,0.4,8,2,step,0.0,0.01,True,10,1e-06,0.0,trivial_augment,"(0.0, 0.999)",
18190078351803866,False,4,0.01,1.0,0.5,4.0,0.0,0.1,0.0,0.3,0.75,False,0.001,0.4,0.75,mobilevitv2_075,0.9,adamp,10,0.6,8,2,cosine,0.05,0.001,False,5,1e-06,0.01,auto_augment,"(0.9, 0.999)",original
53934719687463679,True,16,0.1,,0.0,0.1,0.0,0.1,0.0001,0.0,0.65,False,0.01,4.0,1.0,volo_d1_384,0.9,adam,5,0.6,8,2,plateau,0.1,0.1,False,10,1e-05,0.0001,trivial_augment,"(0.9, 0.99)",
120668638925818105,True,16,0.0001,1.0,1.0,0.1,0.0,0.1,0.1,0.4,0.75,False,0.0001,8.0,0.25,xcit_nano_12_p8_384_dist,0.9,adamw,10,1.0,17,3,cosine,0.0,0.01,False,0,1e-06,0.0,random_augment,"(0.9, 0.99)",
61271676888782034,False,128,0.1,1.0,2.0,0.1,0.0,0.1,0.0001,0.2,0.65,False,0.0005,8.0,0.0,edgenext_x_small,0.9,adamp,10,0.0,17,2,cosine,0.0,0.1,False,0,1e-06,0.0001,random_augment,"(0.0, 0.999)",
27028773613062122,False,256,0.0001,,1.0,4.0,20.0,0.5,0.0,0.1,0.65,False,0.0001,0.4,0.0,edgenext_x_small,0.9,sgd,10,0.8,8,2,multistep,0.05,0.0001,False,0,0.0,0.001,trivial_augment,,
18716981690009731,True,128,0.0001,1.0,2.0,2.0,10.0,0.5,0.001,0.3,0.65,True,0.0001,4.0,0.75,edgenext_xx_small,0.9,adamw,10,0.4,8,2,multistep,0.05,0.001,True,5,1e-05,0.01,trivial_augment,"(0.9, 0.999)",
203761465278494300,False,32,0.1,10.0,1.0,0.0,20.0,0.1,0.001,0.1,,False,0.005,0.2,0.0,dla46x_c,0.9,adamp,10,0.0,17,2,multistep,0.05,0.0001,False,10,1e-05,0.1,random_augment,"(0.9, 0.99)",
126686635974306934,False,512,0.0001,1.0,2.0,0.25,20.0,0.5,0.01,0.4,0.65,False,5e-05,0.0,1.0,edgenext_small,0.9,adamp,10,0.8,9,2,step,0.0,0.1,False,5,1e-05,0.0001,random_augment,"(0.0, 0.999)",
71783987888724680,False,4,0.0001,1.0,0.5,0.0,0.0,0.1,0.01,0.3,0.65,False,1e-05,0.0,0.5,mobilevit_xs,0.9,adamp,10,0.4,9,3,cosine,0.1,0.1,False,5,0.0,0.0,random_augment,"(0.9, 0.999)",
289072061267084918,False,32,0.0,1.0,0.5,0.0,20.0,0.5,0.1,0.0,0.75,True,0.0005,0.4,0.75,mobilevitv2_075,0.9,momentum,10,0.8,8,2,step,0.1,0.001,True,0,0.0,1e-05,auto_augment,,original
7295961684791815,True,16,0.0001,10.0,2.0,0.0,0.0,0.1,0.0001,0.2,0.65,False,0.0001,0.0,0.0,xcit_nano_12_p8_384_dist,0.9,adam,2,0.6,8,2,plateau,0.0,0.0001,True,0,1e-06,0.0,none,"(0.9, 0.999)",
4756951489466745,True,32,0.001,10.0,0.5,0.5,0.0,0.1,0.1,0.4,,True,0.005,1.0,0.25,xcit_nano_12_p8_384_dist,0.0,momentum,10,0.0,8,2,cosine,0.0,0.001,True,5,1e-06,0.0001,none,,
126444710705136339,True,4,0.001,10.0,0.5,0.1,0.0,0.1,0.001,0.0,0.75,False,1e-05,4.0,0.25,tf_efficientnet_b7_ns,0.9,adamw,10,1.0,17,3,cosine,0.0,0.01,True,10,1e-06,0.0001,random_augment,"(0.0, 0.999)",
16952719093290779,True,8,0.01,1.0,4.0,0.5,0.0,0.1,0.001,0.4,0.65,False,0.01,0.4,0.5,dla46x_c,0.9,sgd,2,0.6,17,2,plateau,0.1,0.1,True,5,1e-06,0.1,random_augment,,
33556061976855662,False,4,0.0,1.0,0.5,4.0,0.0,0.1,0.1,0.4,0.75,False,0.0005,2.0,0.25,xcit_tiny_12_p8_384_dist,0.9,adam,5,0.8,8,2,plateau,0.05,0.0001,True,5,1e-05,0.1,none,"(0.9, 0.999)",
74805540423143207,True,8,0.1,1.0,1.0,0.1,0.0,0.1,0.0001,0.0,0.75,True,0.0005,2.0,0.25,tf_efficientnet_b6_ns,0.9,adamp,10,0.4,8,2,cosine,0.0,0.0001,True,0,1e-06,0.01,none,"(0.0, 0.999)",
37136892869735556,False,128,0.01,,1.0,0.25,0.0,0.1,0.0001,0.0,,True,0.0001,4.0,1.0,convnext_small_384_in22ft1k,0.9,adam,5,1.0,8,2,plateau,0.0,0.0,True,5,1e-06,0.0001,trivial_augment,"(0.9, 0.999)",
221860492986719875,True,128,0.1,10.0,2.0,0.5,20.0,0.1,0.01,0.2,0.75,True,0.0005,4.0,0.5,xcit_nano_12_p8_384_dist,0.9,adamw,10,0.8,8,2,multistep,0.1,0.001,True,10,0.0,0.001,none,"(0.9, 0.99)",
102607157131578151,True,16,0.01,10.0,2.0,2.0,10.0,0.1,0.0,0.3,0.75,True,0.001,0.2,1.0,volo_d5_448,0.8,momentum,10,1.0,8,2,step,0.0,0.1,True,10,1e-05,0.0001,none,,
115615189225756499,True,8,0.01,10.0,2.0,0.0,10.0,0.5,0.0,0.4,0.75,False,1e-05,1.0,0.5,xcit_nano_12_p8_384_dist,0.9,adamw,10,0.4,8,2,multistep,0.0,0.0001,True,10,1e-06,0.01,trivial_augment,"(0.0, 0.999)",
53178352462027512,False,2,0.1,,1.0,1.0,10.0,0.5,0.001,0.3,0.75,False,0.0001,1.0,1.0,edgenext_small,0.9,sgd,10,0.4,17,2,multistep,0.05,0.1,False,0,1e-06,0.0001,random_augment,,
13009235425090090,False,512,0.01,1.0,4.0,1.0,0.0,0.1,0.0,0.1,0.65,False,5e-05,1.0,1.0,edgenext_small,0.9,adamw,10,0.8,8,2,cosine,0.0,0.001,True,10,1e-06,0.0001,trivial_augment,"(0.0, 0.99)",
39661629469110579,True,4,0.001,10.0,2.0,0.0,0.0,0.1,0.1,0.0,,False,0.01,0.2,0.75,beit_base_patch16_384,0.9,sgd,5,0.2,8,2,plateau,0.05,0.01,False,0,1e-06,0.0,auto_augment,,v0
6568088863890986,False,32,0.0001,,2.0,2.0,0.0,0.1,0.01,0.0,0.65,True,0.005,1.0,0.0,xcit_tiny_12_p8_384_dist,0.9,sgd,10,1.0,8,2,cosine,0.1,0.001,True,5,1e-05,1e-05,none,,
30462137426855762,False,32,0.01,10.0,0.5,0.5,0.0,0.1,0.1,0.0,,False,1e-05,4.0,0.25,convnext_small_384_in22ft1k,0.9,adam,10,0.4,8,2,cosine,0.05,0.0,False,10,1e-06,1e-05,none,"(0.0, 0.999)",
4467201957271957,True,128,0.01,1.0,0.0,0.25,0.0,0.1,0.1,0.1,0.75,False,0.0005,0.2,1.0,mobilevit_xs,0.9,sgd,10,0.4,9,2,cosine,0.1,0.001,True,10,0.0,0.0001,random_augment,,
70493143538018827,True,2,0.001,,1.0,0.0,0.0,0.1,0.0001,0.4,0.65,False,0.0001,8.0,0.0,edgenext_x_small,0.95,momentum,5,1.0,8,2,plateau,0.05,0.01,True,5,0.0,1e-05,trivial_augment,,
11172906092788996,False,8,0.1,,0.5,0.0,0.0,0.1,0.1,0.2,,False,5e-05,1.0,0.25,swinv2_base_window12to24_192to384_22kft1k,0.9,adamp,10,0.8,8,2,cosine,0.1,0.1,False,10,0.0,0.001,trivial_augment,"(0.0, 0.99)",
71343028480366859,True,8,0.01,1.0,2.0,0.1,0.0,0.1,0.1,0.0,,True,0.0005,2.0,0.25,tf_efficientnet_b4_ns,0.9,adamw,2,0.6,8,2,plateau,0.0,0.0,True,5,1e-05,1e-05,auto_augment,"(0.9, 0.99)",original
26635460513196766,False,8,0.1,1.0,0.0,2.0,0.0,0.1,0.01,0.3,0.75,False,0.0005,0.4,1.0,xcit_tiny_24_p8_384_dist,0.9,adamw,10,0.4,8,2,cosine,0.05,0.0,True,0,1e-05,0.01,trivial_augment,"(0.0, 0.999)",
269879358452740497,True,32,0.0001,1.0,4.0,0.1,20.0,0.5,0.001,0.1,0.65,False,1e-05,0.4,0.0,mobilevit_xxs,0.9,adamw,10,0.6,8,2,multistep,0.05,0.01,True,5,1e-05,0.01,none,"(0.9, 0.99)",
77931604254360417,True,256,0.1,10.0,0.0,0.0,0.0,0.1,0.0001,0.1,0.75,True,5e-05,0.0,0.25,edgenext_small,0.9,adamw,10,1.0,8,2,cosine,0.05,0.1,False,0,1e-05,0.0001,none,"(0.0, 0.999)",
44529323455078750,False,64,0.0,1.0,0.0,0.1,0.0,0.1,0.01,0.0,0.65,False,0.0001,2.0,0.5,xcit_tiny_24_p8_384_dist,0.9,adamw,10,1.0,17,2,cosine,0.0,0.01,True,10,1e-05,0.001,random_augment,"(0.0, 0.99)",
19112289459653645,True,512,0.0001,1.0,0.5,0.0,10.0,0.5,0.0001,0.4,,False,0.01,0.4,1.0,edgenext_xx_small,0.9,sgd,10,0.8,8,2,multistep,0.1,0.01,False,5,0.0,0.001,trivial_augment,,
132277790901541983,True,256,0.0001,,0.0,0.0,20.0,0.1,0.001,0.2,0.65,True,0.005,1.0,0.75,edgenext_x_small,0.9,adam,10,1.0,8,2,step,0.1,0.0001,True,10,1e-05,0.01,auto_augment,"(0.0, 0.99)",v0
255770503712097340,False,8,0.001,10.0,0.5,4.0,10.0,0.5,0.01,0.3,0.65,True,1e-05,0.4,0.0,mobilevit_xs,0.9,adam,10,0.4,8,2,step,0.0,0.01,True,0,1e-06,0.0001,auto_augment,"(0.9, 0.99)",v0
5281551388204080,False,16,0.01,10.0,1.0,0.0,0.0,0.1,0.01,0.4,,True,5e-05,0.0,0.25,mobilevitv2_075,0.0,momentum,10,0.6,9,2,cosine,0.0,0.001,False,10,1e-05,0.0001,random_augment,,
22600914567944882,False,256,0.0001,1.0,2.0,0.0,0.0,0.1,0.001,0.0,,False,0.005,0.0,1.0,dla46x_c,0.9,adamp,10,0.6,8,2,cosine,0.05,0.0001,True,0,1e-05,1e-05,auto_augment,"(0.9, 0.999)",original
54590203542813612,False,16,0.001,10.0,1.0,1.0,0.0,0.1,0.0,0.2,0.75,False,0.001,0.0,0.75,volo_d3_448,0.9,adamw,5,1.0,8,2,plateau,0.05,0.01,True,0,1e-06,1e-05,trivial_augment,"(0.9, 0.99)",
2239709181167250,False,2,0.0,1.0,2.0,0.25,0.0,0.1,0.1,0.2,,True,0.0005,1.0,0.5,xcit_tiny_12_p8_384_dist,0.9,adamw,2,0.2,8,2,plateau,0.0,0.1,True,10,1e-06,0.01,trivial_augment,"(0.9, 0.999)",
15665967433180285,True,16,0.0001,1.0,0.5,0.5,20.0,0.1,0.01,0.2,0.65,False,0.005,0.0,0.5,edgenext_small,0.9,sgd,10,0.0,8,2,multistep,0.0,0.1,False,10,1e-06,0.0,trivial_augment,,
61019355656074977,True,32,0.0001,1.0,2.0,0.5,20.0,0.5,0.0,0.0,,False,0.0001,0.2,0.0,xcit_tiny_24_p8_384_dist,0.8,momentum,10,1.0,8,2,step,0.0,0.001,True,5,0.0,0.0001,none,,
16883433894655239,True,256,0.01,,0.5,0.1,0.0,0.1,0.1,0.1,,True,0.005,1.0,0.5,edgenext_x_small,0.9,adam,10,0.2,8,2,cosine,0.05,0.0,True,5,1e-06,0.1,auto_augment,"(0.9, 0.999)",original
166635766202793327,True,32,0.0001,,0.0,0.0,0.0,0.1,0.01,0.4,,True,0.01,1.0,0.0,convnext_small_384_in22ft1k,0.9,adamw,5,0.4,9,3,plateau,0.1,0.0001,True,0,1e-06,0.0001,random_augment,"(0.9, 0.999)",
95864316129265579,True,16,0.1,1.0,2.0,4.0,0.0,0.1,0.001,0.3,0.65,False,0.01,0.4,1.0,edgenext_xx_small,0.9,adamw,10,0.2,9,3,cosine,0.1,0.1,True,10,1e-05,1e-05,random_augment,"(0.0, 0.999)",
86631432845093519,True,8,0.01,1.0,0.5,0.1,0.0,0.1,0.01,0.0,0.75,False,5e-05,0.0,0.5,xcit_small_12_p8_384_dist,0.9,adamp,10,0.0,8,2,cosine,0.05,0.1,False,5,0.0,1e-05,auto_augment,"(0.0, 0.999)",v0
94883594702434952,False,256,0.0001,1.0,4.0,1.0,0.0,0.1,0.0,0.0,0.75,False,0.0005,4.0,0.0,edgenext_x_small,0.9,adam,10,0.8,8,2,cosine,0.05,0.1,False,10,0.0,1e-05,auto_augment,"(0.0, 0.999)",original
9466900510239061,True,16,0.01,10.0,0.5,4.0,0.0,0.1,0.0,0.4,0.65,False,1e-05,4.0,0.0,xcit_tiny_12_p8_384_dist,0.9,adamw,10,0.0,8,2,cosine,0.0,0.0001,False,0,0.0,0.01,trivial_augment,"(0.0, 0.99)",
29793579122813593,True,128,0.0,,4.0,2.0,20.0,0.1,0.01,0.1,,True,0.001,0.4,1.0,convnext_small_384_in22ft1k,0.9,adamp,10,1.0,8,2,step,0.1,0.0,True,0,0.0,1e-05,none,"(0.9, 0.999)",
129108066777984108,False,128,0.001,10.0,4.0,0.5,20.0,0.1,0.01,0.3,0.65,True,0.001,1.0,0.25,dla46x_c,0.9,adamw,10,0.8,8,2,multistep,0.05,0.0,True,10,1e-06,0.0,none,"(0.0, 0.99)",
95815697361254180,False,32,0.1,,0.0,0.1,20.0,0.5,0.01,0.4,,True,0.001,2.0,1.0,xcit_tiny_24_p8_384_dist,0.9,sgd,10,0.8,8,2,step,0.05,0.0001,True,10,1e-05,1e-05,auto_augment,,original
38832243908555280,False,128,0.0001,10.0,0.5,0.5,0.0,0.1,0.01,0.1,,False,0.0005,0.4,0.25,convnext_small_384_in22ft1k,0.9,adamw,2,1.0,8,2,plateau,0.0,0.01,True,0,1e-05,1e-05,auto_augment,"(0.0, 0.99)",v0
960863609761637,True,8,0.1,,2.0,1.0,0.0,0.1,0.0,0.3,0.75,False,0.0001,4.0,0.75,xcit_small_12_p8_384_dist,0.9,sgd,10,0.8,8,2,cosine,0.0,0.1,False,0,1e-05,0.1,none,,
6633340065307140,False,16,0.01,,4.0,0.5,10.0,0.1,0.001,0.2,,False,0.0005,2.0,0.0,edgenext_x_small,0.9,adam,10,0.0,8,2,step,0.0,0.001,False,10,1e-05,1e-05,none,"(0.9, 0.999)",
115688832771812927,True,8,0.1,10.0,0.5,2.0,10.0,0.5,0.1,0.0,0.65,False,0.0005,1.0,1.0,xcit_tiny_24_p8_384_dist,0.9,adam,10,0.0,8,2,step,0.0,0.0001,False,0,1e-05,0.01,trivial_augment,"(0.0, 0.999)",
98137351755236418,False,16,0.1,,1.0,0.0,10.0,0.1,0.0001,0.2,0.65,True,0.01,1.0,1.0,volo_d4_448,0.9,adam,10,1.0,8,2,multistep,0.0,0.0001,False,0,1e-05,0.1,none,"(0.0, 0.999)",
265057549492006432,False,64,0.1,10.0,0.5,0.0,10.0,0.1,0.0,0.3,,False,0.0001,8.0,0.0,mobilevit_xs,0.95,momentum,10,0.8,17,2,step,0.0,0.001,True,10,0.0,1e-05,random_augment,,
4481137233620593,True,16,0.001,,0.0,0.1,0.0,0.1,0.1,0.2,,False,0.0005,4.0,0.25,mobilevit_xs,0.9,adamw,10,0.2,8,2,cosine,0.1,0.01,True,10,0.0,0.0001,none,"(0.9, 0.999)",
3117425214384720,False,2,0.0,,0.5,0.5,0.0,0.1,0.01,0.3,0.75,False,0.01,0.4,0.25,swinv2_base_window12to24_192to384_22kft1k,0.9,sgd,10,1.0,8,2,cosine,0.1,0.001,True,10,0.0,0.001,none,,
11016767775301400,False,4,0.0001,1.0,1.0,4.0,0.0,0.1,0.1,0.3,0.75,True,0.0001,0.2,1.0,edgenext_xx_small,0.9,sgd,5,0.8,8,2,plateau,0.0,0.1,False,5,0.0,0.001,trivial_augment,,
124432305766623560,False,4,0.0001,1.0,0.0,4.0,20.0,0.1,0.0,0.3,0.75,False,0.0001,4.0,0.0,deit3_small_patch16_384_in21ft1k,0.9,adam,10,1.0,8,2,multistep,0.1,0.01,False,5,0.0,0.001,none,"(0.0, 0.99)",
5624078407488417,True,4,0.01,10.0,4.0,4.0,10.0,0.1,0.0,0.1,0.65,True,0.005,2.0,0.25,xcit_tiny_12_p8_384_dist,0.9,sgd,10,0.0,8,2,multistep,0.1,0.1,False,5,0.0,1e-05,none,,
27519417453689035,True,16,0.0001,1.0,0.5,0.0,0.0,0.1,0.1,0.2,0.75,False,0.001,0.2,0.25,convnext_small_384_in22ft1k,0.9,adam,2,0.2,8,2,plateau,0.0,0.1,False,0,1e-06,0.001,trivial_augment,"(0.0, 0.999)",
29361964585952653,True,16,0.001,10.0,4.0,1.0,0.0,0.1,0.001,0.3,0.65,False,0.0005,0.0,1.0,convnext_small_384_in22ft1k,0.9,adamw,10,0.4,8,2,cosine,0.0,0.001,True,0,1e-05,0.0001,none,"(0.0, 0.99)",
5335819657955769,True,4,0.001,10.0,0.0,4.0,0.0,0.1,0.0,0.2,,False,0.005,0.2,0.0,deit3_small_patch16_384_in21ft1k,0.9,adamp,2,0.8,8,2,plateau,0.05,0.0,True,10,1e-05,0.0001,trivial_augment,"(0.9, 0.999)",
65450842974543240,False,2,0.0,1.0,0.0,0.25,10.0,0.1,0.0,0.4,0.65,False,0.001,8.0,0.0,beit_base_patch16_384,0.9,momentum,10,0.6,8,2,multistep,0.05,0.001,False,5,1e-06,0.1,trivial_augment,,
16184665401841651,True,128,0.0001,,0.5,4.0,0.0,0.1,0.0001,0.4,0.75,False,0.01,4.0,0.75,edgenext_small,0.9,adamw,10,0.6,8,2,cosine,0.1,0.01,True,10,1e-05,0.0,trivial_augment,"(0.0, 0.99)",
23129239532958698,False,256,0.01,,4.0,0.1,0.0,0.1,0.1,0.0,0.65,False,5e-05,0.4,0.25,mobilevitv2_075,0.9,momentum,2,1.0,8,2,plateau,0.05,0.0001,False,5,0.0,0.0,none,,
124314317579101384,False,64,0.01,,0.5,2.0,0.0,0.1,0.01,0.3,0.65,False,0.005,0.2,0.75,deit3_small_patch16_384_in21ft1k,0.9,adamw,10,1.0,17,3,cosine,0.0,0.0001,True,0,0.0,0.001,random_augment,"(0.0, 0.999)",
20159273354110459,True,16,0.1,,4.0,0.25,0.0,0.1,0.001,0.4,0.65,False,1e-05,4.0,0.5,deit3_small_patch16_384_in21ft1k,0.9,adamp,10,0.4,8,2,cosine,0.1,0.01,False,10,1e-05,0.001,none,"(0.9, 0.99)",
65536817658765811,True,16,0.01,,0.0,1.0,0.0,0.1,0.0,0.3,0.75,True,0.01,2.0,0.25,dla46x_c,0.9,adamp,2,0.4,8,2,plateau,0.0,0.01,True,5,1e-06,0.1,auto_augment,"(0.9, 0.99)",original
29562268947824656,False,64,0.001,,2.0,0.1,0.0,0.1,0.0,0.2,0.65,False,0.0001,0.2,1.0,convnext_small_384_in22ft1k,0.95,momentum,10,0.8,8,2,cosine,0.05,0.0,False,10,1e-05,0.0001,trivial_augment,,
16563546349524478,False,64,0.0001,10.0,0.5,4.0,0.0,0.1,0.0,0.3,,False,0.001,4.0,0.75,dla46x_c,0.9,adam,10,0.4,9,2,cosine,0.0,0.1,False,10,0.0,0.1,random_augment,"(0.9, 0.99)",
123806033242657638,False,16,0.1,10.0,4.0,0.5,20.0,0.5,0.0001,0.0,,True,0.0005,1.0,0.75,mobilevit_xs,0.9,adam,10,0.8,8,2,step,0.0,0.001,False,0,1e-05,0.01,trivial_augment,"(0.0, 0.999)",
97166204347025350,False,64,0.0,10.0,2.0,0.1,20.0,0.5,0.0,0.2,0.65,False,0.0005,8.0,0.0,beit_base_patch16_384,0.9,adamw,10,1.0,8,2,step,0.05,0.0001,True,10,1e-05,0.0,none,"(0.9, 0.99)",
14554226389372569,True,32,0.0,1.0,0.5,0.1,0.0,0.1,0.01,0.2,,False,1e-05,1.0,0.25,xcit_nano_12_p8_384_dist,0.9,adamp,10,0.4,8,2,cosine,0.0,0.0,False,5,1e-05,1e-05,trivial_augment,"(0.0, 0.99)",
119870795024641965,True,4,0.1,10.0,2.0,2.0,10.0,0.1,0.0001,0.2,0.75,False,0.0005,4.0,0.75,edgenext_xx_small,0.9,adam,10,0.2,8,2,multistep,0.1,0.1,True,0,1e-05,1e-05,auto_augment,"(0.0, 0.99)",original
16462561013407905,True,256,0.0,,1.0,2.0,0.0,0.1,0.001,0.0,0.65,False,0.005,8.0,1.0,dla46x_c,0.9,adamw,2,0.4,8,2,plateau,0.0,0.001,True,5,0.0,0.1,none,"(0.9, 0.99)",
130627932655550670,False,2,0.0,,0.5,0.0,10.0,0.1,0.01,0.3,0.75,False,0.001,0.2,0.0,tf_efficientnet_b6_ns,0.99,momentum,10,0.4,8,2,multistep,0.1,0.0001,True,0,1e-05,0.1,none,,
22963940050181260,False,8,0.001,,0.5,2.0,0.0,0.1,0.1,0.2,0.65,False,5e-05,0.0,0.0,xcit_nano_12_p8_384_dist,0.9,adamw,2,0.6,8,2,plateau,0.05,0.0,False,0,0.0,0.0,none,"(0.9, 0.99)",
43801596349168850,False,32,0.1,,0.5,1.0,20.0,0.1,0.1,0.2,0.75,True,0.0005,1.0,0.5,edgenext_xx_small,0.9,sgd,10,0.4,17,2,multistep,0.05,0.1,True,0,1e-06,0.001,random_augment,,
172151780770253101,True,128,0.0001,1.0,4.0,2.0,0.0,0.1,0.0001,0.1,,False,0.0005,0.4,0.0,edgenext_small,0.9,adam,5,0.4,8,2,plateau,0.05,0.1,False,5,1e-06,0.01,none,"(0.0, 0.999)",
31187890591026070,False,8,0.001,,4.0,0.1,20.0,0.5,0.001,0.2,0.75,False,1e-05,0.0,0.5,mobilevit_xs,0.9,sgd,10,0.0,8,2,step,0.1,0.01,True,0,0.0,0.0,none,,
33811008701413001,True,8,0.001,1.0,0.5,0.0,0.0,0.1,0.001,0.3,0.75,False,0.001,0.4,0.5,xcit_tiny_24_p8_384_dist,0.9,adamp,5,0.6,8,2,plateau,0.05,0.01,False,0,0.0,0.01,none,"(0.9, 0.999)",
99261535809574089,True,32,0.0,1.0,1.0,0.25,10.0,0.1,0.01,0.1,0.75,False,0.001,0.4,0.25,convnext_small_384_in22ft1k,0.8,momentum,10,1.0,8,2,step,0.0,0.0001,True,5,1e-06,0.01,none,,
73056485668527902,False,4,0.0,1.0,2.0,1.0,20.0,0.1,0.001,0.4,0.75,False,0.0005,0.0,0.75,xcit_tiny_24_p8_384_dist,0.9,adam,10,0.8,8,2,step,0.05,0.1,True,0,0.0,0.1,none,"(0.9, 0.99)",
19512037609842042,False,2,0.1,10.0,1.0,0.25,10.0,0.1,0.1,0.1,0.75,False,1e-05,0.0,0.5,volo_d5_448,0.0,momentum,10,0.4,8,2,multistep,0.05,0.0,False,5,1e-06,0.001,auto_augment,,original
2455885480924195,True,16,0.0001,,0.5,0.5,0.0,0.1,0.01,0.3,,False,0.001,8.0,0.0,xcit_nano_12_p8_384_dist,0.9,adam,10,0.4,8,2,cosine,0.1,0.01,False,5,1e-05,0.01,trivial_augment,"(0.9, 0.999)",
1286430534596707,True,16,0.0,1.0,2.0,0.1,0.0,0.1,0.0,0.0,0.65,False,0.01,1.0,1.0,xcit_tiny_12_p8_384_dist,0.9,sgd,10,0.2,8,2,cosine,0.1,0.0,True,10,1e-05,0.1,trivial_augment,,
239223864073376660,False,256,0.001,1.0,0.5,0.25,20.0,0.1,0.1,0.1,0.75,True,0.0001,0.4,1.0,mobilevit_xxs,0.9,momentum,10,1.0,8,2,multistep,0.0,0.0,True,5,0.0,0.0001,auto_augment,,original
170171208098991525,True,4,0.1,1.0,2.0,0.5,0.0,0.1,0.001,0.3,,True,0.0005,8.0,0.75,xcit_tiny_12_p8_384_dist,0.8,momentum,2,0.2,9,3,plateau,0.05,0.001,False,0,0.0,0.1,random_augment,,
23212090486994956,False,512,0.0,10.0,2.0,1.0,10.0,0.1,0.1,0.1,0.75,False,0.001,4.0,0.75,edgenext_x_small,0.0,momentum,10,0.8,8,2,step,0.0,0.001,True,5,0.0,0.0,auto_augment,,original
122080423971786825,True,4,0.1,,0.0,4.0,20.0,0.5,0.1,0.2,,False,0.0001,4.0,0.5,tf_efficientnet_b7_ns,0.9,adamp,10,0.4,8,2,step,0.0,0.001,True,0,1e-06,0.1,trivial_augment,"(0.0, 0.999)",
39559185900989200,False,64,0.0,,1.0,4.0,0.0,0.1,0.1,0.4,0.65,False,0.001,2.0,0.0,deit3_small_patch16_384_in21ft1k,0.9,adam,10,0.8,8,2,cosine,0.1,0.0001,True,10,0.0,0.0,auto_augment,"(0.0, 0.99)",v0
5329457698090400,False,32,0.1,1.0,4.0,1.0,10.0,0.1,0.01,0.3,0.65,False,1e-05,0.4,0.25,edgenext_small,0.9,adamw,10,0.4,8,2,multistep,0.0,0.0,True,10,1e-05,0.0001,none,"(0.9, 0.999)",
63867667848074728,False,512,0.1,,1.0,1.0,0.0,0.1,0.0001,0.3,0.65,False,0.005,4.0,0.25,edgenext_xx_small,0.9,adamp,10,0.6,17,2,cosine,0.0,0.001,True,10,0.0,0.0,random_augment,"(0.0, 0.999)",
51228955350252365,True,8,0.0,1.0,0.5,0.1,0.0,0.1,0.1,0.0,,False,0.005,0.0,1.0,mobilevitv2_075,0.9,adamp,5,0.2,8,2,plateau,0.05,0.1,False,10,1e-05,0.01,trivial_augment,"(0.9, 0.99)",
10107783190885441,True,128,0.0001,1.0,0.5,0.1,0.0,0.1,0.0001,0.3,0.75,False,5e-05,4.0,1.0,xcit_small_12_p8_384_dist,0.8,momentum,10,1.0,9,2,cosine,0.1,0.01,False,5,1e-06,0.01,random_augment,,
14687140649776691,True,8,0.001,,0.0,0.1,0.0,0.1,0.01,0.2,,True,0.0001,8.0,0.5,tf_efficientnet_b6_ns,0.8,momentum,2,0.4,9,2,plateau,0.1,0.01,True,5,1e-05,1e-05,random_augment,,
565459179399929157,True,256,0.1,1.0,4.0,1.0,20.0,0.1,0.001,0.2,,False,0.01,0.0,0.0,edgenext_x_small,0.9,momentum,10,1.0,17,3,step,0.0,0.0,False,5,1e-05,1e-05,random_augment,,
35792961047431699,True,128,0.001,,0.0,0.1,0.0,0.1,0.01,0.2,0.65,True,0.0005,2.0,1.0,dla46x_c,0.99,momentum,10,0.2,9,2,cosine,0.1,0.0,True,5,1e-06,0.001,random_augment,,
3627381743030709,True,32,0.0,,0.0,0.5,0.0,0.1,0.1,0.4,0.75,False,0.01,4.0,1.0,dla46x_c,0.9,sgd,10,0.8,8,2,cosine,0.1,0.0001,False,0,1e-05,0.001,trivial_augment,,
61325288109846128,False,4,0.001,10.0,2.0,0.25,20.0,0.5,0.01,0.1,,False,0.001,0.0,0.0,mobilevit_xs,0.9,adam,10,0.8,8,2,multistep,0.05,0.001,True,0,1e-06,0.0001,none,"(0.0, 0.99)",
11711298188524592,False,4,0.0,,1.0,0.5,0.0,0.1,0.0,0.0,0.75,False,0.001,4.0,0.75,edgenext_xx_small,0.9,adam,2,0.0,8,2,plateau,0.05,0.0,False,0,1e-05,0.001,none,"(0.0, 0.99)",
37885279077270038,False,4,0.001,1.0,2.0,4.0,10.0,0.1,0.0,0.4,0.65,False,0.005,4.0,0.75,xcit_nano_12_p8_384_dist,0.9,adamp,10,0.0,8,2,multistep,0.0,0.0,True,0,0.0,1e-05,none,"(0.0, 0.99)",
155879699445552048,False,16,0.1,,0.5,1.0,0.0,0.1,0.01,0.1,0.65,False,0.005,1.0,0.75,dla46x_c,0.99,momentum,10,0.4,17,3,cosine,0.0,0.0,False,5,1e-06,0.01,random_augment,,
10132870422815402,False,256,0.0001,,0.5,2.0,0.0,0.1,0.0,0.0,0.75,False,0.005,8.0,0.25,dla46x_c,0.9,adamw,10,1.0,8,2,cosine,0.05,0.0,True,5,1e-06,0.01,auto_augment,"(0.9, 0.999)",v0
7587099486599202,False,2,0.1,10.0,0.0,1.0,0.0,0.1,0.1,0.1,0.65,False,0.005,0.2,1.0,swinv2_base_window12to24_192to384_22kft1k,0.9,sgd,10,0.8,8,2,cosine,0.1,0.0,True,10,1e-06,0.0,none,,
74229440076776646,False,2,0.001,10.0,4.0,1.0,0.0,0.1,0.001,0.4,0.75,False,0.0001,0.2,0.0,xcit_tiny_12_p8_384_dist,0.9,adamp,10,0.4,8,2,cosine,0.1,0.001,True,10,1e-05,0.1,none,"(0.0, 0.999)",
46217908050164302,False,8,0.0001,10.0,0.0,0.25,0.0,0.1,0.01,0.2,0.75,False,0.01,2.0,1.0,xcit_tiny_24_p8_384_dist,0.0,momentum,5,0.2,8,2,plateau,0.05,0.0,False,10,0.0,1e-05,none,,
112111942449689034,False,16,0.0001,10.0,4.0,1.0,0.0,0.1,0.0,0.1,0.65,False,0.01,4.0,1.0,volo_d5_512,0.99,momentum,10,1.0,8,2,cosine,0.1,0.001,False,0,0.0,0.0,auto_augment,,v0
9404612796214773,True,32,0.01,10.0,4.0,0.5,20.0,0.1,0.01,0.4,0.65,True,0.0005,0.2,0.5,convnext_small_384_in22ft1k,0.9,sgd,10,1.0,8,2,step,0.1,0.0001,True,10,1e-05,0.1,none,,
130792358979414234,False,2,0.01,10.0,0.0,4.0,10.0,0.1,0.0,0.3,,False,1e-05,2.0,0.75,beit_base_patch16_384,0.9,adamw,10,0.8,17,2,step,0.1,0.001,True,5,1e-05,0.1,random_augment,"(0.9, 0.999)",
94649717505388498,False,512,0.1,1.0,0.5,0.25,0.0,0.1,0.0,0.3,0.75,False,1e-05,0.0,0.25,edgenext_x_small,0.9,adam,10,1.0,8,2,cosine,0.1,0.01,True,0,0.0,1e-05,auto_augment,"(0.0, 0.999)",original
12002186298464900,False,32,0.1,,0.5,0.1,0.0,0.1,0.1,0.3,0.75,True,5e-05,0.0,1.0,edgenext_xx_small,0.9,adam,2,1.0,8,2,plateau,0.1,0.1,True,5,1e-05,0.001,none,"(0.0, 0.99)",
8280746329380541,True,16,0.01,1.0,1.0,0.5,0.0,0.1,0.0001,0.2,,False,0.01,1.0,0.75,edgenext_small,0.9,sgd,5,0.2,8,2,plateau,0.1,0.0001,False,5,0.0,0.1,none,,
52038900896832252,False,2,0.1,1.0,1.0,2.0,0.0,0.1,0.0001,0.3,,False,0.0005,8.0,1.0,tf_efficientnet_b4_ns,0.9,adamw,5,0.0,8,2,plateau,0.05,0.01,True,5,1e-06,0.001,none,"(0.9, 0.99)",
127734594971972948,False,32,0.0,10.0,2.0,0.5,0.0,0.1,0.0,0.1,0.75,False,0.0001,0.4,0.5,tf_efficientnet_b4_ns,0.9,adam,10,0.6,17,3,cosine,0.0,0.1,False,10,1e-06,1e-05,random_augment,"(0.0, 0.999)",
45174098907352789,True,16,0.1,10.0,4.0,4.0,0.0,0.1,0.0,0.0,0.65,False,1e-05,8.0,0.5,beit_base_patch16_384,0.9,adamw,10,0.6,8,2,cosine,0.0,0.0001,False,5,1e-06,0.0001,auto_augment,"(0.0, 0.99)",original
21928215579808885,True,16,0.0001,1.0,0.5,0.5,0.0,0.1,0.0,0.0,0.65,False,0.01,8.0,0.5,edgenext_x_small,0.9,adam,2,0.0,8,2,plateau,0.05,0.0001,False,10,0.0,1e-05,trivial_augment,"(0.9, 0.99)",
180043766245556162,False,32,0.01,,0.0,0.1,0.0,0.1,0.01,0.2,,True,0.001,4.0,0.5,xcit_nano_12_p8_384_dist,0.9,adam,5,1.0,8,2,plateau,0.05,0.0,False,0,1e-06,0.01,auto_augment,"(0.0, 0.999)",v0
37298138278534473,True,4,0.0,,0.5,0.5,0.0,0.1,0.0001,0.1,0.65,False,0.005,0.2,1.0,edgenext_x_small,0.9,adamw,10,0.0,8,2,cosine,0.0,0.0001,True,10,1e-06,0.0001,auto_augment,"(0.0, 0.99)",v0
189457676332154748,False,2,0.0001,,4.0,4.0,20.0,0.5,0.1,0.4,,False,0.0001,8.0,0.75,mobilevit_xxs,0.8,momentum,10,0.0,8,2,step,0.0,0.01,True,10,0.0,0.001,auto_augment,,original
202702031215157333,True,64,0.1,10.0,0.5,0.25,20.0,0.1,0.1,0.1,0.75,True,1e-05,0.4,1.0,edgenext_xx_small,0.9,adam,10,1.0,17,2,multistep,0.1,0.0,False,5,0.0,0.1,random_augment,"(0.9, 0.99)",
108053006498603428,False,8,0.01,10.0,1.0,2.0,20.0,0.1,0.0,0.3,0.75,False,0.01,8.0,0.25,edgenext_xx_small,0.9,sgd,10,0.8,17,3,step,0.0,0.001,False,0,0.0,0.001,random_augment,,
226068690698586,False,2,0.001,10.0,0.5,0.25,0.0,0.1,0.01,0.3,0.65,False,0.005,0.4,1.0,mobilevitv2_075,0.9,sgd,10,0.0,8,2,cosine,0.0,0.0,True,5,0.0,0.1,none,,
4442295975351363,True,32,0.01,10.0,0.5,4.0,0.0,0.1,0.01,0.4,0.75,True,0.0001,1.0,1.0,edgenext_x_small,0.9,adamw,10,0.4,8,2,cosine,0.0,0.0001,True,10,0.0,0.0001,none,"(0.9, 0.999)",
74593583450284402,False,64,0.1,1.0,4.0,4.0,0.0,0.1,0.001,0.0,0.65,True,5e-05,8.0,1.0,mobilevit_xs,0.99,momentum,5,0.6,8,2,plateau,0.1,0.0001,False,10,0.0,0.01,trivial_augment,,
19648277328280450,False,8,0.001,10.0,4.0,0.25,0.0,0.1,0.0,0.3,0.75,False,0.0005,8.0,0.5,deit3_small_patch16_384_in21ft1k,0.9,adam,2,0.6,8,2,plateau,0.05,0.1,True,5,1e-06,0.001,trivial_augment,"(0.9, 0.99)",
25195700194405752,False,128,0.0,10.0,2.0,1.0,0.0,0.1,0.0,0.4,0.65,False,0.005,1.0,0.25,mobilevit_xxs,0.9,adamw,10,1.0,8,2,cosine,0.05,0.1,True,10,1e-06,0.1,none,"(0.0, 0.99)",
507559286168262452,False,4,0.0,10.0,0.5,4.0,10.0,0.5,0.0,0.0,0.75,True,0.0005,2.0,0.75,xcit_small_12_p8_384_dist,0.0,momentum,10,1.0,17,3,multistep,0.1,0.0,False,10,1e-05,0.0001,random_augment,,
24178708235931992,False,32,0.01,1.0,1.0,2.0,0.0,0.1,0.1,0.0,0.65,False,0.01,2.0,0.75,edgenext_xx_small,0.9,adamp,2,0.0,8,2,plateau,0.05,0.0001,False,10,1e-05,0.0,auto_augment,"(0.9, 0.999)",original
87075164263100610,False,128,0.0001,,4.0,0.25,10.0,0.5,0.0001,0.1,0.65,True,0.0001,8.0,1.0,edgenext_xx_small,0.9,adamw,10,0.8,8,2,multistep,0.1,0.01,False,5,1e-06,1e-05,none,"(0.9, 0.99)",
52974789197042114,False,32,0.001,10.0,1.0,2.0,0.0,0.1,0.001,0.1,,False,0.0001,1.0,1.0,mobilevit_xxs,0.9,adamp,5,0.8,8,2,plateau,0.1,0.0,False,10,0.0,0.0001,none,"(0.9, 0.99)",
134413482254248591,True,16,0.01,1.0,1.0,0.5,10.0,0.1,0.01,0.4,0.65,False,0.005,0.2,0.5,deit3_small_patch16_384_in21ft1k,0.99,momentum,10,0.2,8,2,multistep,0.0,0.1,True,5,1e-06,0.0001,trivial_augment,,
30094323677352018,False,2,0.0001,10.0,0.5,4.0,20.0,0.5,0.0,0.1,0.65,False,0.0001,0.2,0.25,beit_large_patch16_512,0.9,sgd,10,0.8,8,2,multistep,0.1,0.0,True,10,0.0,1e-05,trivial_augment,,
503392365585643653,True,32,0.01,,1.0,0.1,10.0,0.5,0.0001,0.0,,True,0.001,0.2,1.0,convnext_small_384_in22ft1k,0.9,adam,10,0.8,17,3,step,0.0,0.01,False,5,1e-05,0.1,random_augment,"(0.0, 0.999)",
10688688028664504,False,32,0.001,,2.0,0.25,0.0,0.1,0.001,0.3,0.65,True,0.01,0.2,1.0,convnext_small_384_in22ft1k,0.9,sgd,10,0.8,8,2,cosine,0.05,0.001,False,10,1e-05,0.01,auto_augment,,v0
44388214559098065,True,32,0.001,,0.5,0.25,0.0,0.1,0.001,0.0,0.65,True,5e-05,0.0,0.25,volo_d4_448,0.0,momentum,5,1.0,8,2,plateau,0.05,0.01,True,5,1e-05,0.001,trivial_augment,,
23085688683393488,False,4,0.001,,0.0,2.0,0.0,0.1,0.0001,0.0,0.75,False,0.0001,4.0,0.5,xcit_small_12_p8_384_dist,0.9,sgd,10,0.4,9,3,cosine,0.1,0.01,True,0,0.0,0.0,random_augment,,
18674315139963313,True,2,0.1,,1.0,4.0,0.0,0.1,0.001,0.1,,False,5e-05,0.0,0.75,volo_d4_448,0.9,adamp,10,0.8,8,2,cosine,0.1,0.1,False,5,1e-05,0.01,none,"(0.9, 0.99)",
24402950379490290,False,16,0.01,10.0,0.0,0.5,20.0,0.5,0.0,0.4,,False,1e-05,1.0,0.75,edgenext_xx_small,0.9,sgd,10,0.4,8,2,multistep,0.05,0.0001,True,0,0.0,0.1,none,,
68099381177886404,False,32,0.001,,2.0,1.0,0.0,0.1,0.0001,0.1,0.75,True,0.0001,0.2,0.25,volo_d1_384,0.9,adam,10,0.6,8,2,cosine,0.0,0.1,True,0,1e-06,0.001,auto_augment,"(0.9, 0.99)",original
354214342551883202,False,32,0.01,,1.0,0.5,10.0,0.5,0.1,0.1,,False,1e-05,8.0,0.0,edgenext_xx_small,0.9,adam,10,0.8,8,2,step,0.1,0.1,True,10,0.0,1e-05,auto_augment,"(0.0, 0.999)",v0
36750784062244434,False,16,0.0001,10.0,4.0,0.5,10.0,0.1,0.1,0.1,,False,0.0001,0.4,1.0,volo_d3_448,0.8,momentum,10,1.0,9,2,multistep,0.05,0.1,True,5,0.0,0.0001,random_augment,,
29636385396670911,True,4,0.0001,1.0,0.0,0.1,0.0,0.1,0.0,0.0,0.75,False,0.01,0.4,0.75,volo_d1_384,0.9,adamp,10,0.8,8,2,cosine,0.05,0.0,True,10,1e-05,0.0001,trivial_augment,"(0.0, 0.999)",
9843641784099834,False,16,0.0001,,2.0,1.0,0.0,0.1,0.001,0.2,0.75,False,0.0005,1.0,1.0,xcit_nano_12_p8_384_dist,0.9,adamw,10,0.8,8,2,cosine,0.0,0.0001,True,10,0.0,0.01,none,"(0.0, 0.99)",
3626593307103518,False,32,0.0,1.0,0.5,0.1,0.0,0.1,0.0001,0.1,,True,0.005,8.0,0.25,convnext_small_384_in22ft1k,0.9,adam,10,1.0,8,2,cosine,0.1,0.0001,False,0,1e-05,0.001,none,"(0.9, 0.999)",
202175936725421943,True,32,0.01,10.0,0.0,0.1,10.0,0.1,0.0,0.3,,True,5e-05,0.2,0.0,volo_d5_512,0.9,adamw,10,1.0,8,2,step,0.1,0.0,True,0,1e-05,0.0,none,"(0.9, 0.99)",
35561445419897268,False,16,0.1,1.0,0.0,0.5,0.0,0.1,0.001,0.2,0.75,False,0.001,0.0,0.0,mobilevit_xs,0.9,adam,5,0.8,8,2,plateau,0.0,0.0,False,0,1e-06,0.001,trivial_augment,"(0.9, 0.999)",
226046745666334954,False,64,0.01,10.0,2.0,0.0,0.0,0.1,0.0,0.0,0.65,False,0.01,4.0,1.0,edgenext_small,0.9,adam,2,0.2,17,3,plateau,0.1,0.0001,True,0,1e-06,0.0,random_augment,"(0.0, 0.999)",
1096694327693994,False,16,0.0001,,0.5,4.0,0.0,0.1,0.001,0.0,0.75,False,0.001,1.0,0.5,xcit_tiny_12_p8_384_dist,0.9,adamp,10,0.4,8,2,cosine,0.0,0.01,False,5,1e-05,0.1,none,"(0.9, 0.999)",
19026890952694385,True,8,0.0,10.0,0.0,2.0,10.0,0.5,0.0,0.2,,False,0.005,1.0,0.5,volo_d1_384,0.9,adamp,10,0.2,8,2,multistep,0.0,0.01,True,0,0.0,0.001,trivial_augment,"(0.9, 0.999)",
4350735923110848,False,2,0.0001,1.0,1.0,4.0,0.0,0.1,0.1,0.3,,True,0.01,0.4,0.0,tf_efficientnet_b4_ns,0.9,adam,2,1.0,9,2,plateau,0.1,0.1,True,5,0.0,0.0001,random_augment,"(0.9, 0.999)",
120605421094798339,True,2,0.0001,1.0,4.0,4.0,10.0,0.5,0.001,0.1,0.65,False,5e-05,1.0,0.0,tf_efficientnet_b4_ns,0.9,adam,10,0.8,8,2,step,0.1,0.01,True,10,0.0,0.0,trivial_augment,"(0.0, 0.999)",
3392567655250129,True,16,0.1,,0.0,0.5,0.0,0.1,0.0,0.4,,False,0.001,8.0,0.5,edgenext_xx_small,0.9,adam,10,1.0,8,2,cosine,0.0,0.0001,True,5,1e-06,0.001,none,"(0.9, 0.999)",
25988048649279409,True,128,0.001,,2.0,2.0,20.0,0.5,0.0001,0.1,0.75,True,0.01,4.0,1.0,edgenext_xx_small,0.9,adamp,10,0.0,8,2,multistep,0.0,0.001,False,10,0.0,0.01,none,"(0.9, 0.999)",
27072980895742038,False,2,0.0001,1.0,4.0,0.0,20.0,0.5,0.01,0.2,,False,5e-05,2.0,0.25,mobilevitv2_075,0.0,momentum,10,1.0,8,2,step,0.05,0.1,False,0,0.0,0.001,trivial_augment,,
13675101062868590,False,256,0.001,10.0,2.0,0.25,20.0,0.1,0.01,0.3,,True,5e-05,0.2,0.0,mobilevit_xxs,0.9,sgd,10,0.6,8,2,step,0.05,0.0001,False,5,0.0,1e-05,trivial_augment,,
56518833669282398,False,4,0.001,10.0,4.0,0.25,10.0,0.5,0.01,0.0,0.65,False,0.005,1.0,0.25,tf_efficientnet_b7_ns,0.8,momentum,10,0.2,8,2,multistep,0.0,0.001,True,5,1e-05,0.0,none,,
19363963130286649,True,16,0.1,1.0,4.0,0.5,0.0,0.1,0.0,0.2,0.75,True,0.001,0.2,1.0,edgenext_small,0.9,adamp,10,0.2,8,2,cosine,0.1,0.0,False,0,1e-06,0.001,auto_augment,"(0.9, 0.999)",original
2722482894239785,True,2,0.01,10.0,0.0,4.0,0.0,0.1,0.0,0.3,0.65,False,0.001,0.2,0.25,volo_d4_448,0.9,adamp,10,1.0,8,2,cosine,0.05,0.0001,False,0,0.0,0.001,trivial_augment,"(0.9, 0.999)",
86449035361698114,False,16,0.0001,10.0,2.0,4.0,10.0,0.5,0.0,0.1,,False,0.005,2.0,1.0,tf_efficientnet_b4_ns,0.9,adamw,10,0.8,8,2,step,0.0,0.001,False,0,0.0,1e-05,none,"(0.9, 0.99)",
3986104961565181,True,2,0.0,10.0,0.0,4.0,0.0,0.1,0.0,0.2,,False,0.01,2.0,0.0,edgenext_small,0.9,sgd,10,0.4,9,2,cosine,0.1,0.0,True,10,1e-05,0.001,random_augment,,
8087940247645872,False,2,0.1,,0.0,1.0,0.0,0.1,0.01,0.3,,False,0.01,0.0,0.5,xcit_tiny_24_p8_384_dist,0.9,adam,10,0.4,8,2,cosine,0.0,0.1,True,10,1e-05,0.0,none,"(0.9, 0.999)",
95671570461173863,True,16,0.001,1.0,4.0,0.0,20.0,0.5,0.1,0.3,0.65,False,0.005,0.4,0.0,xcit_tiny_12_p8_384_dist,0.9,adam,10,0.6,8,2,multistep,0.1,0.0001,True,5,1e-05,1e-05,trivial_augment,"(0.9, 0.99)",
4942452318819663,True,4,0.0,1.0,0.5,0.25,0.0,0.1,0.001,0.4,0.65,False,0.0005,8.0,0.75,edgenext_small,0.9,sgd,10,0.6,8,2,cosine,0.05,0.1,True,10,1e-06,0.0001,none,,
87008994055144712,False,4,0.0,,2.0,0.25,10.0,0.5,0.1,0.0,,False,1e-05,8.0,0.25,swinv2_base_window12to24_192to384_22kft1k,0.9,adamp,10,0.6,8,2,step,0.05,0.1,True,0,1e-06,1e-05,none,"(0.9, 0.99)",
79387211553226834,False,8,0.0,10.0,0.0,1.0,20.0,0.1,0.0001,0.1,0.75,True,1e-05,0.4,0.5,edgenext_small,0.9,adamw,10,0.2,8,2,step,0.05,0.0001,False,5,1e-05,1e-05,trivial_augment,"(0.9, 0.99)",
7816851470085265,True,2,0.01,1.0,0.5,0.5,0.0,0.1,0.0001,0.2,0.65,False,1e-05,4.0,0.0,xcit_small_12_p8_384_dist,0.0,momentum,10,0.4,8,2,cosine,0.0,0.0001,False,5,1e-05,0.0,none,,
10021145794318297,True,2,0.001,1.0,0.5,0.5,0.0,0.1,0.01,0.4,0.65,False,5e-05,4.0,0.75,mobilevit_xs,0.9,adam,2,0.2,8,2,plateau,0.1,0.001,True,0,1e-06,0.01,trivial_augment,"(0.0, 0.99)",
200155236245117359,True,16,0.1,10.0,0.0,1.0,10.0,0.1,0.0001,0.0,0.65,False,0.005,8.0,0.0,volo_d1_384,0.9,adamw,10,0.6,17,2,step,0.0,0.0001,False,10,0.0,1e-05,random_augment,"(0.9, 0.99)",
66721332710494656,False,2,0.001,,0.5,0.0,10.0,0.5,0.0,0.4,,False,5e-05,0.2,1.0,xcit_nano_12_p8_384_dist,0.9,adamw,10,0.8,8,2,multistep,0.0,0.001,True,0,1e-06,0.01,auto_augment,"(0.9, 0.999)",original
120748961739884662,False,64,0.1,1.0,1.0,0.5,0.0,0.1,0.0,0.4,,True,0.01,4.0,1.0,mobilevit_xxs,0.9,adam,10,0.2,17,3,cosine,0.05,0.01,True,0,1e-06,0.0,random_augment,"(0.9, 0.99)",
430884454159928200,False,8,0.001,10.0,4.0,0.0,20.0,0.1,0.0,0.2,0.75,False,0.001,0.2,0.5,edgenext_xx_small,0.9,adamw,10,0.4,17,3,multistep,0.0,0.0,False,5,0.0,0.01,random_augment,"(0.0, 0.99)",
226021450295038363,True,16,0.001,,0.5,2.0,20.0,0.5,0.01,0.1,0.75,False,0.0005,1.0,0.75,dla46x_c,0.9,adamw,10,1.0,17,2,multistep,0.0,0.0,True,0,1e-06,0.0,random_augment,"(0.9, 0.99)",
460594866656554623,True,32,0.01,10.0,4.0,0.0,10.0,0.1,0.01,0.4,,True,0.0001,8.0,0.5,xcit_nano_12_p8_384_dist,0.9,adamw,10,0.2,17,3,multistep,0.05,0.0,False,5,0.0,0.0,random_augment,"(0.9, 0.99)",
3483161888489176,False,8,0.1,10.0,0.5,0.5,10.0,0.1,0.001,0.1,,False,1e-05,4.0,0.0,beit_base_patch16_384,0.9,sgd,10,0.6,8,2,step,0.0,0.001,False,10,1e-06,0.001,none,,
57862174692513557,True,64,0.001,,2.0,0.1,0.0,0.1,0.0,0.2,,True,1e-05,0.0,0.0,dla46x_c,0.9,adamw,10,0.2,8,2,cosine,0.1,0.0001,True,5,1e-05,0.1,auto_augment,"(0.9, 0.99)",v0
109239963433563,True,4,0.0,1.0,0.5,0.25,0.0,0.1,0.001,0.4,0.75,False,0.0001,8.0,1.0,tf_efficientnet_b4_ns,0.0,momentum,2,0.2,9,2,plateau,0.0,0.001,True,0,0.0,0.1,random_augment,,
2191799460556009,True,2,0.0001,,1.0,0.5,0.0,0.1,0.01,0.2,0.75,False,0.0005,8.0,1.0,xcit_tiny_24_p8_384_dist,0.0,momentum,10,0.4,8,2,cosine,0.0,0.0001,True,10,1e-06,0.01,none,,
115307239164259080,False,128,0.0001,,0.0,0.1,0.0,0.1,0.0001,0.4,0.65,False,0.01,4.0,0.0,dla46x_c,0.99,momentum,10,0.6,9,3,cosine,0.1,0.0,True,0,1e-06,0.01,random_augment,,
16642823614718554,False,64,0.01,1.0,0.0,4.0,0.0,0.1,0.01,0.2,,False,1e-05,0.2,0.75,mobilevit_xs,0.9,sgd,2,0.8,17,2,plateau,0.0,0.1,True,10,0.0,0.1,random_augment,,
109231595820257068,False,64,0.0001,,1.0,1.0,0.0,0.1,0.1,0.4,0.65,False,0.001,8.0,0.0,mobilevit_xxs,0.95,momentum,10,0.0,9,3,cosine,0.1,0.0,False,10,1e-05,0.001,random_augment,,
242095214881936735,True,16,0.0001,,2.0,2.0,0.0,0.1,0.0001,0.2,0.65,False,0.001,0.4,1.0,volo_d3_448,0.99,momentum,5,0.8,8,2,plateau,0.05,0.0001,True,10,0.0,0.0,auto_augment,,original
21147426135372950,False,32,0.1,,0.5,0.0,10.0,0.5,0.001,0.3,0.65,True,0.001,0.2,1.0,deit3_small_patch16_384_in21ft1k,0.9,adamw,10,0.4,8,2,multistep,0.05,0.1,True,10,1e-06,0.0001,none,"(0.9, 0.999)",
230242705209328722,False,16,0.001,10.0,0.0,1.0,0.0,0.1,0.1,0.2,0.65,False,0.0005,4.0,1.0,edgenext_x_small,0.9,adam,5,0.4,17,3,plateau,0.05,0.0001,True,5,1e-06,0.001,random_augment,"(0.9, 0.999)",
20728492055843957,True,512,0.0,,1.0,1.0,0.0,0.1,0.0,0.2,0.65,True,1e-05,8.0,1.0,mobilevit_xs,0.9,adam,2,0.6,8,2,plateau,0.05,0.0001,False,0,1e-06,0.0001,none,"(0.9, 0.99)",
49379204404839726,False,2,0.001,,1.0,2.0,0.0,0.1,0.01,0.1,0.75,False,0.01,0.4,0.5,edgenext_small,0.9,adam,5,1.0,8,2,plateau,0.0,0.0001,False,10,1e-06,0.1,none,"(0.9, 0.99)",
51127173617034504,False,128,0.1,10.0,1.0,0.5,10.0,0.5,0.1,0.1,,False,0.0001,2.0,0.75,edgenext_xx_small,0.8,momentum,10,0.6,8,2,step,0.1,0.001,True,5,1e-05,0.01,trivial_augment,,
24183061832833132,False,8,0.0001,10.0,4.0,0.5,10.0,0.5,0.0001,0.0,0.75,False,0.01,2.0,0.75,xcit_small_12_p8_384_dist,0.9,sgd,10,0.6,8,2,multistep,0.1,0.0001,False,10,1e-05,0.0,none,,
3730893313840823,True,64,0.1,1.0,0.0,0.1,0.0,0.1,0.01,0.3,0.75,False,0.001,0.4,0.25,mobilevitv2_075,0.9,sgd,10,0.2,9,2,cosine,0.1,0.01,True,0,1e-05,0.001,random_augment,,
263703453519852678,False,128,0.001,10.0,0.0,0.1,10.0,0.1,0.1,0.4,0.65,False,0.01,4.0,0.25,xcit_tiny_24_p8_384_dist,0.95,momentum,10,1.0,17,2,multistep,0.1,0.0001,True,10,0.0,0.0001,random_augment,,
94576625973263458,False,64,0.0001,10.0,0.0,0.25,20.0,0.5,0.1,0.4,,True,0.0005,0.0,0.25,xcit_small_12_p8_384_dist,0.9,sgd,10,1.0,8,2,multistep,0.1,0.01,False,0,0.0,1e-05,auto_augment,,original
63895297762815768,False,2,0.0001,10.0,0.5,0.25,20.0,0.5,0.001,0.3,,False,0.005,4.0,0.0,xcit_tiny_12_p8_384_dist,0.9,adamw,10,0.2,8,2,multistep,0.1,0.01,True,10,0.0,0.0,none,"(0.0, 0.99)",
2747312601165209,True,64,0.0001,1.0,1.0,0.1,0.0,0.1,0.1,0.3,0.65,False,0.001,0.4,0.25,edgenext_xx_small,0.9,adamw,10,0.8,8,2,cosine,0.0,0.01,False,0,0.0,0.001,none,"(0.9, 0.999)",
40542617123423486,False,32,0.0001,10.0,4.0,1.0,0.0,0.1,0.0001,0.1,0.75,False,1e-05,1.0,0.5,edgenext_xx_small,0.9,adamp,5,1.0,8,2,plateau,0.0,0.001,False,0,0.0,0.1,none,"(0.0, 0.99)",
13186504771585130,False,4,0.0001,1.0,0.5,0.5,0.0,0.1,0.0001,0.1,0.65,False,0.0001,0.2,1.0,mobilevitv2_075,0.9,sgd,5,0.0,9,2,plateau,0.1,0.01,True,0,1e-05,0.0001,random_augment,,
42382122720541476,False,16,0.0,1.0,4.0,0.25,0.0,0.1,0.001,0.3,0.65,False,5e-05,8.0,0.5,edgenext_small,0.9,adamp,5,0.0,8,2,plateau,0.1,0.1,False,0,1e-06,0.01,none,"(0.0, 0.99)",
7668121131449559,True,32,0.0,1.0,2.0,0.25,0.0,0.1,0.001,0.3,0.75,True,5e-05,0.2,0.5,tf_efficientnet_b6_ns,0.9,sgd,10,0.8,8,2,cosine,0.0,0.0001,False,0,1e-05,0.0,none,,
10998056975631031,True,2,0.0,,4.0,2.0,0.0,0.1,0.1,0.3,0.65,False,0.005,0.0,0.75,edgenext_small,0.9,adamp,10,1.0,8,2,cosine,0.0,0.01,False,5,0.0,0.001,none,"(0.0, 0.99)",
70046377605531671,True,8,0.001,10.0,0.0,0.5,10.0,0.1,0.01,0.1,0.65,False,0.001,8.0,0.0,convnext_small_384_in22ft1k,0.9,momentum,10,0.2,8,2,multistep,0.1,0.01,True,5,1e-05,0.0001,none,,
13031333372145970,False,64,0.0,10.0,4.0,0.5,20.0,0.1,0.1,0.0,0.75,False,0.001,0.2,0.5,deit3_small_patch16_384_in21ft1k,0.0,momentum,10,1.0,8,2,multistep,0.05,0.01,True,10,1e-06,0.0001,trivial_augment,,
43399804905976721,True,8,0.001,,4.0,0.25,0.0,0.1,0.0,0.1,,True,0.001,0.2,0.0,volo_d1_384,0.9,adamp,10,0.6,17,2,cosine,0.1,0.001,False,5,0.0,0.001,random_augment,"(0.0, 0.99)",
16996557922831410,False,16,0.01,,0.0,1.0,10.0,0.1,0.001,0.3,0.65,False,1e-05,0.4,0.5,edgenext_xx_small,0.9,sgd,10,0.4,8,2,multistep,0.1,0.001,False,10,1e-06,0.1,auto_augment,,original
9107604731927118,False,128,0.001,10.0,1.0,0.1,0.0,0.1,0.0,0.0,0.65,False,0.005,0.2,1.0,mobilevitv2_075,0.8,momentum,10,1.0,8,2,cosine,0.0,0.001,True,0,1e-05,0.1,none,,
121786352296271375,True,8,0.0,1.0,4.0,0.0,20.0,0.5,0.1,0.1,,False,0.001,4.0,0.75,edgenext_x_small,0.9,adamw,10,0.4,8,2,multistep,0.05,0.001,True,5,0.0,0.1,none,"(0.0, 0.999)",
318448522185177856,False,8,0.1,,4.0,2.0,20.0,0.1,0.001,0.4,0.75,False,1e-05,0.4,1.0,mobilevit_xxs,0.9,adamp,10,0.6,8,2,multistep,0.1,0.0,True,5,1e-05,0.01,none,"(0.0, 0.999)",
28872952214141084,False,256,0.0,1.0,4.0,0.1,20.0,0.1,0.1,0.1,,False,0.01,1.0,0.0,mobilevitv2_075,0.9,sgd,10,0.6,8,2,step,0.05,0.1,False,0,1e-06,0.0001,none,,
10922363355584324,False,4,0.1,,0.0,1.0,0.0,0.1,0.01,0.4,0.75,False,0.0005,0.2,0.5,tf_efficientnet_b7_ns,0.9,adamp,10,0.2,8,2,cosine,0.0,0.01,True,0,0.0,0.001,trivial_augment,"(0.0, 0.99)",
5356496886343098,False,16,0.1,,0.5,4.0,0.0,0.1,0.1,0.1,,True,0.001,0.2,1.0,edgenext_small,0.9,adamp,10,0.4,8,2,cosine,0.0,0.001,True,10,1e-05,0.0001,trivial_augment,"(0.9, 0.999)",
6637930321289364,False,2,0.01,1.0,0.5,0.25,0.0,0.1,0.0001,0.1,,False,0.005,1.0,0.5,xcit_small_12_p8_384_dist,0.9,sgd,10,0.8,8,2,cosine,0.05,0.001,False,10,1e-05,1e-05,trivial_augment,,
17504227117562603,True,8,0.0001,1.0,1.0,1.0,0.0,0.1,0.1,0.3,0.75,False,1e-05,8.0,0.5,volo_d5_448,0.9,adamw,10,1.0,8,2,cosine,0.1,0.0001,True,10,1e-05,0.1,auto_augment,"(0.9, 0.999)",original
11273742108713795,True,8,0.0,10.0,2.0,1.0,0.0,0.1,0.01,0.1,0.75,True,0.0001,8.0,0.5,edgenext_small,0.9,adamw,10,0.6,8,2,cosine,0.05,0.0001,False,0,1e-06,0.001,none,"(0.0, 0.99)",
53394862284112470,False,16,0.01,1.0,0.5,2.0,0.0,0.1,0.01,0.2,0.65,False,0.0001,0.4,0.75,mobilevitv2_075,0.9,adamp,5,0.8,9,2,plateau,0.1,0.01,True,5,1e-06,0.0001,random_augment,"(0.9, 0.99)",
63174038377686125,True,8,0.0,,0.5,0.1,20.0,0.5,0.001,0.0,0.75,False,0.01,0.0,0.0,mobilevit_xxs,0.9,adamp,10,0.0,9,2,step,0.1,0.0,False,5,1e-05,1e-05,random_augment,"(0.0, 0.99)",
119186221956785287,True,16,0.0,1.0,1.0,1.0,10.0,0.5,0.0001,0.3,,True,5e-05,8.0,0.75,tf_efficientnet_b4_ns,0.9,adamp,10,0.8,8,2,multistep,0.0,0.1,False,10,0.0,1e-05,trivial_augment,"(0.0, 0.999)",
233042854261417497,True,32,0.0001,1.0,4.0,1.0,0.0,0.1,0.0,0.3,,True,0.01,2.0,0.25,deit3_small_patch16_384_in21ft1k,0.95,momentum,5,0.0,9,3,plateau,0.0,0.01,False,10,1e-06,1e-05,random_augment,,
66570176969585589,True,4,0.001,,0.0,2.0,10.0,0.1,0.0001,0.4,0.65,False,0.01,8.0,0.0,mobilevit_xxs,0.9,adamp,10,0.6,8,2,step,0.0,0.001,True,10,0.0,0.01,none,"(0.9, 0.99)",
100368188666632125,True,32,0.001,1.0,1.0,0.25,0.0,0.1,0.01,0.3,,False,0.0005,4.0,0.5,edgenext_small,0.9,adamp,5,0.2,8,2,plateau,0.1,0.1,True,10,0.0,0.001,none,"(0.9, 0.999)",
79064984494931773,True,128,0.0,10.0,4.0,1.0,0.0,0.1,0.1,0.0,0.75,True,0.001,0.0,0.75,edgenext_small,0.9,adamw,10,0.0,9,3,cosine,0.0,0.0,False,10,1e-06,1e-05,random_augment,"(0.0, 0.99)",
48568225372549589,True,64,0.0001,,2.0,4.0,0.0,0.1,0.1,0.0,0.65,True,5e-05,1.0,0.25,edgenext_xx_small,0.9,adam,5,0.0,8,2,plateau,0.0,0.001,True,10,1e-05,0.0,trivial_augment,"(0.0, 0.99)",
52914465380000924,False,32,0.001,10.0,0.0,0.0,0.0,0.1,0.0001,0.1,0.75,True,0.01,2.0,1.0,tf_efficientnet_b4_ns,0.9,sgd,2,0.6,17,3,plateau,0.1,0.0001,True,5,0.0,0.0001,random_augment,,
18690242054747533,True,16,0.001,,1.0,2.0,0.0,0.1,0.1,0.1,0.65,True,0.0005,0.2,1.0,mobilevit_xs,0.9,momentum,10,0.8,8,2,cosine,0.1,0.0,True,5,1e-05,0.01,none,,
168604352927009011,True,2,0.0,10.0,4.0,0.5,10.0,0.1,0.0001,0.3,0.75,False,1e-05,1.0,0.0,mobilevit_xs,0.9,adamp,10,0.6,17,2,step,0.0,0.01,True,5,1e-05,1e-05,random_augment,"(0.0, 0.99)",
871853908463359,True,16,0.1,,4.0,0.1,0.0,0.1,0.01,0.2,0.75,False,5e-05,0.0,1.0,edgenext_small,0.9,sgd,10,0.8,8,2,cosine,0.0,0.01,True,10,1e-06,0.1,trivial_augment,,
1651508808554652,False,16,0.001,,2.0,0.0,0.0,0.1,0.0001,0.4,0.65,True,0.005,0.2,1.0,mobilevit_xxs,0.9,sgd,10,0.2,8,2,cosine,0.0,0.0,False,10,0.0,0.01,none,,
19165366764963224,False,32,0.001,,4.0,0.5,0.0,0.1,0.001,0.2,0.75,True,0.0001,2.0,0.25,mobilevit_xxs,0.9,adam,10,0.8,8,2,cosine,0.05,0.001,True,5,0.0,0.001,trivial_augment,"(0.9, 0.99)",
14076560528499350,False,4,0.0001,1.0,1.0,4.0,20.0,0.1,0.001,0.0,0.65,False,5e-05,2.0,0.5,volo_d1_384,0.9,adam,10,1.0,8,2,multistep,0.0,0.01,True,0,1e-06,1e-05,none,"(0.9, 0.999)",
27572610976707353,True,8,0.0001,1.0,1.0,2.0,20.0,0.1,0.001,0.4,,False,0.005,8.0,0.25,mobilevit_xs,0.9,adam,10,0.4,8,2,step,0.1,0.001,True,0,1e-06,0.001,none,"(0.9, 0.999)",
178930925186208343,True,16,0.001,,0.0,0.0,10.0,0.5,0.01,0.4,,False,1e-05,8.0,0.5,mobilevitv2_075,0.9,adamw,10,0.2,17,2,step,0.05,0.0001,True,5,1e-06,0.1,random_augment,"(0.0, 0.99)",
12300263159305262,False,256,0.0001,,4.0,2.0,20.0,0.1,0.01,0.1,0.75,True,5e-05,0.0,1.0,deit3_small_patch16_384_in21ft1k,0.9,adamw,10,1.0,8,2,step,0.1,0.1,True,0,0.0,0.0001,none,"(0.9, 0.999)",
537624343021188,False,128,0.001,10.0,2.0,4.0,10.0,0.1,0.001,0.3,,False,1e-05,4.0,0.75,edgenext_small,0.9,sgd,10,0.6,8,2,step,0.1,0.0,True,0,1e-06,0.1,trivial_augment,,
15362249813035066,False,64,0.001,1.0,4.0,0.1,0.0,0.1,0.001,0.2,0.75,False,5e-05,0.0,1.0,mobilevit_xs,0.9,sgd,5,0.4,9,2,plateau,0.1,0.01,False,0,1e-06,0.0,random_augment,,
21375004298279763,True,4,0.0,1.0,0.5,0.1,0.0,0.1,0.001,0.2,0.75,True,0.01,2.0,0.25,xcit_tiny_24_p8_384_dist,0.9,adamp,10,1.0,8,2,cosine,0.1,0.1,False,5,1e-05,0.0001,trivial_augment,"(0.9, 0.99)",
1275372140119606,False,64,0.001,1.0,0.5,0.5,0.0,0.1,0.0001,0.1,,False,1e-05,2.0,0.25,dla46x_c,0.9,adamw,10,0.0,8,2,cosine,0.0,0.0,True,10,1e-05,0.1,none,"(0.9, 0.999)",
5155820934481440,False,2,0.0,,1.0,0.25,0.0,0.1,0.1,0.3,0.75,False,1e-05,1.0,0.25,tf_efficientnet_b4_ns,0.9,sgd,2,1.0,8,2,plateau,0.05,0.01,False,5,1e-05,0.0001,none,,
114008256042379878,False,128,0.001,1.0,1.0,0.25,0.0,0.1,0.001,0.3,0.75,True,0.005,1.0,0.0,edgenext_x_small,0.9,adamp,10,0.8,17,3,cosine,0.0,0.1,True,0,1e-06,0.1,random_augment,"(0.9, 0.99)",
17344185097609882,False,64,0.1,,0.0,1.0,0.0,0.1,0.01,0.4,,True,0.01,0.0,0.0,mobilevitv2_075,0.9,adam,10,1.0,8,2,cosine,0.0,0.0001,True,5,1e-05,0.1,none,"(0.9, 0.99)",
28073338734877620,False,16,0.01,10.0,4.0,0.25,20.0,0.5,0.001,0.2,,False,1e-05,8.0,0.5,mobilevit_xs,0.0,momentum,10,0.0,8,2,multistep,0.0,0.0001,False,5,1e-05,0.001,none,,
107749191806409729,True,4,0.001,1.0,0.0,0.1,20.0,0.1,0.0001,0.4,0.65,False,1e-05,1.0,1.0,volo_d4_448,0.9,adamw,10,1.0,8,2,multistep,0.1,0.0001,False,5,1e-05,0.01,trivial_augment,"(0.0, 0.999)",
171010556828772845,True,8,0.0,10.0,2.0,4.0,20.0,0.5,0.01,0.3,0.65,False,5e-05,0.4,0.25,tf_efficientnet_b6_ns,0.9,adam,10,0.4,8,2,multistep,0.05,0.01,True,10,1e-06,0.1,none,"(0.0, 0.99)",
18208305450886710,False,128,0.0001,1.0,1.0,1.0,0.0,0.1,0.1,0.0,0.75,False,1e-05,1.0,0.75,xcit_small_12_p8_384_dist,0.9,momentum,2,1.0,8,2,plateau,0.05,0.01,False,5,1e-06,0.01,trivial_augment,,
4556797190128469,True,64,0.0001,1.0,0.0,0.1,0.0,0.1,0.0,0.3,0.65,True,1e-05,0.4,0.25,beit_base_patch16_384,0.9,adamw,10,1.0,8,2,cosine,0.1,0.01,False,0,1e-06,0.0001,none,"(0.9, 0.999)",
10368655848478591,True,16,0.01,,4.0,0.1,0.0,0.1,0.1,0.4,0.75,False,0.01,8.0,1.0,swinv2_base_window12to24_192to384_22kft1k,0.8,momentum,10,0.8,9,2,cosine,0.0,0.0001,False,0,1e-05,0.01,random_augment,,
128016411140166811,True,16,0.01,10.0,0.5,1.0,20.0,0.5,0.0,0.3,0.65,False,0.005,8.0,1.0,volo_d1_384,0.9,sgd,10,0.4,17,3,step,0.1,0.001,False,5,1e-05,1e-05,random_augment,,
7022894687910633,True,4,0.0,10.0,0.0,0.1,0.0,0.1,0.1,0.1,,False,5e-05,2.0,0.75,beit_base_patch16_384,0.9,adam,10,0.6,9,2,cosine,0.0,0.01,True,5,0.0,0.0,random_augment,"(0.9, 0.999)",
100056698327961083,True,64,0.1,1.0,2.0,0.1,10.0,0.1,0.01,0.3,0.75,False,0.001,0.4,0.75,xcit_nano_12_p8_384_dist,0.8,momentum,10,1.0,8,2,step,0.0,0.1,True,0,0.0,0.001,none,,
73986742144904526,False,2,0.001,10.0,2.0,1.0,20.0,0.1,0.1,0.2,0.75,False,0.001,8.0,0.25,volo_d5_512,0.9,sgd,10,1.0,9,3,step,0.05,0.0001,False,5,1e-05,0.1,random_augment,,
13859169423678273,True,4,0.0,1.0,4.0,0.25,0.0,0.1,0.01,0.4,0.65,False,0.0001,4.0,0.25,mobilevit_xxs,0.8,momentum,10,0.6,8,2,cosine,0.1,0.01,False,10,0.0,1e-05,none,,
51364267133790373,True,16,0.001,10.0,0.0,4.0,0.0,0.1,0.001,0.3,,False,0.005,8.0,1.0,convnext_small_384_in22ft1k,0.9,adamw,5,0.6,8,2,plateau,0.05,0.01,False,0,0.0,0.001,trivial_augment,"(0.9, 0.99)",
3150268296808092,False,16,0.001,1.0,2.0,4.0,0.0,0.1,0.001,0.1,0.65,False,0.005,0.2,1.0,volo_d3_448,0.9,sgd,2,0.8,8,2,plateau,0.1,0.1,True,10,0.0,0.001,trivial_augment,,
21627036696450764,False,4,0.1,1.0,0.0,2.0,10.0,0.5,0.01,0.4,0.65,False,5e-05,2.0,0.5,volo_d4_448,0.9,adamp,10,1.0,8,2,step,0.05,0.0001,False,0,0.0,1e-05,trivial_augment,"(0.9, 0.999)",
103093167000404890,False,64,0.0,,4.0,1.0,10.0,0.1,0.01,0.0,0.65,False,0.01,8.0,0.0,edgenext_small,0.9,adamw,10,0.8,8,2,multistep,0.05,0.0001,False,0,1e-06,1e-05,none,"(0.0, 0.999)",
2015366420065785,True,256,0.0,10.0,1.0,1.0,0.0,0.1,0.1,0.1,,False,0.0001,0.4,0.0,xcit_tiny_12_p8_384_dist,0.9,adamp,2,1.0,8,2,plateau,0.0,0.1,False,5,1e-06,0.01,trivial_augment,"(0.9, 0.999)",
1357008123011195,True,64,0.01,1.0,1.0,2.0,0.0,0.1,0.01,0.3,,True,1e-05,8.0,0.0,xcit_tiny_24_p8_384_dist,0.9,adam,10,0.8,8,2,cosine,0.05,0.0,False,0,0.0,0.01,none,"(0.9, 0.999)",
284725602350577544,False,8,0.0,,1.0,0.5,20.0,0.5,0.001,0.1,0.75,False,5e-05,0.4,0.5,deit3_small_patch16_384_in21ft1k,0.9,adam,10,0.0,8,2,step,0.0,0.01,True,5,1e-05,0.1,auto_augment,"(0.9, 0.99)",original
15296385896762346,False,2,0.001,10.0,4.0,0.5,20.0,0.1,0.0,0.3,0.75,False,0.01,2.0,0.75,tf_efficientnet_b7_ns,0.9,sgd,10,0.6,8,2,multistep,0.05,0.1,True,10,0.0,0.0,none,,
34090161178552065,True,32,0.001,1.0,4.0,2.0,10.0,0.1,0.1,0.1,,True,0.0005,0.4,0.5,xcit_tiny_24_p8_384_dist,0.9,adam,10,0.8,9,2,multistep,0.0,0.001,False,10,0.0,0.01,random_augment,"(0.0, 0.99)",
57428133940201609,True,2,0.0001,,1.0,0.25,10.0,0.5,0.0,0.0,0.75,False,1e-05,0.0,0.5,swinv2_base_window12to24_192to384_22kft1k,0.9,sgd,10,0.4,8,2,step,0.1,0.001,True,5,1e-06,0.1,auto_augment,,v0
5712801588463466,False,4,0.01,1.0,0.5,0.5,0.0,0.1,0.0,0.1,,False,0.005,0.0,0.0,mobilevit_xs,0.0,momentum,10,0.8,8,2,cosine,0.1,0.0,False,10,0.0,1e-05,none,,
39163087695961501,True,16,0.01,1.0,0.0,2.0,0.0,0.1,0.001,0.1,0.75,False,5e-05,0.0,0.0,edgenext_x_small,0.99,momentum,10,0.8,8,2,cosine,0.05,0.0,False,0,0.0,0.0,none,,
106551019327108466,False,4,0.01,1.0,0.5,2.0,0.0,0.1,0.01,0.1,0.65,True,5e-05,0.4,1.0,xcit_nano_12_p8_384_dist,0.9,adamp,10,1.0,17,3,cosine,0.0,0.001,False,10,1e-05,0.1,random_augment,"(0.0, 0.99)",
16541570764657815,True,256,0.0,,0.0,4.0,10.0,0.5,0.0001,0.2,,True,0.0001,1.0,0.25,mobilevit_xs,0.9,adamw,10,0.4,9,2,multistep,0.05,0.001,False,10,0.0,0.1,random_augment,"(0.9, 0.999)",
53033290633426991,True,8,0.001,1.0,2.0,1.0,10.0,0.5,0.1,0.0,0.65,True,0.0001,0.0,0.0,edgenext_small,0.9,adamp,10,0.2,8,2,multistep,0.1,0.1,False,10,0.0,0.0001,trivial_augment,"(0.0, 0.99)",
21516005153642669,True,512,0.1,,4.0,0.25,0.0,0.1,0.0001,0.4,,True,5e-05,0.2,1.0,edgenext_x_small,0.9,adamw,10,1.0,8,2,cosine,0.0,0.1,False,10,1e-05,0.0001,none,"(0.9, 0.99)",
7723837250643586,False,8,0.1,,2.0,0.25,10.0,0.1,0.0,0.0,,False,0.005,2.0,0.5,tf_efficientnet_b4_ns,0.0,momentum,10,0.4,8,2,step,0.1,0.1,False,0,1e-05,0.0,none,,
307586774175263424,False,2,0.01,10.0,1.0,0.25,10.0,0.1,0.001,0.4,,False,0.01,1.0,0.25,mobilevitv2_075,0.9,adamw,10,1.0,8,2,multistep,0.1,0.0001,False,5,1e-05,0.0,auto_augment,"(0.0, 0.999)",v0
175411427731311844,False,64,0.01,,4.0,0.1,20.0,0.5,0.0,0.4,0.75,True,5e-05,2.0,0.75,edgenext_small,0.9,adamw,10,0.4,8,2,multistep,0.1,0.0001,False,10,1e-05,0.0001,none,"(0.0, 0.99)",
340732830075775533,True,32,0.01,1.0,4.0,1.0,10.0,0.5,0.0,0.0,0.75,False,0.0005,2.0,0.75,deit3_small_patch16_384_in21ft1k,0.9,adamw,10,0.8,9,3,multistep,0.0,0.0001,False,0,1e-06,0.1,random_augment,"(0.9, 0.99)",
102491393090437964,False,4,0.1,,1.0,0.1,10.0,0.1,0.0,0.4,0.75,False,1e-05,8.0,0.25,mobilevit_xs,0.9,adamw,10,0.0,8,2,step,0.05,0.0001,False,10,1e-05,0.0001,none,"(0.0, 0.999)",
129374940787988626,False,64,0.001,10.0,0.0,4.0,0.0,0.1,0.01,0.2,0.75,False,0.001,0.4,0.5,edgenext_small,0.9,adamw,10,0.6,17,3,cosine,0.05,0.01,False,5,1e-05,0.0,random_augment,"(0.0, 0.999)",
3795273718568837,True,512,0.0,10.0,1.0,0.1,0.0,0.1,0.01,0.0,0.65,False,0.0001,0.2,0.5,edgenext_x_small,0.0,momentum,2,0.6,8,2,plateau,0.1,0.001,False,5,1e-05,0.001,none,,
67556419722753843,True,4,0.0,1.0,0.0,0.25,10.0,0.1,0.001,0.4,,False,1e-05,0.4,0.5,xcit_tiny_12_p8_384_dist,0.9,momentum,10,0.8,8,2,multistep,0.1,0.001,False,0,0.0,0.001,trivial_augment,,
10723035498950327,True,8,0.1,1.0,2.0,1.0,0.0,0.1,0.001,0.0,0.65,True,0.0001,4.0,0.25,xcit_tiny_24_p8_384_dist,0.9,sgd,10,0.0,8,2,cosine,0.1,0.1,False,10,1e-05,0.01,auto_augment,,v0
5237175155315945,True,8,0.0,10.0,2.0,4.0,0.0,0.1,0.01,0.1,,True,1e-05,2.0,0.25,xcit_nano_12_p8_384_dist,0.9,sgd,10,0.2,8,2,cosine,0.0,0.1,True,5,1e-05,0.0001,trivial_augment,,
23135293723335938,False,32,0.0,1.0,1.0,1.0,0.0,0.1,0.0,0.4,,True,0.0001,0.4,0.5,convnext_small_384_in22ft1k,0.9,adamw,10,1.0,9,2,cosine,0.0,0.001,False,5,0.0,0.0,random_augment,"(0.9, 0.99)",
7715465342636314,False,8,0.0,10.0,4.0,0.0,0.0,0.1,0.001,0.0,,False,5e-05,0.4,1.0,volo_d1_384,0.9,sgd,2,0.0,8,2,plateau,0.0,0.1,False,0,1e-05,0.0,trivial_augment,,
148940914447439487,True,32,0.0001,,2.0,0.25,10.0,0.5,0.001,0.3,,True,0.005,4.0,0.5,tf_efficientnet_b4_ns,0.9,adam,10,1.0,8,2,step,0.05,0.001,True,10,0.0,0.001,none,"(0.0, 0.99)",
534759393913199828,False,32,0.0,,0.5,0.5,10.0,0.5,0.001,0.4,0.75,True,0.0001,8.0,0.0,convnext_small_384_in22ft1k,0.8,momentum,10,1.0,17,3,multistep,0.1,0.01,False,0,0.0,0.1,random_augment,,
106724341777867025,True,8,0.0,,0.5,0.0,0.0,0.1,0.01,0.0,0.65,False,0.0001,8.0,0.5,volo_d1_384,0.9,adamw,5,0.2,8,2,plateau,0.05,0.01,False,0,0.0,0.01,auto_augment,"(0.9, 0.999)",v0
103328383197087439,True,16,0.1,,2.0,0.1,10.0,0.1,0.1,0.1,0.65,False,0.01,0.0,0.0,mobilevit_xs,0.9,adamw,10,1.0,8,2,multistep,0.0,0.001,True,5,1e-06,1e-05,none,"(0.0, 0.999)",
32145480725416651,True,2,0.0,10.0,0.5,2.0,0.0,0.1,0.0,0.0,0.75,False,0.0005,2.0,0.75,volo_d4_448,0.9,adamw,2,0.4,8,2,plateau,0.05,0.001,False,5,1e-05,0.0,trivial_augment,"(0.0, 0.999)",
40800264638218042,False,8,0.0001,1.0,4.0,0.5,20.0,0.1,0.0001,0.0,0.65,False,1e-05,0.2,1.0,mobilevit_xs,0.9,adam,10,0.6,8,2,step,0.05,0.1,True,5,0.0,0.1,none,"(0.0, 0.99)",
6671943533920639,True,128,0.001,10.0,2.0,0.1,0.0,0.1,0.0001,0.4,0.75,True,1e-05,8.0,0.25,edgenext_small,0.9,sgd,10,0.8,8,2,cosine,0.1,0.1,False,10,1e-05,1e-05,trivial_augment,,
126746183824984903,True,128,0.0,,1.0,0.5,20.0,0.5,0.01,0.2,0.65,True,0.0005,0.0,0.25,edgenext_x_small,0.9,sgd,10,0.4,17,3,step,0.0,0.01,True,5,1e-05,0.0001,random_augment,,
365467022143001382,False,128,0.0,10.0,1.0,0.25,20.0,0.5,0.001,0.1,0.65,False,1e-05,0.0,0.75,edgenext_x_small,0.9,adamp,10,0.2,8,2,multistep,0.1,0.1,True,10,1e-06,0.1,none,"(0.0, 0.999)",
32084219629845223,True,16,0.001,10.0,0.0,2.0,20.0,0.5,0.0001,0.4,0.65,False,0.01,0.2,0.0,edgenext_small,0.9,sgd,10,0.2,8,2,multistep,0.05,0.01,True,0,1e-05,0.0,trivial_augment,,
112994152672424652,False,2,0.1,10.0,0.0,0.1,20.0,0.1,0.001,0.2,,False,1e-05,1.0,1.0,tf_efficientnet_b6_ns,0.9,adam,10,1.0,8,2,step,0.05,0.0001,False,0,1e-05,0.0,trivial_augment,"(0.0, 0.999)",
54453981061755974,False,4,0.1,10.0,0.5,0.0,10.0,0.5,0.0,0.4,0.75,False,0.01,0.4,1.0,convnext_small_384_in22ft1k,0.9,adam,10,0.8,8,2,multistep,0.05,0.1,True,10,0.0,1e-05,trivial_augment,"(0.0, 0.99)",
34175015392855692,False,128,0.0,10.0,0.0,2.0,20.0,0.1,0.01,0.3,0.75,False,5e-05,0.0,0.0,mobilevitv2_075,0.9,adam,10,0.6,8,2,multistep,0.1,0.001,True,10,0.0,0.01,auto_augment,"(0.9, 0.999)",v0
139020012171056315,True,64,0.01,,0.0,1.0,20.0,0.1,0.01,0.2,,False,0.001,4.0,0.5,volo_d1_384,0.99,momentum,10,1.0,8,2,multistep,0.0,0.0001,True,10,1e-05,0.1,trivial_augment,,
127882859514573410,False,32,0.1,10.0,0.0,4.0,20.0,0.5,0.001,0.0,0.65,True,5e-05,0.4,1.0,xcit_tiny_12_p8_384_dist,0.9,adamp,10,0.8,8,2,multistep,0.1,0.01,False,0,1e-05,1e-05,trivial_augment,"(0.0, 0.999)",
179863293630482622,False,2,0.1,,0.0,0.5,0.0,0.1,0.001,0.1,0.65,False,0.001,1.0,0.75,tf_efficientnet_b4_ns,0.9,adamp,5,0.4,9,3,plateau,0.05,0.01,True,5,0.0,0.01,random_augment,"(0.9, 0.99)",
361306367174264224,False,8,0.0,10.0,1.0,1.0,10.0,0.1,0.1,0.2,0.75,False,0.0005,2.0,0.0,xcit_tiny_12_p8_384_dist,0.9,adamw,10,0.4,9,3,multistep,0.05,0.001,False,10,1e-06,0.0001,random_augment,"(0.0, 0.999)",
76781192845631242,False,8,0.0001,10.0,1.0,1.0,0.0,0.1,0.1,0.0,,True,0.0005,1.0,0.75,edgenext_x_small,0.9,adam,10,0.8,9,3,cosine,0.1,0.001,True,5,1e-05,0.001,random_augment,"(0.0, 0.99)",
12011772492446495,True,8,0.0,1.0,0.0,2.0,0.0,0.1,0.1,0.1,0.65,True,0.0005,8.0,0.5,volo_d1_384,0.9,sgd,5,0.6,8,2,plateau,0.05,0.0,False,10,1e-05,0.001,trivial_augment,,
62129555548329516,False,16,0.0,,2.0,0.25,20.0,0.5,0.0,0.4,,False,0.005,2.0,0.75,tf_efficientnet_b7_ns,0.8,momentum,10,1.0,8,2,step,0.0,0.0001,False,0,0.0,1e-05,none,,
392041337775000092,False,32,0.01,1.0,1.0,0.25,10.0,0.1,0.0001,0.0,,False,0.01,0.4,0.5,volo_d1_384,0.9,adamp,10,0.6,17,3,step,0.0,0.0001,False,0,1e-06,0.001,random_augment,"(0.9, 0.999)",
4962793205543612,False,256,0.0001,1.0,1.0,4.0,0.0,0.1,0.01,0.3,0.65,False,0.0005,0.4,0.5,edgenext_x_small,0.9,sgd,10,1.0,8,2,cosine,0.1,0.0,False,0,1e-05,0.0001,trivial_augment,,
67573116732424646,False,4,0.01,10.0,2.0,0.5,0.0,0.1,0.1,0.0,,False,0.0005,0.4,0.0,xcit_small_12_p8_384_dist,0.9,adam,10,0.4,8,2,cosine,0.0,0.1,False,0,0.0,0.001,auto_augment,"(0.9, 0.99)",original
30022673700995796,False,128,0.01,10.0,0.0,4.0,20.0,0.5,0.0,0.2,,False,0.0001,4.0,1.0,edgenext_xx_small,0.9,sgd,10,0.0,8,2,step,0.0,0.0001,False,10,0.0,1e-05,trivial_augment,,
4800427817605243,True,16,0.001,10.0,0.5,2.0,0.0,0.1,0.0,0.2,0.75,False,5e-05,4.0,0.25,mobilevitv2_075,0.9,sgd,2,0.6,8,2,plateau,0.1,0.1,True,5,1e-06,0.0001,none,,
77872610642454117,True,32,0.0001,10.0,2.0,0.25,20.0,0.1,0.01,0.3,0.65,True,0.005,0.0,1.0,swinv2_base_window12to24_192to384_22kft1k,0.9,adamp,10,1.0,8,2,step,0.05,0.0,False,0,1e-05,0.0001,none,"(0.9, 0.99)",
113834860629032852,False,32,0.01,10.0,2.0,0.1,10.0,0.5,0.0,0.4,0.65,False,0.005,0.4,1.0,edgenext_xx_small,0.9,adamw,10,0.4,8,2,multistep,0.05,0.001,True,10,0.0,0.1,trivial_augment,"(0.0, 0.999)",
1799095174375917,True,4,0.01,1.0,0.5,4.0,10.0,0.1,0.01,0.1,0.65,False,0.0001,0.2,0.0,xcit_nano_12_p8_384_dist,0.9,adam,10,0.8,8,2,multistep,0.1,0.1,True,10,0.0,0.01,none,"(0.9, 0.999)",
27617203180899018,False,2,0.0001,1.0,2.0,0.0,20.0,0.5,0.1,0.2,0.75,False,0.0005,2.0,0.75,convnext_small_384_in22ft1k,0.9,sgd,10,0.0,9,2,step,0.1,0.0,False,5,1e-06,0.001,random_augment,,
51373612926498744,False,2,0.01,10.0,2.0,0.1,10.0,0.5,0.0,0.2,,False,1e-05,0.4,0.75,edgenext_small,0.9,adamw,10,1.0,8,2,multistep,0.0,0.1,False,0,0.0,0.001,none,"(0.9, 0.999)",
45254328052519604,False,4,0.1,,4.0,0.25,0.0,0.1,0.01,0.1,0.65,False,0.001,2.0,0.75,xcit_tiny_12_p8_384_dist,0.9,adamp,10,0.8,8,2,cosine,0.05,0.0001,True,5,1e-06,0.0001,auto_augment,"(0.0, 0.99)",original
375184441355300569,True,2,0.0001,10.0,0.5,0.1,20.0,0.5,0.01,0.3,,False,0.0005,4.0,0.25,xcit_tiny_24_p8_384_dist,0.9,adam,10,1.0,8,2,multistep,0.05,0.001,True,5,1e-05,0.01,auto_augment,"(0.0, 0.999)",v0
210787066372685981,True,8,0.001,1.0,0.0,0.25,10.0,0.1,0.0001,0.3,0.75,False,0.0005,0.0,0.0,tf_efficientnet_b6_ns,0.9,adamw,10,0.4,8,2,step,0.1,0.1,True,0,0.0,0.1,auto_augment,"(0.9, 0.99)",original
13896637613885725,True,16,0.0001,10.0,0.5,0.0,0.0,0.1,0.0001,0.2,0.65,True,0.0005,8.0,0.25,mobilevitv2_075,0.9,sgd,5,0.0,8,2,plateau,0.0,0.0001,True,10,0.0,1e-05,trivial_augment,,
3887361361404396,False,2,0.001,,2.0,2.0,0.0,0.1,0.0001,0.1,,False,0.01,1.0,0.0,mobilevit_xxs,0.9,adamw,10,0.6,8,2,cosine,0.0,0.1,True,5,1e-05,0.001,none,"(0.9, 0.999)",
77403848890676082,False,16,0.001,10.0,2.0,2.0,0.0,0.1,0.01,0.4,0.75,False,0.0005,8.0,0.75,dla46x_c,0.9,adamw,2,0.2,17,2,plateau,0.0,0.1,True,10,0.0,0.0001,random_augment,"(0.0, 0.99)",
21057313007877450,False,16,0.01,10.0,2.0,1.0,10.0,0.5,0.0,0.4,0.75,True,0.001,8.0,0.5,xcit_tiny_12_p8_384_dist,0.9,sgd,10,0.4,8,2,multistep,0.05,0.01,False,10,1e-06,0.0001,none,,
10613824083215468,False,32,0.0,10.0,4.0,2.0,0.0,0.1,0.0,0.2,,False,0.001,2.0,1.0,mobilevit_xs,0.9,adamp,10,0.8,8,2,cosine,0.05,0.001,True,5,1e-05,0.01,trivial_augment,"(0.0, 0.99)",
237861828017187556,False,8,0.1,10.0,0.0,1.0,20.0,0.1,0.0,0.2,,True,0.0001,0.2,0.25,tf_efficientnet_b4_ns,0.9,adamw,10,0.0,17,2,step,0.05,0.1,False,5,0.0,0.001,random_augment,"(0.0, 0.999)",
372588529413857264,False,32,0.001,1.0,4.0,4.0,20.0,0.5,0.001,0.1,0.65,False,0.0001,0.4,0.0,edgenext_xx_small,0.9,adamp,10,0.4,8,2,multistep,0.05,0.1,False,10,1e-05,0.0,none,"(0.0, 0.999)",
17291795997561376,False,8,0.1,10.0,0.5,1.0,10.0,0.5,0.0,0.4,0.75,False,1e-05,2.0,1.0,convnext_small_384_in22ft1k,0.0,momentum,10,0.6,8,2,multistep,0.05,0.001,False,5,1e-05,0.1,trivial_augment,,
123576546602053068,False,16,0.1,,1.0,0.5,20.0,0.5,0.01,0.0,0.65,False,0.005,8.0,0.25,tf_efficientnet_b4_ns,0.9,adamp,10,0.2,8,2,multistep,0.1,0.0001,True,5,1e-06,0.01,none,"(0.0, 0.999)",
11964152670817577,True,8,0.1,1.0,2.0,2.0,0.0,0.1,0.01,0.3,,False,0.0001,4.0,0.75,volo_d5_448,0.9,adam,10,1.0,8,2,cosine,0.05,0.001,True,5,1e-05,0.001,trivial_augment,"(0.0, 0.99)",
24534570491872806,False,128,0.01,10.0,2.0,2.0,0.0,0.1,0.0,0.0,0.75,True,0.005,8.0,0.25,mobilevitv2_075,0.9,adamw,2,1.0,8,2,plateau,0.0,0.0,True,5,0.0,0.1,none,"(0.0, 0.999)",
1040029656631461,True,32,0.1,1.0,1.0,2.0,0.0,0.1,0.0,0.1,0.65,False,0.01,0.0,0.75,beit_large_patch16_512,0.9,sgd,2,1.0,8,2,plateau,0.0,0.1,True,0,1e-05,0.1,none,,
74570769476463605,True,8,0.0,1.0,2.0,0.0,0.0,0.1,0.0001,0.4,,False,5e-05,0.0,0.0,xcit_tiny_24_p8_384_dist,0.9,adam,10,0.8,9,3,cosine,0.05,0.0,False,10,0.0,0.01,random_augment,"(0.0, 0.99)",
24460480684294941,True,4,0.0001,,0.5,2.0,0.0,0.1,0.0,0.1,0.75,False,0.01,4.0,0.75,xcit_small_12_p8_384_dist,0.95,momentum,10,1.0,9,2,cosine,0.05,0.0,False,5,0.0,0.1,random_augment,,
190955289403986932,False,4,0.0,,4.0,2.0,0.0,0.1,0.1,0.1,0.65,True,0.005,2.0,0.5,edgenext_xx_small,0.95,momentum,2,0.4,9,3,plateau,0.1,0.001,True,0,1e-06,0.0001,random_augment,,
23299772673762436,False,8,0.1,,2.0,4.0,0.0,0.1,0.0,0.1,0.75,True,0.01,0.4,0.0,edgenext_x_small,0.9,momentum,10,0.4,8,2,cosine,0.0,0.01,False,10,0.0,0.0,trivial_augment,,
44471510197294757,True,8,0.1,1.0,1.0,1.0,20.0,0.1,0.1,0.2,0.75,False,0.001,0.0,1.0,deit3_small_patch16_384_in21ft1k,0.9,adamp,10,0.0,8,2,multistep,0.0,0.1,False,10,1e-05,0.001,trivial_augment,"(0.0, 0.99)",
136753825329748497,True,4,0.01,10.0,2.0,0.1,10.0,0.1,0.1,0.4,,False,0.005,2.0,0.75,xcit_tiny_24_p8_384_dist,0.9,adamw,10,0.0,17,2,multistep,0.0,0.0,True,10,0.0,0.0,random_augment,"(0.9, 0.999)",
280960796819822243,True,8,0.0001,1.0,4.0,2.0,10.0,0.5,0.01,0.3,0.65,False,0.005,0.0,0.0,xcit_tiny_24_p8_384_dist,0.9,adamp,10,1.0,9,3,step,0.0,0.001,True,0,0.0,1e-05,random_augment,"(0.9, 0.999)",
168380105723819920,False,64,0.0,,2.0,0.1,10.0,0.5,0.01,0.4,,False,0.0001,0.4,0.5,edgenext_small,0.9,adamw,10,0.4,8,2,multistep,0.0,0.01,False,0,1e-05,1e-05,auto_augment,"(0.0, 0.99)",original
62508639598079065,True,16,0.0001,1.0,0.0,1.0,0.0,0.1,0.1,0.1,0.65,False,0.0001,2.0,1.0,edgenext_small,0.9,momentum,10,1.0,8,2,cosine,0.05,0.0001,True,10,0.0,1e-05,auto_augment,,v0
143095719317586976,False,64,0.001,1.0,1.0,0.1,20.0,0.1,0.001,0.4,,True,1e-05,1.0,0.0,edgenext_small,0.9,adamp,10,0.8,8,2,multistep,0.1,0.001,True,10,1e-05,0.0001,auto_augment,"(0.0, 0.99)",original
61585053939217028,False,4,0.001,1.0,0.0,4.0,20.0,0.5,0.0001,0.4,0.65,False,5e-05,0.2,0.25,convnext_small_384_in22ft1k,0.9,adamp,10,0.4,8,2,multistep,0.1,0.1,False,10,1e-06,0.0001,none,"(0.0, 0.99)",
70811320856404626,False,2,0.001,,1.0,0.1,10.0,0.1,0.0001,0.4,0.75,False,1e-05,8.0,0.75,tf_efficientnet_b7_ns,0.9,sgd,10,0.0,9,3,multistep,0.1,0.1,True,0,1e-06,1e-05,random_augment,,
27992616526313537,True,8,0.1,10.0,4.0,0.0,20.0,0.5,0.1,0.4,0.75,True,0.0005,2.0,0.5,xcit_tiny_12_p8_384_dist,0.9,sgd,10,0.4,8,2,step,0.1,0.0,True,0,1e-05,0.001,none,,
6255461633834684,False,4,0.1,10.0,4.0,4.0,0.0,0.1,0.0001,0.2,,False,1e-05,8.0,0.75,tf_efficientnet_b4_ns,0.9,adamw,2,0.2,8,2,plateau,0.1,0.0001,True,10,1e-06,1e-05,trivial_augment,"(0.9, 0.999)",
12322265747459696,False,32,0.0001,10.0,1.0,1.0,0.0,0.1,0.1,0.1,0.75,True,5e-05,1.0,0.75,xcit_small_12_p8_384_dist,0.9,adamw,2,1.0,8,2,plateau,0.0,0.0001,False,5,0.0,0.0001,auto_augment,"(0.9, 0.999)",v0
47848486799299792,False,8,0.0001,1.0,4.0,2.0,0.0,0.1,0.01,0.1,0.65,True,1e-05,2.0,1.0,mobilevitv2_075,0.9,adamp,5,0.4,8,2,plateau,0.0,0.1,True,0,1e-06,0.0,trivial_augment,"(0.0, 0.99)",
145796811026961349,True,2,0.0001,10.0,0.0,0.0,0.0,0.1,0.0001,0.0,0.65,False,5e-05,8.0,0.5,swinv2_base_window12to24_192to384_22kft1k,0.9,adam,5,0.4,8,2,plateau,0.1,0.001,True,10,1e-05,0.0,auto_augment,"(0.0, 0.99)",original
43617858770167238,False,4,0.001,1.0,2.0,0.5,0.0,0.1,0.0001,0.0,0.65,False,1e-05,1.0,0.25,edgenext_x_small,0.9,adamp,5,0.6,8,2,plateau,0.0,0.001,True,10,0.0,0.001,trivial_augment,"(0.0, 0.99)",
1633091510335997,True,64,0.001,1.0,2.0,1.0,10.0,0.1,0.1,0.1,,False,0.0001,0.4,1.0,deit3_small_patch16_384_in21ft1k,0.9,adamw,10,0.8,8,2,step,0.1,0.01,True,5,0.0,0.01,trivial_augment,"(0.9, 0.999)",
60291310606199684,False,32,0.001,,1.0,4.0,0.0,0.1,0.0,0.4,0.75,True,5e-05,2.0,0.0,convnext_small_384_in22ft1k,0.9,adamp,5,1.0,8,2,plateau,0.05,0.01,True,10,1e-06,0.001,none,"(0.0, 0.999)",
15488204509366031,True,64,0.0,1.0,4.0,0.5,0.0,0.1,0.0001,0.2,,True,0.0005,4.0,0.0,edgenext_x_small,0.9,adamw,10,0.2,8,2,cosine,0.05,0.001,False,5,1e-06,0.0,none,"(0.0, 0.99)",
393927775483167698,False,256,0.01,,4.0,1.0,10.0,0.1,0.0001,0.0,0.65,False,5e-05,1.0,0.25,mobilevit_xxs,0.99,momentum,10,0.8,8,2,multistep,0.1,0.0001,True,0,1e-05,0.0001,none,,
5953039615671269,True,8,0.01,1.0,0.5,1.0,0.0,0.1,0.0,0.4,0.75,False,0.0005,0.4,1.0,xcit_tiny_24_p8_384_dist,0.9,adam,10,1.0,8,2,cosine,0.1,0.0001,True,0,1e-06,1e-05,trivial_augment,"(0.9, 0.999)",
120800560970458633,True,128,0.0,10.0,1.0,0.0,10.0,0.5,0.0,0.1,,False,0.001,0.0,0.5,xcit_tiny_12_p8_384_dist,0.9,sgd,10,1.0,17,3,step,0.1,0.0001,False,5,1e-06,0.0,random_augment,,
7923352370003511,True,256,0.001,1.0,0.5,2.0,0.0,0.1,0.0,0.2,0.65,True,0.01,0.0,0.5,edgenext_xx_small,0.9,sgd,10,1.0,8,2,cosine,0.0,0.01,True,5,1e-05,0.0,none,,
234437673833705992,False,8,0.0001,10.0,1.0,0.1,10.0,0.1,0.0,0.0,0.65,False,0.0005,0.2,0.75,beit_base_patch16_384,0.9,adamw,10,0.6,17,2,multistep,0.0,0.0001,True,10,1e-06,0.0,random_augment,"(0.0, 0.999)",
375213840073063166,False,4,0.01,,2.0,2.0,20.0,0.5,0.1,0.4,,False,1e-05,0.2,0.5,tf_efficientnet_b6_ns,0.9,adamp,10,0.2,8,2,multistep,0.05,0.1,True,5,1e-05,0.01,auto_augment,"(0.0, 0.999)",v0
380304733795430259,True,4,0.001,,0.5,1.0,20.0,0.5,0.1,0.0,0.65,False,0.0001,4.0,1.0,xcit_small_12_p8_384_dist,0.9,adam,10,0.2,8,2,multistep,0.1,0.01,True,10,1e-06,0.0,auto_augment,"(0.0, 0.999)",v0
159858433041627031,True,16,0.01,1.0,4.0,0.1,20.0,0.5,0.0,0.0,0.75,True,0.0001,0.0,0.5,tf_efficientnet_b4_ns,0.99,momentum,10,0.4,8,2,multistep,0.0,0.0,True,0,1e-06,1e-05,trivial_augment,,
126876724935102630,False,2,0.0,10.0,0.0,0.0,20.0,0.5,0.0,0.2,0.65,False,0.005,4.0,0.0,tf_efficientnet_b7_ns,0.95,momentum,10,1.0,8,2,step,0.1,0.0001,True,10,1e-05,0.0001,trivial_augment,,
46072321815091882,False,8,0.0001,10.0,4.0,4.0,20.0,0.1,0.001,0.2,0.65,True,0.0005,2.0,0.5,mobilevit_xs,0.9,adamp,10,0.6,9,2,multistep,0.1,0.0,False,5,0.0,1e-05,random_augment,"(0.0, 0.99)",
169496289386163519,True,256,0.01,1.0,2.0,0.0,0.0,0.1,0.1,0.2,0.75,True,5e-05,0.2,0.75,edgenext_xx_small,0.9,adam,5,0.4,8,2,plateau,0.05,0.001,True,5,1e-06,0.0,auto_augment,"(0.9, 0.99)",original
32498572944602683,True,2,0.1,10.0,4.0,0.1,10.0,0.1,0.0,0.0,0.75,False,1e-05,2.0,0.25,mobilevit_xxs,0.9,adamw,10,0.4,8,2,step,0.0,0.0001,True,0,0.0,0.1,none,"(0.0, 0.99)",
10439152522958614,False,8,0.0,10.0,4.0,1.0,10.0,0.1,0.001,0.2,0.75,False,0.001,0.2,0.0,xcit_nano_12_p8_384_dist,0.9,sgd,10,0.2,8,2,step,0.1,0.0,True,0,1e-05,0.01,auto_augment,,v0
50222403920703162,False,128,0.0,10.0,0.5,4.0,10.0,0.5,0.001,0.1,,False,1e-05,8.0,1.0,edgenext_xx_small,0.9,adamw,10,1.0,8,2,step,0.05,0.001,True,5,0.0,0.01,none,"(0.0, 0.99)",
155913766059948588,False,2,0.0001,1.0,4.0,4.0,0.0,0.1,0.01,0.3,0.75,False,0.0005,0.2,0.0,edgenext_x_small,0.9,adamw,2,0.4,9,3,plateau,0.0,0.001,False,5,1e-06,0.01,random_augment,"(0.0, 0.999)",
37982841783701223,True,4,0.0,,0.5,1.0,0.0,0.1,0.1,0.4,0.65,True,0.005,1.0,0.75,volo_d5_512,0.8,momentum,10,0.8,8,2,cosine,0.1,0.0001,False,5,0.0,1e-05,auto_augment,,v0
124826927841934080,False,16,0.01,,0.5,0.1,20.0,0.5,0.01,0.1,,False,5e-05,0.2,0.75,mobilevit_xxs,0.9,adamw,10,0.4,8,2,multistep,0.0,0.0,False,5,1e-06,0.001,none,"(0.0, 0.999)",
22050197341358947,True,16,0.0,10.0,2.0,2.0,0.0,0.1,0.1,0.0,0.75,False,0.0001,2.0,1.0,tf_efficientnet_b4_ns,0.9,momentum,10,0.0,8,2,cosine,0.1,0.1,True,10,0.0,1e-05,none,,
147195758839014829,True,2,0.0001,1.0,0.5,0.25,10.0,0.5,0.01,0.0,0.75,False,0.005,1.0,0.75,xcit_nano_12_p8_384_dist,0.9,adam,10,0.0,8,2,multistep,0.0,0.0001,False,0,0.0,0.01,none,"(0.0, 0.99)",
151792477087688751,True,4,0.0001,1.0,1.0,0.1,10.0,0.5,0.01,0.0,0.65,False,5e-05,2.0,0.75,convnext_small_384_in22ft1k,0.9,adamw,10,1.0,8,2,multistep,0.05,0.001,True,0,1e-06,1e-05,none,"(0.0, 0.99)",
30987316426753768,False,8,0.01,1.0,0.5,0.1,0.0,0.1,0.0,0.3,0.65,False,0.01,8.0,0.0,mobilevitv2_075,0.9,adamp,10,0.4,8,2,cosine,0.05,0.0,True,10,1e-05,1e-05,none,"(0.0, 0.999)",
19756965517148473,True,16,0.001,,4.0,2.0,10.0,0.5,0.001,0.0,0.65,False,0.01,8.0,0.25,tf_efficientnet_b4_ns,0.9,adam,10,0.2,8,2,multistep,0.1,0.0001,True,10,1e-06,0.001,none,"(0.9, 0.999)",
140555383235726856,False,16,0.0,,0.0,0.1,20.0,0.1,0.001,0.4,,True,0.0005,2.0,1.0,edgenext_xx_small,0.9,adamw,10,1.0,17,2,multistep,0.05,0.01,True,0,0.0,0.001,random_augment,"(0.9, 0.999)",
36421762202672032,False,64,0.1,10.0,0.5,0.5,0.0,0.1,0.0,0.2,0.75,False,0.005,0.4,0.75,xcit_small_12_p8_384_dist,0.9,adam,5,1.0,8,2,plateau,0.05,0.001,True,10,1e-05,0.001,trivial_augment,"(0.9, 0.999)",
137208416736891275,True,512,0.0001,1.0,0.0,0.0,20.0,0.1,0.0001,0.0,,True,0.001,0.0,0.0,edgenext_x_small,0.9,adamw,10,0.6,8,2,step,0.05,0.0,True,10,1e-06,0.0,auto_augment,"(0.0, 0.99)",v0
14838660177769465,True,16,0.0001,1.0,0.0,0.1,0.0,0.1,0.0,0.2,0.75,False,0.01,4.0,0.0,volo_d4_448,0.8,momentum,10,1.0,8,2,cosine,0.0,0.1,True,10,1e-05,1e-05,none,,
6557421575814392,False,4,0.0,1.0,0.0,2.0,0.0,0.1,0.1,0.2,0.65,True,0.01,1.0,0.0,edgenext_small,0.9,sgd,10,0.2,8,2,cosine,0.0,0.001,True,5,1e-05,1e-05,none,,
465516051076290,False,128,0.0001,10.0,4.0,2.0,0.0,0.1,0.0001,0.4,0.65,False,0.0005,4.0,0.5,mobilevit_xs,0.9,adam,10,0.4,8,2,cosine,0.0,0.0001,False,0,1e-06,0.1,trivial_augment,"(0.9, 0.999)",
365556641256903189,True,4,0.001,1.0,2.0,4.0,20.0,0.5,0.0001,0.2,0.75,False,0.01,0.4,0.25,edgenext_xx_small,0.9,adam,10,1.0,8,2,step,0.1,0.0,True,0,1e-05,0.1,none,"(0.0, 0.999)",
13968904441447845,True,32,0.001,1.0,2.0,4.0,0.0,0.1,0.0001,0.4,0.75,True,0.005,2.0,0.75,convnext_small_384_in22ft1k,0.9,adamw,10,0.2,8,2,cosine,0.0,0.0001,False,0,1e-06,1e-05,none,"(0.0, 0.99)",
13508299359957750,False,16,0.01,10.0,2.0,0.25,0.0,0.1,0.0,0.1,0.75,True,1e-05,8.0,0.25,edgenext_x_small,0.9,adam,10,0.8,8,2,cosine,0.05,0.0,False,0,0.0,1e-05,none,"(0.0, 0.99)",
6216177647778156,False,2,0.001,,0.5,0.5,0.0,0.1,0.0001,0.4,0.75,False,0.0005,0.2,0.75,volo_d3_448,0.9,sgd,10,0.0,8,2,cosine,0.05,0.1,False,10,1e-06,1e-05,none,,
6377714265905696,False,4,0.01,10.0,2.0,0.5,0.0,0.1,0.001,0.0,0.75,True,0.01,4.0,0.0,xcit_small_12_p8_384_dist,0.9,sgd,10,0.6,8,2,cosine,0.0,0.0,True,0,1e-05,1e-05,none,,
52802432937627160,False,8,0.001,,0.5,2.0,10.0,0.5,0.1,0.0,0.65,True,0.005,2.0,0.75,beit_base_patch16_384,0.9,sgd,10,0.6,17,2,step,0.05,0.1,True,0,0.0,0.0001,random_augment,,
37020730952677219,True,16,0.1,10.0,2.0,4.0,10.0,0.1,0.001,0.2,0.75,True,0.0005,1.0,0.0,swinv2_base_window12to24_192to384_22kft1k,0.9,adamw,10,0.8,8,2,multistep,0.05,0.001,True,0,1e-06,0.0001,trivial_augment,"(0.0, 0.99)",
142381673557960544,False,32,0.001,,0.0,0.1,0.0,0.1,0.0001,0.2,0.65,False,0.01,0.0,1.0,tf_efficientnet_b7_ns,0.9,adam,5,1.0,8,2,plateau,0.0,0.0,False,5,1e-06,0.0001,auto_augment,"(0.0, 0.99)",original
187157260183993583,True,8,0.0001,10.0,4.0,0.1,20.0,0.5,0.001,0.3,0.75,False,0.01,1.0,0.5,volo_d1_384,0.9,adam,10,0.0,8,2,step,0.1,0.1,False,10,1e-06,0.1,auto_augment,"(0.0, 0.99)",original
154518748391153395,True,2,0.01,1.0,0.0,0.1,0.0,0.1,0.0,0.2,0.65,False,0.01,2.0,0.0,volo_d4_448,0.99,momentum,5,0.8,17,2,plateau,0.0,0.1,True,0,1e-06,0.1,random_augment,,
50257874760047391,True,4,0.0001,1.0,4.0,2.0,10.0,0.5,0.0,0.0,,False,0.01,0.0,0.25,mobilevit_xs,0.9,adam,10,0.4,8,2,multistep,0.1,0.1,True,5,0.0,0.01,trivial_augment,"(0.0, 0.99)",
4071621073838031,True,32,0.1,10.0,0.5,4.0,0.0,0.1,0.01,0.4,0.65,True,1e-05,2.0,0.0,edgenext_small,0.9,sgd,10,1.0,8,2,cosine,0.05,0.0001,False,0,0.0,0.0001,none,,
39264268986276616,False,64,0.001,,0.5,4.0,0.0,0.1,0.1,0.3,,False,0.01,0.4,1.0,xcit_tiny_12_p8_384_dist,0.99,momentum,10,1.0,8,2,cosine,0.0,0.001,True,0,0.0,0.0,none,,
10490205074789641,True,128,0.0001,10.0,4.0,2.0,20.0,0.1,0.001,0.4,0.65,True,5e-05,4.0,1.0,dla46x_c,0.0,momentum,10,0.2,8,2,multistep,0.0,0.1,True,0,1e-05,0.01,none,,
13111850181559398,False,16,0.1,1.0,4.0,4.0,0.0,0.1,0.001,0.0,0.75,True,0.0005,0.2,0.75,tf_efficientnet_b4_ns,0.8,momentum,2,0.4,8,2,plateau,0.1,0.01,False,0,1e-05,0.0001,trivial_augment,,
43279747704390584,False,4,0.1,,2.0,0.0,0.0,0.1,0.0001,0.2,0.75,True,0.0005,1.0,0.0,tf_efficientnet_b6_ns,0.9,adamw,10,0.6,17,2,cosine,0.1,0.1,False,0,0.0,0.001,random_augment,"(0.0, 0.99)",
29295698429868669,True,32,0.0,1.0,0.5,1.0,0.0,0.1,0.0,0.1,,True,0.005,4.0,0.0,mobilevitv2_075,0.9,sgd,10,0.2,17,3,cosine,0.1,0.001,False,0,1e-05,0.0001,random_augment,,
14374457039617189,True,16,0.1,10.0,4.0,2.0,0.0,0.1,0.1,0.1,0.75,False,5e-05,1.0,0.75,xcit_tiny_12_p8_384_dist,0.9,adam,10,0.8,9,2,cosine,0.0,0.01,True,10,1e-06,1e-05,random_augment,"(0.0, 0.99)",
32313058216001496,False,2,0.001,,2.0,0.5,0.0,0.1,0.001,0.4,0.65,False,0.0005,0.2,1.0,deit3_small_patch16_384_in21ft1k,0.9,adamp,10,1.0,8,2,cosine,0.1,0.01,False,10,1e-05,0.0,none,"(0.0, 0.999)",
6441407442402909,True,256,0.01,,1.0,0.5,0.0,0.1,0.0001,0.4,0.65,False,0.0005,0.0,0.75,edgenext_xx_small,0.9,sgd,10,0.2,8,2,cosine,0.05,0.1,True,0,1e-05,1e-05,trivial_augment,,
205714745828285,True,8,0.0,10.0,0.0,0.25,0.0,0.1,0.01,0.3,0.65,False,0.005,8.0,0.75,volo_d3_448,0.9,sgd,10,0.8,8,2,cosine,0.1,0.01,False,5,0.0,0.1,none,,
61199270426593262,False,4,0.0,,2.0,0.25,10.0,0.5,0.01,0.2,,False,0.0001,2.0,0.25,beit_large_patch16_512,0.9,adamw,10,0.8,8,2,step,0.0,0.1,True,10,0.0,0.0001,auto_augment,"(0.9, 0.999)",v0
57757608208274802,False,16,0.001,10.0,4.0,2.0,0.0,0.1,0.01,0.0,0.75,True,5e-05,1.0,0.25,tf_efficientnet_b4_ns,0.9,adam,10,0.8,8,2,cosine,0.1,0.1,True,0,1e-05,0.1,auto_augment,"(0.9, 0.99)",v0
22049806904027360,False,32,0.1,1.0,1.0,0.0,0.0,0.1,0.1,0.4,,False,0.0005,0.4,1.0,mobilevit_xs,0.9,adamp,10,0.6,8,2,cosine,0.1,0.1,True,10,0.0,1e-05,trivial_augment,"(0.9, 0.99)",
204957239442769523,True,64,0.1,,1.0,1.0,20.0,0.1,0.001,0.1,0.75,False,0.01,0.0,0.75,volo_d1_384,0.8,momentum,10,0.8,17,2,multistep,0.0,0.0001,False,5,1e-05,0.01,random_augment,,
28063089734387568,False,16,0.1,1.0,0.0,0.0,20.0,0.5,0.01,0.1,0.65,False,0.0001,1.0,0.75,volo_d1_384,0.9,adamp,10,0.8,8,2,step,0.05,0.0,False,5,1e-05,0.001,none,"(0.9, 0.999)",
31037592316392439,True,16,0.1,,2.0,4.0,0.0,0.1,0.0,0.1,0.65,False,0.001,0.0,0.0,mobilevitv2_075,0.9,adam,10,0.8,8,2,cosine,0.1,0.01,True,10,1e-05,1e-05,trivial_augment,"(0.0, 0.999)",
42880724411011646,False,256,0.1,1.0,0.5,0.0,20.0,0.1,0.1,0.0,0.75,False,0.0001,2.0,0.25,mobilevit_xxs,0.9,adamp,10,0.6,8,2,step,0.0,0.01,True,0,1e-05,0.01,none,"(0.0, 0.99)",
236717260043936142,False,128,0.0,,4.0,2.0,20.0,0.1,0.01,0.4,0.75,False,0.005,0.0,0.25,dla46x_c,0.9,adam,10,0.8,17,2,step,0.0,0.01,True,10,0.0,0.01,random_augment,"(0.0, 0.999)",
79354343174883433,True,16,0.001,1.0,0.0,0.1,0.0,0.1,0.001,0.2,0.65,True,0.0005,1.0,0.75,edgenext_x_small,0.9,adam,2,0.4,8,2,plateau,0.0,0.1,True,0,1e-05,1e-05,none,"(0.0, 0.999)",
48533109469320810,False,128,0.0001,10.0,0.0,0.25,20.0,0.1,0.0,0.1,0.65,True,0.001,0.0,0.75,xcit_tiny_24_p8_384_dist,0.9,adamp,10,1.0,9,2,multistep,0.1,0.1,False,10,1e-05,0.0,random_augment,"(0.0, 0.99)",
174112188646154437,True,2,0.001,,0.0,0.25,0.0,0.1,0.0001,0.0,0.65,False,0.01,0.2,0.5,mobilevit_xs,0.9,adamw,5,0.4,9,3,plateau,0.0,0.0,True,10,1e-05,0.001,random_augment,"(0.0, 0.99)",
22329375575761368,False,2,0.0001,1.0,2.0,4.0,0.0,0.1,0.0,0.1,0.65,False,5e-05,0.4,0.5,convnext_small_384_in22ft1k,0.9,sgd,10,0.2,8,2,cosine,0.05,0.01,True,5,1e-06,1e-05,auto_augment,,original
65205575745691846,False,8,0.1,,0.5,0.0,10.0,0.1,0.001,0.3,0.75,False,1e-05,4.0,1.0,tf_efficientnet_b4_ns,0.9,adamp,10,0.2,9,2,multistep,0.0,0.0001,True,10,0.0,0.1,random_augment,"(0.9, 0.99)",
43422742834252871,True,8,0.001,10.0,0.0,4.0,0.0,0.1,0.1,0.0,,True,0.0005,0.2,0.25,volo_d1_384,0.9,adam,2,0.6,8,2,plateau,0.0,0.1,False,5,0.0,0.001,auto_augment,"(0.0, 0.99)",original
42302568840617330,False,32,0.1,,0.0,0.5,0.0,0.1,0.1,0.3,,True,5e-05,4.0,0.5,deit3_small_patch16_384_in21ft1k,0.9,adamw,5,0.6,8,2,plateau,0.05,0.1,True,10,0.0,0.01,none,"(0.0, 0.99)",
51687709468188043,True,128,0.0,,4.0,0.5,10.0,0.5,0.0,0.1,,True,1e-05,0.4,0.75,edgenext_x_small,0.9,adamp,10,1.0,9,2,step,0.0,0.0,True,10,0.0,0.001,random_augment,"(0.0, 0.99)",
7105685867509833,True,32,0.01,,0.5,0.25,0.0,0.1,0.0001,0.1,,False,0.001,8.0,0.0,deit3_small_patch16_384_in21ft1k,0.9,sgd,2,0.4,8,2,plateau,0.05,0.01,False,10,0.0,0.0,none,,
33682730996170344,False,128,0.1,1.0,0.5,4.0,0.0,0.1,0.0001,0.1,,True,5e-05,0.4,1.0,dla46x_c,0.99,momentum,10,0.4,8,2,cosine,0.0,0.0,True,10,1e-05,0.1,none,,
100098259404867435,True,4,0.1,1.0,0.5,0.5,0.0,0.1,0.001,0.1,0.75,False,0.0001,0.0,0.0,convnext_small_384_in22ft1k,0.9,adamw,5,0.4,8,2,plateau,0.1,0.0001,False,5,0.0,0.001,none,"(0.9, 0.999)",
11503555511847864,False,16,0.0001,,1.0,0.1,0.0,0.1,0.001,0.3,0.65,False,1e-05,2.0,0.0,edgenext_x_small,0.0,momentum,10,0.4,8,2,cosine,0.1,0.0001,True,5,1e-06,0.001,auto_augment,,v0
24604608486542648,False,256,0.01,1.0,1.0,0.1,0.0,0.1,0.001,0.0,0.75,True,1e-05,0.2,0.25,deit3_small_patch16_384_in21ft1k,0.9,adamp,2,1.0,8,2,plateau,0.1,0.1,True,5,0.0,0.1,none,"(0.0, 0.999)",
23585647586412189,True,4,0.001,,0.0,4.0,0.0,0.1,0.001,0.1,0.65,True,5e-05,1.0,0.25,volo_d1_384,0.9,momentum,10,0.2,8,2,cosine,0.0,0.001,False,5,1e-06,0.0,trivial_augment,,
50788227873103130,False,4,0.0001,10.0,4.0,0.25,10.0,0.5,0.0001,0.2,0.65,False,0.001,0.4,0.75,volo_d1_384,0.9,sgd,10,0.8,8,2,multistep,0.0,0.0,True,10,1e-06,0.01,none,,
2851199205958725,True,256,0.0,1.0,0.5,2.0,0.0,0.1,0.001,0.4,0.65,True,0.0001,4.0,0.5,edgenext_xx_small,0.9,adamp,10,0.6,8,2,cosine,0.0,0.0,False,5,0.0,0.001,none,"(0.9, 0.999)",
21846137630540349,True,4,0.001,,2.0,0.25,10.0,0.5,0.0001,0.1,0.75,False,0.0005,4.0,0.5,mobilevit_xxs,0.9,sgd,10,0.0,8,2,step,0.0,0.0001,True,5,0.0,1e-05,none,,
19403568151176711,True,4,0.0001,1.0,0.0,0.1,0.0,0.1,0.0001,0.2,0.75,False,0.001,1.0,0.0,xcit_tiny_12_p8_384_dist,0.9,adam,2,1.0,8,2,plateau,0.0,0.01,False,0,1e-06,0.001,trivial_augment,"(0.9, 0.99)",
42105171344392341,True,32,0.1,10.0,4.0,0.1,20.0,0.1,0.1,0.1,0.75,False,1e-05,0.4,0.0,xcit_nano_12_p8_384_dist,0.9,adam,10,0.2,8,2,step,0.05,0.0001,True,5,0.0,0.01,trivial_augment,"(0.0, 0.99)",
101121383665942994,False,4,0.1,,0.5,1.0,10.0,0.1,0.0001,0.0,0.75,False,5e-05,0.0,0.0,tf_efficientnet_b7_ns,0.95,momentum,10,0.4,8,2,step,0.0,0.0,False,10,1e-05,0.001,trivial_augment,,
16543533045855271,True,128,0.0001,10.0,2.0,2.0,0.0,0.1,0.001,0.2,0.75,True,5e-05,0.4,1.0,edgenext_small,0.9,adam,10,0.4,9,2,cosine,0.1,0.001,False,10,0.0,0.1,random_augment,"(0.9, 0.99)",
24240385790103995,True,512,0.0001,10.0,4.0,4.0,0.0,0.1,0.001,0.1,0.65,True,0.005,0.0,0.25,edgenext_xx_small,0.9,adamp,10,0.8,8,2,cosine,0.1,0.0,True,10,1e-05,0.0,none,"(0.9, 0.99)",
73824337758755350,False,64,0.0,1.0,0.0,2.0,0.0,0.1,0.001,0.1,,True,0.01,0.0,0.25,mobilevit_xs,0.9,adamw,10,0.4,9,3,cosine,0.1,0.0,False,0,1e-05,0.1,random_augment,"(0.0, 0.99)",
194581455668425730,False,4,0.0001,1.0,0.5,0.0,0.0,0.1,0.0,0.3,,False,0.01,1.0,0.5,volo_d1_384,0.95,momentum,5,1.0,8,2,plateau,0.05,0.1,True,0,0.0,0.1,none,,
101191334675562814,False,8,0.0,,2.0,2.0,10.0,0.1,0.0001,0.2,,False,1e-05,0.4,0.25,volo_d1_384,0.9,adamp,10,0.2,8,2,step,0.1,0.1,False,10,1e-05,0.001,trivial_augment,"(0.0, 0.999)",
106137548318289247,True,16,0.0,10.0,2.0,4.0,10.0,0.1,0.0001,0.1,0.65,False,1e-05,1.0,0.75,mobilevit_xxs,0.9,adam,10,0.6,8,2,step,0.05,0.1,False,10,1e-06,0.1,auto_augment,"(0.0, 0.99)",v0
29660373665093702,False,4,0.0,1.0,2.0,0.0,0.0,0.1,0.0001,0.0,,True,5e-05,4.0,1.0,mobilevit_xxs,0.9,adamw,2,0.8,8,2,plateau,0.1,0.0001,True,10,1e-05,0.0001,none,"(0.0, 0.999)",
116429979381972468,False,16,0.1,,1.0,0.0,10.0,0.5,0.01,0.1,,False,0.0005,4.0,0.0,mobilevit_xs,0.9,adam,10,0.0,8,2,multistep,0.05,0.0,False,10,0.0,0.001,trivial_augment,"(0.0, 0.999)",
33942018121066100,False,4,0.0001,10.0,0.0,0.1,0.0,0.1,0.1,0.0,0.65,False,0.005,2.0,0.5,volo_d4_448,0.9,adamp,10,0.6,8,2,cosine,0.05,0.001,False,5,0.0,0.01,auto_augment,"(0.0, 0.99)",v0
7251818998942665,True,32,0.001,10.0,1.0,0.25,0.0,0.1,0.1,0.2,,False,0.01,0.4,0.25,edgenext_small,0.9,adamw,10,0.4,8,2,cosine,0.05,0.01,False,0,1e-06,0.0,none,"(0.9, 0.999)",
514599799221289170,False,2,0.0,,0.5,0.0,20.0,0.5,0.0,0.0,0.75,False,0.0001,1.0,0.25,swinv2_base_window12to24_192to384_22kft1k,0.9,adam,10,0.0,17,3,multistep,0.0,0.0,False,5,0.0,0.0001,random_augment,"(0.0, 0.999)",
46269519605763291,True,32,0.1,1.0,0.5,0.25,0.0,0.1,0.0001,0.1,,True,5e-05,0.2,0.25,edgenext_small,0.9,adamp,10,0.8,8,2,cosine,0.0,0.1,False,10,0.0,1e-05,auto_augment,"(0.0, 0.99)",original
63810916118647220,False,4,0.0001,,0.0,0.1,20.0,0.5,0.01,0.2,0.75,True,0.001,8.0,0.75,xcit_tiny_12_p8_384_dist,0.9,adam,10,1.0,8,2,multistep,0.0,0.01,False,10,0.0,0.0,trivial_augment,"(0.0, 0.99)",
1554974910422559,True,32,0.0,1.0,2.0,0.5,0.0,0.1,0.001,0.3,0.75,True,0.005,1.0,0.5,xcit_small_12_p8_384_dist,0.9,sgd,2,0.8,8,2,plateau,0.05,0.01,False,5,0.0,0.01,none,,
42781350850942447,True,2,0.001,,2.0,2.0,20.0,0.1,0.01,0.3,0.65,False,0.0001,0.0,1.0,volo_d3_448,0.9,adamp,10,0.2,8,2,multistep,0.05,0.0001,False,0,1e-05,0.01,trivial_augment,"(0.0, 0.99)",
79296655149718031,True,64,0.0,,0.5,1.0,0.0,0.1,0.0,0.1,0.75,True,0.0005,2.0,0.0,deit3_small_patch16_384_in21ft1k,0.9,adam,10,0.8,8,2,cosine,0.05,0.0,True,0,1e-05,1e-05,none,"(0.0, 0.999)",
318854332662626286,False,2,0.001,10.0,0.5,0.25,0.0,0.1,0.1,0.2,0.65,False,5e-05,1.0,0.5,dla46x_c,0.99,momentum,5,0.4,17,3,plateau,0.1,0.001,False,5,0.0,0.001,random_augment,,
3313149846340892,False,256,0.0001,,2.0,1.0,10.0,0.1,0.1,0.1,0.75,True,0.0001,1.0,0.5,edgenext_x_small,0.9,sgd,10,0.6,8,2,step,0.1,0.0,False,5,1e-06,0.001,trivial_augment,,
3120613501209006,False,128,0.01,1.0,0.0,1.0,0.0,0.1,0.0,0.1,,True,5e-05,8.0,0.25,edgenext_x_small,0.9,sgd,10,0.0,8,2,cosine,0.0,0.01,True,10,0.0,0.001,trivial_augment,,
27903709599575906,False,4,0.01,10.0,0.5,1.0,20.0,0.5,0.0,0.0,,False,0.005,8.0,0.5,mobilevit_xxs,0.9,adamw,10,0.4,8,2,multistep,0.1,0.1,True,10,1e-06,0.001,none,"(0.9, 0.999)",
31971299671189952,False,32,0.01,,1.0,1.0,0.0,0.1,0.001,0.0,0.65,True,1e-05,2.0,1.0,edgenext_small,0.9,adamw,10,0.2,8,2,cosine,0.0,0.0001,False,0,1e-05,0.0,none,"(0.0, 0.99)",
117775932138009316,False,64,0.001,,0.5,2.0,10.0,0.5,0.0001,0.0,,True,0.0005,8.0,1.0,edgenext_x_small,0.9,adamw,10,0.8,8,2,multistep,0.0,0.0,False,10,0.0,0.0001,trivial_augment,"(0.0, 0.999)",
77647350538036738,False,64,0.0001,1.0,0.5,4.0,20.0,0.1,0.0001,0.4,0.65,False,0.0001,0.0,0.0,edgenext_small,0.9,adam,10,0.8,8,2,step,0.05,0.0,True,5,1e-06,0.0001,trivial_augment,"(0.9, 0.99)",
38947714376811808,False,8,0.01,10.0,0.5,0.5,0.0,0.1,0.0001,0.0,,False,0.001,8.0,0.25,edgenext_x_small,0.99,momentum,10,0.4,8,2,cosine,0.0,0.0001,True,5,1e-05,1e-05,trivial_augment,,
24731566814057798,False,4,0.001,1.0,0.5,1.0,0.0,0.1,0.0,0.3,0.65,False,0.0005,0.4,0.0,tf_efficientnet_b4_ns,0.9,adam,10,1.0,8,2,cosine,0.05,0.01,True,10,0.0,0.1,none,"(0.0, 0.999)",
29969798378096888,False,32,0.0,10.0,0.0,0.5,0.0,0.1,0.1,0.3,0.65,False,1e-05,0.4,1.0,mobilevit_xxs,0.9,adamp,2,0.0,8,2,plateau,0.05,0.001,True,5,0.0,1e-05,trivial_augment,"(0.0, 0.999)",
47629212813783221,True,8,0.001,10.0,0.0,4.0,0.0,0.1,0.0,0.4,,False,0.005,4.0,0.25,edgenext_x_small,0.9,adam,10,0.2,17,2,cosine,0.1,0.1,False,10,0.0,0.0,random_augment,"(0.0, 0.99)",
30030300647342447,True,8,0.1,10.0,1.0,0.25,0.0,0.1,0.001,0.0,,True,0.0005,2.0,0.25,edgenext_small,0.9,adamp,2,0.6,8,2,plateau,0.05,0.0001,False,10,0.0,1e-05,none,"(0.0, 0.99)",
129611628882634437,True,32,0.0001,,2.0,1.0,20.0,0.5,0.1,0.3,0.75,False,0.005,0.4,1.0,dla46x_c,0.9,adam,10,0.2,8,2,step,0.0,0.1,True,10,1e-05,0.0,none,"(0.0, 0.999)",
45153458147091567,True,4,0.01,,2.0,4.0,0.0,0.1,0.001,0.3,0.75,False,0.0005,0.2,0.0,volo_d4_448,0.9,adamp,5,1.0,8,2,plateau,0.05,0.1,True,0,1e-06,0.0001,none,"(0.0, 0.99)",
165119791206747873,True,4,0.0,1.0,4.0,2.0,10.0,0.5,0.001,0.4,0.75,False,1e-05,0.2,0.25,xcit_tiny_12_p8_384_dist,0.9,adam,10,0.8,8,2,multistep,0.1,0.0,True,10,0.0,0.001,auto_augment,"(0.0, 0.99)",original
1333087441711778,False,4,0.001,10.0,2.0,0.25,10.0,0.1,0.001,0.2,,True,0.01,4.0,0.5,volo_d5_448,0.9,sgd,10,1.0,8,2,step,0.1,0.01,True,10,1e-05,0.1,trivial_augment,,
18002678546016762,False,16,0.001,1.0,4.0,2.0,0.0,0.1,0.0001,0.4,0.65,False,1e-05,4.0,0.0,mobilevit_xs,0.9,adamw,2,0.2,8,2,plateau,0.1,0.1,True,10,0.0,0.01,none,"(0.9, 0.99)",
124336626711823127,True,64,0.001,,4.0,0.0,20.0,0.5,0.0,0.3,,True,0.0001,8.0,0.0,edgenext_small,0.9,adam,10,0.2,8,2,multistep,0.05,0.001,True,0,0.0,0.001,none,"(0.0, 0.999)",
5937894546935896,False,64,0.001,1.0,2.0,0.25,0.0,0.1,0.0001,0.0,,True,0.0005,0.4,0.5,convnext_small_384_in22ft1k,0.9,adamw,10,0.8,8,2,cosine,0.1,0.0,True,0,1e-06,1e-05,trivial_augment,"(0.9, 0.999)",
61908203020164092,False,32,0.01,1.0,1.0,0.25,0.0,0.1,0.0001,0.1,,True,1e-05,0.2,1.0,dla46x_c,0.9,momentum,10,0.6,17,2,cosine,0.05,0.0001,True,5,1e-05,0.0001,random_augment,,
69605330839629377,True,8,0.1,10.0,0.5,0.0,10.0,0.1,0.01,0.4,0.75,False,1e-05,8.0,0.0,volo_d1_384,0.9,adam,10,0.2,8,2,step,0.05,0.1,True,5,1e-06,0.0001,trivial_augment,"(0.9, 0.99)",
13303697762811964,False,8,0.0,1.0,0.5,0.5,0.0,0.1,0.1,0.2,,False,1e-05,2.0,1.0,edgenext_xx_small,0.9,sgd,10,0.2,8,2,cosine,0.1,0.0001,True,5,1e-05,0.0001,auto_augment,,v0
77282772447191420,False,4,0.0001,1.0,2.0,4.0,20.0,0.1,0.01,0.1,0.75,False,0.0001,2.0,0.0,tf_efficientnet_b6_ns,0.9,adam,10,0.2,8,2,multistep,0.0,0.0001,False,10,0.0,0.0001,none,"(0.9, 0.99)",
20964431481035672,False,4,0.0,1.0,4.0,0.5,0.0,0.1,0.0,0.4,0.65,False,1e-05,0.2,0.5,xcit_nano_12_p8_384_dist,0.9,adamp,10,0.4,8,2,cosine,0.05,0.001,True,5,1e-06,0.0001,trivial_augment,"(0.9, 0.99)",
21943989438217700,False,256,0.001,10.0,0.5,0.5,0.0,0.1,0.0001,0.3,0.65,True,0.0005,0.0,0.75,mobilevit_xxs,0.9,sgd,2,1.0,8,2,plateau,0.05,0.001,False,10,0.0,1e-05,auto_augment,,original
32126861788059696,False,16,0.0,10.0,2.0,0.25,0.0,0.1,0.0,0.4,,False,0.0005,0.0,0.75,edgenext_small,0.9,adamp,10,0.8,8,2,cosine,0.05,0.0001,False,5,1e-05,0.0,none,"(0.0, 0.999)",
34211659950556736,False,256,0.1,1.0,2.0,0.25,0.0,0.1,0.001,0.2,0.75,False,0.01,4.0,0.0,edgenext_xx_small,0.99,momentum,10,0.2,8,2,cosine,0.05,0.0,False,0,1e-06,0.01,trivial_augment,,
67206588556888084,False,8,0.0,1.0,1.0,0.1,10.0,0.1,0.1,0.4,0.65,True,0.0005,8.0,0.25,edgenext_small,0.9,adamw,10,1.0,9,2,multistep,0.05,0.1,True,0,1e-05,0.01,random_augment,"(0.9, 0.99)",
15542398544280896,False,4,0.01,,1.0,0.0,0.0,0.1,0.01,0.2,0.75,False,0.0005,2.0,0.5,tf_efficientnet_b7_ns,0.9,adamp,2,0.4,9,2,plateau,0.1,0.0,True,5,1e-06,0.0,random_augment,"(0.0, 0.99)",
28013442743026188,False,2,0.0001,10.0,1.0,0.5,20.0,0.5,0.01,0.2,,False,0.0001,8.0,0.5,tf_efficientnet_b7_ns,0.9,sgd,10,0.2,8,2,multistep,0.0,0.001,True,0,1e-05,0.001,none,,
10063623867990583,True,128,0.0,10.0,1.0,0.5,0.0,0.1,0.0001,0.2,,False,0.01,0.2,0.25,dla46x_c,0.8,momentum,10,0.8,8,2,cosine,0.1,0.0,False,5,1e-06,0.01,none,,
128392034941372972,False,8,0.0001,1.0,2.0,2.0,20.0,0.5,0.01,0.2,0.65,False,5e-05,0.4,0.25,volo_d5_512,0.9,adam,10,1.0,9,2,step,0.1,0.001,True,0,0.0,0.0,random_augment,"(0.0, 0.999)",
12994133759952575,True,8,0.0,10.0,1.0,2.0,0.0,0.1,0.1,0.0,0.65,False,0.001,4.0,0.75,xcit_nano_12_p8_384_dist,0.9,sgd,10,0.8,17,2,cosine,0.0,0.0001,True,10,1e-06,0.0001,random_augment,,
49498275191555901,True,4,0.0001,10.0,0.0,0.1,10.0,0.5,0.0,0.4,,False,1e-05,1.0,0.25,volo_d4_448,0.9,adamp,10,1.0,8,2,multistep,0.0,0.1,True,10,1e-06,0.1,none,"(0.9, 0.999)",
19165201147953929,True,64,0.0001,1.0,2.0,0.0,0.0,0.1,0.0,0.2,,True,1e-05,1.0,0.0,dla46x_c,0.9,adam,10,0.6,8,2,cosine,0.05,0.001,True,5,0.0,0.001,none,"(0.9, 0.99)",
18266630581334473,True,16,0.001,10.0,0.0,1.0,10.0,0.5,0.01,0.4,0.75,False,1e-05,1.0,1.0,edgenext_xx_small,0.9,sgd,10,0.2,8,2,multistep,0.05,0.001,True,5,1e-06,0.01,trivial_augment,,
238617166637744713,True,2,0.1,10.0,2.0,4.0,20.0,0.1,0.1,0.4,0.75,False,0.01,0.2,1.0,volo_d1_384,0.9,adamp,10,0.2,8,2,step,0.1,0.1,False,0,1e-05,0.001,auto_augment,"(0.9, 0.99)",original
320873202391112235,True,32,0.001,1.0,0.0,2.0,20.0,0.1,0.0,0.3,0.65,True,0.01,1.0,0.5,edgenext_small,0.95,momentum,10,1.0,8,2,step,0.05,0.001,True,10,1e-06,0.0001,none,,
190399282163555068,False,64,0.0001,1.0,0.0,1.0,20.0,0.5,0.1,0.0,,False,0.0005,4.0,0.5,edgenext_x_small,0.9,adamp,10,0.4,8,2,multistep,0.1,0.0,False,0,0.0,0.0001,auto_augment,"(0.0, 0.99)",original
31363421264758050,False,16,0.01,10.0,2.0,0.1,20.0,0.5,0.1,0.0,0.65,False,0.0005,4.0,0.75,mobilevitv2_075,0.9,sgd,10,0.6,8,2,step,0.05,0.0,False,10,0.0,0.0,trivial_augment,,
27570600462763118,False,4,0.001,10.0,0.0,0.5,0.0,0.1,0.01,0.4,,False,5e-05,0.4,0.0,tf_efficientnet_b4_ns,0.9,adam,10,0.4,8,2,cosine,0.1,0.001,True,0,1e-06,0.001,trivial_augment,"(0.0, 0.999)",
66476186062652978,False,32,0.0,1.0,4.0,4.0,10.0,0.1,0.0001,0.3,0.65,True,0.001,0.2,0.5,xcit_nano_12_p8_384_dist,0.9,sgd,10,0.8,9,3,multistep,0.1,0.0,False,10,0.0,0.01,random_augment,,
3727332582241488,False,16,0.1,,2.0,0.5,0.0,0.1,0.1,0.3,0.75,False,5e-05,0.0,0.0,dla46x_c,0.9,adamw,10,0.6,8,2,cosine,0.05,0.01,True,0,1e-05,0.001,none,"(0.9, 0.999)",
21715176053043380,False,4,0.0001,10.0,4.0,0.1,0.0,0.1,0.01,0.1,0.75,False,0.01,4.0,1.0,edgenext_x_small,0.9,adam,10,0.0,8,2,cosine,0.05,0.001,True,0,0.0,1e-05,auto_augment,"(0.9, 0.999)",original
6657589413999469,True,2,0.0001,1.0,2.0,0.1,0.0,0.1,0.1,0.4,,False,0.005,8.0,0.25,volo_d4_448,0.9,sgd,10,0.4,8,2,cosine,0.1,0.01,False,10,1e-05,1e-05,none,,
30796751303013277,True,2,0.001,,1.0,0.25,0.0,0.1,0.0,0.0,,False,0.0001,0.4,0.0,edgenext_xx_small,0.9,adamw,10,1.0,8,2,cosine,0.1,0.001,False,5,1e-05,1e-05,none,"(0.0, 0.999)",
24155030140397941,True,128,0.0001,1.0,0.5,2.0,0.0,0.1,0.0001,0.2,0.65,False,0.005,1.0,0.75,edgenext_small,0.9,adamp,10,0.4,8,2,cosine,0.0,0.0,False,10,1e-05,0.0,none,"(0.9, 0.99)",
27561073091330545,True,16,0.0001,1.0,4.0,0.1,0.0,0.1,0.0,0.2,0.65,True,0.01,0.4,0.75,mobilevitv2_075,0.95,momentum,10,1.0,8,2,cosine,0.0,0.001,True,0,1e-06,0.001,none,,
27589850754050231,True,512,0.01,,2.0,0.5,0.0,0.1,0.01,0.2,0.65,False,1e-05,0.4,0.75,mobilevit_xxs,0.9,adamp,2,0.6,9,2,plateau,0.1,0.01,True,0,1e-06,0.001,random_augment,"(0.0, 0.999)",
114581770404576647,True,8,0.1,10.0,1.0,0.25,0.0,0.1,0.0001,0.3,0.75,False,0.0001,0.0,1.0,dla46x_c,0.99,momentum,10,0.2,8,2,cosine,0.05,0.001,True,5,1e-05,0.1,auto_augment,,original
67243434479347746,False,128,0.01,1.0,1.0,4.0,0.0,0.1,0.001,0.0,0.75,True,0.005,0.4,0.5,mobilevit_xs,0.9,adamw,10,0.8,8,2,cosine,0.0,0.001,False,5,1e-05,0.01,auto_augment,"(0.9, 0.99)",original
22886199367117703,True,512,0.001,,0.0,0.5,0.0,0.1,0.001,0.2,0.75,False,5e-05,0.2,0.25,mobilevit_xxs,0.9,momentum,10,1.0,8,2,cosine,0.05,0.0,True,10,1e-05,1e-05,none,,
6152340755166900,False,16,0.01,10.0,2.0,0.0,0.0,0.1,0.01,0.2,0.65,False,0.005,2.0,0.75,deit3_small_patch16_384_in21ft1k,0.9,sgd,10,0.2,8,2,cosine,0.0,0.0,False,10,1e-06,1e-05,trivial_augment,,
21685845788164442,False,4,0.0,,1.0,0.0,0.0,0.1,0.0,0.0,0.65,False,0.001,2.0,0.0,volo_d5_448,0.9,adamw,10,0.8,9,2,cosine,0.05,0.0,True,0,0.0,1e-05,random_augment,"(0.9, 0.99)",
109508047821465835,True,128,0.1,,0.0,2.0,20.0,0.1,0.0,0.1,,False,0.001,0.0,0.25,mobilevit_xxs,0.9,adamw,10,0.4,8,2,step,0.0,0.1,True,0,0.0,0.0001,none,"(0.0, 0.999)",
13218378578731184,False,256,0.0,1.0,4.0,0.5,0.0,0.1,0.001,0.3,0.75,True,0.0005,0.4,0.75,edgenext_x_small,0.0,momentum,10,1.0,8,2,cosine,0.0,0.0001,False,5,1e-05,0.0001,auto_augment,,v0
15862852065389799,True,4,0.001,,2.0,0.1,0.0,0.1,0.001,0.3,0.65,False,0.001,1.0,0.75,volo_d5_448,0.8,momentum,2,1.0,8,2,plateau,0.0,0.001,True,0,1e-05,0.0,none,,
64831036864638890,False,4,0.0001,1.0,4.0,0.1,10.0,0.5,0.0,0.2,0.75,False,0.005,0.4,0.75,deit3_small_patch16_384_in21ft1k,0.9,sgd,10,1.0,8,2,multistep,0.0,0.0001,False,0,0.0,0.1,auto_augment,,original
32595612181126470,False,2,0.0,10.0,1.0,4.0,0.0,0.1,0.1,0.3,,False,0.01,0.4,0.5,tf_efficientnet_b4_ns,0.9,adamp,5,0.4,8,2,plateau,0.05,0.001,False,5,0.0,0.1,trivial_augment,"(0.9, 0.999)",
16870112867732815,True,2,0.01,1.0,0.5,1.0,0.0,0.1,0.0,0.3,,False,0.0005,4.0,0.0,volo_d3_448,0.9,adamw,10,1.0,8,2,cosine,0.05,0.1,False,5,1e-06,0.1,none,"(0.9, 0.99)",
39241369796292278,False,32,0.0,1.0,4.0,0.5,10.0,0.1,0.001,0.3,0.65,False,1e-05,2.0,0.5,edgenext_x_small,0.9,adamp,10,1.0,8,2,multistep,0.05,0.0,True,0,0.0,0.0,trivial_augment,"(0.0, 0.99)",
15888647486516399,True,512,0.1,,2.0,0.5,0.0,0.1,0.0,0.3,0.65,False,5e-05,1.0,1.0,edgenext_x_small,0.9,adamp,10,0.6,8,2,cosine,0.0,0.1,True,0,1e-05,0.0,trivial_augment,"(0.0, 0.99)",
70533690891675612,False,16,0.001,,0.5,2.0,0.0,0.1,0.1,0.1,,False,1e-05,8.0,0.75,dla46x_c,0.9,adam,10,0.4,8,2,cosine,0.05,0.0001,False,10,0.0,1e-05,auto_augment,"(0.9, 0.99)",original
397408641746570125,True,16,0.0001,,0.0,1.0,20.0,0.1,0.0001,0.2,,False,5e-05,2.0,1.0,volo_d3_448,0.9,adamw,10,1.0,17,3,multistep,0.1,0.01,True,10,0.0,0.1,random_augment,"(0.9, 0.999)",
30368064927392148,False,128,0.001,10.0,0.5,0.5,20.0,0.5,0.001,0.3,0.65,False,0.0005,1.0,1.0,edgenext_small,0.9,sgd,10,0.4,8,2,step,0.0,0.1,False,5,1e-06,1e-05,none,,
75576321365058648,False,2,0.0001,,4.0,2.0,20.0,0.1,0.0001,0.2,0.65,False,0.001,1.0,0.25,xcit_small_12_p8_384_dist,0.9,adamw,10,0.0,8,2,step,0.05,0.001,True,10,1e-05,0.01,none,"(0.9, 0.99)",
6700110989735775,True,4,0.1,,0.0,0.25,10.0,0.1,0.0,0.2,0.65,False,0.0005,4.0,0.0,tf_efficientnet_b4_ns,0.9,sgd,10,1.0,8,2,multistep,0.05,0.0001,True,10,1e-05,1e-05,none,,
4495975760195252,False,32,0.01,,1.0,0.5,0.0,0.1,0.001,0.0,0.65,False,0.01,1.0,0.0,mobilevit_xxs,0.9,adamw,10,0.0,8,2,cosine,0.1,0.1,True,10,0.0,0.0001,none,"(0.9, 0.999)",
10741118085123140,False,4,0.0001,1.0,4.0,4.0,0.0,0.1,0.01,0.4,0.65,False,0.005,8.0,0.25,dla46x_c,0.9,adam,2,0.0,8,2,plateau,0.1,0.0,True,10,1e-05,0.01,trivial_augment,"(0.0, 0.99)",
7706712319790705,True,512,0.0001,10.0,1.0,0.25,0.0,0.1,0.0001,0.0,,False,0.01,1.0,1.0,edgenext_xx_small,0.9,adam,10,0.2,8,2,cosine,0.1,0.01,False,0,1e-05,0.0,trivial_augment,"(0.9, 0.999)",
139429108119979356,False,16,0.0,10.0,0.5,0.1,20.0,0.1,0.1,0.2,,False,0.0005,0.4,0.25,beit_large_patch16_512,0.9,adam,10,1.0,8,2,step,0.05,0.01,False,10,0.0,0.01,auto_augment,"(0.0, 0.99)",original
19323462775189466,False,4,0.01,10.0,4.0,0.25,0.0,0.1,0.0,0.4,,False,0.001,0.4,0.0,mobilevit_xxs,0.9,adamp,2,0.8,8,2,plateau,0.1,0.001,True,10,0.0,0.001,trivial_augment,"(0.9, 0.99)",
38245315674476348,False,32,0.0,1.0,0.0,0.5,10.0,0.1,0.1,0.4,0.65,False,0.01,8.0,0.25,edgenext_x_small,0.9,adamw,10,0.0,8,2,multistep,0.0,0.1,True,10,0.0,1e-05,none,"(0.0, 0.99)",
21589219247660235,True,32,0.001,1.0,0.0,4.0,0.0,0.1,0.0,0.3,0.65,False,0.005,1.0,0.0,mobilevit_xs,0.9,adamp,10,0.0,8,2,cosine,0.0,0.1,True,10,1e-05,0.0001,none,"(0.9, 0.99)",
1439094597575878,False,64,0.0001,10.0,0.5,1.0,10.0,0.1,0.0,0.0,,False,0.001,4.0,0.25,xcit_nano_12_p8_384_dist,0.9,adamp,10,0.8,8,2,multistep,0.1,0.0,True,0,0.0,0.01,none,"(0.9, 0.999)",
23790404048027271,True,256,0.001,,0.5,0.25,0.0,0.1,0.0001,0.3,0.75,False,5e-05,0.2,0.25,dla46x_c,0.9,adam,10,1.0,8,2,cosine,0.1,0.0,True,10,1e-06,0.0,trivial_augment,"(0.9, 0.99)",
75535762852316246,False,256,0.1,,2.0,0.5,0.0,0.1,0.01,0.1,0.75,False,1e-05,0.2,0.75,mobilevit_xxs,0.99,momentum,10,0.6,17,2,cosine,0.1,0.1,False,10,1e-05,0.01,random_augment,,
12026621395216163,True,64,0.1,,4.0,0.0,0.0,0.1,0.0,0.0,0.75,True,0.0005,8.0,0.75,edgenext_x_small,0.9,sgd,5,0.4,8,2,plateau,0.05,0.0001,False,10,1e-05,0.001,none,,
36897311957275317,True,4,0.01,1.0,0.5,0.25,0.0,0.1,0.1,0.4,0.65,False,0.0005,2.0,0.0,tf_efficientnet_b7_ns,0.99,momentum,10,0.4,8,2,cosine,0.05,0.1,True,10,0.0,0.0001,none,,
166200562674717249,True,4,0.001,10.0,4.0,1.0,0.0,0.1,0.1,0.4,0.65,False,0.0001,0.2,0.5,edgenext_small,0.9,adamp,5,0.2,8,2,plateau,0.1,0.001,True,0,0.0,0.0001,auto_augment,"(0.9, 0.99)",original
13821119282908845,True,32,0.001,,0.0,2.0,20.0,0.1,0.001,0.3,,False,0.001,0.0,0.5,xcit_tiny_12_p8_384_dist,0.9,sgd,10,0.6,8,2,multistep,0.0,0.0001,False,10,0.0,1e-05,trivial_augment,,
12391514184513225,True,4,0.1,1.0,2.0,0.5,0.0,0.1,0.1,0.3,,False,0.0005,0.0,0.25,tf_efficientnet_b4_ns,0.9,sgd,5,0.2,8,2,plateau,0.1,0.0,True,5,0.0,0.0001,none,,
506028545731887638,False,256,0.01,,0.5,1.0,10.0,0.5,0.0,0.2,,True,0.005,8.0,0.75,edgenext_xx_small,0.9,adam,10,0.4,17,3,multistep,0.1,0.01,True,0,1e-05,0.001,random_augment,"(0.0, 0.999)",
40292622480661727,True,8,0.1,10.0,0.5,0.1,0.0,0.1,0.01,0.3,0.75,False,0.01,0.0,0.25,xcit_small_12_p8_384_dist,0.99,momentum,10,0.0,8,2,cosine,0.1,0.0,True,5,1e-05,0.0,trivial_augment,,
2908869656141911,True,128,0.0001,,4.0,2.0,10.0,0.1,0.001,0.1,,False,1e-05,0.4,0.5,edgenext_small,0.9,adamp,10,0.2,8,2,multistep,0.1,0.01,False,5,0.0,0.001,trivial_augment,"(0.9, 0.999)",
1955789877925700,False,32,0.1,1.0,4.0,4.0,0.0,0.1,0.0,0.2,0.75,False,1e-05,0.0,0.0,edgenext_small,0.9,adam,10,0.4,8,2,cosine,0.05,0.0,False,5,1e-06,0.01,none,"(0.9, 0.999)",
121985852585706382,False,8,0.0001,10.0,4.0,0.1,20.0,0.1,0.01,0.3,0.65,False,0.0001,4.0,1.0,edgenext_small,0.9,adam,10,1.0,8,2,step,0.1,0.0,False,0,1e-06,0.1,none,"(0.0, 0.99)",
117290737727687713,True,128,0.0,10.0,0.5,0.1,10.0,0.5,0.0,0.3,,False,0.0001,0.4,0.75,xcit_nano_12_p8_384_dist,0.9,sgd,10,0.8,17,3,multistep,0.1,0.001,True,5,1e-05,0.001,random_augment,,
75729885528624038,False,32,0.0,1.0,1.0,0.5,0.0,0.1,0.0,0.4,0.75,True,5e-05,1.0,0.75,deit3_small_patch16_384_in21ft1k,0.9,adamp,10,0.6,8,2,cosine,0.1,0.001,True,0,0.0,0.001,none,"(0.0, 0.999)",
79335520362182688,False,16,0.1,1.0,0.5,0.25,0.0,0.1,0.1,0.0,0.65,True,5e-05,0.0,1.0,beit_base_patch16_384,0.9,adamw,10,0.6,8,2,cosine,0.0,0.01,True,0,1e-05,1e-05,none,"(0.0, 0.999)",
14212350668210963,True,8,0.0001,10.0,2.0,0.5,0.0,0.1,0.0,0.3,0.75,False,0.01,0.4,0.0,tf_efficientnet_b6_ns,0.9,sgd,5,0.8,9,2,plateau,0.0,0.001,True,5,1e-06,1e-05,random_augment,,
382519024906430090,False,4,0.0001,1.0,4.0,0.0,20.0,0.5,0.0,0.0,,False,0.005,1.0,1.0,xcit_nano_12_p8_384_dist,0.9,adamw,10,0.0,9,3,step,0.05,0.0001,True,10,0.0,0.01,random_augment,"(0.0, 0.999)",
6953172128431586,False,32,0.0001,1.0,0.5,0.0,0.0,0.1,0.1,0.0,0.75,False,0.0005,2.0,1.0,mobilevit_xxs,0.9,sgd,10,1.0,8,2,cosine,0.05,0.01,False,5,0.0,0.0,none,,
30065808132880663,True,128,0.0,,0.0,0.5,0.0,0.1,0.001,0.4,,True,1e-05,1.0,1.0,edgenext_small,0.9,adamp,10,0.0,8,2,cosine,0.0,0.1,False,10,0.0,1e-05,none,"(0.0, 0.999)",
23643591454141907,True,8,0.1,1.0,1.0,1.0,0.0,0.1,0.0001,0.2,0.65,True,5e-05,0.2,0.0,volo_d1_384,0.9,adamp,2,0.0,8,2,plateau,0.1,0.0,True,5,1e-06,0.0,none,"(0.9, 0.99)",
6792305695918476,False,16,0.0,,0.5,1.0,0.0,0.1,0.0001,0.0,,True,0.001,0.4,1.0,mobilevit_xs,0.9,sgd,10,0.0,8,2,cosine,0.1,0.001,False,0,0.0,0.0,none,,
423048017062492367,True,8,0.1,1.0,0.0,4.0,10.0,0.1,0.1,0.1,0.75,True,0.001,0.4,0.25,dla46x_c,0.9,adamp,10,0.4,17,3,multistep,0.1,0.001,True,10,0.0,0.01,random_augment,"(0.0, 0.99)",
23649272573538666,False,128,0.01,1.0,2.0,0.25,0.0,0.1,0.0,0.0,0.75,True,0.01,1.0,0.75,edgenext_x_small,0.9,adamp,2,0.8,8,2,plateau,0.0,0.0001,True,5,1e-06,0.0,none,"(0.9, 0.99)",
112959728569450614,False,128,0.1,,4.0,1.0,20.0,0.1,0.001,0.1,0.65,True,0.0005,0.0,0.25,edgenext_xx_small,0.9,adamp,10,0.4,8,2,multistep,0.0,0.1,True,10,1e-06,0.0,trivial_augment,"(0.0, 0.999)",
37329042178373943,True,4,0.0,1.0,0.0,2.0,10.0,0.1,0.1,0.3,0.75,False,0.01,0.4,0.5,mobilevitv2_075,0.9,sgd,10,0.0,17,2,step,0.0,0.01,True,10,1e-06,0.0001,random_augment,,
47022901288044969,True,4,0.001,10.0,0.0,0.25,0.0,0.1,0.001,0.3,0.75,False,0.0001,1.0,0.0,edgenext_xx_small,0.0,momentum,5,0.0,8,2,plateau,0.0,0.1,False,5,1e-05,1e-05,trivial_augment,,
3565526839157355,True,256,0.0,,1.0,0.0,0.0,0.1,0.0001,0.1,0.75,False,0.0005,8.0,0.75,edgenext_small,0.9,sgd,2,1.0,8,2,plateau,0.05,0.001,True,10,1e-06,0.001,none,,
29675476474655450,False,256,0.001,1.0,2.0,0.0,0.0,0.1,0.001,0.0,0.75,False,0.01,4.0,1.0,mobilevit_xxs,0.95,momentum,2,1.0,9,2,plateau,0.1,0.001,True,10,1e-05,0.0001,random_augment,,
65920384920797171,True,512,0.01,,0.0,4.0,10.0,0.1,0.0,0.1,,False,0.001,0.2,1.0,edgenext_x_small,0.9,adamp,10,1.0,8,2,step,0.1,0.01,False,5,1e-05,0.1,none,"(0.9, 0.99)",
3200630665563782,False,32,0.01,,0.5,0.0,0.0,0.1,0.0,0.1,0.65,False,0.001,2.0,1.0,mobilevit_xs,0.9,sgd,10,0.0,8,2,cosine,0.05,0.01,False,0,1e-06,0.001,trivial_augment,,
17168749405264340,False,32,0.1,,2.0,4.0,0.0,0.1,0.0,0.3,0.75,False,0.0001,0.2,0.0,edgenext_small,0.9,sgd,10,0.6,8,2,cosine,0.05,0.1,False,0,1e-05,0.1,auto_augment,,original
32526572984253314,False,32,0.001,10.0,1.0,0.0,0.0,0.1,0.1,0.2,0.75,True,0.005,8.0,0.5,mobilevitv2_075,0.9,adamw,10,0.4,8,2,cosine,0.0,0.01,True,0,0.0,0.1,auto_augment,"(0.0, 0.99)",v0
49894623361264524,False,16,0.0001,10.0,0.5,0.25,0.0,0.1,0.0,0.2,,True,0.001,4.0,0.25,convnext_small_384_in22ft1k,0.9,adam,10,0.2,8,2,cosine,0.1,0.0,True,10,1e-05,0.1,none,"(0.9, 0.99)",
61278176845740038,False,256,0.01,10.0,1.0,0.25,0.0,0.1,0.1,0.3,,False,0.0001,0.4,0.25,mobilevitv2_075,0.9,adamp,10,0.6,8,2,cosine,0.05,0.1,False,0,1e-06,0.0001,auto_augment,"(0.9, 0.99)",v0
139560550734547858,False,8,0.01,1.0,2.0,0.0,0.0,0.1,0.0,0.2,,False,5e-05,4.0,0.0,tf_efficientnet_b4_ns,0.9,adamp,2,0.2,9,3,plateau,0.0,0.001,False,0,1e-06,0.01,random_augment,"(0.0, 0.99)",
111114169756120264,False,8,0.0,10.0,4.0,2.0,20.0,0.1,0.0001,0.0,0.65,False,0.001,0.2,0.75,deit3_small_patch16_384_in21ft1k,0.9,adamw,10,0.2,8,2,multistep,0.0,0.0001,True,10,0.0,1e-05,trivial_augment,"(0.0, 0.999)",
104573972759696662,False,8,0.0001,10.0,2.0,4.0,0.0,0.1,0.1,0.2,,False,0.01,2.0,1.0,xcit_small_12_p8_384_dist,0.9,adamp,5,0.2,8,2,plateau,0.0,0.0,False,5,1e-06,0.0,none,"(0.9, 0.999)",
18368406512137620,False,2,0.0,1.0,4.0,0.0,0.0,0.1,0.0,0.3,,False,0.001,0.0,1.0,xcit_tiny_24_p8_384_dist,0.9,adamw,2,1.0,8,2,plateau,0.0,0.1,False,10,1e-06,0.01,trivial_augment,"(0.9, 0.99)",
44617986366873118,False,512,0.1,,4.0,0.5,0.0,0.1,0.0,0.1,,False,0.01,0.2,1.0,dla46x_c,0.9,adam,5,0.6,9,2,plateau,0.1,0.01,False,0,0.0,0.0001,random_augment,"(0.0, 0.99)",
29897370505634531,True,8,0.001,1.0,0.0,0.1,0.0,0.1,0.001,0.2,,False,0.0001,0.0,0.75,deit3_small_patch16_384_in21ft1k,0.9,adam,10,0.8,8,2,cosine,0.1,0.001,False,5,0.0,1e-05,trivial_augment,"(0.0, 0.999)",
121748009657903866,False,64,0.001,10.0,1.0,1.0,0.0,0.1,0.0001,0.4,0.75,True,0.001,0.2,0.25,mobilevitv2_075,0.9,adamw,10,0.0,17,3,cosine,0.0,0.0,True,5,0.0,0.1,random_augment,"(0.0, 0.999)",
62586181450969542,False,2,0.1,10.0,1.0,4.0,0.0,0.1,0.1,0.0,,False,0.01,8.0,0.5,deit3_small_patch16_384_in21ft1k,0.9,adam,5,0.4,8,2,plateau,0.05,0.0001,False,0,1e-06,1e-05,trivial_augment,"(0.0, 0.999)",
208936724855186315,True,64,0.01,,0.0,0.1,20.0,0.1,0.0,0.4,0.75,False,5e-05,2.0,0.5,tf_efficientnet_b4_ns,0.9,adamw,10,0.4,17,2,step,0.05,0.0001,True,0,1e-05,1e-05,random_augment,"(0.9, 0.99)",
21297199052293093,True,2,0.1,10.0,1.0,0.5,10.0,0.5,0.0001,0.4,0.65,False,0.0005,0.4,0.0,edgenext_xx_small,0.9,sgd,10,0.2,8,2,multistep,0.05,0.1,True,0,1e-05,0.0001,trivial_augment,,
7056019538035389,True,32,0.0,1.0,1.0,1.0,0.0,0.1,0.0,0.4,0.65,False,0.01,4.0,0.0,edgenext_x_small,0.9,sgd,2,0.8,8,2,plateau,0.0,0.0,False,10,0.0,0.0,none,,
34671349308522963,True,4,0.0,1.0,0.5,2.0,0.0,0.1,0.01,0.2,0.65,False,0.0005,0.4,0.25,dla46x_c,0.9,adamp,5,0.8,8,2,plateau,0.1,0.0,False,0,1e-05,0.01,trivial_augment,"(0.9, 0.999)",
56076991576957949,True,8,0.01,1.0,0.0,4.0,0.0,0.1,0.0001,0.2,0.65,False,0.001,8.0,0.75,deit3_small_patch16_384_in21ft1k,0.9,adamw,10,0.4,17,2,cosine,0.1,0.001,True,5,1e-06,0.0,random_augment,"(0.9, 0.99)",
32131000285416587,True,64,0.001,,1.0,1.0,0.0,0.1,0.001,0.0,0.75,True,1e-05,4.0,0.75,edgenext_x_small,0.9,adamw,2,1.0,8,2,plateau,0.05,0.0001,False,5,1e-05,0.0,none,"(0.0, 0.999)",
67755524019881742,False,2,0.1,,0.5,1.0,10.0,0.1,0.0,0.4,0.75,False,0.01,0.2,0.75,xcit_tiny_12_p8_384_dist,0.9,adamw,10,0.8,8,2,step,0.0,0.0001,True,5,0.0,0.001,none,"(0.9, 0.99)",
14563642463900283,True,4,0.0,,4.0,0.0,0.0,0.1,0.1,0.2,0.75,False,0.001,0.0,0.75,volo_d4_448,0.9,adam,10,1.0,8,2,cosine,0.1,0.0,False,5,1e-05,1e-05,none,"(0.0, 0.99)",
16458106808807947,True,2,0.001,,2.0,1.0,0.0,0.1,0.0001,0.0,0.65,False,0.001,4.0,0.5,tf_efficientnet_b6_ns,0.9,sgd,10,0.0,9,3,cosine,0.0,0.001,True,5,0.0,0.1,random_augment,,
17663904364544302,False,8,0.0001,10.0,0.0,0.25,0.0,0.1,0.01,0.2,0.75,False,0.005,0.0,0.75,deit3_small_patch16_384_in21ft1k,0.9,adam,10,0.6,8,2,cosine,0.05,0.001,True,0,0.0,0.01,none,"(0.9, 0.99)",
19374330540410738,False,32,0.0,,4.0,4.0,0.0,0.1,0.1,0.3,0.65,False,0.01,8.0,1.0,xcit_tiny_12_p8_384_dist,0.9,sgd,10,0.8,8,2,cosine,0.05,0.0001,False,0,1e-06,0.001,auto_augment,,original
123965408193344065,True,2,0.01,10.0,4.0,0.1,20.0,0.5,0.01,0.2,0.75,False,0.001,1.0,0.0,beit_base_patch16_384,0.9,adamw,10,0.0,8,2,step,0.1,0.001,False,5,1e-05,0.01,none,"(0.0, 0.999)",
5432011496881283,True,64,0.1,,0.0,0.0,0.0,0.1,0.1,0.0,,False,1e-05,2.0,0.0,xcit_nano_12_p8_384_dist,0.9,adamp,10,1.0,8,2,cosine,0.0,0.001,False,0,0.0,1e-05,none,"(0.9, 0.999)",
411630865478250888,False,128,0.001,10.0,2.0,0.1,10.0,0.5,0.001,0.1,,True,0.005,0.4,0.25,edgenext_x_small,0.9,adamp,10,0.4,17,3,multistep,0.1,0.0001,True,5,1e-05,1e-05,random_augment,"(0.9, 0.999)",
41396759597661163,True,16,0.001,1.0,4.0,4.0,20.0,0.1,0.01,0.1,,False,0.0005,1.0,0.5,convnext_small_384_in22ft1k,0.9,adamp,10,1.0,8,2,multistep,0.0,0.1,True,10,1e-06,0.1,trivial_augment,"(0.0, 0.99)",
33051066544549664,False,32,0.001,,0.5,1.0,0.0,0.1,0.001,0.0,0.75,False,0.0001,4.0,1.0,xcit_tiny_24_p8_384_dist,0.9,sgd,5,1.0,8,2,plateau,0.1,0.001,False,5,1e-06,0.1,auto_augment,,v0
335092789587543,True,256,0.0001,10.0,4.0,1.0,0.0,0.1,0.01,0.2,0.75,False,0.01,0.4,0.5,edgenext_xx_small,0.9,sgd,10,0.0,8,2,cosine,0.05,0.001,False,10,0.0,0.1,trivial_augment,,
128849044976983695,True,4,0.1,1.0,4.0,4.0,0.0,0.1,0.0,0.4,0.75,False,1e-05,0.2,0.75,mobilevitv2_075,0.9,adamp,5,0.8,8,2,plateau,0.0,0.01,True,0,1e-06,0.0,none,"(0.0, 0.99)",
370308421459030861,True,2,0.0,10.0,4.0,4.0,20.0,0.1,0.001,0.3,0.75,False,0.001,2.0,1.0,xcit_small_12_p8_384_dist,0.9,adamp,10,0.8,9,3,multistep,0.05,0.001,False,10,0.0,1e-05,random_augment,"(0.0, 0.999)",
482238537477508582,False,512,0.001,10.0,0.0,0.0,20.0,0.5,0.0,0.0,,False,0.0001,0.2,0.5,edgenext_x_small,0.99,momentum,10,1.0,8,2,step,0.0,0.01,False,5,0.0,0.0001,auto_augment,,original
11248470261741781,True,2,0.0,,4.0,2.0,0.0,0.1,0.001,0.0,,False,1e-05,0.4,0.25,edgenext_small,0.9,sgd,10,0.4,8,2,cosine,0.1,0.1,True,10,0.0,0.001,auto_augment,,v0
80268083301529052,False,32,0.01,1.0,0.0,4.0,20.0,0.1,0.0001,0.2,0.65,False,0.0001,2.0,1.0,mobilevit_xs,0.9,adamp,10,1.0,8,2,step,0.0,0.0,False,5,1e-06,0.0,none,"(0.9, 0.99)",
483458603148955430,False,32,0.1,,0.0,0.0,20.0,0.5,0.0,0.3,0.65,True,0.001,0.0,0.75,edgenext_xx_small,0.99,momentum,10,0.8,8,2,step,0.05,0.1,False,0,0.0,1e-05,auto_augment,,original
34694699173453262,False,4,0.0,10.0,4.0,0.5,20.0,0.1,0.001,0.1,0.65,False,0.0005,0.0,0.0,convnext_small_384_in22ft1k,0.9,sgd,10,0.2,8,2,multistep,0.05,0.001,False,0,1e-05,0.01,auto_augment,,v0
30873617430656067,True,32,0.0001,,1.0,0.5,20.0,0.5,0.0,0.3,0.65,False,1e-05,0.4,0.25,volo_d1_384,0.9,adamp,10,0.8,8,2,step,0.1,0.001,True,5,1e-05,1e-05,trivial_augment,"(0.9, 0.999)",
123000053422374565,True,16,0.0001,,1.0,0.25,0.0,0.1,0.01,0.1,,False,5e-05,1.0,0.25,beit_large_patch16_512,0.9,adamw,10,1.0,17,3,cosine,0.05,0.01,True,0,0.0,0.01,random_augment,"(0.0, 0.999)",
3820479209045707,True,128,0.01,1.0,0.0,2.0,0.0,0.1,0.0001,0.4,0.75,True,0.0005,8.0,1.0,edgenext_x_small,0.9,adam,2,0.8,8,2,plateau,0.05,0.1,False,5,1e-05,0.001,none,"(0.9, 0.999)",
18232213573141298,False,32,0.0,1.0,0.0,1.0,10.0,0.5,0.0001,0.2,0.75,False,0.001,2.0,0.25,xcit_tiny_24_p8_384_dist,0.9,adamw,10,0.8,8,2,multistep,0.0,0.0,True,5,1e-06,0.01,none,"(0.9, 0.999)",
61714426368158724,False,128,0.1,10.0,2.0,1.0,20.0,0.5,0.0001,0.0,0.65,False,0.005,1.0,1.0,mobilevitv2_075,0.9,adamp,10,0.8,8,2,step,0.05,0.01,False,0,1e-05,0.0001,trivial_augment,"(0.0, 0.99)",
7066519482922817,True,8,0.1,1.0,0.0,2.0,0.0,0.1,0.0,0.3,0.75,False,1e-05,0.4,0.75,xcit_nano_12_p8_384_dist,0.9,sgd,10,0.2,9,2,cosine,0.0,0.0001,False,10,0.0,0.0,random_augment,,
19488689980683887,True,64,0.001,,1.0,0.1,0.0,0.1,0.001,0.2,0.65,True,0.005,1.0,0.25,edgenext_x_small,0.9,sgd,10,0.0,8,2,cosine,0.0,0.1,True,0,1e-06,0.001,auto_augment,,original
54112753446797054,False,4,0.1,1.0,1.0,0.25,10.0,0.5,0.1,0.2,0.65,False,0.0005,4.0,0.0,xcit_small_12_p8_384_dist,0.9,adam,10,0.6,8,2,step,0.1,0.0001,True,0,0.0,1e-05,trivial_augment,"(0.0, 0.99)",
6637938492538029,True,4,0.001,1.0,0.0,2.0,0.0,0.1,0.0001,0.0,0.65,False,0.01,8.0,0.25,xcit_nano_12_p8_384_dist,0.9,sgd,10,0.8,8,2,cosine,0.05,0.001,False,10,1e-05,1e-05,none,,
126715844350729571,True,8,0.001,,4.0,0.1,20.0,0.5,0.1,0.3,0.75,False,0.0005,1.0,1.0,mobilevitv2_075,0.9,sgd,10,0.0,17,3,step,0.0,0.0001,True,5,1e-05,0.0001,random_augment,,
32376966546267310,False,8,0.001,,0.5,0.0,0.0,0.1,0.0,0.3,0.65,True,0.0001,8.0,0.0,volo_d1_384,0.95,momentum,10,1.0,8,2,cosine,0.0,0.01,True,10,1e-05,0.0,none,,
24051271687317198,False,2,0.0001,10.0,0.0,0.0,0.0,0.1,0.0,0.3,0.75,False,0.0001,0.2,0.75,deit3_small_patch16_384_in21ft1k,0.9,adam,10,0.8,8,2,cosine,0.0,0.01,False,5,1e-05,0.0,none,"(0.9, 0.99)",
4940941619395658,False,4,0.001,1.0,4.0,0.25,0.0,0.1,0.01,0.0,,False,0.01,1.0,0.25,tf_efficientnet_b6_ns,0.9,sgd,10,0.0,8,2,cosine,0.05,0.1,True,10,1e-06,0.0001,none,,
144200745440613811,True,2,0.0,1.0,0.5,4.0,20.0,0.1,0.0,0.3,0.75,False,0.01,8.0,0.25,beit_base_patch16_384,0.9,adamp,10,0.6,8,2,multistep,0.05,0.0001,False,5,1e-05,1e-05,auto_augment,"(0.0, 0.99)",original
5019136760493922,False,8,0.0001,10.0,0.5,0.0,10.0,0.1,0.0,0.1,0.65,False,0.005,0.0,0.25,edgenext_x_small,0.9,sgd,10,0.2,8,2,multistep,0.05,0.1,False,0,1e-05,0.0001,trivial_augment,,
238457540875827084,False,16,0.0001,,2.0,0.1,20.0,0.1,0.0,0.4,0.65,True,1e-05,0.4,1.0,tf_efficientnet_b4_ns,0.9,momentum,10,0.8,17,2,step,0.0,0.1,False,10,1e-06,0.001,random_augment,,
45394821409968018,False,2,0.0001,10.0,0.5,1.0,0.0,0.1,0.0001,0.4,,False,0.0005,2.0,1.0,xcit_tiny_12_p8_384_dist,0.9,adamw,10,0.2,8,2,cosine,0.1,0.0,True,10,1e-06,0.0001,auto_augment,"(0.0, 0.99)",original
31754535560611,True,16,0.01,,0.0,0.25,0.0,0.1,0.01,0.0,0.65,False,1e-05,4.0,1.0,volo_d1_384,0.9,adam,10,0.8,8,2,cosine,0.0,0.001,False,0,0.0,0.1,trivial_augment,"(0.9, 0.999)",
170916280614891038,False,4,0.001,1.0,2.0,1.0,0.0,0.1,0.0001,0.2,,False,5e-05,4.0,0.0,xcit_tiny_12_p8_384_dist,0.9,adamp,5,0.0,9,3,plateau,0.0,0.001,False,10,1e-06,0.1,random_augment,"(0.0, 0.99)",
40277063785296201,True,256,0.001,10.0,0.5,0.1,0.0,0.1,0.0,0.4,0.75,False,0.0001,0.2,0.0,edgenext_x_small,0.9,adamp,2,0.4,8,2,plateau,0.05,0.1,False,5,1e-05,0.0,auto_augment,"(0.0, 0.99)",v0
27837524210445113,True,8,0.0001,,1.0,0.0,20.0,0.1,0.1,0.0,0.75,True,5e-05,0.2,0.0,mobilevitv2_075,0.9,adamw,10,0.2,8,2,step,0.05,0.0,True,10,1e-06,0.001,none,"(0.9, 0.999)",
17096244938177719,True,128,0.001,1.0,4.0,0.25,10.0,0.5,0.0001,0.4,0.75,False,0.0005,0.2,0.75,mobilevit_xxs,0.9,sgd,10,0.0,8,2,multistep,0.05,0.1,True,10,1e-06,0.1,none,,
3454974000869600,False,4,0.0001,10.0,0.0,2.0,0.0,0.1,0.1,0.3,0.65,False,0.0001,1.0,0.75,xcit_nano_12_p8_384_dist,0.9,adamp,2,0.2,8,2,plateau,0.0,0.0,False,10,1e-06,0.001,trivial_augment,"(0.9, 0.999)",
5550674759182732,False,8,0.0001,10.0,4.0,1.0,0.0,0.1,0.001,0.4,0.75,True,1e-05,0.0,0.75,mobilevit_xxs,0.9,adamw,2,0.6,8,2,plateau,0.1,0.1,True,0,0.0,1e-05,trivial_augment,"(0.9, 0.999)",
7193343799429514,False,32,0.001,,0.5,0.0,0.0,0.1,0.1,0.2,0.65,True,1e-05,0.0,0.0,mobilevitv2_075,0.9,adamp,10,1.0,8,2,cosine,0.05,0.1,True,10,0.0,0.0,none,"(0.9, 0.999)",
108019633999000152,False,128,0.0,1.0,0.0,0.25,0.0,0.1,0.0,0.1,,False,0.005,1.0,0.75,edgenext_xx_small,0.9,adamp,5,0.2,8,2,plateau,0.1,0.1,True,10,1e-05,0.01,auto_augment,"(0.9, 0.999)",v0
22864948388345475,True,32,0.001,,4.0,4.0,0.0,0.1,0.0001,0.1,0.75,False,5e-05,0.0,0.5,deit3_small_patch16_384_in21ft1k,0.9,adamp,10,0.6,8,2,cosine,0.0,0.1,False,10,1e-05,1e-05,trivial_augment,"(0.9, 0.99)",
12347952306507616,False,8,0.1,10.0,2.0,0.1,0.0,0.1,0.1,0.1,0.65,False,0.0005,4.0,0.5,mobilevit_xxs,0.9,adamw,10,0.6,8,2,cosine,0.0,0.01,False,5,0.0,0.0001,none,"(0.0, 0.99)",
80148749362907114,False,4,0.1,10.0,2.0,4.0,20.0,0.5,0.001,0.1,0.65,False,0.0001,0.2,0.75,deit3_small_patch16_384_in21ft1k,0.9,sgd,10,0.8,8,2,multistep,0.0,0.001,False,0,1e-06,0.0,none,,
69499527068913075,True,32,0.001,,4.0,1.0,0.0,0.1,0.1,0.3,0.75,False,0.01,0.0,1.0,edgenext_xx_small,0.9,adamw,10,0.4,8,2,cosine,0.05,0.001,False,5,1e-06,0.0001,auto_augment,"(0.9, 0.99)",original
44607322513008189,True,32,0.0,,4.0,0.0,20.0,0.1,0.1,0.3,0.65,True,0.001,1.0,0.25,volo_d4_448,0.9,adamw,10,1.0,9,2,multistep,0.0,0.01,False,0,0.0,0.0001,random_augment,"(0.0, 0.99)",
10288561780911140,False,32,0.1,10.0,4.0,1.0,0.0,0.1,0.01,0.4,,True,1e-05,0.4,0.0,mobilevit_xs,0.9,adamw,10,0.6,8,2,cosine,0.1,0.0,True,10,1e-06,0.01,none,"(0.0, 0.99)",
13744478672679609,True,32,0.0,,0.0,0.1,0.0,0.1,0.0001,0.4,,True,1e-05,2.0,0.5,mobilevit_xs,0.8,momentum,10,1.0,8,2,cosine,0.0,0.0001,True,5,0.0,1e-05,trivial_augment,,
80412933494619871,True,16,0.01,,2.0,2.0,20.0,0.1,0.0001,0.0,,True,0.001,0.4,0.5,tf_efficientnet_b4_ns,0.9,adamp,10,0.8,8,2,step,0.1,0.1,True,5,1e-06,0.0,trivial_augment,"(0.9, 0.99)",
4301524532632219,True,16,0.1,,1.0,4.0,0.0,0.1,0.001,0.1,,False,0.005,2.0,0.5,xcit_small_12_p8_384_dist,0.0,momentum,10,0.8,9,2,cosine,0.1,0.0001,True,5,0.0,0.0001,random_augment,,
7920226466538139,True,2,0.0001,1.0,4.0,0.1,10.0,0.1,0.001,0.0,,False,0.005,8.0,0.0,volo_d4_448,0.9,adam,10,0.8,8,2,multistep,0.1,0.001,True,5,1e-05,0.0,none,"(0.9, 0.999)",
3056078648980116,False,2,0.001,1.0,1.0,1.0,0.0,0.1,0.001,0.1,0.75,False,0.005,0.2,0.0,volo_d4_448,0.9,sgd,10,0.6,8,2,cosine,0.1,0.01,False,10,0.0,0.001,trivial_augment,,
20364419822948596,False,64,0.001,10.0,0.5,0.5,0.0,0.1,0.001,0.1,0.75,False,0.005,0.4,0.25,mobilevitv2_075,0.9,adam,10,0.6,8,2,cosine,0.05,0.001,True,0,0.0,0.0001,trivial_augment,"(0.9, 0.99)",
27670930067375616,False,128,0.01,,0.0,0.5,0.0,0.1,0.001,0.3,0.65,True,0.0005,0.0,1.0,mobilevit_xs,0.95,momentum,10,0.8,9,2,cosine,0.05,0.1,False,5,1e-06,0.001,random_augment,,
655101755339043,True,4,0.0,,1.0,4.0,0.0,0.1,0.01,0.3,0.75,False,0.005,0.0,0.75,convnext_small_384_in22ft1k,0.9,adamp,2,1.0,8,2,plateau,0.05,0.01,False,5,1e-06,0.1,none,"(0.9, 0.999)",
17502989196659800,False,8,0.001,10.0,4.0,1.0,0.0,0.1,0.1,0.2,0.65,False,0.005,0.4,0.5,dla46x_c,0.9,sgd,2,0.8,17,2,plateau,0.05,0.0001,True,10,1e-05,0.1,random_augment,,
7103892305957789,True,64,0.0001,,2.0,0.0,10.0,0.1,0.001,0.2,0.65,False,0.01,0.4,0.0,xcit_nano_12_p8_384_dist,0.0,momentum,10,0.6,8,2,step,0.05,0.01,False,10,0.0,0.0,none,,
33770054592395157,True,4,0.01,,0.0,0.0,10.0,0.1,0.1,0.0,,True,5e-05,0.2,0.0,beit_base_patch16_384,0.8,momentum,10,0.8,9,2,multistep,0.1,0.0,False,0,0.0,0.01,random_augment,,
20088669842661248,False,32,0.0,1.0,0.0,1.0,0.0,0.1,0.01,0.1,0.75,True,5e-05,8.0,0.5,edgenext_x_small,0.0,momentum,2,1.0,8,2,plateau,0.1,0.01,True,5,1e-05,0.001,auto_augment,,original
59493897037149218,False,32,0.0,1.0,0.5,1.0,20.0,0.5,0.0,0.1,0.65,False,0.01,1.0,0.25,volo_d1_384,0.8,momentum,10,0.8,8,2,step,0.05,0.0,True,0,0.0,0.001,trivial_augment,,
14748789362316395,True,8,0.0,,1.0,2.0,0.0,0.1,0.1,0.1,0.75,False,0.005,2.0,0.25,deit3_small_patch16_384_in21ft1k,0.9,sgd,10,0.0,17,2,cosine,0.0,0.01,False,10,1e-05,1e-05,random_augment,,
31540325522105519,True,512,0.1,1.0,1.0,2.0,0.0,0.1,0.001,0.2,,True,5e-05,0.4,1.0,edgenext_xx_small,0.95,momentum,2,0.4,8,2,plateau,0.0,0.001,False,0,1e-06,0.0,trivial_augment,,
5305930056417707,True,512,0.0,,1.0,0.1,0.0,0.1,0.0001,0.2,0.75,False,5e-05,4.0,0.5,dla46x_c,0.9,adam,2,1.0,8,2,plateau,0.05,0.01,False,10,1e-05,0.0001,none,"(0.9, 0.999)",
41335717887110412,False,2,0.1,,1.0,0.0,20.0,0.1,0.0001,0.3,0.65,False,0.0005,2.0,0.75,volo_d1_384,0.9,adamw,10,1.0,8,2,step,0.0,0.0,True,10,1e-06,0.1,none,"(0.0, 0.99)",
110642525326009422,False,2,0.1,10.0,0.5,0.0,0.0,0.1,0.0,0.0,,False,5e-05,0.4,0.5,mobilevit_xs,0.95,momentum,10,0.8,9,3,cosine,0.1,0.1,False,10,1e-05,0.0001,random_augment,,
15234629044681085,True,8,0.0,1.0,1.0,0.1,0.0,0.1,0.1,0.1,0.75,False,1e-05,2.0,0.0,dla46x_c,0.9,adam,10,0.8,9,2,cosine,0.05,0.0,True,10,0.0,0.0,random_augment,"(0.0, 0.99)",
20982341548769170,False,8,0.001,1.0,1.0,0.25,10.0,0.5,0.0001,0.2,0.75,False,5e-05,0.4,0.25,mobilevit_xxs,0.0,momentum,10,0.4,8,2,multistep,0.05,0.01,True,5,1e-06,0.0001,none,,
498386411393795628,False,16,0.1,1.0,2.0,0.1,20.0,0.1,0.01,0.4,0.65,False,0.0005,1.0,0.25,dla46x_c,0.0,momentum,10,0.8,17,3,step,0.05,0.1,True,0,0.0,0.0001,random_augment,,
20574189608269435,True,16,0.0001,10.0,4.0,4.0,0.0,0.1,0.001,0.0,0.65,False,0.005,2.0,0.0,edgenext_small,0.9,adamp,10,0.2,8,2,cosine,0.05,0.0001,False,10,0.0,0.0001,trivial_augment,"(0.9, 0.99)",
75921894891829899,True,32,0.0,10.0,2.0,0.25,20.0,0.1,0.1,0.0,0.65,False,0.001,0.4,0.5,xcit_nano_12_p8_384_dist,0.9,adamw,10,0.6,8,2,step,0.05,0.0,False,10,0.0,0.001,none,"(0.9, 0.99)",
6120615818874110,False,256,0.001,1.0,0.5,0.5,0.0,0.1,0.1,0.1,0.75,False,0.01,0.4,0.0,dla46x_c,0.9,adamw,2,0.4,8,2,plateau,0.1,0.001,True,5,1e-06,1e-05,trivial_augment,"(0.9, 0.999)",
349378492061706539,True,8,0.01,1.0,1.0,2.0,20.0,0.5,0.1,0.1,0.65,True,0.0005,1.0,0.25,xcit_tiny_12_p8_384_dist,0.9,adamp,10,0.8,9,3,step,0.05,0.001,True,0,1e-05,0.1,random_augment,"(0.9, 0.99)",
1535300577968531,True,8,0.001,1.0,0.0,0.25,0.0,0.1,0.0001,0.1,,False,0.001,0.2,0.75,convnext_small_384_in22ft1k,0.9,sgd,10,0.0,9,2,cosine,0.05,0.001,False,5,0.0,0.01,random_augment,,
171075133545778268,False,32,0.0,10.0,4.0,4.0,20.0,0.1,0.0,0.0,,False,0.005,8.0,0.75,tf_efficientnet_b7_ns,0.9,adamp,10,1.0,17,2,step,0.1,0.001,False,0,1e-05,0.1,random_augment,"(0.0, 0.99)",
137783186672010681,True,4,0.0001,10.0,4.0,0.5,20.0,0.1,0.0,0.3,0.75,False,0.005,8.0,0.5,xcit_tiny_12_p8_384_dist,0.9,adamw,10,0.2,8,2,step,0.1,0.01,False,0,0.0,0.1,auto_augment,"(0.0, 0.99)",original
7447199109505388,False,32,0.0,,4.0,0.1,0.0,0.1,0.001,0.1,0.75,False,0.001,1.0,0.5,dla46x_c,0.9,adamw,10,0.8,8,2,cosine,0.05,0.0001,True,5,1e-06,0.0,none,"(0.9, 0.999)",
4942285144143485,True,8,0.0,,4.0,0.25,0.0,0.1,0.0001,0.2,0.65,False,0.0005,0.2,0.5,edgenext_small,0.9,sgd,10,0.4,9,2,cosine,0.05,0.1,True,10,1e-06,0.0001,random_augment,,
32261581459485398,False,4,0.001,10.0,4.0,1.0,0.0,0.1,0.0001,0.3,0.65,False,0.01,4.0,0.5,deit3_small_patch16_384_in21ft1k,0.9,sgd,10,0.6,17,3,cosine,0.05,0.0,False,10,1e-05,0.0,random_augment,,
27496680113331404,False,32,0.001,1.0,0.5,0.25,0.0,0.1,0.01,0.4,0.75,False,0.01,0.2,0.5,convnext_small_384_in22ft1k,0.9,sgd,10,0.6,17,3,cosine,0.1,0.001,False,0,1e-06,0.001,random_augment,,
186933939327060390,False,2,0.0,,1.0,2.0,20.0,0.5,0.1,0.2,0.75,True,0.005,1.0,0.75,volo_d5_512,0.9,adamp,10,0.8,17,2,multistep,0.1,0.1,True,0,1e-06,0.1,random_augment,"(0.0, 0.99)",
73872710875486809,True,32,0.0,1.0,2.0,0.0,20.0,0.1,0.0,0.3,0.75,False,0.0005,1.0,0.25,mobilevitv2_075,0.9,adamp,10,0.8,9,2,multistep,0.1,0.01,False,0,1e-05,0.1,random_augment,"(0.9, 0.99)",
105818385490716974,False,256,0.0,10.0,4.0,0.25,20.0,0.1,0.0,0.2,0.75,True,0.001,0.4,0.75,mobilevit_xs,0.9,adamp,10,0.4,8,2,multistep,0.0,0.01,False,0,1e-06,0.1,none,"(0.0, 0.999)",
13929469167118045,True,128,0.1,1.0,0.5,0.25,0.0,0.1,0.0,0.4,,False,0.005,0.4,0.75,deit3_small_patch16_384_in21ft1k,0.9,sgd,10,1.0,17,2,cosine,0.05,0.01,True,10,0.0,1e-05,random_augment,,
79476012453698789,True,8,0.01,10.0,0.0,0.5,0.0,0.1,0.001,0.0,0.75,False,0.01,2.0,0.0,beit_base_patch16_384,0.9,adam,10,0.0,9,3,cosine,0.05,0.001,True,5,1e-05,1e-05,random_augment,"(0.0, 0.99)",
5621606903435706,False,2,0.001,,0.5,1.0,0.0,0.1,0.0,0.0,0.75,False,0.01,8.0,0.0,deit3_small_patch16_384_in21ft1k,0.0,momentum,10,0.6,8,2,cosine,0.1,0.1,False,5,0.0,1e-05,none,,
20142562168215112,False,8,0.0001,1.0,0.0,1.0,10.0,0.5,0.001,0.1,0.65,False,0.005,8.0,0.75,volo_d3_448,0.9,adamw,10,0.8,8,2,multistep,0.05,0.001,False,10,1e-05,0.001,none,"(0.9, 0.999)",
4809417261413765,True,8,0.0,10.0,4.0,2.0,10.0,0.1,0.01,0.1,0.65,False,0.005,4.0,0.5,tf_efficientnet_b6_ns,0.9,sgd,10,0.6,8,2,multistep,0.05,0.0,False,10,1e-06,0.0001,none,,
72828251300315756,False,4,0.01,1.0,2.0,1.0,0.0,0.1,0.01,0.4,0.75,False,0.0005,4.0,0.75,mobilevit_xs,0.95,momentum,5,0.6,8,2,plateau,0.0,0.1,False,10,1e-05,0.0,none,,
36279708392686267,True,2,0.001,1.0,1.0,1.0,10.0,0.1,0.1,0.1,0.75,False,0.01,4.0,0.0,edgenext_small,0.8,momentum,10,1.0,8,2,step,0.0,0.01,True,5,1e-05,0.001,none,,
354369150580774862,False,4,0.0,1.0,0.5,1.0,20.0,0.5,0.1,0.1,0.75,False,1e-05,0.0,0.0,volo_d3_448,0.0,momentum,10,0.6,9,3,step,0.0,0.0,False,5,1e-06,1e-05,random_augment,,
11353120883201910,False,128,0.0001,10.0,0.0,4.0,0.0,0.1,0.001,0.2,0.65,True,5e-05,4.0,0.5,xcit_tiny_24_p8_384_dist,0.9,adamp,10,1.0,8,2,cosine,0.1,0.0001,True,0,1e-06,0.001,none,"(0.0, 0.99)",
355349389069330953,True,256,0.0001,1.0,4.0,0.5,20.0,0.5,0.0001,0.1,,False,5e-05,0.4,0.0,edgenext_xx_small,0.9,adam,10,0.6,9,3,step,0.05,0.0,True,5,0.0,0.0,random_augment,"(0.9, 0.99)",
31537300546788609,True,4,0.001,10.0,1.0,1.0,0.0,0.1,0.0,0.2,0.65,False,5e-05,1.0,0.25,swinv2_base_window12to24_192to384_22kft1k,0.95,momentum,10,0.4,8,2,cosine,0.0,0.001,False,0,1e-06,0.0,trivial_augment,,
3772394742783512,False,4,0.0,10.0,4.0,0.5,0.0,0.1,0.1,0.3,0.75,False,5e-05,0.4,0.75,tf_efficientnet_b4_ns,0.9,sgd,10,0.8,8,2,cosine,0.05,0.0001,False,5,1e-05,0.001,none,,
1140029403506864,False,32,0.001,1.0,4.0,0.0,0.0,0.1,0.1,0.0,0.75,True,1e-05,0.4,1.0,volo_d1_384,0.9,adamp,2,0.8,8,2,plateau,0.1,0.0,True,5,1e-05,0.1,trivial_augment,"(0.9, 0.999)",
31166250484377855,True,4,0.1,1.0,1.0,2.0,0.0,0.1,0.01,0.3,,False,5e-05,0.4,0.5,mobilevitv2_075,0.95,momentum,10,0.4,8,2,cosine,0.05,0.001,True,0,0.0,0.0,none,,
21465785219847958,False,64,0.0001,,4.0,4.0,0.0,0.1,0.01,0.3,0.75,False,0.001,1.0,0.25,deit3_small_patch16_384_in21ft1k,0.9,adam,10,0.8,8,2,cosine,0.1,0.0,False,10,1e-05,0.0001,auto_augment,"(0.9, 0.999)",original
67651295113111375,True,2,0.01,10.0,1.0,1.0,10.0,0.1,0.1,0.1,0.65,False,0.001,2.0,1.0,convnext_small_384_in22ft1k,0.9,adam,10,0.6,8,2,multistep,0.0,0.1,True,0,0.0,0.001,none,"(0.9, 0.99)",
49089154817998987,True,16,0.0,1.0,1.0,0.1,0.0,0.1,0.0,0.3,0.75,False,0.001,0.0,0.0,mobilevit_xs,0.9,adam,5,1.0,8,2,plateau,0.1,0.0001,False,0,1e-06,0.1,none,"(0.9, 0.99)",
14436902670753889,True,2,0.0001,,0.5,2.0,0.0,0.1,0.01,0.1,0.65,False,1e-05,1.0,0.0,edgenext_small,0.9,sgd,5,0.2,8,2,plateau,0.0,0.001,False,0,1e-05,1e-05,trivial_augment,,
15908902579684210,False,8,0.001,10.0,1.0,4.0,0.0,0.1,0.0,0.3,,False,0.005,0.2,1.0,convnext_small_384_in22ft1k,0.9,adam,10,1.0,8,2,cosine,0.05,0.0,False,5,1e-05,0.0,auto_augment,"(0.9, 0.999)",v0
19080045046778532,False,16,0.001,,1.0,0.5,0.0,0.1,0.0,0.0,0.75,True,0.0005,0.2,0.25,mobilevitv2_075,0.9,adamw,10,0.4,9,2,cosine,0.1,0.0001,False,5,0.0,0.001,random_augment,"(0.9, 0.99)",
13218641083098963,True,32,0.01,1.0,2.0,0.5,0.0,0.1,0.001,0.0,,False,0.0005,0.2,0.75,edgenext_small,0.9,adamp,10,0.0,8,2,cosine,0.0,0.0001,False,5,1e-05,0.0001,auto_augment,"(0.9, 0.999)",v0
10660592386199742,False,16,0.001,1.0,2.0,1.0,20.0,0.1,0.01,0.0,,False,0.01,8.0,0.75,xcit_tiny_12_p8_384_dist,0.9,adam,10,0.6,8,2,multistep,0.05,0.0,False,10,1e-05,0.01,none,"(0.9, 0.999)",
15581951145158773,True,128,0.0,10.0,4.0,0.25,0.0,0.1,0.0001,0.3,0.65,True,0.0001,0.2,0.0,edgenext_small,0.9,sgd,5,0.0,8,2,plateau,0.05,0.01,True,5,1e-06,0.0,none,,
111388759340232385,True,2,0.01,,4.0,1.0,20.0,0.1,0.01,0.2,0.65,False,0.005,8.0,1.0,xcit_tiny_12_p8_384_dist,0.9,adamp,10,0.8,8,2,step,0.05,0.1,False,5,1e-06,1e-05,trivial_augment,"(0.0, 0.999)",
102901547733847830,False,2,0.0,10.0,0.0,0.5,10.0,0.1,0.001,0.2,,False,0.005,0.2,0.25,swinv2_base_window12to24_192to384_22kft1k,0.95,momentum,10,0.2,8,2,step,0.1,0.01,True,5,0.0,1e-05,none,,
30046755655021736,False,4,0.01,,4.0,0.1,0.0,0.1,0.0001,0.3,0.65,False,5e-05,1.0,0.75,beit_base_patch16_384,0.9,adamw,10,0.0,8,2,cosine,0.1,0.001,False,10,0.0,1e-05,trivial_augment,"(0.0, 0.999)",
18033552111031048,False,64,0.0001,1.0,4.0,1.0,0.0,0.1,0.0,0.0,,True,0.0005,4.0,1.0,mobilevit_xs,0.9,adamp,10,0.0,8,2,cosine,0.0,0.001,False,0,1e-06,0.01,trivial_augment,"(0.9, 0.99)",
315417283309207132,False,512,0.001,10.0,0.0,1.0,10.0,0.5,0.001,0.3,0.75,False,0.001,2.0,0.0,edgenext_xx_small,0.9,adamp,10,1.0,9,3,step,0.1,0.01,False,10,1e-06,0.0,random_augment,"(0.0, 0.99)",
142018760780495302,False,8,0.0001,10.0,0.0,0.25,20.0,0.1,0.01,0.1,0.75,False,0.01,2.0,0.75,dla46x_c,0.99,momentum,10,0.0,8,2,step,0.0,0.0001,True,5,0.0,0.0001,none,,
111455582473655343,True,32,0.01,10.0,0.0,2.0,0.0,0.1,0.0,0.0,0.75,False,0.0001,8.0,0.5,dla46x_c,0.9,adamw,5,0.6,8,2,plateau,0.1,0.01,True,5,1e-06,1e-05,auto_augment,"(0.9, 0.999)",v0
12728355338895520,False,8,0.001,,4.0,2.0,0.0,0.1,0.1,0.3,,False,0.01,0.4,0.25,edgenext_xx_small,0.9,adamw,10,1.0,8,2,cosine,0.05,0.01,True,0,1e-06,0.0001,trivial_augment,"(0.0, 0.99)",
21587906597034136,False,8,0.1,10.0,4.0,1.0,10.0,0.5,0.01,0.1,0.65,False,0.0001,4.0,0.0,xcit_small_12_p8_384_dist,0.9,sgd,10,1.0,8,2,multistep,0.1,0.01,True,10,1e-05,0.0001,none,,
3465379707824222,False,32,0.01,,2.0,2.0,0.0,0.1,0.001,0.4,0.75,True,0.01,0.0,0.5,mobilevit_xs,0.0,momentum,2,0.8,8,2,plateau,0.1,0.0,False,10,1e-06,0.001,none,,
50376400172136155,True,64,0.01,1.0,0.0,0.5,0.0,0.1,0.001,0.2,0.65,True,1e-05,0.2,0.5,mobilevit_xxs,0.9,adam,10,1.0,8,2,cosine,0.1,0.001,True,10,0.0,0.01,none,"(0.9, 0.99)",
35674528561534720,False,64,0.0,10.0,4.0,4.0,20.0,0.1,0.0,0.3,,False,1e-05,4.0,0.5,edgenext_small,0.9,adamp,10,0.8,8,2,step,0.1,0.001,True,0,1e-06,0.001,auto_augment,"(0.9, 0.999)",v0
15257563216257535,True,16,0.0001,1.0,0.5,0.25,0.0,0.1,0.0,0.0,0.75,True,0.001,0.2,0.75,mobilevit_xs,0.9,sgd,5,0.8,8,2,plateau,0.1,0.0001,True,10,0.0,0.0,trivial_augment,,
49578768423938827,True,2,0.001,1.0,0.0,2.0,0.0,0.1,0.001,0.2,0.75,False,0.01,4.0,0.5,xcit_small_12_p8_384_dist,0.9,adamw,2,0.4,8,2,plateau,0.05,0.1,False,0,1e-05,0.1,none,"(0.9, 0.99)",
6767065559031194,False,4,0.1,1.0,4.0,0.1,0.0,0.1,0.001,0.2,0.65,False,0.0005,8.0,0.25,edgenext_x_small,0.9,adamw,10,0.8,8,2,cosine,0.0,0.0001,False,0,0.0,0.0,none,"(0.9, 0.999)",
23643271513778464,False,64,0.01,1.0,2.0,0.5,10.0,0.5,0.0,0.1,0.75,True,5e-05,2.0,0.75,edgenext_x_small,0.9,adamp,10,0.8,8,2,multistep,0.1,0.0,True,5,1e-06,0.0,trivial_augment,"(0.9, 0.999)",
63844460549886919,True,128,0.001,,0.5,1.0,20.0,0.5,0.1,0.0,0.75,False,0.005,0.2,0.25,edgenext_x_small,0.9,adamw,10,0.4,8,2,step,0.05,0.0,True,10,0.0,0.0,none,"(0.0, 0.99)",
100948437686677155,True,256,0.0,10.0,2.0,0.5,0.0,0.1,0.1,0.3,0.75,True,0.005,2.0,0.25,edgenext_xx_small,0.9,adamw,5,0.4,17,2,plateau,0.05,0.01,True,0,1e-05,0.001,random_augment,"(0.9, 0.999)",
17389172258262397,True,2,0.001,,2.0,0.25,0.0,0.1,0.01,0.4,,False,0.0005,0.4,0.75,volo_d5_448,0.9,adam,10,1.0,8,2,cosine,0.0,0.1,True,5,1e-05,0.1,trivial_augment,"(0.9, 0.99)",
56050498580105252,False,4,0.0,,0.0,0.5,0.0,0.1,0.1,0.0,,False,0.001,0.0,0.5,edgenext_xx_small,0.9,adamw,5,1.0,8,2,plateau,0.1,0.0,True,5,1e-06,0.0,none,"(0.9, 0.99)",
1936229953361875,True,16,0.0001,1.0,2.0,2.0,0.0,0.1,0.1,0.2,0.65,False,0.0005,2.0,0.5,dla46x_c,0.9,sgd,10,1.0,8,2,cosine,0.0,0.1,True,0,1e-06,0.01,none,,
289792915801763963,True,8,0.0001,10.0,2.0,1.0,20.0,0.5,0.1,0.2,0.75,False,0.001,8.0,0.25,convnext_small_384_in22ft1k,0.9,adamw,10,0.4,8,2,multistep,0.1,0.0,True,10,1e-06,1e-05,auto_augment,"(0.9, 0.99)",original
23892456388492516,False,8,0.1,10.0,2.0,0.5,10.0,0.5,0.01,0.1,,True,0.001,2.0,0.0,dla46x_c,0.9,adamw,10,1.0,8,2,step,0.05,0.001,False,0,1e-05,0.0,none,"(0.9, 0.999)",
20554435845188087,True,8,0.1,,2.0,0.25,0.0,0.1,0.001,0.0,0.75,False,1e-05,0.4,0.0,swinv2_base_window12to24_192to384_22kft1k,0.9,adam,10,0.6,9,2,cosine,0.0,0.0,False,10,0.0,0.0001,random_augment,"(0.9, 0.99)",
53923750568618187,True,4,0.01,10.0,0.0,0.1,10.0,0.5,0.001,0.4,0.65,False,0.005,0.4,0.75,volo_d1_384,0.9,adamw,10,0.6,8,2,multistep,0.0,0.1,False,10,1e-05,0.0001,none,"(0.0, 0.99)",
7817820730842062,False,4,0.0,1.0,0.5,0.25,0.0,0.1,0.0,0.1,0.65,True,0.0001,1.0,1.0,deit3_small_patch16_384_in21ft1k,0.9,sgd,10,0.4,8,2,cosine,0.0,0.0001,False,5,1e-05,0.0,none,,
73208324217842071,True,16,0.01,,2.0,1.0,0.0,0.1,0.0001,0.2,,False,5e-05,0.0,1.0,edgenext_xx_small,0.99,momentum,5,0.6,8,2,plateau,0.05,0.1,True,5,0.0,0.1,none,,
4446125862779927,True,64,0.001,10.0,0.0,4.0,0.0,0.1,0.001,0.4,,False,5e-05,1.0,1.0,edgenext_small,0.9,adamw,10,0.2,8,2,cosine,0.05,0.0001,True,10,0.0,0.0001,none,"(0.9, 0.999)",
21340898581535703,True,32,0.01,10.0,2.0,0.1,0.0,0.1,0.01,0.4,0.65,False,0.0001,0.0,1.0,xcit_tiny_24_p8_384_dist,0.9,momentum,10,1.0,9,2,cosine,0.05,0.001,False,5,1e-05,0.0001,random_augment,,
18567281134137764,False,4,0.1,10.0,2.0,0.0,10.0,0.5,0.0001,0.0,0.75,False,5e-05,0.0,0.75,xcit_nano_12_p8_384_dist,0.9,adamw,10,0.8,9,2,multistep,0.05,0.001,True,0,1e-05,0.01,random_augment,"(0.9, 0.999)",
55126792116836503,True,16,0.001,1.0,0.5,1.0,0.0,0.1,0.0001,0.1,0.65,False,5e-05,4.0,0.75,edgenext_xx_small,0.9,adam,10,0.4,17,2,cosine,0.05,0.1,False,5,1e-05,1e-05,random_augment,"(0.9, 0.99)",
41949361307521656,False,2,0.001,10.0,1.0,2.0,0.0,0.1,0.0001,0.2,,False,0.01,4.0,1.0,volo_d3_448,0.9,adamp,10,0.4,8,2,cosine,0.0,0.0001,True,0,0.0,0.01,auto_augment,"(0.0, 0.99)",original
246774827209563882,False,2,0.1,,2.0,0.25,10.0,0.5,0.01,0.2,,False,0.01,0.2,0.5,volo_d3_448,0.9,adamw,10,0.4,17,2,multistep,0.05,0.01,True,0,1e-05,0.001,random_augment,"(0.0, 0.999)",
35060187215018368,False,64,0.0001,10.0,2.0,4.0,10.0,0.1,0.0001,0.3,0.65,False,1e-05,2.0,1.0,edgenext_xx_small,0.9,adam,10,0.6,8,2,multistep,0.1,0.0001,True,10,1e-05,0.01,trivial_augment,"(0.0, 0.99)",
13321767440007103,True,128,0.0,10.0,2.0,0.25,0.0,0.1,0.01,0.0,,False,0.005,0.4,0.75,edgenext_xx_small,0.9,adam,2,0.2,8,2,plateau,0.1,0.001,True,5,1e-05,0.0001,none,"(0.0, 0.99)",
109218154468079836,False,64,0.001,1.0,0.0,4.0,20.0,0.1,0.001,0.4,0.75,False,1e-05,0.0,0.25,mobilevitv2_075,0.9,adamw,10,0.6,8,2,step,0.1,0.1,True,5,1e-05,0.001,none,"(0.0, 0.999)",
48244021789727295,True,32,0.001,,0.0,0.5,0.0,0.1,0.1,0.3,0.65,False,0.005,0.0,0.75,xcit_tiny_24_p8_384_dist,0.9,adamw,5,1.0,8,2,plateau,0.05,0.0,True,0,1e-05,0.0,none,"(0.0, 0.99)",
76897305219709397,True,64,0.001,10.0,0.5,1.0,20.0,0.1,0.001,0.1,0.75,False,0.001,1.0,1.0,deit3_small_patch16_384_in21ft1k,0.9,sgd,10,1.0,9,3,step,0.05,0.0,True,10,1e-05,0.001,random_augment,,
37543835713953569,True,8,0.01,,2.0,0.1,0.0,0.1,0.0,0.2,0.65,False,5e-05,2.0,0.75,convnext_small_384_in22ft1k,0.9,adamw,10,0.8,8,2,cosine,0.05,0.001,False,5,1e-05,0.0001,auto_augment,"(0.0, 0.99)",v0
51853309001880253,True,16,0.001,1.0,0.5,1.0,10.0,0.5,0.0,0.0,,True,5e-05,2.0,1.0,mobilevit_xs,0.8,momentum,10,0.6,8,2,multistep,0.0,0.0001,True,0,1e-06,0.001,trivial_augment,,
44503644153301330,False,8,0.001,10.0,2.0,1.0,0.0,0.1,0.0,0.4,0.65,True,5e-05,1.0,1.0,convnext_small_384_in22ft1k,0.9,adamw,10,0.2,17,2,cosine,0.05,0.0001,True,10,1e-05,0.001,random_augment,"(0.0, 0.99)",
3130432380142927,True,16,0.0,1.0,4.0,0.25,0.0,0.1,0.001,0.1,0.65,False,0.01,0.4,0.75,tf_efficientnet_b7_ns,0.9,sgd,2,1.0,8,2,plateau,0.05,0.01,True,10,0.0,0.001,trivial_augment,,
29001274617602943,True,32,0.01,,4.0,1.0,0.0,0.1,0.01,0.2,0.65,False,5e-05,0.2,1.0,edgenext_small,0.9,adamp,10,0.8,8,2,cosine,0.0,0.01,False,5,1e-06,0.0001,none,"(0.0, 0.999)",
112158844366110348,False,128,0.001,,0.0,1.0,20.0,0.1,0.0,0.4,,False,0.005,8.0,1.0,mobilevit_xs,0.9,adam,10,0.8,9,2,step,0.1,0.0,True,0,0.0,0.0,random_augment,"(0.0, 0.999)",
2956184552807091,True,32,0.1,,2.0,2.0,0.0,0.1,0.0,0.0,,False,0.005,0.0,1.0,mobilevit_xs,0.9,adamw,10,0.6,8,2,cosine,0.0,0.001,True,5,0.0,0.001,trivial_augment,"(0.9, 0.999)",
237168904288865743,True,2,0.1,,0.5,0.25,0.0,0.1,0.0001,0.4,,False,1e-05,2.0,1.0,xcit_nano_12_p8_384_dist,0.9,adamp,5,0.2,17,3,plateau,0.0,0.01,True,10,1e-06,0.01,random_augment,"(0.0, 0.99)",
14128633932077695,True,128,0.1,10.0,4.0,4.0,0.0,0.1,0.0001,0.4,0.75,True,5e-05,2.0,0.25,convnext_small_384_in22ft1k,0.9,adamp,10,1.0,8,2,cosine,0.1,0.0001,False,5,1e-06,1e-05,trivial_augment,"(0.0, 0.99)",
202365849427895001,True,4,0.0001,10.0,0.0,0.5,10.0,0.1,0.01,0.1,0.75,False,0.001,1.0,0.5,convnext_small_384_in22ft1k,0.9,adamp,10,0.8,8,2,step,0.05,0.01,True,5,1e-05,0.0,none,"(0.9, 0.99)",
516795428450796403,True,128,0.0,,1.0,0.1,20.0,0.5,0.001,0.0,,False,0.005,0.0,0.25,edgenext_small,0.9,adamw,10,0.2,17,3,multistep,0.05,0.0001,True,0,1e-05,1e-05,random_augment,"(0.0, 0.999)",
133513871118831900,False,2,0.0,10.0,0.5,2.0,10.0,0.1,0.0001,0.2,0.75,False,5e-05,4.0,0.0,volo_d3_448,0.9,adamw,10,0.8,17,2,multistep,0.0,0.1,True,5,1e-05,0.001,random_augment,"(0.9, 0.999)",
22439274538685281,True,16,0.01,10.0,1.0,0.0,0.0,0.1,0.001,0.0,0.75,False,0.01,0.4,1.0,edgenext_small,0.9,momentum,10,0.0,9,2,cosine,0.1,0.0,True,10,1e-06,1e-05,random_augment,,
460534627359810715,True,128,0.1,10.0,0.0,0.1,10.0,0.1,0.1,0.1,,False,5e-05,0.2,0.5,edgenext_xx_small,0.99,momentum,10,0.0,9,3,multistep,0.05,0.0001,True,0,0.0,0.0,random_augment,,
17818374194706753,True,32,0.01,10.0,2.0,0.0,0.0,0.1,0.0001,0.1,0.65,True,0.005,8.0,1.0,xcit_nano_12_p8_384_dist,0.9,sgd,10,0.0,9,3,cosine,0.1,0.001,True,5,0.0,0.01,random_augment,,
425042852426183030,False,256,0.001,10.0,0.0,0.25,10.0,0.1,0.1,0.0,0.75,False,0.0001,4.0,0.75,mobilevitv2_075,0.9,adamw,10,1.0,17,3,step,0.1,0.0,False,5,1e-05,0.001,random_augment,"(0.0, 0.99)",
33260500236397359,True,4,0.001,10.0,1.0,0.1,0.0,0.1,0.0001,0.2,0.75,False,0.0001,0.4,1.0,volo_d1_384,0.9,adam,5,0.2,8,2,plateau,0.1,0.0001,True,10,1e-06,0.1,trivial_augment,"(0.9, 0.999)",
7571918749570086,False,128,0.01,,0.5,2.0,0.0,0.1,0.0,0.2,,True,0.0005,4.0,0.75,mobilevit_xs,0.9,adamp,10,0.4,8,2,cosine,0.1,0.1,False,10,1e-06,0.0,none,"(0.9, 0.999)",
17292081267039678,False,16,0.1,,0.0,0.0,10.0,0.5,0.001,0.1,,True,0.001,1.0,0.25,mobilevit_xxs,0.9,adamp,10,0.8,8,2,multistep,0.05,0.001,False,5,1e-05,0.1,none,"(0.9, 0.999)",
27525596602043335,True,128,0.1,10.0,0.5,2.0,0.0,0.1,0.001,0.4,0.65,False,0.0001,8.0,0.25,edgenext_small,0.9,adam,10,0.4,8,2,cosine,0.1,0.1,False,0,1e-06,0.001,trivial_augment,"(0.0, 0.999)",
11662049986106032,False,64,0.1,1.0,2.0,0.0,0.0,0.1,0.001,0.0,0.75,False,1e-05,1.0,0.75,xcit_nano_12_p8_384_dist,0.9,sgd,5,1.0,8,2,plateau,0.0,0.001,True,10,1e-06,0.001,trivial_augment,,
14509459613841538,False,8,0.01,,4.0,0.1,0.0,0.1,0.001,0.1,0.65,False,0.005,1.0,0.25,dla46x_c,0.8,momentum,10,0.8,8,2,cosine,0.0,0.001,True,0,1e-05,1e-05,trivial_augment,,
16469535171510182,False,4,0.0,10.0,0.0,0.1,0.0,0.1,0.1,0.2,0.75,False,1e-05,0.0,0.5,swinv2_base_window12to24_192to384_22kft1k,0.9,adamw,10,0.4,8,2,cosine,0.1,0.001,True,5,0.0,0.1,trivial_augment,"(0.9, 0.99)",
12328777418541477,True,256,0.1,1.0,0.0,1.0,0.0,0.1,0.0,0.3,0.65,True,0.01,0.2,0.25,edgenext_x_small,0.9,adamw,10,0.4,9,2,cosine,0.1,0.0001,False,5,0.0,0.0001,random_augment,"(0.0, 0.99)",
123133633821586495,True,2,0.01,1.0,0.0,0.5,0.0,0.1,0.01,0.0,0.75,False,0.01,2.0,0.0,edgenext_small,0.9,adamp,10,0.4,17,3,cosine,0.05,0.001,True,5,0.0,0.01,random_augment,"(0.0, 0.999)",
120971334361007461,True,128,0.0001,1.0,1.0,0.1,10.0,0.5,0.0,0.4,0.65,True,5e-05,2.0,0.0,edgenext_xx_small,0.9,adam,10,0.6,8,2,multistep,0.0,0.01,False,10,1e-06,0.0,trivial_augment,"(0.0, 0.999)",
22072139163462322,False,64,0.1,10.0,2.0,1.0,10.0,0.5,0.01,0.2,0.65,False,0.0001,0.4,0.0,xcit_nano_12_p8_384_dist,0.9,adamp,10,1.0,8,2,step,0.0,0.0001,False,0,1e-06,1e-05,trivial_augment,"(0.9, 0.999)",
126256492719810869,True,8,0.01,,2.0,2.0,20.0,0.5,0.0001,0.4,0.75,False,0.005,1.0,1.0,edgenext_x_small,0.9,adam,10,0.8,8,2,step,0.05,0.0,True,5,1e-06,0.0001,trivial_augment,"(0.0, 0.999)",
488375091159617495,True,64,0.01,,4.0,0.5,10.0,0.1,0.01,0.0,,False,0.001,0.0,0.75,edgenext_x_small,0.9,adamw,10,0.2,17,3,multistep,0.0,0.001,False,0,1e-05,0.01,random_augment,"(0.0, 0.999)",
4591389993942332,False,4,0.0,1.0,1.0,0.25,0.0,0.1,0.0,0.1,0.75,False,5e-05,0.0,0.5,edgenext_x_small,0.9,sgd,10,0.6,8,2,cosine,0.0,0.0001,True,0,1e-06,0.0001,none,,
381785174163854841,True,4,0.0001,10.0,1.0,1.0,20.0,0.5,0.0001,0.3,0.65,False,0.0005,0.4,0.75,convnext_small_384_in22ft1k,0.9,adam,10,0.4,9,3,multistep,0.05,0.001,True,0,1e-05,0.1,random_augment,"(0.0, 0.999)",
46405486219025374,False,512,0.0001,1.0,0.0,2.0,0.0,0.1,0.001,0.1,0.75,True,0.001,0.0,1.0,edgenext_xx_small,0.9,adam,10,0.8,17,2,cosine,0.0,0.01,False,0,1e-06,1e-05,random_augment,"(0.0, 0.99)",
75937794207205737,True,4,0.01,1.0,1.0,4.0,20.0,0.5,0.001,0.2,0.65,False,5e-05,0.0,1.0,xcit_tiny_24_p8_384_dist,0.9,sgd,10,0.6,8,2,multistep,0.05,0.0001,False,10,0.0,0.001,none,,
58419575765061990,False,16,0.01,,4.0,0.5,20.0,0.5,0.0001,0.1,,False,5e-05,4.0,0.25,mobilevit_xs,0.9,adam,10,0.6,8,2,multistep,0.1,0.01,False,10,0.0,0.01,none,"(0.0, 0.99)",
1186747744008157,True,16,0.0,,0.0,2.0,0.0,0.1,0.01,0.2,,False,1e-05,4.0,0.75,xcit_nano_12_p8_384_dist,0.9,sgd,10,0.6,8,2,cosine,0.0,0.1,True,5,1e-05,0.1,none,,
121866481344335263,True,16,0.001,10.0,1.0,0.5,20.0,0.5,0.0,0.4,0.65,False,5e-05,0.0,1.0,beit_base_patch16_384,0.9,adam,10,0.6,8,2,multistep,0.1,0.001,False,10,0.0,0.1,trivial_augment,"(0.0, 0.999)",
70069076990649346,False,8,0.1,10.0,1.0,1.0,0.0,0.1,0.0001,0.3,,False,0.001,0.4,0.75,swinv2_base_window12to24_192to384_22kft1k,0.9,adam,10,1.0,8,2,cosine,0.05,0.0,False,10,1e-05,0.0001,auto_augment,"(0.9, 0.99)",original
13717277617464304,False,512,0.0001,1.0,4.0,2.0,0.0,0.1,0.0,0.2,0.75,False,0.005,0.4,0.5,dla46x_c,0.9,sgd,2,0.8,8,2,plateau,0.0,0.1,False,5,0.0,1e-05,auto_augment,,v0
47131856779815754,False,512,0.0001,,0.5,0.1,20.0,0.1,0.1,0.1,,True,1e-05,1.0,0.25,mobilevit_xxs,0.9,adamp,10,1.0,9,2,step,0.05,0.0001,False,10,1e-05,1e-05,random_augment,"(0.0, 0.99)",
247364984301517296,False,2,0.001,,2.0,0.25,10.0,0.5,0.01,0.3,0.65,False,0.001,0.4,0.75,xcit_tiny_12_p8_384_dist,0.9,adamp,10,0.4,8,2,multistep,0.1,0.001,True,5,0.0,0.0001,none,"(0.9, 0.99)",
144835056759579736,False,8,0.1,1.0,0.5,2.0,20.0,0.1,0.1,0.2,0.65,False,5e-05,0.4,0.75,dla46x_c,0.9,adamp,10,0.8,8,2,step,0.1,0.01,False,10,0.0,0.0,auto_augment,"(0.0, 0.99)",original
13467852735351049,True,2,0.0001,10.0,0.0,0.5,0.0,0.1,0.0001,0.1,0.75,False,0.0001,1.0,0.25,xcit_tiny_12_p8_384_dist,0.9,adamp,10,0.2,8,2,cosine,0.1,0.001,True,10,1e-05,0.0001,none,"(0.0, 0.99)",
370977358584877441,True,16,0.01,1.0,1.0,0.0,20.0,0.5,0.01,0.0,,True,0.001,2.0,0.0,mobilevit_xs,0.9,adamw,10,0.6,8,2,step,0.0,0.001,True,0,1e-05,1e-05,none,"(0.0, 0.999)",
10728397627374729,True,4,0.001,10.0,2.0,4.0,0.0,0.1,0.001,0.0,0.75,False,1e-05,4.0,0.25,volo_d1_384,0.8,momentum,10,0.4,8,2,cosine,0.0,0.0,True,10,1e-05,0.01,none,,
65155743315126030,False,128,0.0001,,0.0,0.25,10.0,0.1,0.01,0.4,0.75,True,0.0001,4.0,0.25,edgenext_xx_small,0.9,adamp,10,0.4,9,2,multistep,0.1,0.001,False,10,0.0,0.1,random_augment,"(0.9, 0.99)",
511463888926475734,False,64,0.01,10.0,1.0,0.5,20.0,0.5,0.0,0.3,,True,0.01,1.0,0.25,tf_efficientnet_b4_ns,0.9,adam,10,0.8,17,3,step,0.0,0.0001,False,5,1e-05,0.1,random_augment,"(0.0, 0.999)",
209564118418008852,False,2,0.1,10.0,0.0,4.0,0.0,0.1,0.001,0.4,0.75,False,5e-05,8.0,1.0,edgenext_x_small,0.0,momentum,5,0.8,9,3,plateau,0.0,0.01,True,5,0.0,0.0,random_augment,,
74751282319711053,True,4,0.0,,0.0,0.5,20.0,0.1,0.0,0.3,0.75,False,0.001,0.2,1.0,mobilevit_xxs,0.9,momentum,10,0.2,8,2,step,0.05,0.001,False,0,1e-06,0.01,none,,
33052306063471285,True,128,0.1,10.0,0.5,0.0,0.0,0.1,0.01,0.1,0.75,False,0.0001,0.2,0.25,edgenext_x_small,0.9,adam,10,0.0,8,2,cosine,0.0,0.01,False,5,1e-06,0.1,auto_augment,"(0.0, 0.99)",v0
49805686882298494,False,64,0.01,10.0,0.0,4.0,0.0,0.1,0.0001,0.1,,True,0.001,2.0,0.0,mobilevitv2_075,0.9,adamp,10,0.2,8,2,cosine,0.1,0.1,True,5,1e-05,0.1,none,"(0.9, 0.99)",
161769289679413050,False,128,0.0001,1.0,4.0,2.0,20.0,0.5,0.1,0.0,,True,5e-05,8.0,0.5,xcit_small_12_p8_384_dist,0.99,momentum,10,1.0,9,2,multistep,0.05,0.001,False,5,1e-05,0.0,random_augment,,
107622325283943795,True,256,0.0,1.0,1.0,2.0,20.0,0.1,0.01,0.2,0.65,False,0.0005,8.0,0.0,edgenext_xx_small,0.9,adam,10,0.0,8,2,step,0.05,0.01,False,0,1e-05,0.01,none,"(0.0, 0.999)",
6050994229366992,False,2,0.1,,0.5,0.5,0.0,0.1,0.001,0.3,0.75,False,5e-05,2.0,1.0,edgenext_small,0.9,sgd,2,1.0,8,2,plateau,0.0,0.01,False,5,1e-06,1e-05,none,,
6542552025533877,True,256,0.1,10.0,2.0,0.5,0.0,0.1,0.01,0.3,,False,1e-05,0.0,0.0,edgenext_small,0.9,adamp,10,0.2,8,2,cosine,0.0,0.0001,True,5,1e-05,1e-05,none,"(0.9, 0.999)",
55664695609345568,False,4,0.001,1.0,1.0,4.0,0.0,0.1,0.0001,0.1,,False,1e-05,0.4,0.5,dla46x_c,0.8,momentum,5,0.2,8,2,plateau,0.0,0.0,False,10,0.0,0.0,none,,
29131198294666699,True,2,0.0001,,4.0,0.0,0.0,0.1,0.001,0.0,,False,0.01,2.0,0.25,edgenext_small,0.95,momentum,10,0.8,8,2,cosine,0.1,0.0001,False,10,1e-06,0.0001,none,,
121534627056996567,True,4,0.01,1.0,0.5,0.5,0.0,0.1,0.1,0.3,0.65,False,0.0001,0.2,0.75,xcit_small_12_p8_384_dist,0.9,adamw,10,0.8,17,3,cosine,0.1,0.0,False,0,0.0,0.1,random_augment,"(0.0, 0.999)",
18884945807761639,True,128,0.001,1.0,0.0,0.25,0.0,0.1,0.0001,0.4,0.75,True,5e-05,8.0,0.0,edgenext_xx_small,0.9,momentum,10,0.4,8,2,cosine,0.1,0.01,True,10,1e-05,0.01,none,,
69041124996381650,False,4,0.0001,,4.0,0.1,10.0,0.1,0.1,0.2,,False,0.005,4.0,0.25,volo_d1_384,0.9,adamp,10,0.0,8,2,multistep,0.1,0.0001,False,5,0.0,0.0001,none,"(0.9, 0.99)",
411475293307992440,False,4,0.0001,1.0,4.0,2.0,10.0,0.5,0.001,0.0,,False,0.0005,4.0,0.25,deit3_small_patch16_384_in21ft1k,0.9,adamw,10,1.0,17,3,step,0.05,0.0001,True,0,1e-05,1e-05,random_augment,"(0.9, 0.999)",
5334848814117565,True,2,0.01,1.0,0.5,0.1,10.0,0.1,0.0001,0.2,0.75,False,0.0005,4.0,0.0,tf_efficientnet_b6_ns,0.9,sgd,10,1.0,8,2,multistep,0.05,0.0,True,10,1e-05,0.0001,none,,
31105303377831877,True,128,0.01,,2.0,1.0,0.0,0.1,0.001,0.0,0.75,False,0.001,0.0,1.0,edgenext_small,0.9,adamw,2,0.4,8,2,plateau,0.0,0.01,False,0,0.0,0.0,none,"(0.0, 0.999)",
111286541547009280,False,64,0.0,1.0,4.0,0.0,0.0,0.1,0.1,0.2,0.65,True,1e-05,8.0,1.0,edgenext_small,0.9,adamw,10,0.6,17,3,cosine,0.1,0.001,True,0,1e-06,1e-05,random_augment,"(0.0, 0.99)",
47979630652749246,False,2,0.001,,2.0,0.5,0.0,0.1,0.0,0.4,,False,1e-05,4.0,0.75,convnext_small_384_in22ft1k,0.9,adamw,10,0.6,8,2,cosine,0.0,0.01,True,5,1e-06,0.0,auto_augment,"(0.0, 0.99)",original
74002595679386460,False,2,0.0,1.0,0.5,0.1,20.0,0.5,0.01,0.2,0.65,False,0.001,8.0,0.75,tf_efficientnet_b4_ns,0.9,sgd,10,0.8,8,2,multistep,0.05,0.001,False,5,1e-05,0.1,none,,
211469578452439,True,16,0.1,10.0,4.0,0.5,0.0,0.1,0.001,0.3,0.75,True,0.0001,0.4,0.5,edgenext_xx_small,0.9,adam,10,0.4,8,2,cosine,0.0,0.1,False,5,0.0,0.1,trivial_augment,"(0.9, 0.999)",
105375951403099745,True,8,0.0,,1.0,0.25,0.0,0.1,0.001,0.3,,True,0.01,0.0,0.0,convnext_small_384_in22ft1k,0.9,adamp,10,0.0,17,3,cosine,0.1,0.01,False,0,0.0,0.1,random_augment,"(0.0, 0.99)",
4589375933871617,True,8,0.1,10.0,2.0,0.5,10.0,0.1,0.001,0.3,0.75,True,1e-05,4.0,0.5,tf_efficientnet_b6_ns,0.9,sgd,10,0.6,9,2,multistep,0.1,0.0,True,0,1e-06,0.0001,random_augment,,
22364445091837759,True,16,0.1,1.0,1.0,0.1,0.0,0.1,0.0001,0.1,,False,0.0005,8.0,0.75,beit_base_patch16_384,0.9,adam,10,0.2,9,2,cosine,0.1,0.0,False,10,1e-06,1e-05,random_augment,"(0.9, 0.99)",
42892060699970057,True,64,0.001,,2.0,0.1,20.0,0.1,0.01,0.0,0.75,True,0.001,2.0,1.0,mobilevit_xxs,0.9,adamp,10,1.0,8,2,multistep,0.1,0.01,True,0,1e-05,0.01,trivial_augment,"(0.0, 0.99)",
6904988222823350,False,32,0.1,,0.5,2.0,10.0,0.1,0.0001,0.1,,False,0.001,0.2,0.0,xcit_nano_12_p8_384_dist,0.9,sgd,10,0.8,8,2,multistep,0.0,0.0,False,5,0.0,0.0,trivial_augment,,
50559100251751412,False,32,0.01,1.0,2.0,1.0,0.0,0.1,0.001,0.0,,False,0.0001,8.0,0.75,edgenext_xx_small,0.9,adam,5,0.6,8,2,plateau,0.1,0.1,True,0,1e-06,0.01,trivial_augment,"(0.9, 0.99)",
3086101480867599,True,4,0.001,10.0,4.0,4.0,0.0,0.1,0.1,0.3,0.75,False,0.001,0.0,0.5,xcit_tiny_12_p8_384_dist,0.9,sgd,10,0.6,8,2,cosine,0.1,0.0,True,10,0.0,0.001,none,,
68359136195349097,True,16,0.0,1.0,0.0,4.0,0.0,0.1,0.0,0.3,0.65,False,5e-05,1.0,0.75,xcit_tiny_24_p8_384_dist,0.9,adamw,10,0.2,9,3,cosine,0.05,0.0001,True,10,1e-06,0.001,random_augment,"(0.9, 0.999)",
18968663665387752,False,16,0.001,1.0,0.5,0.25,0.0,0.1,0.1,0.1,0.65,False,0.001,2.0,0.75,mobilevit_xxs,0.9,adam,10,0.0,8,2,cosine,0.05,0.1,False,0,0.0,0.001,trivial_augment,"(0.9, 0.99)",
75620086814601490,False,8,0.001,,0.0,2.0,0.0,0.1,0.0001,0.2,0.75,False,0.001,1.0,0.5,swinv2_base_window12to24_192to384_22kft1k,0.99,momentum,10,1.0,17,2,cosine,0.05,0.0,False,0,0.0,0.001,random_augment,,
69457849568954935,True,16,0.0001,,2.0,2.0,0.0,0.1,0.0,0.1,0.75,False,0.0005,0.2,0.75,edgenext_x_small,0.9,adamw,2,0.8,8,2,plateau,0.05,0.1,True,0,1e-06,0.0001,auto_augment,"(0.9, 0.99)",original
30196269851605516,False,64,0.001,10.0,1.0,0.25,0.0,0.1,0.001,0.3,,False,0.001,1.0,0.75,edgenext_x_small,0.9,adam,10,0.6,8,2,cosine,0.1,0.001,False,0,1e-06,1e-05,trivial_augment,"(0.0, 0.999)",
1265207277313538,False,32,0.0,,4.0,1.0,0.0,0.1,0.001,0.3,0.65,False,0.0005,0.0,0.0,volo_d5_448,0.9,adamp,2,1.0,8,2,plateau,0.0,0.1,False,10,1e-05,0.1,trivial_augment,"(0.9, 0.999)",
100947705725744217,True,32,0.0001,1.0,0.0,0.1,10.0,0.1,0.01,0.4,0.65,False,0.001,0.0,0.5,mobilevit_xxs,0.8,momentum,10,0.8,8,2,multistep,0.05,0.01,True,0,1e-05,0.001,none,,
130912487081758119,True,4,0.001,10.0,0.0,4.0,10.0,0.1,0.0001,0.3,0.65,False,0.01,2.0,0.75,tf_efficientnet_b6_ns,0.99,momentum,10,1.0,8,2,step,0.1,0.0,True,10,1e-05,0.1,none,,
136094473022053378,False,8,0.01,10.0,1.0,0.1,10.0,0.1,0.0001,0.1,0.65,False,0.005,1.0,0.25,mobilevitv2_075,0.99,momentum,10,1.0,8,2,multistep,0.0,0.0001,False,5,1e-05,1e-05,trivial_augment,,
10213058595975733,True,2,0.1,,2.0,0.0,0.0,0.1,0.01,0.3,0.65,False,0.001,0.0,0.0,swinv2_base_window12to24_192to384_22kft1k,0.9,adamp,10,0.0,8,2,cosine,0.1,0.0,False,10,1e-06,0.01,trivial_augment,"(0.0, 0.99)",
16452148863277467,True,32,0.0001,1.0,0.0,0.1,0.0,0.1,0.0,0.4,,False,0.001,0.2,0.75,edgenext_small,0.9,momentum,2,0.0,8,2,plateau,0.05,0.0001,True,5,0.0,0.1,none,,
62944496908447532,False,256,0.0001,1.0,2.0,0.1,20.0,0.5,0.0001,0.2,,False,0.001,0.0,0.25,dla46x_c,0.9,adamp,10,0.6,8,2,step,0.05,0.0,True,10,1e-06,1e-05,trivial_augment,"(0.0, 0.99)",
17150916675942641,True,64,0.0,1.0,1.0,0.0,10.0,0.5,0.0,0.3,0.65,False,0.001,1.0,1.0,mobilevitv2_075,0.9,sgd,10,0.8,8,2,step,0.0,0.01,False,0,1e-05,0.1,none,,
80103155818335849,True,32,0.0,1.0,0.0,2.0,20.0,0.1,0.0,0.1,0.65,True,0.005,0.4,0.5,dla46x_c,0.9,adam,10,0.0,8,2,multistep,0.0,0.1,True,10,0.0,0.0,none,"(0.9, 0.99)",
31142446903726118,False,32,0.0,1.0,0.5,0.25,0.0,0.1,0.001,0.2,0.65,True,0.005,2.0,0.0,edgenext_x_small,0.9,adam,10,0.6,8,2,cosine,0.1,0.0,True,0,0.0,0.0,trivial_augment,"(0.0, 0.999)",
14334456038581108,False,64,0.0001,10.0,0.0,0.25,0.0,0.1,0.1,0.3,,False,0.01,0.0,0.5,mobilevit_xs,0.9,adam,10,0.8,8,2,cosine,0.05,0.0,True,10,1e-06,1e-05,none,"(0.0, 0.99)",
76860997116241631,True,8,0.001,10.0,2.0,0.5,0.0,0.1,0.1,0.3,0.65,True,0.01,8.0,1.0,xcit_small_12_p8_384_dist,0.95,momentum,10,0.6,8,2,cosine,0.0,0.01,False,10,1e-05,0.001,none,,
62997139131884455,True,128,0.1,10.0,1.0,4.0,0.0,0.1,0.1,0.4,0.65,True,1e-05,0.4,0.5,mobilevit_xxs,0.9,adamw,10,0.2,8,2,cosine,0.0,0.1,True,10,1e-06,1e-05,auto_augment,"(0.9, 0.99)",v0
58385395300823843,True,8,0.0001,,0.5,4.0,0.0,0.1,0.0,0.4,0.75,False,1e-05,0.2,0.0,xcit_tiny_12_p8_384_dist,0.9,adam,5,0.4,8,2,plateau,0.05,0.0001,False,10,0.0,0.01,trivial_augment,"(0.0, 0.999)",
71308333690301666,False,4,0.01,10.0,4.0,0.0,0.0,0.1,0.0,0.3,0.75,True,0.01,8.0,0.75,edgenext_xx_small,0.9,adam,2,1.0,8,2,plateau,0.1,0.001,False,5,1e-05,1e-05,auto_augment,"(0.9, 0.99)",original
20194746760787122,False,64,0.1,1.0,0.0,2.0,0.0,0.1,0.1,0.1,,False,5e-05,0.0,0.75,deit3_small_patch16_384_in21ft1k,0.9,adamw,10,1.0,8,2,cosine,0.0,0.0001,True,10,1e-05,0.001,none,"(0.9, 0.99)",
5862943200674774,False,4,0.1,1.0,2.0,1.0,0.0,0.1,0.01,0.0,0.65,False,0.0001,0.2,0.75,beit_base_patch16_384,0.9,sgd,10,1.0,8,2,cosine,0.1,0.0,False,0,1e-06,1e-05,none,,
15292524759099453,True,32,0.01,,1.0,0.5,0.0,0.1,0.0001,0.3,0.65,True,0.0001,0.0,0.25,deit3_small_patch16_384_in21ft1k,0.9,adamp,2,0.6,8,2,plateau,0.0,0.1,True,10,0.0,0.0,none,"(0.0, 0.99)",
13272244921935731,True,64,0.0,,0.5,1.0,0.0,0.1,0.001,0.0,0.75,True,0.005,4.0,0.0,deit3_small_patch16_384_in21ft1k,0.9,adam,2,0.8,8,2,plateau,0.05,0.1,False,5,1e-05,0.0001,trivial_augment,"(0.0, 0.99)",
17507957307868052,False,32,0.01,,1.0,0.5,0.0,0.1,0.01,0.0,0.75,False,0.01,0.2,1.0,dla46x_c,0.9,adamp,2,0.6,8,2,plateau,0.1,0.0001,True,10,1e-05,0.1,none,"(0.9, 0.99)",
47971035189904482,False,2,0.1,10.0,4.0,1.0,20.0,0.1,0.01,0.4,0.75,False,1e-05,8.0,0.0,tf_efficientnet_b4_ns,0.9,sgd,10,0.0,8,2,step,0.05,0.001,True,5,1e-06,0.0,auto_augment,,original
4052647016339536,False,64,0.001,1.0,0.0,1.0,0.0,0.1,0.0,0.1,0.65,False,0.0001,8.0,0.25,tf_efficientnet_b4_ns,0.0,momentum,10,1.0,8,2,cosine,0.0,0.0,False,0,0.0,0.0001,none,,
112626627773135228,False,32,0.0,1.0,4.0,2.0,0.0,0.1,0.01,0.0,0.75,True,0.005,2.0,0.75,xcit_nano_12_p8_384_dist,0.9,adamw,10,0.4,17,3,cosine,0.0,0.001,True,0,1e-06,0.0,random_augment,"(0.0, 0.99)",
23740753848794197,True,16,0.0,,1.0,0.5,0.0,0.1,0.001,0.1,,True,1e-05,0.0,1.0,xcit_nano_12_p8_384_dist,0.9,adamw,10,0.2,8,2,cosine,0.05,0.001,False,10,1e-06,0.0,none,"(0.9, 0.99)",
2353937878387268,False,32,0.0,1.0,0.5,4.0,10.0,0.1,0.0001,0.4,0.65,False,0.0001,1.0,0.75,mobilevit_xs,0.9,adamp,10,0.4,8,2,multistep,0.1,0.0001,True,0,1e-05,0.01,none,"(0.9, 0.999)",
500677103717653628,False,4,0.001,,1.0,0.1,20.0,0.1,0.0001,0.0,0.75,True,0.0001,4.0,0.75,edgenext_x_small,0.9,adamp,10,1.0,17,3,step,0.0,0.001,False,5,1e-05,1e-05,random_augment,"(0.0, 0.999)",
150055601458233427,True,16,0.0,,0.5,4.0,10.0,0.5,0.001,0.0,0.65,True,1e-05,2.0,0.25,edgenext_xx_small,0.99,momentum,10,0.4,8,2,step,0.1,0.0001,False,5,0.0,0.0001,trivial_augment,,
196081234437481605,True,32,0.001,10.0,4.0,0.1,0.0,0.1,0.001,0.0,0.75,True,1e-05,0.0,0.25,convnext_small_384_in22ft1k,0.95,momentum,5,0.4,8,2,plateau,0.05,0.1,True,5,0.0,0.01,none,,
427242528777454617,True,4,0.01,10.0,4.0,2.0,20.0,0.1,0.1,0.3,,False,0.0005,0.2,0.0,edgenext_small,0.99,momentum,10,0.2,8,2,step,0.05,0.001,True,0,1e-06,1e-05,auto_augment,,v0
61906623922709490,False,128,0.0001,1.0,0.5,1.0,0.0,0.1,0.0001,0.3,,False,0.005,2.0,0.0,xcit_tiny_12_p8_384_dist,0.9,adamp,5,1.0,9,2,plateau,0.0,0.0001,True,5,1e-05,0.0001,random_augment,"(0.0, 0.999)",
123143746223608893,True,32,0.01,,4.0,0.5,0.0,0.1,0.0001,0.3,0.65,True,0.0001,0.4,0.75,dla46x_c,0.9,adam,10,0.6,17,3,cosine,0.0,0.01,True,5,0.0,0.01,random_augment,"(0.0, 0.999)",
123975535778241758,False,32,0.0,,0.0,4.0,20.0,0.5,0.1,0.2,,True,0.0005,8.0,0.5,dla46x_c,0.95,momentum,10,0.2,8,2,step,0.05,0.01,False,5,1e-05,0.01,trivial_augment,,
118562837695658410,False,8,0.001,,0.5,1.0,0.0,0.1,0.0001,0.4,0.75,False,0.005,1.0,0.5,tf_efficientnet_b4_ns,0.99,momentum,10,0.6,9,3,cosine,0.1,0.001,False,5,1e-05,0.0001,random_augment,,
325928379934516106,False,4,0.01,,0.0,0.1,10.0,0.1,0.0001,0.2,,False,0.001,8.0,0.0,deit3_small_patch16_384_in21ft1k,0.9,adamw,10,0.0,9,3,step,0.05,0.1,False,0,1e-06,0.01,random_augment,"(0.9, 0.99)",
31291278199802109,True,32,0.0,,0.0,0.5,0.0,0.1,0.001,0.2,,True,1e-05,1.0,0.5,edgenext_xx_small,0.95,momentum,10,0.4,8,2,cosine,0.1,0.0,True,5,0.0,0.0,trivial_augment,,
20142451559751262,False,512,0.001,,2.0,0.1,10.0,0.5,0.001,0.1,,True,0.001,4.0,0.0,dla46x_c,0.9,adamp,10,0.6,8,2,multistep,0.05,0.001,False,10,1e-05,0.001,trivial_augment,"(0.9, 0.999)",
36406605752925937,True,16,0.0,1.0,1.0,0.5,0.0,0.1,0.0001,0.1,0.65,False,0.0005,0.4,0.0,edgenext_xx_small,0.9,adam,5,0.8,8,2,plateau,0.05,0.0001,True,10,1e-05,0.001,trivial_augment,"(0.9, 0.999)",
11046330265686770,False,4,0.0001,1.0,2.0,2.0,0.0,0.1,0.1,0.1,,False,0.0005,0.2,1.0,xcit_tiny_24_p8_384_dist,0.9,adam,2,0.2,9,2,plateau,0.0,0.0001,True,5,0.0,0.001,random_augment,"(0.0, 0.99)",
19845224121609773,True,512,0.001,,0.5,0.5,0.0,0.1,0.01,0.3,,True,5e-05,0.0,0.75,edgenext_x_small,0.9,adamp,10,0.4,8,2,cosine,0.1,0.001,False,0,1e-05,0.001,none,"(0.9, 0.99)",
52398313973740218,False,128,0.001,,0.5,0.25,10.0,0.5,0.1,0.4,0.65,True,0.0005,4.0,0.75,mobilevit_xxs,0.9,adamw,10,0.4,8,2,multistep,0.05,0.001,False,5,1e-05,0.001,none,"(0.0, 0.99)",
35148051568072354,False,8,0.0,1.0,2.0,4.0,0.0,0.1,0.0,0.0,0.75,True,0.001,8.0,0.25,convnext_small_384_in22ft1k,0.9,adamw,10,0.4,8,2,cosine,0.1,0.001,False,0,0.0,0.001,auto_augment,"(0.0, 0.99)",v0
5086533307343673,True,4,0.0,,0.5,1.0,0.0,0.1,0.0,0.2,0.75,False,1e-05,8.0,0.5,tf_efficientnet_b7_ns,0.9,adam,10,0.6,8,2,cosine,0.0,0.1,True,0,1e-05,0.0001,none,"(0.9, 0.999)",
17528777477826177,True,4,0.01,10.0,1.0,1.0,0.0,0.1,0.0,0.0,,False,5e-05,2.0,0.5,xcit_small_12_p8_384_dist,0.9,adamp,10,0.4,8,2,cosine,0.05,0.01,True,10,1e-05,0.1,none,"(0.9, 0.99)",
3021985545458443,True,16,0.001,1.0,2.0,0.1,0.0,0.1,0.0001,0.0,0.75,False,0.0005,0.0,0.75,deit3_small_patch16_384_in21ft1k,0.9,adam,10,0.4,8,2,cosine,0.05,0.0001,False,10,0.0,0.001,none,"(0.9, 0.999)",
53319438980950940,False,32,0.1,1.0,0.5,4.0,0.0,0.1,0.01,0.1,0.75,False,0.0001,1.0,0.0,deit3_small_patch16_384_in21ft1k,0.9,adam,5,0.4,8,2,plateau,0.1,0.01,False,5,1e-06,0.0001,none,"(0.9, 0.99)",
2900569299936575,True,8,0.0,1.0,4.0,2.0,0.0,0.1,0.1,0.2,0.75,False,0.005,4.0,0.25,xcit_nano_12_p8_384_dist,0.9,sgd,10,0.0,8,2,cosine,0.05,0.01,False,5,0.0,0.001,trivial_augment,,
39142118326757320,False,64,0.0,10.0,4.0,0.5,0.0,0.1,0.0,0.3,0.75,True,1e-05,1.0,1.0,edgenext_x_small,0.9,adam,5,0.8,8,2,plateau,0.1,0.01,True,10,1e-05,1e-05,none,"(0.9, 0.999)",
5949945005109784,False,512,0.0001,1.0,2.0,0.5,10.0,0.1,0.0001,0.3,0.65,True,1e-05,4.0,0.0,edgenext_x_small,0.9,adamp,10,0.8,8,2,multistep,0.05,0.0001,True,0,1e-06,1e-05,none,"(0.9, 0.999)",
80419846590717636,False,128,0.01,1.0,4.0,0.25,0.0,0.1,0.0001,0.3,0.75,False,0.0001,4.0,1.0,edgenext_xx_small,0.99,momentum,5,0.8,9,2,plateau,0.0,0.0,False,10,1e-06,0.0,random_augment,,
14052471106737794,False,256,0.0,,4.0,4.0,0.0,0.1,0.001,0.2,0.75,True,0.001,0.0,0.5,edgenext_xx_small,0.9,adamp,2,0.8,8,2,plateau,0.05,0.0001,True,0,1e-06,1e-05,none,"(0.0, 0.99)",
5179294565738179,True,16,0.1,10.0,0.5,4.0,10.0,0.1,0.1,0.0,0.65,True,0.005,4.0,0.0,xcit_tiny_12_p8_384_dist,0.9,adamp,10,0.2,8,2,multistep,0.0,0.0,True,5,1e-05,0.0001,none,"(0.9, 0.999)",
7992356159455999,True,16,0.1,,0.5,1.0,0.0,0.1,0.0001,0.2,0.65,False,5e-05,8.0,0.75,xcit_tiny_24_p8_384_dist,0.9,sgd,10,1.0,8,2,cosine,0.1,0.001,False,10,1e-05,0.0,trivial_augment,,
127856864908558464,False,16,0.0001,,1.0,1.0,20.0,0.5,0.001,0.2,,False,1e-05,0.4,0.25,dla46x_c,0.9,adamp,10,0.8,9,2,step,0.0,0.001,False,0,1e-05,1e-05,random_augment,"(0.0, 0.999)",
236232032103579674,False,4,0.1,,0.0,0.5,20.0,0.1,0.1,0.4,0.75,False,0.0005,4.0,0.75,mobilevit_xs,0.9,adamw,10,0.6,8,2,step,0.1,0.0,True,10,1e-05,0.1,auto_augment,"(0.9, 0.99)",original
18699020636284082,False,4,0.0,1.0,1.0,4.0,0.0,0.1,0.0,0.3,0.75,False,0.005,0.2,0.25,swinv2_base_window12to24_192to384_22kft1k,0.9,sgd,10,0.6,8,2,cosine,0.05,0.0001,True,5,1e-05,0.01,auto_augment,,original
60334933871299050,False,2,0.0,1.0,2.0,4.0,20.0,0.5,0.001,0.0,,True,0.0005,8.0,1.0,mobilevitv2_075,0.9,adam,10,0.6,8,2,multistep,0.05,0.0001,False,0,1e-05,0.001,trivial_augment,"(0.0, 0.99)",
121422055119450764,False,256,0.0,,0.0,0.0,0.0,0.1,0.01,0.1,,False,0.01,1.0,0.0,dla46x_c,0.99,momentum,2,0.2,8,2,plateau,0.0,0.01,False,10,1e-05,0.0,auto_augment,,original
69121849496397138,False,2,0.0001,,0.5,0.1,10.0,0.1,0.001,0.4,0.65,False,0.005,0.4,0.0,xcit_nano_12_p8_384_dist,0.9,sgd,10,1.0,9,3,multistep,0.0,0.001,True,5,0.0,0.0001,random_augment,,
195064394838553681,True,16,0.01,10.0,1.0,1.0,10.0,0.1,0.001,0.2,0.75,True,0.0005,2.0,0.25,edgenext_xx_small,0.8,momentum,10,0.8,17,2,step,0.1,0.0001,False,5,1e-06,0.1,random_augment,,
22325078234987104,False,8,0.0,10.0,0.5,0.5,0.0,0.1,0.001,0.3,0.65,True,0.01,8.0,1.0,volo_d1_384,0.9,momentum,10,1.0,8,2,cosine,0.0,0.01,True,5,1e-06,1e-05,none,,
1756271364961808,False,4,0.001,10.0,1.0,0.0,0.0,0.1,0.001,0.4,,False,0.0005,1.0,0.75,beit_base_patch16_384,0.9,adamw,10,1.0,8,2,cosine,0.0,0.001,True,10,0.0,0.01,trivial_augment,"(0.9, 0.999)",
417316433531142088,False,64,0.0001,1.0,0.5,1.0,20.0,0.5,0.01,0.1,0.75,True,0.005,0.0,1.0,mobilevitv2_075,0.9,adamp,10,1.0,17,3,step,0.1,0.0,True,0,0.0,0.0001,random_augment,"(0.9, 0.999)",
2252322475272274,False,8,0.0,,0.5,0.25,0.0,0.1,0.01,0.3,0.75,False,5e-05,4.0,0.25,dla46x_c,0.0,momentum,10,1.0,9,2,cosine,0.0,0.0,False,0,1e-05,0.01,random_augment,,
14982664530392825,True,8,0.0,,0.5,0.25,0.0,0.1,0.01,0.3,0.75,False,0.0001,8.0,0.75,volo_d1_384,0.9,sgd,5,1.0,8,2,plateau,0.05,0.01,True,0,0.0,0.0,trivial_augment,,
242147666344924881,True,32,0.1,10.0,0.5,1.0,20.0,0.1,0.001,0.0,0.65,False,5e-05,0.0,1.0,deit3_small_patch16_384_in21ft1k,0.9,adamp,10,0.0,8,2,step,0.0,0.0,False,0,1e-06,0.0,auto_augment,"(0.9, 0.99)",original
60342273208783800,False,2,0.0,1.0,2.0,0.1,0.0,0.1,0.1,0.3,0.65,False,0.01,2.0,0.25,mobilevit_xxs,0.9,adam,10,1.0,8,2,cosine,0.0,0.001,False,0,1e-05,0.001,auto_augment,"(0.9, 0.99)",v0
10225942142840123,True,8,0.0001,10.0,0.5,1.0,0.0,0.1,0.0001,0.3,0.65,True,0.0001,0.0,0.5,xcit_tiny_24_p8_384_dist,0.9,sgd,5,0.0,8,2,plateau,0.05,0.0001,False,10,1e-06,0.01,trivial_augment,,
146530970411388390,False,2,0.0,,1.0,4.0,10.0,0.5,0.01,0.2,,False,5e-05,8.0,1.0,edgenext_x_small,0.9,adam,10,0.4,8,2,multistep,0.1,0.0001,True,5,1e-06,0.1,none,"(0.0, 0.99)",
236046761829583471,True,2,0.0,1.0,4.0,2.0,20.0,0.1,0.1,0.4,,False,0.005,0.2,0.25,edgenext_x_small,0.9,momentum,10,0.4,8,2,step,0.05,0.01,False,5,1e-05,0.1,auto_augment,,original
104677456735633130,False,32,0.1,1.0,2.0,0.1,10.0,0.1,0.0001,0.2,0.65,False,0.01,8.0,0.25,volo_d1_384,0.9,adamw,10,0.8,8,2,step,0.0,0.001,True,5,1e-06,0.0,none,"(0.0, 0.999)",
221115471794211067,True,16,0.0,1.0,0.5,0.0,20.0,0.5,0.0001,0.1,0.65,False,0.0005,2.0,0.0,tf_efficientnet_b7_ns,0.9,adam,10,1.0,17,2,multistep,0.0,0.01,True,0,1e-05,0.01,random_augment,"(0.9, 0.99)",
300320089911730125,True,32,0.001,,4.0,4.0,20.0,0.1,0.0,0.3,0.65,False,5e-05,0.2,0.0,beit_base_patch16_384,0.9,adamp,10,0.6,9,3,multistep,0.05,0.001,True,0,1e-06,0.1,random_augment,"(0.0, 0.99)",
128590993234869693,True,256,0.0001,10.0,4.0,0.25,0.0,0.1,0.0001,0.1,0.75,False,0.001,2.0,0.25,edgenext_small,0.9,adamp,10,0.8,17,3,cosine,0.0,0.0001,False,10,0.0,0.0,random_augment,"(0.0, 0.999)",
7002239410571848,False,512,0.1,10.0,4.0,0.25,0.0,0.1,0.0001,0.0,,False,0.0001,2.0,0.75,edgenext_small,0.9,adam,10,1.0,8,2,cosine,0.1,0.0001,True,5,0.0,0.0,none,"(0.9, 0.999)",
20937963399520037,True,8,0.1,10.0,4.0,1.0,0.0,0.1,0.01,0.4,0.65,False,0.0001,0.0,0.0,mobilevit_xs,0.9,sgd,2,0.0,17,2,plateau,0.05,0.0,True,5,1e-06,0.0001,random_augment,,
144956118583905938,False,32,0.0,10.0,0.0,2.0,20.0,0.1,0.0,0.1,,False,0.001,0.0,1.0,volo_d4_448,0.99,momentum,10,1.0,8,2,multistep,0.1,0.0001,False,0,1e-06,0.0,none,,
133763009905208322,False,2,0.1,,0.0,0.0,10.0,0.1,0.0001,0.4,,True,0.01,8.0,0.25,beit_large_patch16_512,0.99,momentum,10,1.0,8,2,step,0.1,0.0,True,0,0.0,0.0001,trivial_augment,,
18700620789027259,True,2,0.0001,10.0,2.0,0.5,10.0,0.5,0.1,0.4,0.65,False,0.0005,2.0,0.0,swinv2_base_window12to24_192to384_22kft1k,0.9,adamw,10,0.0,8,2,step,0.05,0.0001,True,5,1e-05,0.01,none,"(0.9, 0.999)",
1811128258999811,True,64,0.0,,0.0,0.1,0.0,0.1,0.0,0.1,0.75,False,0.001,0.2,0.25,xcit_tiny_12_p8_384_dist,0.9,adamw,10,0.8,8,2,cosine,0.1,0.0,False,0,1e-06,0.01,trivial_augment,"(0.9, 0.999)",
3149178124930995,True,4,0.1,1.0,4.0,0.5,10.0,0.1,0.0001,0.1,,False,0.01,0.4,0.0,xcit_tiny_24_p8_384_dist,0.9,adam,10,0.6,9,2,multistep,0.1,0.1,True,10,0.0,0.001,random_augment,"(0.9, 0.999)",
103622128415465295,True,4,0.1,1.0,4.0,0.0,10.0,0.1,0.001,0.1,,False,0.005,0.0,1.0,deit3_small_patch16_384_in21ft1k,0.9,adamp,10,0.6,8,2,step,0.1,0.0001,True,0,1e-05,1e-05,trivial_augment,"(0.0, 0.999)",
161405220055350230,False,32,0.1,10.0,0.5,1.0,0.0,0.1,0.01,0.3,0.65,False,5e-05,2.0,0.75,volo_d1_384,0.99,momentum,5,1.0,17,2,plateau,0.0,0.01,True,5,1e-06,0.0,random_augment,,
21065982903494230,False,8,0.001,1.0,0.0,0.25,10.0,0.5,0.01,0.2,,False,5e-05,2.0,0.75,edgenext_small,0.9,sgd,10,0.0,8,2,step,0.0,0.1,False,10,1e-06,0.0001,none,,
115046001296464559,True,8,0.01,10.0,0.5,4.0,0.0,0.1,0.001,0.3,0.65,False,0.005,0.2,0.25,tf_efficientnet_b7_ns,0.99,momentum,2,0.4,8,2,plateau,0.0,0.01,True,5,0.0,0.01,auto_augment,,original
11847451179127969,True,2,0.0001,,0.0,4.0,0.0,0.1,0.01,0.3,0.75,False,5e-05,0.4,0.5,xcit_nano_12_p8_384_dist,0.8,momentum,10,0.2,8,2,cosine,0.1,0.1,True,0,1e-05,0.001,trivial_augment,,
29056045675898385,True,32,0.001,10.0,2.0,0.25,0.0,0.1,0.1,0.1,0.75,True,1e-05,8.0,0.5,deit3_small_patch16_384_in21ft1k,0.9,adam,10,0.6,8,2,cosine,0.1,0.0001,True,5,1e-06,0.0001,trivial_augment,"(0.0, 0.999)",
62199623729825888,False,256,0.01,10.0,1.0,4.0,20.0,0.5,0.0,0.3,,False,0.0005,2.0,0.25,dla46x_c,0.9,adam,10,1.0,8,2,step,0.1,0.0,True,0,0.0,1e-05,none,"(0.0, 0.99)",
34322014661788665,True,32,0.001,1.0,4.0,1.0,0.0,0.1,0.001,0.3,0.75,False,0.01,0.0,0.75,edgenext_xx_small,0.99,momentum,10,0.6,8,2,cosine,0.1,0.001,True,0,1e-06,0.01,trivial_augment,,
19224516772156723,True,16,0.001,10.0,0.0,0.0,0.0,0.1,0.001,0.3,0.75,True,0.0001,2.0,0.25,volo_d5_448,0.9,adam,10,1.0,9,2,cosine,0.05,0.0001,False,10,0.0,0.001,random_augment,"(0.9, 0.99)",
348593478749920911,True,4,0.0001,1.0,0.0,0.5,10.0,0.5,0.01,0.0,0.65,False,0.0005,4.0,1.0,xcit_tiny_12_p8_384_dist,0.9,adamw,10,1.0,8,2,step,0.0,0.0,True,5,0.0,0.1,auto_augment,"(0.0, 0.999)",v0
163113782739722987,True,8,0.1,,2.0,0.1,10.0,0.5,0.01,0.1,,False,0.0005,0.2,0.75,edgenext_small,0.9,adamw,10,0.0,8,2,multistep,0.0,0.001,False,5,1e-05,0.1,auto_augment,"(0.0, 0.99)",original
1940728306298874,False,16,0.0001,10.0,0.5,1.0,0.0,0.1,0.0,0.2,,True,0.0001,2.0,0.75,edgenext_xx_small,0.9,sgd,10,0.4,8,2,cosine,0.05,0.1,True,0,1e-06,0.01,none,,
18342047445698930,False,256,0.001,,4.0,0.1,10.0,0.5,0.0,0.3,0.65,True,0.0001,0.2,1.0,dla46x_c,0.9,adam,10,0.6,8,2,multistep,0.05,0.001,False,10,1e-06,0.01,trivial_augment,"(0.9, 0.999)",
59960667713035280,False,256,0.001,10.0,0.0,1.0,0.0,0.1,0.1,0.1,0.65,True,0.01,0.0,0.0,mobilevit_xxs,0.9,momentum,5,0.4,8,2,plateau,0.05,0.0001,True,0,1e-06,0.001,trivial_augment,,
219721011933641030,False,32,0.1,10.0,0.5,1.0,0.0,0.1,0.1,0.0,0.75,True,0.01,4.0,0.75,convnext_small_384_in22ft1k,0.9,momentum,5,0.8,9,3,plateau,0.0,0.0,True,0,1e-05,0.1,random_augment,,
4635956982200999,True,8,0.01,10.0,2.0,4.0,0.0,0.1,0.01,0.1,0.75,False,5e-05,0.0,0.75,tf_efficientnet_b4_ns,0.9,adam,10,0.0,8,2,cosine,0.0,0.1,True,0,1e-06,0.0001,trivial_augment,"(0.9, 0.999)",
28287380796358527,True,32,0.0001,,0.0,0.25,20.0,0.5,0.0001,0.2,0.65,True,1e-05,1.0,1.0,edgenext_xx_small,0.0,momentum,10,0.0,8,2,step,0.05,0.0,True,10,1e-05,0.001,none,,
28293350572918016,False,32,0.0001,10.0,2.0,0.5,20.0,0.1,0.001,0.1,0.75,False,0.01,4.0,0.25,dla46x_c,0.9,sgd,10,0.0,8,2,multistep,0.1,0.0,True,10,1e-05,0.001,none,,
129536735893806353,True,8,0.0001,,4.0,1.0,20.0,0.5,0.01,0.3,0.75,False,0.0001,0.2,0.0,xcit_tiny_12_p8_384_dist,0.95,momentum,10,0.4,8,2,step,0.0,0.1,False,10,1e-05,0.0,trivial_augment,,
102496752972347153,True,8,0.0001,10.0,0.0,0.0,10.0,0.1,0.001,0.2,0.75,True,0.0005,8.0,0.75,xcit_tiny_24_p8_384_dist,0.9,adamp,10,0.4,8,2,step,0.1,0.0001,False,10,1e-05,0.0001,none,"(0.0, 0.99)",
16095322408993986,False,128,0.01,,0.5,0.5,20.0,0.1,0.001,0.1,0.75,True,5e-05,0.4,1.0,edgenext_xx_small,0.9,adamw,10,0.2,8,2,step,0.1,0.001,False,10,1e-05,0.0,none,"(0.9, 0.999)",
4452687991051156,False,64,0.001,,2.0,4.0,0.0,0.1,0.1,0.4,0.75,True,0.005,4.0,0.75,deit3_small_patch16_384_in21ft1k,0.9,sgd,10,1.0,8,2,cosine,0.1,0.0001,True,10,0.0,0.0001,none,,
108136248451796176,False,512,0.0,1.0,0.5,0.25,0.0,0.1,0.1,0.2,0.75,True,1e-05,1.0,0.25,edgenext_small,0.9,adam,10,1.0,17,3,cosine,0.1,0.001,True,0,0.0,0.001,random_augment,"(0.0, 0.99)",
125475607611196999,True,16,0.1,10.0,1.0,4.0,20.0,0.5,0.1,0.2,,False,0.001,1.0,0.25,edgenext_small,0.9,sgd,10,0.0,17,3,step,0.05,0.01,False,10,1e-05,0.001,random_augment,,
67626775563773426,False,32,0.0001,10.0,0.5,0.0,0.0,0.1,0.001,0.1,0.65,True,5e-05,4.0,0.0,mobilevit_xxs,0.9,momentum,2,0.0,8,2,plateau,0.05,0.001,True,0,0.0,0.001,auto_augment,,original
78910792243608538,False,64,0.0001,1.0,0.5,0.0,0.0,0.1,0.0001,0.3,0.65,False,0.01,0.4,0.0,edgenext_x_small,0.9,adamw,10,1.0,8,2,cosine,0.1,0.1,True,0,1e-06,1e-05,none,"(0.0, 0.999)",
30157093045943136,False,2,0.001,10.0,0.5,0.5,0.0,0.1,0.001,0.2,,True,0.001,1.0,0.75,xcit_nano_12_p8_384_dist,0.9,adam,10,0.4,8,2,cosine,0.0,0.0,False,0,1e-06,1e-05,none,"(0.0, 0.999)",
123692209894974064,False,8,0.0,1.0,0.5,4.0,20.0,0.5,0.001,0.0,,False,0.001,1.0,0.25,edgenext_x_small,0.9,adamw,10,1.0,8,2,multistep,0.05,0.1,False,10,1e-06,0.01,none,"(0.0, 0.999)",
7461548023012096,False,8,0.1,10.0,1.0,4.0,0.0,0.1,0.1,0.3,0.75,True,1e-05,4.0,0.75,convnext_small_384_in22ft1k,0.9,adamp,10,0.0,8,2,cosine,0.05,0.001,True,5,1e-06,0.0,none,"(0.9, 0.999)",
127490188925166769,True,2,0.0001,,0.0,0.5,0.0,0.1,0.0001,0.4,0.75,False,1e-05,8.0,0.0,mobilevitv2_075,0.0,momentum,10,0.2,17,3,cosine,0.1,0.001,True,0,1e-06,1e-05,random_augment,,
50342659446365195,True,8,0.0,,1.0,4.0,10.0,0.5,0.1,0.3,0.75,False,0.0005,1.0,0.75,edgenext_xx_small,0.9,sgd,10,0.2,8,2,multistep,0.05,0.0,True,10,0.0,0.01,none,,
30786415449559012,False,64,0.1,1.0,1.0,0.0,0.0,0.1,0.01,0.4,,False,0.01,0.4,0.75,mobilevit_xs,0.9,adamw,10,0.6,9,2,cosine,0.0,0.001,False,5,1e-05,1e-05,random_augment,"(0.0, 0.999)",
449002340864218410,False,16,0.01,1.0,2.0,2.0,20.0,0.5,0.0001,0.1,0.75,True,0.01,1.0,1.0,tf_efficientnet_b7_ns,0.9,adamw,10,1.0,17,3,step,0.1,0.001,True,5,1e-06,0.001,random_augment,"(0.0, 0.99)",
10551390997014349,True,16,0.1,10.0,1.0,0.25,0.0,0.1,0.01,0.2,0.65,True,0.005,4.0,0.5,beit_base_patch16_384,0.9,adam,2,0.4,8,2,plateau,0.0,0.01,False,5,1e-05,0.01,trivial_augment,"(0.0, 0.99)",
29559254436189596,False,4,0.01,1.0,0.0,0.0,20.0,0.5,0.0,0.0,0.75,False,0.005,0.0,1.0,mobilevit_xxs,0.9,sgd,10,0.8,8,2,multistep,0.0,0.0,False,10,1e-05,0.0001,trivial_augment,,
10182497650694935,True,16,0.0001,,2.0,0.5,0.0,0.1,0.001,0.0,0.75,True,0.005,0.4,0.25,deit3_small_patch16_384_in21ft1k,0.9,adam,10,0.6,8,2,cosine,0.1,0.01,True,5,1e-06,0.01,trivial_augment,"(0.0, 0.99)",
321054237128497052,False,4,0.0,10.0,0.5,4.0,20.0,0.5,0.001,0.1,0.75,True,1e-05,8.0,1.0,edgenext_small,0.99,momentum,10,1.0,17,2,multistep,0.05,0.1,True,0,1e-05,0.0001,random_augment,,
6227671520050939,True,2,0.0001,10.0,1.0,1.0,0.0,0.1,0.0001,0.3,0.75,False,0.0001,0.4,0.75,beit_large_patch16_512,0.9,sgd,10,0.6,8,2,cosine,0.0,0.0,True,10,1e-06,1e-05,none,,
13869170194214513,True,64,0.1,,4.0,2.0,0.0,0.1,0.001,0.4,,True,0.0001,4.0,0.5,edgenext_xx_small,0.8,momentum,10,0.6,8,2,cosine,0.05,0.1,False,10,0.0,1e-05,none,,
11955759409406400,False,16,0.01,10.0,2.0,0.0,10.0,0.1,0.0,0.3,,False,0.005,4.0,0.75,convnext_small_384_in22ft1k,0.9,sgd,10,0.6,8,2,multistep,0.1,0.0001,True,5,1e-05,0.001,auto_augment,,v0
116541315906116761,True,2,0.0,,2.0,1.0,0.0,0.1,0.1,0.4,0.65,False,0.0005,8.0,0.25,tf_efficientnet_b7_ns,0.9,adam,5,0.4,8,2,plateau,0.1,0.001,True,10,0.0,0.001,auto_augment,"(0.9, 0.999)",original
125047658795905267,True,16,0.0,1.0,0.5,0.1,0.0,0.1,0.1,0.1,,True,0.005,0.4,0.0,xcit_tiny_12_p8_384_dist,0.9,adamp,5,0.0,8,2,plateau,0.1,0.1,False,10,1e-06,0.001,none,"(0.0, 0.99)",
6548958250245421,True,16,0.01,10.0,4.0,0.25,10.0,0.1,0.01,0.2,0.65,True,0.001,0.2,0.75,edgenext_x_small,0.0,momentum,10,0.8,8,2,step,0.05,0.0001,True,5,1e-05,1e-05,none,,
48591660929505404,False,256,0.0,10.0,2.0,4.0,20.0,0.1,0.01,0.1,0.75,True,5e-05,2.0,0.75,edgenext_x_small,0.9,sgd,10,0.6,17,2,step,0.1,0.01,True,10,1e-05,0.0,random_augment,,
11253627597192843,True,4,0.0,1.0,0.0,0.0,0.0,0.1,0.01,0.4,0.75,True,0.005,0.4,1.0,convnext_small_384_in22ft1k,0.9,sgd,10,0.6,8,2,cosine,0.0,0.0,False,0,1e-06,0.001,auto_augment,,v0
1481122544587495,True,16,0.0001,10.0,1.0,2.0,0.0,0.1,0.0,0.0,0.75,False,0.0005,8.0,0.75,tf_efficientnet_b7_ns,0.9,sgd,10,1.0,8,2,cosine,0.1,0.01,True,0,0.0,0.01,none,,
14676051943060333,True,16,0.001,1.0,0.0,0.0,20.0,0.1,0.1,0.1,0.75,False,5e-05,0.0,0.25,edgenext_x_small,0.9,adamw,10,0.2,8,2,multistep,0.0,0.01,True,5,1e-05,1e-05,none,"(0.9, 0.999)",
53268923248560290,False,4,0.0001,,0.5,2.0,10.0,0.5,0.0001,0.4,,False,0.0005,0.0,0.75,tf_efficientnet_b7_ns,0.9,adam,10,1.0,8,2,multistep,0.05,0.0,False,5,1e-06,0.0001,trivial_augment,"(0.0, 0.99)",
290117958177752412,False,16,0.001,10.0,1.0,2.0,20.0,0.5,0.0,0.4,,False,0.0001,1.0,1.0,mobilevitv2_075,0.9,adam,10,0.4,9,3,multistep,0.05,0.001,True,5,1e-05,1e-05,random_augment,"(0.9, 0.999)",
38706093709309967,True,8,0.1,10.0,2.0,0.0,10.0,0.1,0.0,0.0,0.65,True,1e-05,8.0,0.0,tf_efficientnet_b4_ns,0.9,adamp,10,0.8,9,2,multistep,0.1,0.1,True,10,1e-06,1e-05,random_augment,"(0.0, 0.99)",
103909318795873424,False,4,0.1,,0.0,0.5,0.0,0.1,0.01,0.3,0.65,True,0.001,0.0,0.0,xcit_tiny_12_p8_384_dist,0.9,adamw,5,0.8,17,2,plateau,0.1,0.0,True,10,1e-05,1e-05,random_augment,"(0.9, 0.999)",
63668953588731862,False,8,0.0001,1.0,0.0,0.0,0.0,0.1,0.01,0.0,0.65,True,0.01,8.0,1.0,tf_efficientnet_b4_ns,0.9,adamp,10,1.0,8,2,cosine,0.1,0.01,False,5,0.0,0.0,auto_augment,"(0.9, 0.99)",v0
4517570251431630,False,2,0.0,,4.0,0.1,0.0,0.1,0.1,0.2,0.75,False,1e-05,8.0,0.0,xcit_tiny_12_p8_384_dist,0.0,momentum,10,0.8,8,2,cosine,0.0,0.0001,False,0,1e-06,0.0001,none,,
385472406188385,True,32,0.001,1.0,0.0,1.0,0.0,0.1,0.01,0.0,0.75,False,5e-05,4.0,1.0,dla46x_c,0.0,momentum,10,0.4,8,2,cosine,0.1,0.0,True,10,0.0,0.1,trivial_augment,,
32991264431312360,False,256,0.001,10.0,4.0,0.5,0.0,0.1,0.0,0.3,0.75,False,0.0001,2.0,0.5,edgenext_xx_small,0.99,momentum,10,0.0,8,2,cosine,0.0,0.1,True,0,1e-06,0.1,none,,
19438116850809074,False,4,0.1,10.0,0.5,0.1,0.0,0.1,0.1,0.4,0.75,False,1e-05,0.4,0.5,edgenext_xx_small,0.9,adamw,2,0.4,8,2,plateau,0.05,0.0,True,0,1e-06,0.001,none,"(0.9, 0.99)",
231493415872507297,True,16,0.0,,1.0,0.5,0.0,0.1,0.0001,0.4,0.75,False,1e-05,4.0,0.25,volo_d5_448,0.9,adam,5,1.0,17,3,plateau,0.1,0.1,True,0,1e-06,0.0001,random_augment,"(0.9, 0.999)",
41382075008411321,True,8,0.001,1.0,1.0,1.0,0.0,0.1,0.0001,0.2,0.75,False,0.001,8.0,0.5,edgenext_xx_small,0.9,adamw,5,0.2,8,2,plateau,0.0,0.01,True,10,1e-06,0.1,trivial_augment,"(0.0, 0.99)",
335465680155665904,False,2,0.01,10.0,0.5,0.25,20.0,0.1,0.0001,0.4,,False,0.0005,0.0,0.75,xcit_nano_12_p8_384_dist,0.9,adamw,10,0.6,9,3,step,0.0,0.0,False,5,1e-06,0.001,random_augment,"(0.9, 0.99)",
22659270913436424,False,16,0.0001,,0.0,0.25,0.0,0.1,0.0001,0.3,0.75,False,0.0001,0.4,0.5,convnext_small_384_in22ft1k,0.9,sgd,10,0.0,9,3,cosine,0.05,0.0,False,5,1e-05,1e-05,random_augment,,
6036997867324863,True,256,0.0001,1.0,1.0,0.0,0.0,0.1,0.1,0.2,0.65,False,5e-05,0.2,0.5,edgenext_xx_small,0.9,sgd,10,1.0,8,2,cosine,0.05,0.001,False,5,1e-06,1e-05,none,,
20814375902832513,True,32,0.01,10.0,0.5,0.1,0.0,0.1,0.1,0.0,0.65,True,0.01,4.0,0.75,edgenext_xx_small,0.9,adamw,10,0.4,8,2,cosine,0.05,0.001,True,0,1e-06,0.0001,trivial_augment,"(0.9, 0.99)",
29406126381229522,False,64,0.1,10.0,2.0,0.0,0.0,0.1,0.0,0.1,0.65,True,0.0005,2.0,0.25,dla46x_c,0.9,adam,10,0.6,8,2,cosine,0.0,0.0,False,5,1e-05,0.0001,trivial_augment,"(0.0, 0.999)",
391711580907066166,False,8,0.1,10.0,2.0,1.0,10.0,0.1,0.0001,0.2,0.65,False,1e-05,2.0,0.0,xcit_tiny_24_p8_384_dist,0.9,adamw,10,1.0,17,3,step,0.0,0.1,True,0,0.0,0.001,random_augment,"(0.9, 0.999)",
16185569069451475,True,2,0.01,1.0,4.0,4.0,10.0,0.1,0.0001,0.4,0.75,False,0.005,0.4,0.25,edgenext_x_small,0.9,sgd,10,0.6,8,2,step,0.1,0.01,True,10,1e-05,0.0,auto_augment,,v0
17305232699512970,False,32,0.1,1.0,0.0,0.0,0.0,0.1,0.0001,0.0,0.65,False,0.005,4.0,0.5,tf_efficientnet_b6_ns,0.9,adamp,10,1.0,8,2,cosine,0.05,0.01,False,5,1e-05,0.1,none,"(0.9, 0.99)",
70881555758522600,False,4,0.0001,10.0,0.0,1.0,10.0,0.1,0.0,0.3,0.75,False,5e-05,0.0,0.5,dla46x_c,0.9,momentum,10,0.2,8,2,multistep,0.05,0.1,False,5,1e-06,1e-05,none,,
27791987682307514,False,256,0.0,,0.0,4.0,0.0,0.1,0.01,0.4,,False,0.01,2.0,1.0,edgenext_xx_small,0.9,adam,10,0.8,8,2,cosine,0.05,0.001,False,10,1e-06,0.001,none,"(0.0, 0.999)",
58108535941113186,False,16,0.0,10.0,0.0,0.0,20.0,0.5,0.0,0.2,0.65,False,0.0005,8.0,0.75,tf_efficientnet_b6_ns,0.9,adamw,10,0.6,8,2,step,0.0,0.01,False,0,0.0,0.01,none,"(0.0, 0.99)",
7713287752325677,True,16,0.0,,0.5,0.0,0.0,0.1,0.01,0.3,0.65,False,5e-05,1.0,0.25,volo_d4_448,0.9,sgd,10,1.0,8,2,cosine,0.0,0.1,False,0,1e-05,0.0,none,,
31846293451659348,False,2,0.0001,10.0,0.0,2.0,0.0,0.1,0.01,0.1,0.75,False,0.001,8.0,0.25,beit_base_patch16_384,0.9,adamp,10,0.2,8,2,cosine,0.1,0.001,False,10,1e-06,0.0,none,"(0.0, 0.999)",
3500677361985577,True,16,0.0,10.0,1.0,0.25,0.0,0.1,0.0001,0.4,0.65,True,5e-05,2.0,1.0,tf_efficientnet_b4_ns,0.9,sgd,10,0.0,8,2,cosine,0.05,0.01,False,10,1e-06,0.001,none,,
75296183712010010,False,32,0.1,10.0,0.0,0.0,20.0,0.5,0.01,0.2,0.65,True,0.001,1.0,0.0,mobilevit_xxs,0.9,sgd,10,0.0,8,2,step,0.1,0.01,True,0,1e-05,0.01,none,,
43491203063455664,False,4,0.1,1.0,0.0,1.0,20.0,0.1,0.1,0.0,,False,0.01,4.0,0.25,mobilevit_xs,0.9,sgd,10,0.0,17,2,multistep,0.1,0.01,True,5,0.0,0.001,random_augment,,
143886936498435896,False,256,0.1,1.0,0.5,0.25,0.0,0.1,0.01,0.4,0.75,True,0.01,0.0,0.5,xcit_nano_12_p8_384_dist,0.0,momentum,5,1.0,8,2,plateau,0.05,0.0,False,10,1e-06,1e-05,auto_augment,,original
66791330003682288,False,2,0.0001,1.0,4.0,0.1,10.0,0.5,0.01,0.2,0.65,True,1e-05,0.0,0.5,volo_d3_448,0.9,adamw,10,0.8,8,2,multistep,0.1,0.0001,False,5,1e-06,0.01,auto_augment,"(0.9, 0.999)",original
363141229886778476,False,4,0.01,1.0,4.0,0.1,10.0,0.1,0.0,0.3,0.75,False,0.0001,4.0,1.0,volo_d4_448,0.9,adamp,10,1.0,9,3,step,0.1,0.1,False,10,1e-05,1e-05,random_augment,"(0.0, 0.999)",
227156942944381287,True,4,0.01,10.0,0.0,0.1,0.0,0.1,0.0001,0.2,0.65,False,5e-05,2.0,0.75,convnext_small_384_in22ft1k,0.9,adam,5,0.2,17,3,plateau,0.1,0.0,False,10,0.0,0.1,random_augment,"(0.9, 0.999)",
12752211666818489,True,8,0.01,,4.0,0.0,0.0,0.1,0.0,0.1,0.75,False,0.0005,8.0,0.5,volo_d1_384,0.9,adamp,2,0.8,8,2,plateau,0.1,0.1,True,0,1e-06,0.0001,auto_augment,"(0.9, 0.999)",v0
58283716287473222,False,256,0.0001,1.0,0.0,0.5,20.0,0.5,0.001,0.1,0.75,True,0.001,2.0,1.0,edgenext_x_small,0.9,adam,10,0.8,8,2,step,0.1,0.1,False,5,0.0,0.01,trivial_augment,"(0.0, 0.99)",
2937062121870279,True,4,0.001,10.0,2.0,0.5,0.0,0.1,0.1,0.1,0.65,False,0.0005,0.2,0.25,tf_efficientnet_b7_ns,0.9,sgd,10,0.6,8,2,cosine,0.1,0.0,True,5,0.0,0.001,none,,
395566581835239857,True,512,0.0,,1.0,1.0,10.0,0.1,0.0,0.0,0.75,True,0.005,1.0,0.0,edgenext_xx_small,0.9,momentum,10,0.2,9,3,step,0.0,0.0001,True,10,1e-05,1e-05,random_augment,,
219425153597223826,False,8,0.1,10.0,0.5,0.1,20.0,0.1,0.001,0.2,,False,0.0005,8.0,0.75,volo_d3_448,0.9,adam,10,1.0,8,2,multistep,0.05,0.0,True,5,1e-06,0.1,none,"(0.9, 0.99)",
2099751874889223,True,4,0.0,,0.5,2.0,0.0,0.1,0.1,0.4,0.65,False,0.001,8.0,0.0,xcit_nano_12_p8_384_dist,0.9,sgd,2,0.4,8,2,plateau,0.1,0.1,True,5,1e-06,0.01,none,,
21033808711872716,False,4,0.01,,2.0,0.1,0.0,0.1,0.001,0.4,0.75,False,0.0005,0.4,0.75,xcit_tiny_12_p8_384_dist,0.9,sgd,2,1.0,17,2,plateau,0.1,0.0001,False,10,1e-06,0.0001,random_augment,,
75436174608839360,False,32,0.1,1.0,1.0,0.25,0.0,0.1,0.001,0.3,0.65,False,1e-05,8.0,0.5,mobilevit_xs,0.9,adamp,10,1.0,8,2,cosine,0.0,0.01,True,5,1e-05,0.01,none,"(0.0, 0.999)",
31863352589712358,False,512,0.1,1.0,4.0,1.0,20.0,0.5,0.0001,0.1,0.65,True,5e-05,0.2,0.75,edgenext_xx_small,0.9,sgd,10,0.4,9,2,step,0.1,0.01,False,10,1e-06,0.0,random_augment,,
17565118393604932,False,64,0.1,1.0,2.0,4.0,0.0,0.1,0.01,0.2,,True,0.0001,0.4,0.0,deit3_small_patch16_384_in21ft1k,0.9,adamp,10,0.8,8,2,cosine,0.1,0.0,False,0,0.0,0.01,trivial_augment,"(0.9, 0.99)",
111546182292742155,True,4,0.1,1.0,1.0,2.0,0.0,0.1,0.0001,0.2,0.75,False,1e-05,8.0,0.0,xcit_small_12_p8_384_dist,0.95,momentum,10,0.2,9,3,cosine,0.0,0.0,True,10,1e-06,1e-05,random_augment,,
3155779152452844,False,2,0.01,1.0,0.0,0.5,0.0,0.1,0.1,0.2,0.75,False,0.0001,1.0,1.0,tf_efficientnet_b4_ns,0.9,sgd,10,0.2,8,2,cosine,0.05,0.0,False,0,1e-06,0.001,trivial_augment,,
317307249171994069,True,2,0.0001,1.0,2.0,0.0,20.0,0.1,0.0001,0.3,,False,1e-05,4.0,0.75,swinv2_base_window12to24_192to384_22kft1k,0.9,adamw,10,0.6,8,2,step,0.1,0.1,True,10,1e-05,0.1,none,"(0.0, 0.999)",
22144289982429428,False,32,0.0,10.0,1.0,2.0,0.0,0.1,0.001,0.2,0.75,False,0.0005,1.0,1.0,edgenext_x_small,0.9,adamw,10,0.0,8,2,cosine,0.0,0.0001,True,0,1e-06,1e-05,auto_augment,"(0.9, 0.999)",original
53819006480695558,False,64,0.0001,10.0,0.0,0.1,10.0,0.5,0.0,0.1,0.65,False,0.001,1.0,0.0,xcit_nano_12_p8_384_dist,0.8,momentum,10,1.0,8,2,multistep,0.0,0.001,True,5,1e-05,0.0001,none,,
32923066956410280,False,128,0.0001,10.0,0.5,2.0,0.0,0.1,0.001,0.2,,False,0.001,8.0,0.5,convnext_small_384_in22ft1k,0.99,momentum,10,1.0,8,2,cosine,0.05,0.1,False,0,1e-06,0.1,trivial_augment,,
53294610385366884,False,2,0.01,,4.0,2.0,0.0,0.1,0.0,0.1,0.75,False,0.0001,0.4,1.0,mobilevitv2_075,0.9,adam,5,0.6,8,2,plateau,0.0,0.001,False,5,1e-06,0.0001,none,"(0.9, 0.99)",
15139225555085237,True,8,0.1,10.0,4.0,0.5,0.0,0.1,0.01,0.3,,False,1e-05,2.0,0.5,tf_efficientnet_b6_ns,0.8,momentum,10,0.4,8,2,cosine,0.0,0.1,True,5,0.0,0.0,trivial_augment,,
72474578805935467,True,2,0.001,,4.0,1.0,0.0,0.1,0.001,0.0,0.65,False,1e-05,0.0,0.5,edgenext_small,0.9,adamw,10,1.0,8,2,cosine,0.1,0.0,False,0,1e-05,0.0,auto_augment,"(0.9, 0.99)",original
1990761414161587,True,16,0.0,10.0,0.0,0.1,0.0,0.1,0.001,0.0,0.75,True,1e-05,8.0,0.75,xcit_tiny_24_p8_384_dist,0.0,momentum,10,0.4,8,2,cosine,0.1,0.001,False,5,1e-06,0.01,trivial_augment,,
13431531961554591,True,4,0.0001,1.0,4.0,2.0,0.0,0.1,0.1,0.4,,False,0.005,0.4,0.25,beit_base_patch16_384,0.9,sgd,5,0.0,8,2,plateau,0.0,0.0,True,10,1e-05,0.0001,trivial_augment,,
481794320070500375,True,64,0.01,10.0,4.0,0.1,20.0,0.5,0.0001,0.4,0.65,False,0.01,0.2,0.0,edgenext_x_small,0.9,adam,10,0.8,17,3,multistep,0.05,0.01,False,5,1e-05,0.001,random_augment,"(0.9, 0.99)",
239307541673414548,False,8,0.01,10.0,2.0,0.0,20.0,0.1,0.001,0.1,,False,1e-05,0.0,0.5,edgenext_x_small,0.9,momentum,10,0.6,17,2,step,0.1,0.0,False,10,0.0,0.0001,random_augment,,
105432649183551926,False,4,0.01,1.0,4.0,0.5,20.0,0.1,0.1,0.4,,False,0.0001,2.0,0.75,mobilevit_xxs,0.9,adamp,10,0.8,8,2,step,0.05,0.001,True,0,0.0,0.1,trivial_augment,"(0.0, 0.999)",
73772213831479514,False,4,0.1,,1.0,1.0,20.0,0.1,0.001,0.1,,False,0.01,0.2,0.0,volo_d1_384,0.9,sgd,10,0.4,9,3,multistep,0.0,0.001,True,10,1e-06,0.1,random_augment,,
54122603325484672,False,64,0.1,10.0,2.0,0.25,10.0,0.5,0.0,0.3,0.65,False,5e-05,2.0,0.75,edgenext_xx_small,0.9,adam,10,0.4,9,2,step,0.05,0.001,True,0,0.0,1e-05,random_augment,"(0.0, 0.99)",
62398658960322696,False,2,0.001,1.0,0.5,0.0,0.0,0.1,0.01,0.0,0.75,False,0.0005,4.0,0.75,edgenext_xx_small,0.9,adam,10,1.0,17,2,cosine,0.0,0.1,True,5,0.0,1e-05,random_augment,"(0.0, 0.999)",
28116102690905570,False,32,0.1,1.0,0.0,1.0,0.0,0.1,0.0,0.0,,False,0.01,0.4,1.0,deit3_small_patch16_384_in21ft1k,0.9,adamp,10,0.8,8,2,cosine,0.0,0.1,False,5,1e-05,0.001,none,"(0.0, 0.999)",
226135246943335921,True,16,0.01,10.0,4.0,0.5,20.0,0.1,0.1,0.4,0.75,True,1e-05,0.4,1.0,beit_base_patch16_384,0.9,adam,10,0.8,8,2,step,0.1,0.001,False,5,1e-06,0.0,none,"(0.9, 0.99)",
590844943125193322,False,4,0.0,10.0,1.0,0.25,10.0,0.1,0.0,0.4,0.65,False,1e-05,1.0,0.25,tf_efficientnet_b4_ns,0.95,momentum,10,1.0,17,3,multistep,0.0,0.001,False,10,1e-06,0.0,random_augment,,
3811646955426800,False,256,0.001,,0.0,0.1,0.0,0.1,0.01,0.3,0.65,False,0.0001,4.0,1.0,edgenext_xx_small,0.9,adam,10,1.0,8,2,cosine,0.0,0.1,False,5,1e-05,0.001,none,"(0.9, 0.999)",
41997420335391120,False,2,0.0,1.0,4.0,0.5,0.0,0.1,0.0,0.3,,False,1e-05,2.0,1.0,mobilevitv2_075,0.9,sgd,5,0.6,9,3,plateau,0.0,0.1,True,0,0.0,0.01,random_augment,,
34345982904885510,False,16,0.01,1.0,2.0,0.5,0.0,0.1,0.001,0.4,0.65,True,0.005,1.0,0.5,edgenext_x_small,0.9,sgd,2,0.6,9,3,plateau,0.0,0.1,True,0,1e-06,0.01,random_augment,,
41659275145239397,True,2,0.001,10.0,4.0,0.0,0.0,0.1,0.1,0.2,0.75,False,5e-05,4.0,0.0,convnext_small_384_in22ft1k,0.9,adamw,10,0.4,17,2,cosine,0.1,0.0001,True,5,1e-05,0.1,random_augment,"(0.0, 0.99)",
21239984906638043,True,8,0.0001,,0.5,4.0,0.0,0.1,0.1,0.1,,False,0.01,0.2,0.75,mobilevitv2_075,0.9,adamp,10,1.0,8,2,cosine,0.1,0.0,True,0,1e-05,0.0001,trivial_augment,"(0.9, 0.99)",
63999461927906994,False,128,0.1,,2.0,4.0,20.0,0.5,0.0,0.2,,False,5e-05,0.2,0.25,dla46x_c,0.9,adam,10,0.4,8,2,step,0.1,0.0,True,0,1e-06,0.0,none,"(0.0, 0.99)",
23525887084462037,True,64,0.001,,1.0,1.0,0.0,0.1,0.001,0.4,,True,0.005,0.2,1.0,mobilevit_xxs,0.9,adamw,10,0.4,8,2,cosine,0.0,0.01,True,0,1e-06,0.0,trivial_augment,"(0.9, 0.99)",
339246009102392533,True,2,0.1,1.0,0.5,2.0,20.0,0.1,0.0,0.3,,False,0.0001,0.2,1.0,volo_d3_448,0.9,adam,10,0.2,8,2,step,0.0,0.001,False,10,0.0,0.0,auto_augment,"(0.0, 0.999)",original
114887154688379999,True,512,0.1,,2.0,0.1,0.0,0.1,0.01,0.4,0.75,False,0.01,8.0,0.0,edgenext_x_small,0.99,momentum,10,0.6,8,2,cosine,0.1,0.001,True,0,0.0,0.01,auto_augment,,original
14484151619414971,True,16,0.01,,2.0,4.0,0.0,0.1,0.0,0.4,,False,0.0001,4.0,1.0,mobilevit_xs,0.9,adam,10,0.4,8,2,cosine,0.05,0.0,True,0,1e-05,1e-05,none,"(0.0, 0.99)",
67438142205208268,False,256,0.01,10.0,0.5,0.5,0.0,0.1,0.0001,0.3,0.65,True,0.0001,0.4,0.75,dla46x_c,0.9,adamw,10,0.4,9,3,cosine,0.0,0.0,True,10,1e-05,0.01,random_augment,"(0.9, 0.999)",
512848558149287836,False,8,0.1,1.0,0.5,0.25,20.0,0.5,0.0001,0.2,,False,5e-05,2.0,0.75,edgenext_x_small,0.9,adamp,10,0.0,17,3,step,0.05,0.01,False,5,1e-05,0.01,random_augment,"(0.0, 0.999)",
2136907986584922,False,2,0.1,1.0,2.0,0.1,0.0,0.1,0.001,0.3,0.75,False,0.001,4.0,0.5,swinv2_base_window12to24_192to384_22kft1k,0.9,sgd,10,0.6,8,2,cosine,0.05,0.001,False,10,1e-06,0.01,none,,
121684411859361519,True,4,0.001,,4.0,4.0,0.0,0.1,0.01,0.0,,False,0.005,0.2,0.5,swinv2_base_window12to24_192to384_22kft1k,0.0,momentum,10,0.6,17,3,cosine,0.1,0.0,False,5,0.0,0.1,random_augment,,
140760248107116444,False,16,0.0001,1.0,4.0,0.25,20.0,0.1,0.1,0.2,0.65,False,1e-05,1.0,1.0,edgenext_small,0.9,adamw,10,0.8,8,2,multistep,0.0,0.001,False,10,0.0,0.001,auto_augment,"(0.0, 0.99)",original
111159023397022397,True,64,0.001,1.0,2.0,0.5,20.0,0.1,0.01,0.1,0.65,False,0.0001,8.0,0.0,edgenext_xx_small,0.9,adamw,10,0.0,8,2,multistep,0.0,0.1,True,10,0.0,1e-05,none,"(0.0, 0.999)",
242077907962097301,True,4,0.0001,,4.0,4.0,20.0,0.1,0.1,0.2,0.75,False,1e-05,0.0,0.25,swinv2_base_window12to24_192to384_22kft1k,0.9,adam,10,0.4,17,2,step,0.05,0.0,True,10,0.0,0.0,random_augment,"(0.0, 0.999)",
559137967796900490,False,16,0.01,1.0,1.0,4.0,20.0,0.1,0.0001,0.0,,True,0.001,2.0,0.0,volo_d5_448,0.9,momentum,10,1.0,17,3,step,0.1,0.01,True,0,0.0,0.1,random_augment,,
48070928493974175,True,256,0.0,,2.0,0.0,0.0,0.1,0.0,0.0,0.65,False,0.01,0.4,1.0,mobilevitv2_075,0.8,momentum,10,1.0,8,2,cosine,0.0,0.1,False,10,1e-06,0.0,auto_augment,,original
79573140025366180,False,8,0.001,,1.0,0.25,20.0,0.1,0.0,0.1,,True,5e-05,0.0,1.0,xcit_small_12_p8_384_dist,0.9,sgd,10,0.2,9,3,multistep,0.1,0.01,False,10,1e-05,1e-05,random_augment,,
60110088227012667,True,4,0.01,,2.0,0.25,20.0,0.5,0.1,0.1,,False,0.001,4.0,0.5,edgenext_small,0.9,adamw,10,0.8,9,2,multistep,0.05,0.0001,True,5,1e-06,0.001,random_augment,"(0.0, 0.99)",
33416673932834288,False,32,0.0,1.0,1.0,0.5,0.0,0.1,0.001,0.1,0.65,False,0.01,0.0,1.0,mobilevitv2_075,0.99,momentum,10,0.4,8,2,cosine,0.05,0.001,True,0,1e-05,0.1,none,,
29842242390167720,False,256,0.001,10.0,1.0,2.0,0.0,0.1,0.1,0.1,0.75,False,0.005,0.2,1.0,dla46x_c,0.9,adamw,10,0.6,8,2,cosine,0.0,0.1,True,0,0.0,1e-05,none,"(0.0, 0.999)",
45925555144958628,False,16,0.1,10.0,0.5,1.0,0.0,0.1,0.0001,0.4,0.75,False,0.0001,8.0,0.25,edgenext_small,0.9,adam,10,1.0,17,2,cosine,0.0,0.0001,False,0,0.0,1e-05,random_augment,"(0.0, 0.99)",
46078451355072994,False,512,0.0001,10.0,4.0,0.25,0.0,0.1,0.0,0.1,0.75,False,1e-05,4.0,1.0,edgenext_small,0.9,adamw,5,0.8,8,2,plateau,0.0,0.0001,False,5,0.0,1e-05,none,"(0.0, 0.99)",
6982011800079033,True,4,0.0,10.0,0.0,1.0,0.0,0.1,0.0,0.1,0.65,False,0.0001,8.0,0.5,dla46x_c,0.9,sgd,10,0.8,8,2,cosine,0.05,0.0,True,5,0.0,0.0,trivial_augment,,
28062037397777903,True,512,0.001,10.0,0.5,1.0,0.0,0.1,0.0,0.3,0.75,True,0.0001,4.0,0.0,edgenext_xx_small,0.9,adam,10,0.8,8,2,cosine,0.05,0.0,False,5,1e-05,0.001,none,"(0.0, 0.999)",
17400529518568370,False,32,0.1,,1.0,2.0,10.0,0.5,0.0,0.4,0.65,False,0.0001,4.0,0.25,mobilevitv2_075,0.9,adam,10,0.2,8,2,step,0.1,0.1,True,5,1e-05,0.1,none,"(0.9, 0.999)",
18068327748776114,False,32,0.001,1.0,4.0,2.0,0.0,0.1,0.0001,0.3,0.75,True,5e-05,1.0,0.75,mobilevit_xxs,0.9,adam,2,1.0,8,2,plateau,0.0,0.1,False,0,1e-06,0.01,auto_augment,"(0.9, 0.999)",original
15293240481228686,False,32,0.0001,,2.0,4.0,0.0,0.1,0.01,0.2,0.75,False,0.0005,0.2,0.5,dla46x_c,0.9,sgd,10,0.4,8,2,cosine,0.05,0.1,True,10,0.0,0.0,auto_augment,,v0
398348471409764784,False,16,0.0001,10.0,4.0,1.0,20.0,0.1,0.1,0.2,0.65,True,0.0005,1.0,0.0,edgenext_xx_small,0.9,adam,10,0.6,17,3,multistep,0.05,0.0001,False,0,0.0,0.01,random_augment,"(0.9, 0.999)",
488054159266772,False,4,0.0,1.0,4.0,0.5,10.0,0.1,0.1,0.3,0.65,False,0.01,4.0,1.0,mobilevit_xs,0.9,adamw,10,1.0,8,2,step,0.05,0.001,False,0,1e-06,0.1,none,"(0.9, 0.999)",
44227445528360271,True,4,0.0001,10.0,0.5,0.0,0.0,0.1,0.0001,0.3,0.65,False,5e-05,0.4,0.25,dla46x_c,0.9,adamw,5,0.0,8,2,plateau,0.1,0.001,True,0,1e-05,0.001,none,"(0.0, 0.99)",
28461640049265660,False,16,0.01,10.0,0.5,0.0,0.0,0.1,0.0001,0.1,,False,5e-05,8.0,1.0,edgenext_small,0.9,adamw,10,0.2,8,2,cosine,0.0,0.001,True,0,0.0,0.0001,none,"(0.0, 0.99)",
7900341456408655,True,128,0.1,1.0,4.0,0.0,10.0,0.1,0.01,0.1,,True,0.01,0.4,0.75,edgenext_small,0.9,sgd,10,1.0,8,2,multistep,0.05,0.0001,True,5,1e-05,0.0,none,,
283980641235932258,False,32,0.0,,0.0,4.0,20.0,0.5,0.0001,0.2,0.75,False,0.001,1.0,0.25,edgenext_xx_small,0.9,adam,10,0.2,8,2,step,0.05,0.01,True,10,0.0,0.1,auto_augment,"(0.9, 0.99)",original
103604070630824197,True,16,0.0,10.0,2.0,0.5,0.0,0.1,0.0001,0.2,,True,0.0005,0.2,0.75,edgenext_xx_small,0.9,adam,5,0.6,8,2,plateau,0.05,0.0,True,0,1e-05,1e-05,none,"(0.9, 0.999)",
44245721016811134,False,2,0.01,,4.0,2.0,20.0,0.1,0.0001,0.4,0.75,False,0.0005,4.0,0.0,volo_d4_448,0.9,adam,10,0.4,8,2,step,0.0,0.1,True,0,1e-05,0.001,trivial_augment,"(0.0, 0.99)",
30325219573317433,True,16,0.001,10.0,2.0,0.25,0.0,0.1,0.0001,0.3,0.75,False,0.0005,0.2,0.0,xcit_tiny_24_p8_384_dist,0.9,sgd,5,0.6,17,2,plateau,0.0,0.0001,False,5,1e-06,1e-05,random_augment,,
20468640752741379,True,4,0.001,10.0,2.0,2.0,0.0,0.1,0.001,0.2,0.65,True,1e-05,0.0,0.25,edgenext_x_small,0.9,adamw,2,0.8,8,2,plateau,0.0,0.1,False,5,0.0,0.0001,none,"(0.9, 0.99)",
64653884938855733,True,8,0.0001,,2.0,1.0,0.0,0.1,0.001,0.0,,True,5e-05,0.2,0.25,dla46x_c,0.9,momentum,10,0.8,17,2,cosine,0.05,0.1,True,5,1e-05,0.0,random_augment,,
236532549784379736,False,128,0.01,10.0,1.0,0.5,20.0,0.1,0.0,0.4,,False,0.0001,0.0,1.0,edgenext_small,0.9,adam,10,0.0,17,2,multistep,0.1,0.0,True,5,0.0,0.01,random_augment,"(0.0, 0.999)",
19480368148775015,True,8,0.0,10.0,4.0,4.0,0.0,0.1,0.1,0.0,,True,0.0005,1.0,0.75,swinv2_base_window12to24_192to384_22kft1k,0.9,momentum,10,0.8,8,2,cosine,0.05,0.01,True,0,1e-06,0.001,trivial_augment,,
119703407034734904,False,128,0.1,1.0,4.0,2.0,0.0,0.1,0.0,0.2,,False,0.01,0.4,0.0,beit_base_patch16_384,0.9,adam,10,1.0,17,3,cosine,0.1,0.01,True,10,1e-06,1e-05,random_augment,"(0.9, 0.99)",
4671596112902715,True,4,0.1,1.0,0.0,0.1,0.0,0.1,0.1,0.0,0.75,False,0.01,8.0,1.0,deit3_small_patch16_384_in21ft1k,0.0,momentum,10,0.8,8,2,cosine,0.05,0.0001,False,5,1e-06,0.0001,none,,
377923147892672635,True,2,0.01,,4.0,0.0,10.0,0.5,0.001,0.3,,False,5e-05,0.0,0.5,convnext_small_384_in22ft1k,0.9,adamw,10,0.0,9,3,step,0.0,0.0,False,10,1e-05,0.0001,random_augment,"(0.0, 0.999)",
3484182528727311,True,4,0.0001,,1.0,0.5,10.0,0.1,0.0001,0.4,,False,0.005,1.0,1.0,edgenext_x_small,0.9,sgd,10,0.6,9,2,multistep,0.0,0.001,False,10,1e-06,0.001,random_augment,,
310026262576369130,False,32,0.1,,0.0,0.25,10.0,0.1,0.0,0.2,,False,0.0001,8.0,0.75,xcit_tiny_12_p8_384_dist,0.9,adamp,10,1.0,8,2,step,0.05,0.1,False,10,1e-06,0.01,auto_augment,"(0.0, 0.999)",original
37533115740116724,False,16,0.0001,,0.0,0.5,0.0,0.1,0.1,0.3,0.65,False,0.005,0.0,1.0,edgenext_x_small,0.99,momentum,10,0.0,8,2,cosine,0.1,0.0001,False,5,1e-05,0.0001,trivial_augment,,
17760234912245133,True,256,0.0001,,0.0,2.0,0.0,0.1,0.0,0.0,,False,5e-05,4.0,0.5,edgenext_xx_small,0.0,momentum,10,1.0,8,2,cosine,0.1,0.01,False,5,0.0,0.01,auto_augment,,original
49199410246115472,False,16,0.001,10.0,0.0,2.0,0.0,0.1,0.001,0.1,0.65,False,1e-05,8.0,1.0,mobilevit_xs,0.9,adamp,10,0.0,17,2,cosine,0.05,0.1,True,0,1e-06,0.1,random_augment,"(0.9, 0.99)",
108157757049862975,True,2,0.01,10.0,1.0,2.0,20.0,0.1,0.0,0.4,0.75,False,5e-05,8.0,0.5,edgenext_x_small,0.9,adam,10,0.4,8,2,step,0.0,0.1,True,0,0.0,0.001,trivial_augment,"(0.0, 0.999)",
214584431256960942,False,128,0.0,,4.0,2.0,0.0,0.1,0.1,0.2,0.75,True,0.0005,0.0,1.0,edgenext_xx_small,0.9,adam,2,0.0,17,3,plateau,0.1,0.001,False,10,1e-05,0.001,random_augment,"(0.9, 0.99)",
29311267167582325,True,16,0.0001,1.0,2.0,4.0,0.0,0.1,0.01,0.4,,True,0.0001,2.0,0.5,xcit_nano_12_p8_384_dist,0.9,adam,10,0.8,9,2,cosine,0.1,0.01,False,0,1e-05,0.0001,random_augment,"(0.0, 0.999)",
46672926964238756,False,4,0.01,1.0,2.0,2.0,0.0,0.1,0.001,0.4,0.65,True,0.001,4.0,1.0,xcit_tiny_24_p8_384_dist,0.9,adamp,5,0.0,8,2,plateau,0.1,0.0,False,10,1e-06,1e-05,trivial_augment,"(0.0, 0.99)",
6072101119995926,False,256,0.1,,1.0,0.25,0.0,0.1,0.001,0.3,,False,0.0005,0.2,0.0,edgenext_x_small,0.9,adamw,10,1.0,8,2,cosine,0.1,0.1,False,5,1e-06,1e-05,none,"(0.9, 0.999)",
23634832356567114,False,16,0.0001,10.0,2.0,0.25,0.0,0.1,0.01,0.0,0.75,False,0.01,1.0,0.75,edgenext_small,0.9,momentum,10,0.4,8,2,cosine,0.05,0.0,True,5,1e-06,0.0,none,,
21326868843432380,False,32,0.1,1.0,2.0,0.5,10.0,0.1,0.0,0.1,0.65,True,0.0001,1.0,0.25,edgenext_x_small,0.9,sgd,10,1.0,8,2,step,0.05,0.0001,False,5,1e-05,0.0001,auto_augment,,original
460965228076106361,True,32,0.1,1.0,1.0,2.0,10.0,0.1,0.0,0.0,,False,0.005,1.0,0.75,xcit_small_12_p8_384_dist,0.9,adam,10,0.6,17,3,multistep,0.0,0.0,True,0,1e-06,0.0,random_augment,"(0.9, 0.99)",
119720325907830337,True,16,0.0,10.0,0.0,0.1,10.0,0.5,0.0001,0.4,0.65,False,0.0005,4.0,0.25,edgenext_small,0.9,adamp,10,0.8,8,2,step,0.1,0.1,True,10,1e-06,1e-05,none,"(0.0, 0.999)",
215190206010543409,True,16,0.1,1.0,1.0,0.0,0.0,0.1,0.0001,0.4,0.65,True,1e-05,0.2,0.75,xcit_nano_12_p8_384_dist,0.9,adam,2,0.8,17,3,plateau,0.0,0.01,False,0,1e-06,0.0001,random_augment,"(0.9, 0.99)",
1805968848350452,False,8,0.0001,,4.0,0.1,0.0,0.1,0.0,0.2,0.75,False,0.0001,4.0,0.0,edgenext_xx_small,0.9,adamw,10,0.6,8,2,cosine,0.05,0.0,False,0,1e-06,0.01,none,"(0.9, 0.999)",
7591584162348866,False,4,0.01,10.0,4.0,4.0,0.0,0.1,0.0,0.0,0.75,False,5e-05,8.0,0.0,xcit_nano_12_p8_384_dist,0.9,adamp,10,0.0,8,2,cosine,0.0,0.0001,True,10,1e-06,0.0,trivial_augment,"(0.9, 0.999)",
33177299417760480,False,16,0.01,,0.5,2.0,0.0,0.1,0.01,0.0,0.65,True,0.01,4.0,0.5,edgenext_xx_small,0.99,momentum,10,0.0,8,2,cosine,0.05,0.0001,False,10,1e-06,0.1,none,,
38731729350949027,True,16,0.0,1.0,4.0,0.0,0.0,0.1,0.01,0.0,0.75,True,0.0001,8.0,0.25,xcit_small_12_p8_384_dist,0.9,adamw,5,0.4,8,2,plateau,0.05,0.0001,False,0,1e-05,1e-05,trivial_augment,"(0.9, 0.999)",
166560632740304666,False,32,0.0001,10.0,2.0,2.0,0.0,0.1,0.0,0.2,,False,5e-05,4.0,0.0,mobilevitv2_075,0.9,adamp,5,0.2,9,3,plateau,0.1,0.0001,False,0,1e-06,0.0001,random_augment,"(0.9, 0.999)",
6464296950137717,True,8,0.1,1.0,0.0,0.1,10.0,0.1,0.1,0.0,,True,0.0001,4.0,1.0,volo_d1_384,0.9,adam,10,0.0,8,2,multistep,0.1,0.0,False,5,1e-05,1e-05,none,"(0.9, 0.999)",
169605373679190688,False,8,0.01,,4.0,0.5,10.0,0.1,0.001,0.4,0.65,False,0.001,8.0,0.5,edgenext_x_small,0.9,adamp,10,0.4,17,2,multistep,0.1,0.1,False,10,1e-06,0.0,random_augment,"(0.0, 0.99)",
31866544195937193,True,4,0.0,1.0,0.0,0.1,0.0,0.1,0.01,0.1,0.65,False,0.005,8.0,0.0,xcit_tiny_12_p8_384_dist,0.8,momentum,10,0.6,8,2,cosine,0.0,0.1,False,10,1e-06,0.0,none,,
14614672767062822,False,32,0.01,,2.0,2.0,0.0,0.1,0.1,0.1,0.75,True,0.005,2.0,0.5,mobilevitv2_075,0.9,adam,10,1.0,8,2,cosine,0.0,0.1,False,5,1e-05,1e-05,none,"(0.0, 0.99)",
24394579762642390,False,64,0.0,,4.0,2.0,0.0,0.1,0.1,0.0,0.75,True,1e-05,8.0,1.0,edgenext_x_small,0.9,adamp,2,1.0,8,2,plateau,0.1,0.0,True,0,0.0,0.1,none,"(0.0, 0.99)",
1856198296289260,False,64,0.0,,0.0,0.5,0.0,0.1,0.1,0.1,,True,5e-05,4.0,0.5,xcit_small_12_p8_384_dist,0.9,sgd,10,1.0,8,2,cosine,0.1,0.01,False,0,1e-06,0.01,none,,
27900097992926875,True,2,0.01,1.0,4.0,2.0,0.0,0.1,0.0,0.0,0.75,False,5e-05,1.0,0.75,xcit_tiny_24_p8_384_dist,0.9,sgd,5,1.0,17,2,plateau,0.05,0.1,True,10,1e-06,0.001,random_augment,,
37298007715667791,True,128,0.0001,,2.0,0.0,0.0,0.1,0.001,0.2,0.65,False,0.0001,0.2,1.0,edgenext_xx_small,0.9,adamp,10,1.0,8,2,cosine,0.0,0.0001,True,10,1e-06,0.0001,auto_augment,"(0.0, 0.99)",v0
46485857092272737,True,8,0.1,1.0,0.5,1.0,20.0,0.1,0.0,0.2,,False,5e-05,4.0,1.0,tf_efficientnet_b4_ns,0.9,adamw,10,0.0,9,2,step,0.05,0.01,True,0,1e-06,1e-05,random_augment,"(0.0, 0.99)",
21359974297252608,False,2,0.0001,1.0,0.0,0.0,0.0,0.1,0.001,0.2,,False,0.001,4.0,0.75,mobilevitv2_075,0.9,adamw,10,1.0,9,2,cosine,0.1,0.01,False,5,1e-05,0.0001,random_augment,"(0.9, 0.99)",
102856699844559205,True,16,0.0001,,4.0,0.0,10.0,0.1,0.1,0.2,0.75,False,5e-05,0.0,1.0,dla46x_c,0.9,sgd,10,0.4,17,3,step,0.1,0.0,True,5,0.0,1e-05,random_augment,,
161743110692529315,True,4,0.1,10.0,2.0,0.5,20.0,0.5,0.1,0.2,0.65,False,0.001,0.4,0.25,volo_d3_448,0.99,momentum,10,0.8,8,2,step,0.1,0.0,False,5,1e-05,0.0,none,,
69945771044230085,True,64,0.01,,0.5,0.25,10.0,0.1,0.001,0.3,,True,0.0005,0.4,0.0,xcit_nano_12_p8_384_dist,0.9,adamw,10,0.6,8,2,step,0.0,0.001,False,5,1e-05,0.0001,trivial_augment,"(0.9, 0.99)",
4933945282091886,False,2,0.001,,0.0,1.0,10.0,0.1,0.0,0.3,,False,0.0005,0.4,1.0,deit3_small_patch16_384_in21ft1k,0.9,sgd,10,0.0,8,2,multistep,0.1,0.01,True,10,1e-06,0.0001,trivial_augment,,
107382508442877531,True,4,0.0001,10.0,4.0,1.0,20.0,0.1,0.01,0.2,,False,0.01,2.0,0.5,xcit_nano_12_p8_384_dist,0.9,adamp,10,0.2,8,2,step,0.05,0.001,True,5,1e-06,0.01,trivial_augment,"(0.0, 0.999)",
17163575348551204,False,8,0.0,10.0,0.5,0.0,0.0,0.1,0.01,0.1,0.75,False,1e-05,0.0,0.5,xcit_small_12_p8_384_dist,0.9,sgd,10,0.4,8,2,cosine,0.0,0.1,False,0,1e-05,0.1,auto_augment,,original
31437802558351423,True,2,0.1,10.0,0.5,0.25,0.0,0.1,0.1,0.3,,False,5e-05,0.0,0.25,edgenext_x_small,0.95,momentum,10,1.0,8,2,cosine,0.05,0.0,True,10,0.0,0.0,none,,
17768126213334005,True,8,0.0,,0.0,0.0,0.0,0.1,0.0,0.1,0.75,True,0.01,0.2,0.25,xcit_tiny_24_p8_384_dist,0.9,adamw,2,0.8,8,2,plateau,0.0,0.1,False,5,0.0,0.01,none,"(0.9, 0.99)",
4766821298880630,False,16,0.01,10.0,1.0,0.0,0.0,0.1,0.01,0.3,0.65,True,0.0001,0.0,0.25,mobilevitv2_075,0.9,adam,10,1.0,8,2,cosine,0.1,0.001,True,5,1e-06,0.0001,trivial_augment,"(0.9, 0.999)",
102487424547385841,True,8,0.001,10.0,0.5,0.5,10.0,0.1,0.01,0.1,,False,0.0005,8.0,0.5,edgenext_x_small,0.9,adamp,10,0.0,9,2,multistep,0.0,0.0001,False,10,1e-05,0.0001,random_augment,"(0.0, 0.999)",
33986078092809067,True,128,0.01,,0.0,0.5,0.0,0.1,0.001,0.4,0.65,False,5e-05,2.0,0.75,edgenext_small,0.9,sgd,5,0.8,8,2,plateau,0.0,0.0,True,5,0.0,0.01,auto_augment,,v0
48506992948779248,False,4,0.001,,2.0,4.0,20.0,0.1,0.01,0.2,0.75,False,5e-05,0.2,0.25,volo_d3_448,0.8,momentum,10,1.0,9,2,step,0.0,0.01,False,10,1e-05,0.0,random_augment,,
45962218674342490,False,8,0.001,10.0,0.5,2.0,20.0,0.1,0.0001,0.2,0.75,False,1e-05,4.0,0.0,tf_efficientnet_b6_ns,0.9,adam,10,0.6,8,2,multistep,0.05,0.01,False,0,0.0,1e-05,trivial_augment,"(0.0, 0.99)",
39078242126007838,False,512,0.1,,0.0,4.0,0.0,0.1,0.1,0.1,,False,0.001,1.0,0.75,edgenext_xx_small,0.99,momentum,10,1.0,8,2,cosine,0.1,0.1,False,10,1e-05,1e-05,trivial_augment,,
152808621546120539,True,8,0.01,,4.0,4.0,0.0,0.1,0.01,0.1,0.75,False,1e-05,0.0,0.25,dla46x_c,0.95,momentum,5,1.0,17,2,plateau,0.0,0.0,True,5,0.0,0.0,random_augment,,
23670841671897757,True,16,0.0,10.0,0.5,0.1,0.0,0.1,0.001,0.3,,True,0.005,2.0,0.5,mobilevitv2_075,0.0,momentum,10,0.4,8,2,cosine,0.1,0.001,True,5,1e-06,0.0,auto_augment,,original
235737935078525460,False,2,0.0,,2.0,2.0,20.0,0.1,0.0,0.1,,False,1e-05,4.0,0.75,xcit_nano_12_p8_384_dist,0.9,adamw,10,0.6,17,2,multistep,0.1,0.001,False,10,1e-06,0.1,random_augment,"(0.0, 0.999)",
57806753145923701,True,2,0.0,1.0,2.0,0.25,0.0,0.1,0.1,0.0,0.75,False,0.0005,0.0,0.0,xcit_tiny_12_p8_384_dist,0.9,momentum,10,1.0,17,2,cosine,0.0,0.01,False,5,1e-05,0.1,random_augment,,
34655844761890501,True,128,0.0001,1.0,4.0,0.25,0.0,0.1,0.001,0.4,0.65,False,0.001,1.0,0.0,mobilevit_xxs,0.9,adamp,5,0.2,8,2,plateau,0.1,0.1,True,10,1e-06,0.01,none,"(0.9, 0.999)",
471981671465436608,False,256,0.01,,1.0,4.0,10.0,0.5,0.0,0.1,,False,1e-05,0.0,0.0,edgenext_small,0.9,adamw,10,1.0,17,3,step,0.05,0.1,True,5,1e-06,0.01,random_augment,"(0.9, 0.99)",
28372068782149988,False,4,0.001,,0.0,0.5,0.0,0.1,0.0,0.3,0.75,False,0.01,0.0,1.0,volo_d5_512,0.9,adam,10,0.8,9,2,cosine,0.0,0.0001,False,0,0.0,0.0001,random_augment,"(0.0, 0.999)",
46220513468263372,False,64,0.1,10.0,2.0,0.1,0.0,0.1,0.001,0.3,0.65,True,0.005,0.4,0.5,mobilevitv2_075,0.9,adamp,10,0.8,8,2,cosine,0.1,0.0,False,10,0.0,1e-05,auto_augment,"(0.0, 0.99)",original
307246499017062883,True,16,0.001,,1.0,1.0,20.0,0.1,0.0,0.2,0.65,True,5e-05,0.0,0.25,volo_d1_384,0.9,adam,10,0.8,9,3,multistep,0.0,0.1,True,5,1e-06,0.0,random_augment,"(0.0, 0.99)",
33988454098091953,True,16,0.001,1.0,0.5,4.0,10.0,0.1,0.0,0.1,0.75,True,5e-05,2.0,0.0,dla46x_c,0.8,momentum,10,0.0,8,2,step,0.05,0.0,True,5,0.0,0.01,trivial_augment,,
103462854312936010,False,8,0.001,10.0,1.0,0.0,10.0,0.1,0.0001,0.2,0.75,False,0.005,0.0,0.0,beit_base_patch16_384,0.9,adam,10,0.4,8,2,multistep,0.0,0.0001,True,10,1e-06,1e-05,trivial_augment,"(0.0, 0.999)",
33906254679767188,False,64,0.0001,10.0,4.0,0.25,0.0,0.1,0.1,0.3,0.75,True,5e-05,0.4,0.75,volo_d1_384,0.99,momentum,2,1.0,8,2,plateau,0.1,0.1,True,0,0.0,0.01,none,,
22861120221797162,False,256,0.0001,10.0,0.0,2.0,0.0,0.1,0.1,0.1,0.65,True,0.01,0.4,0.75,edgenext_small,0.9,adamp,10,0.8,8,2,cosine,0.1,0.01,False,10,1e-05,1e-05,none,"(0.9, 0.99)",
128562495218984249,True,512,0.1,1.0,0.5,2.0,20.0,0.5,0.001,0.3,0.65,False,0.001,0.0,0.75,edgenext_xx_small,0.9,adamp,10,0.2,8,2,multistep,0.0,0.1,True,5,0.0,0.0,trivial_augment,"(0.0, 0.999)",
13313189626768660,False,8,0.001,10.0,1.0,2.0,0.0,0.1,0.0001,0.0,0.65,False,1e-05,8.0,0.75,xcit_tiny_24_p8_384_dist,0.9,sgd,10,0.8,8,2,cosine,0.05,0.001,True,5,1e-05,0.0001,auto_augment,,v0
17904614695259099,True,8,0.01,10.0,2.0,0.5,0.0,0.1,0.0,0.1,,True,0.001,0.4,0.5,xcit_small_12_p8_384_dist,0.9,adam,10,0.2,8,2,cosine,0.05,0.01,False,10,0.0,0.01,none,"(0.9, 0.99)",
48104041113314012,False,4,0.0,1.0,0.5,1.0,0.0,0.1,0.0001,0.4,0.65,False,0.005,0.4,0.5,dla46x_c,0.9,adamp,5,1.0,8,2,plateau,0.0,0.0001,True,10,1e-06,0.0,trivial_augment,"(0.0, 0.99)",
56735138931076265,True,8,0.0,1.0,0.5,4.0,0.0,0.1,0.0001,0.0,0.75,False,0.005,0.0,1.0,beit_base_patch16_384,0.9,adamp,5,0.4,8,2,plateau,0.05,0.0001,False,0,0.0,0.1,none,"(0.0, 0.999)",
15383853780071888,False,4,0.001,1.0,2.0,0.1,0.0,0.1,0.001,0.1,0.75,True,0.001,4.0,0.75,mobilevit_xs,0.9,adamw,10,1.0,8,2,cosine,0.05,0.0,True,0,1e-06,0.0,none,"(0.0, 0.99)",
3862249106982362,False,32,0.01,10.0,0.5,0.5,0.0,0.1,0.0001,0.0,,False,0.005,0.4,0.75,edgenext_small,0.9,sgd,10,0.6,8,2,cosine,0.05,0.001,True,5,1e-05,0.001,none,,
48003812402838108,False,16,0.1,,4.0,2.0,0.0,0.1,0.1,0.1,,False,0.0005,4.0,0.25,edgenext_small,0.9,adamw,5,0.8,8,2,plateau,0.05,0.1,True,5,1e-06,0.0,none,"(0.0, 0.99)",
36942875587937720,False,4,0.0001,,0.0,1.0,0.0,0.1,0.01,0.0,,False,0.005,8.0,0.75,mobilevit_xxs,0.9,adam,10,1.0,17,2,cosine,0.05,0.001,False,0,1e-06,0.0001,random_augment,"(0.9, 0.999)",
137813447893666201,True,16,0.01,10.0,2.0,0.25,20.0,0.1,0.0,0.2,,True,0.0001,4.0,0.5,tf_efficientnet_b7_ns,0.99,momentum,10,0.6,8,2,step,0.1,0.0,True,0,0.0,0.1,trivial_augment,,
7407350534372988,False,128,0.001,10.0,2.0,4.0,0.0,0.1,0.01,0.4,0.75,True,1e-05,1.0,1.0,xcit_nano_12_p8_384_dist,0.9,adamw,10,1.0,8,2,cosine,0.1,0.01,False,5,1e-06,0.0,trivial_augment,"(0.9, 0.999)",
79986867463172768,False,256,0.01,,0.0,2.0,0.0,0.1,0.001,0.3,,True,0.0005,8.0,0.5,dla46x_c,0.9,adamp,10,0.8,8,2,cosine,0.05,0.0001,False,10,0.0,0.0,none,"(0.0, 0.999)",
69766529249958757,True,16,0.0,,0.0,0.1,10.0,0.1,0.01,0.1,0.65,False,0.001,0.2,0.25,xcit_small_12_p8_384_dist,0.9,adam,10,0.4,8,2,multistep,0.0,0.0,False,0,1e-05,0.0001,none,"(0.9, 0.99)",
14723688361816198,False,64,0.0001,10.0,1.0,1.0,0.0,0.1,0.001,0.0,0.65,False,1e-05,8.0,1.0,xcit_tiny_24_p8_384_dist,0.9,adam,10,1.0,8,2,cosine,0.05,0.0001,False,10,1e-05,1e-05,trivial_augment,"(0.0, 0.99)",
74303372923427486,False,4,0.01,10.0,0.0,4.0,0.0,0.1,0.0001,0.2,0.65,False,0.005,1.0,0.75,swinv2_base_window12to24_192to384_22kft1k,0.9,adam,2,0.4,8,2,plateau,0.05,0.001,False,0,0.0,0.01,none,"(0.0, 0.999)",
6627134660633580,False,128,0.0001,10.0,0.5,0.25,0.0,0.1,0.01,0.3,0.75,False,0.0001,0.4,0.0,edgenext_small,0.0,momentum,10,1.0,8,2,cosine,0.1,0.0001,False,10,1e-05,1e-05,none,,
14541419237340259,True,2,0.0001,1.0,0.0,4.0,20.0,0.1,0.001,0.3,,False,0.001,1.0,1.0,tf_efficientnet_b4_ns,0.9,sgd,10,0.8,8,2,multistep,0.0,0.1,True,0,1e-05,1e-05,trivial_augment,,
159943619568246117,True,256,0.1,,4.0,0.5,20.0,0.5,0.0,0.3,,True,0.0001,8.0,0.0,edgenext_small,0.99,momentum,10,0.6,9,2,multistep,0.1,0.0,False,5,1e-06,1e-05,random_augment,,
7215539079651229,True,2,0.0001,,2.0,2.0,0.0,0.1,0.1,0.2,0.65,False,1e-05,0.0,0.75,xcit_small_12_p8_384_dist,0.9,sgd,2,0.2,8,2,plateau,0.1,0.0,False,0,1e-06,0.0,trivial_augment,,
7636424018960793,True,4,0.0,,1.0,1.0,0.0,0.1,0.01,0.3,0.65,False,5e-05,0.0,1.0,xcit_tiny_12_p8_384_dist,0.9,adamp,2,1.0,8,2,plateau,0.1,0.01,True,10,1e-06,0.0,trivial_augment,"(0.9, 0.999)",
29977453562719506,False,16,0.0,,0.0,0.25,0.0,0.1,0.0001,0.1,,False,0.001,8.0,0.5,tf_efficientnet_b4_ns,0.9,adamp,10,0.8,8,2,cosine,0.0,0.01,True,5,0.0,1e-05,none,"(0.0, 0.999)",
57886338119268141,True,32,0.1,,2.0,0.25,0.0,0.1,0.1,0.0,0.75,True,5e-05,0.0,0.5,xcit_nano_12_p8_384_dist,0.9,adamw,10,0.4,8,2,cosine,0.05,0.01,True,5,1e-05,0.1,auto_augment,"(0.9, 0.99)",v0
67240946173789103,True,8,0.0001,,4.0,0.25,10.0,0.1,0.01,0.2,0.65,False,5e-05,0.0,0.25,beit_base_patch16_384,0.9,adamp,10,0.2,9,2,multistep,0.1,0.0001,False,5,1e-05,0.01,random_augment,"(0.9, 0.99)",
284426117914839969,True,4,0.001,,4.0,0.1,20.0,0.5,0.001,0.2,0.75,True,0.0005,0.0,0.25,edgenext_small,0.9,adamp,10,0.6,9,3,step,0.0,0.01,True,10,1e-06,0.1,random_augment,"(0.9, 0.999)",
13243711903326163,True,2,0.1,10.0,2.0,4.0,0.0,0.1,0.0,0.3,0.75,False,0.001,0.2,0.25,edgenext_small,0.8,momentum,10,0.2,8,2,cosine,0.1,0.001,False,5,1e-05,0.0001,none,,
22898336895401134,False,8,0.0,1.0,1.0,2.0,0.0,0.1,0.01,0.3,0.75,True,1e-05,0.0,0.75,dla46x_c,0.9,sgd,2,0.0,8,2,plateau,0.0,0.0001,True,10,1e-05,1e-05,auto_augment,,original
71778303912674792,False,4,0.0,10.0,2.0,4.0,0.0,0.1,0.0001,0.1,0.75,False,0.0001,2.0,0.75,convnext_small_384_in22ft1k,0.9,adamp,2,0.8,17,2,plateau,0.0,0.1,False,5,0.0,0.0,random_augment,"(0.9, 0.999)",
22539894538296157,True,16,0.0,1.0,2.0,0.5,0.0,0.1,0.1,0.0,,False,0.0005,0.2,0.75,xcit_nano_12_p8_384_dist,0.9,adamp,10,0.6,8,2,cosine,0.05,0.001,False,0,1e-05,1e-05,none,"(0.9, 0.99)",
38067085084914241,True,16,0.01,10.0,0.0,1.0,0.0,0.1,0.001,0.2,0.75,True,0.001,0.4,0.5,edgenext_xx_small,0.9,adam,5,1.0,8,2,plateau,0.0,0.001,True,5,0.0,1e-05,none,"(0.9, 0.999)",
101470612124519119,True,2,0.0001,1.0,2.0,0.5,0.0,0.1,0.0001,0.2,,False,5e-05,0.2,0.25,swinv2_base_window12to24_192to384_22kft1k,0.99,momentum,10,0.6,8,2,cosine,0.05,0.01,False,5,0.0,0.0001,none,,
27786983063433479,True,512,0.1,1.0,0.0,0.0,0.0,0.1,0.01,0.4,0.65,False,0.001,0.4,0.25,edgenext_x_small,0.9,adam,10,0.8,9,2,cosine,0.0,0.001,False,10,1e-06,0.001,random_augment,"(0.0, 0.999)",
478383159902528199,True,4,0.001,10.0,4.0,0.0,20.0,0.5,0.0,0.2,0.75,False,0.0005,4.0,0.25,beit_base_patch16_384,0.9,adam,10,0.2,17,3,multistep,0.0,0.0001,True,10,0.0,0.1,random_augment,"(0.9, 0.99)",
131400755389235204,False,32,0.001,10.0,4.0,1.0,0.0,0.1,0.001,0.1,0.65,False,0.0001,0.0,1.0,edgenext_small,0.8,momentum,10,0.0,17,3,cosine,0.05,0.01,True,10,0.0,0.01,random_augment,,
369821897657330117,True,8,0.1,1.0,0.0,0.0,20.0,0.5,0.001,0.4,0.75,False,0.01,0.2,0.75,deit3_small_patch16_384_in21ft1k,0.95,momentum,10,0.4,8,2,step,0.0,0.0,False,10,1e-05,0.0001,none,,
115709614177538438,False,32,0.0,10.0,0.0,2.0,10.0,0.5,0.001,0.3,,False,0.0005,1.0,0.75,mobilevit_xxs,0.9,sgd,10,1.0,17,3,step,0.05,0.001,False,0,1e-05,0.01,random_augment,,
103330830245162189,True,8,0.01,10.0,0.0,0.5,0.0,0.1,0.0,0.1,0.75,False,0.01,4.0,0.5,beit_base_patch16_384,0.9,adam,10,0.4,17,3,cosine,0.05,0.001,True,5,1e-06,1e-05,random_augment,"(0.9, 0.999)",
23545443711634870,False,8,0.001,,4.0,0.5,0.0,0.1,0.0001,0.2,0.65,False,0.0001,4.0,1.0,deit3_small_patch16_384_in21ft1k,0.9,sgd,10,0.0,9,3,cosine,0.05,0.1,True,0,1e-06,0.0,random_augment,,
54334324045406719,True,2,0.0001,,0.0,4.0,0.0,0.1,0.001,0.2,0.65,False,0.01,0.0,0.0,convnext_small_384_in22ft1k,0.9,adamw,5,0.0,8,2,plateau,0.05,0.0001,False,10,0.0,1e-05,none,"(0.9, 0.99)",
406099589406960264,False,16,0.0001,,1.0,0.0,10.0,0.5,0.0001,0.2,0.75,True,0.005,0.4,0.0,xcit_nano_12_p8_384_dist,0.9,adam,10,0.2,17,3,multistep,0.0,0.01,True,0,1e-05,0.1,random_augment,"(0.9, 0.999)",
34616633307568266,False,128,0.01,1.0,2.0,1.0,0.0,0.1,0.0,0.2,0.75,True,0.001,4.0,0.0,edgenext_x_small,0.9,adamw,10,0.0,17,2,cosine,0.05,0.001,True,10,1e-06,0.01,random_augment,"(0.9, 0.999)",
477103390811720014,False,8,0.0,,2.0,0.5,20.0,0.5,0.0001,0.1,,False,0.001,0.0,1.0,convnext_small_384_in22ft1k,0.99,momentum,10,0.8,8,2,multistep,0.1,0.0,False,0,1e-06,0.0,auto_augment,,v0
13894737130088541,True,32,0.1,,2.0,0.5,20.0,0.1,0.001,0.2,0.75,False,0.001,1.0,0.25,mobilevitv2_075,0.9,adamw,10,0.0,8,2,step,0.0,0.0001,True,10,0.0,1e-05,none,"(0.9, 0.999)",
2195599106265409,True,2,0.0001,10.0,2.0,0.5,0.0,0.1,0.0,0.3,0.75,True,0.0005,0.0,0.25,xcit_tiny_24_p8_384_dist,0.9,sgd,10,0.2,8,2,cosine,0.05,0.0001,True,10,1e-06,0.01,none,,
124274152218810532,False,8,0.0001,1.0,0.5,0.5,0.0,0.1,0.1,0.4,0.75,False,0.001,0.0,0.0,edgenext_x_small,0.9,adamw,10,0.8,17,3,cosine,0.05,0.01,False,0,0.0,0.001,random_augment,"(0.0, 0.999)",
443777212326918415,True,128,0.1,1.0,1.0,0.0,10.0,0.5,0.0001,0.4,0.65,False,1e-05,0.4,0.5,mobilevit_xxs,0.9,adamw,10,0.8,17,3,multistep,0.05,0.1,True,10,1e-06,1e-05,random_augment,"(0.0, 0.99)",
67809664876674549,True,4,0.001,1.0,0.5,1.0,0.0,0.1,0.01,0.3,0.75,False,0.005,2.0,0.75,tf_efficientnet_b4_ns,0.9,adam,10,1.0,8,2,cosine,0.1,0.1,True,5,0.0,0.001,auto_augment,"(0.9, 0.99)",original
6652611558104485,True,128,0.1,1.0,2.0,1.0,0.0,0.1,0.1,0.2,0.75,False,5e-05,8.0,1.0,edgenext_x_small,0.9,sgd,10,0.4,9,2,cosine,0.05,0.01,False,10,1e-05,1e-05,random_augment,,
33639610439153506,False,8,0.1,1.0,1.0,0.25,10.0,0.1,0.1,0.0,,False,0.01,2.0,1.0,xcit_tiny_24_p8_384_dist,0.9,adamw,10,0.2,9,2,multistep,0.0,0.001,False,10,1e-05,0.1,random_augment,"(0.0, 0.99)",
179313485239571261,True,8,0.001,1.0,4.0,0.25,0.0,0.1,0.0,0.1,,False,0.005,0.4,0.0,volo_d1_384,0.9,adamw,5,0.8,8,2,plateau,0.1,0.0001,False,5,1e-05,0.1,auto_augment,"(0.0, 0.999)",v0
79353954838356049,True,2,0.0001,10.0,0.0,2.0,0.0,0.1,0.1,0.1,,False,0.001,4.0,0.0,swinv2_base_window12to24_192to384_22kft1k,0.99,momentum,5,0.0,9,2,plateau,0.0,0.1,True,0,1e-05,1e-05,random_augment,,
23470469964300532,False,8,0.0001,1.0,0.5,4.0,0.0,0.1,0.001,0.3,,False,0.001,0.0,0.0,mobilevitv2_075,0.9,momentum,10,0.0,8,2,cosine,0.05,0.1,False,0,1e-06,0.0,trivial_augment,,
32460634130896367,True,512,0.0,10.0,0.5,0.1,0.0,0.1,0.1,0.0,,True,0.0005,2.0,0.5,dla46x_c,0.9,sgd,5,0.6,8,2,plateau,0.05,0.01,False,0,0.0,0.1,auto_augment,,v0
16095099738463760,False,4,0.0001,10.0,2.0,0.25,20.0,0.1,0.001,0.0,0.65,False,0.0001,8.0,0.5,beit_base_patch16_384,0.9,adam,10,0.0,8,2,step,0.1,0.001,False,10,1e-05,0.0,trivial_augment,"(0.9, 0.999)",
116819807942977713,True,32,0.01,10.0,0.5,0.25,10.0,0.5,0.001,0.0,0.65,True,0.0001,4.0,1.0,xcit_small_12_p8_384_dist,0.9,sgd,10,1.0,17,3,step,0.05,0.0001,True,5,1e-06,0.001,random_augment,,
631962155424980,False,4,0.0001,,2.0,0.25,0.0,0.1,0.0,0.3,0.65,False,1e-05,0.0,0.25,tf_efficientnet_b7_ns,0.9,sgd,10,1.0,8,2,cosine,0.0,0.001,False,5,1e-06,0.1,trivial_augment,,
4655825084358762,False,16,0.001,,0.5,2.0,0.0,0.1,0.0001,0.0,0.75,True,5e-05,4.0,1.0,xcit_small_12_p8_384_dist,0.9,adamw,2,1.0,9,2,plateau,0.0,0.0,False,5,1e-06,0.0001,random_augment,"(0.9, 0.999)",
11337218775788005,True,2,0.01,,0.0,1.0,0.0,0.1,0.1,0.2,0.65,False,0.01,0.0,0.25,xcit_tiny_12_p8_384_dist,0.9,adam,10,0.0,8,2,cosine,0.1,0.0,True,0,1e-06,0.001,auto_augment,"(0.9, 0.999)",v0
3863751770432577,True,4,0.01,10.0,1.0,2.0,10.0,0.1,0.001,0.0,,False,0.005,8.0,0.25,mobilevitv2_075,0.9,sgd,10,0.0,8,2,multistep,0.05,0.001,True,5,1e-05,0.001,trivial_augment,,
17774104553457709,True,128,0.001,,2.0,0.5,0.0,0.1,0.0001,0.0,0.75,True,1e-05,0.0,1.0,edgenext_xx_small,0.9,adam,10,0.8,8,2,cosine,0.1,0.1,False,5,0.0,0.01,none,"(0.9, 0.99)",
4926667420527020,False,32,0.1,,1.0,1.0,0.0,0.1,0.0,0.4,,True,5e-05,8.0,0.75,beit_base_patch16_384,0.9,adam,10,0.8,8,2,cosine,0.05,0.01,True,10,1e-06,0.0001,none,"(0.9, 0.999)",
720309419600724,False,2,0.01,10.0,1.0,0.25,0.0,0.1,0.0001,0.0,0.75,False,0.0005,1.0,0.25,beit_base_patch16_384,0.9,sgd,10,0.2,8,2,cosine,0.0,0.01,True,5,1e-06,0.1,trivial_augment,,
7923373200275243,True,8,0.0001,,0.5,0.25,0.0,0.1,0.0001,0.0,,True,1e-05,8.0,0.25,deit3_small_patch16_384_in21ft1k,0.0,momentum,10,1.0,8,2,cosine,0.0,0.01,True,5,1e-05,0.0,trivial_augment,,
196076067629715473,True,8,0.0001,,0.0,2.0,0.0,0.1,0.0001,0.3,0.65,False,1e-05,0.0,1.0,convnext_small_384_in22ft1k,0.99,momentum,2,0.2,9,3,plateau,0.0,0.1,True,5,0.0,0.01,random_augment,,
379095210614393778,False,128,0.001,10.0,0.0,0.5,10.0,0.5,0.001,0.0,0.65,False,0.0001,4.0,1.0,xcit_tiny_24_p8_384_dist,0.9,adamw,10,1.0,9,3,multistep,0.0,0.01,True,0,1e-05,1e-05,random_augment,"(0.0, 0.999)",
116722726852794651,True,32,0.1,,0.5,0.0,0.0,0.1,0.01,0.3,0.65,False,0.01,2.0,0.75,xcit_tiny_24_p8_384_dist,0.9,adamw,10,0.8,17,3,cosine,0.0,0.0,False,5,1e-06,0.001,random_augment,"(0.9, 0.99)",
327433942837959693,True,256,0.0001,,2.0,0.25,20.0,0.1,0.0001,0.0,0.75,False,0.01,2.0,0.75,edgenext_xx_small,0.95,momentum,10,0.4,8,2,step,0.1,0.1,False,5,1e-06,0.001,auto_augment,,v0
105839191047556552,False,8,0.0001,,4.0,2.0,0.0,0.1,0.0001,0.3,0.65,False,1e-05,0.2,1.0,edgenext_xx_small,0.9,adamw,5,0.2,17,2,plateau,0.05,0.1,False,0,1e-06,0.1,random_augment,"(0.0, 0.99)",
2404648264127354,False,32,0.001,,2.0,0.0,0.0,0.1,0.001,0.3,0.75,True,0.01,2.0,0.25,edgenext_xx_small,0.9,sgd,2,0.2,9,2,plateau,0.0,0.0,False,5,1e-05,0.01,random_augment,,
11478580153088139,True,32,0.0,1.0,1.0,0.25,0.0,0.1,0.0001,0.3,,False,0.005,0.4,0.25,edgenext_small,0.9,adam,10,0.4,8,2,cosine,0.0,0.0,True,5,1e-06,0.001,none,"(0.0, 0.99)",
32182079158187694,False,2,0.01,1.0,0.0,0.5,0.0,0.1,0.001,0.1,0.75,False,0.0001,0.2,0.75,edgenext_xx_small,0.9,sgd,10,0.0,17,3,cosine,0.0,0.0,True,5,1e-05,0.0,random_augment,,
19740992408162590,False,8,0.001,1.0,2.0,1.0,10.0,0.5,0.0001,0.1,0.75,False,0.001,1.0,1.0,volo_d1_384,0.9,adamw,10,0.2,8,2,step,0.1,0.0,True,10,1e-06,0.001,trivial_augment,"(0.9, 0.999)",
22746858040018591,True,16,0.01,,4.0,1.0,10.0,0.5,0.001,0.3,0.75,False,0.001,4.0,0.25,xcit_small_12_p8_384_dist,0.9,adam,10,0.6,8,2,step,0.0,0.0001,True,5,1e-05,1e-05,trivial_augment,"(0.9, 0.999)",
3344826255931790,False,32,0.1,10.0,4.0,0.5,0.0,0.1,0.01,0.2,0.65,False,0.005,0.2,0.25,mobilevit_xxs,0.9,sgd,2,0.2,8,2,plateau,0.1,0.001,False,5,1e-06,0.001,none,,
33811732858750925,True,8,0.0,,0.5,0.1,0.0,0.1,0.01,0.3,0.65,True,0.0001,4.0,0.75,tf_efficientnet_b7_ns,0.99,momentum,10,0.4,9,2,cosine,0.1,0.01,False,0,0.0,0.01,random_augment,,
5186026379483503,True,16,0.001,,2.0,2.0,0.0,0.1,0.0,0.3,0.75,False,0.01,4.0,0.0,tf_efficientnet_b4_ns,0.0,momentum,10,0.0,9,2,cosine,0.1,0.0,True,5,1e-05,0.0001,random_augment,,
67097563002536454,False,2,0.01,10.0,0.5,1.0,0.0,0.1,0.1,0.4,0.75,True,1e-05,2.0,0.75,deit3_small_patch16_384_in21ft1k,0.9,adamw,2,1.0,8,2,plateau,0.0,0.001,False,0,1e-05,0.01,auto_augment,"(0.9, 0.99)",original
10946906875375082,False,32,0.01,,0.5,0.0,0.0,0.1,0.01,0.2,,True,1e-05,0.2,0.5,xcit_small_12_p8_384_dist,0.9,sgd,2,1.0,8,2,plateau,0.05,0.1,True,0,0.0,0.001,auto_augment,,v0
3562426055813791,True,128,0.0001,,2.0,0.5,0.0,0.1,0.0,0.0,,False,0.0005,0.2,0.75,edgenext_small,0.9,adam,10,0.8,9,2,cosine,0.05,0.001,True,10,1e-06,0.001,random_augment,"(0.9, 0.999)",
244828649994787072,False,64,0.1,1.0,0.0,0.0,10.0,0.5,0.0,0.2,0.65,True,0.0001,0.0,0.25,mobilevit_xxs,0.9,adamw,10,0.6,17,2,step,0.1,0.01,True,10,0.0,0.01,random_augment,"(0.0, 0.999)",
46287291384262012,False,8,0.0001,10.0,2.0,1.0,20.0,0.1,0.001,0.0,,False,0.0005,2.0,0.5,xcit_nano_12_p8_384_dist,0.9,adam,10,0.6,8,2,multistep,0.0,0.0,True,10,0.0,1e-05,none,"(0.0, 0.99)",
60923749778302092,False,16,0.001,,0.0,1.0,20.0,0.5,0.1,0.4,,False,0.001,4.0,0.75,mobilevit_xxs,0.9,adamw,10,0.2,8,2,step,0.1,0.0,False,5,0.0,0.0001,trivial_augment,"(0.0, 0.99)",
34921375761079191,True,4,0.0001,10.0,1.0,0.0,0.0,0.1,0.0,0.1,0.75,False,5e-05,0.4,0.5,convnext_small_384_in22ft1k,0.9,adamp,5,0.8,8,2,plateau,0.05,0.001,True,5,1e-05,0.01,trivial_augment,"(0.9, 0.999)",
274809936667798728,False,2,0.0001,1.0,0.5,0.0,20.0,0.5,0.0,0.0,0.75,False,0.005,2.0,0.0,xcit_small_12_p8_384_dist,0.9,adamw,10,0.2,8,2,multistep,0.0,0.001,True,5,1e-06,0.0,none,"(0.9, 0.99)",
64678913654821525,True,2,0.01,1.0,4.0,1.0,0.0,0.1,0.0,0.4,,False,1e-05,2.0,0.5,edgenext_small,0.9,adam,10,0.8,17,2,cosine,0.0,0.0001,False,10,1e-05,0.0,random_augment,"(0.0, 0.999)",
230161736178519196,False,8,0.1,,0.5,0.1,10.0,0.1,0.001,0.2,0.75,True,0.001,0.0,0.25,beit_base_patch16_384,0.9,adamp,10,0.4,17,2,multistep,0.0,0.0001,False,5,1e-06,0.001,random_augment,"(0.0, 0.999)",
62941788849899208,False,128,0.001,,2.0,0.0,0.0,0.1,0.0,0.0,0.75,False,0.01,8.0,0.75,xcit_nano_12_p8_384_dist,0.9,adamw,2,1.0,8,2,plateau,0.0,0.0,True,10,1e-06,1e-05,auto_augment,"(0.9, 0.99)",v0
22375728592111806,False,16,0.0,1.0,2.0,0.1,0.0,0.1,0.1,0.0,0.75,False,0.005,8.0,0.25,edgenext_small,0.9,sgd,10,0.6,8,2,cosine,0.05,0.0001,False,10,1e-06,1e-05,auto_augment,,original
23208223002539834,False,4,0.1,,2.0,0.25,10.0,0.5,0.0001,0.1,0.75,False,0.01,1.0,0.75,edgenext_x_small,0.9,sgd,10,1.0,8,2,multistep,0.1,0.0001,True,5,0.0,0.0,trivial_augment,,
3210438835419030,False,2,0.0,10.0,0.0,0.0,0.0,0.1,0.01,0.4,,False,5e-05,0.4,0.5,volo_d5_512,0.9,sgd,2,1.0,8,2,plateau,0.1,0.01,False,0,1e-06,0.001,trivial_augment,,
191035034339405799,True,4,0.001,1.0,0.5,0.5,0.0,0.1,0.0,0.2,0.65,False,1e-05,0.4,0.0,edgenext_x_small,0.9,adamw,5,0.0,8,2,plateau,0.0,0.01,False,5,1e-06,0.0001,auto_augment,"(0.0, 0.999)",original
22025532514340150,False,32,0.1,10.0,1.0,1.0,0.0,0.1,0.001,0.0,0.65,True,5e-05,8.0,0.5,mobilevitv2_075,0.0,momentum,10,0.4,8,2,cosine,0.0,0.01,True,10,0.0,1e-05,auto_augment,,original
20921119809185165,True,8,0.0,,2.0,0.0,10.0,0.1,0.0,0.4,0.75,False,1e-05,1.0,1.0,xcit_tiny_24_p8_384_dist,0.9,sgd,10,0.2,8,2,step,0.05,0.1,False,5,1e-06,0.0001,auto_augment,,original
1974896177175836,False,32,0.0001,1.0,0.5,0.5,0.0,0.1,0.01,0.2,,False,0.005,8.0,1.0,xcit_nano_12_p8_384_dist,0.9,sgd,2,0.6,8,2,plateau,0.05,0.0001,False,5,1e-06,0.01,none,,
48927887595931691,True,64,0.0,10.0,0.0,2.0,10.0,0.5,0.01,0.2,,True,0.005,0.2,0.5,xcit_nano_12_p8_384_dist,0.9,sgd,10,0.8,8,2,multistep,0.0,0.0001,False,10,0.0,0.1,none,,
49139146352718672,False,16,0.001,1.0,1.0,0.25,0.0,0.1,0.01,0.2,,True,0.005,4.0,0.0,tf_efficientnet_b7_ns,0.9,adam,5,1.0,9,2,plateau,0.0,0.0,True,0,1e-06,0.1,random_augment,"(0.9, 0.99)",
23180970742880995,True,2,0.01,1.0,0.0,0.5,0.0,0.1,0.0001,0.1,0.75,False,0.005,4.0,0.75,tf_efficientnet_b6_ns,0.9,adamw,10,0.6,8,2,cosine,0.0,0.0,True,5,0.0,0.0,none,"(0.9, 0.99)",
50394419252986503,True,4,0.0,1.0,2.0,2.0,0.0,0.1,0.01,0.4,,False,0.0005,4.0,0.75,tf_efficientnet_b6_ns,0.9,adamw,5,1.0,8,2,plateau,0.1,0.01,True,10,0.0,0.01,trivial_augment,"(0.9, 0.99)",
3142281664543104,False,2,0.01,1.0,2.0,0.5,0.0,0.1,0.1,0.2,,False,1e-05,2.0,0.5,xcit_nano_12_p8_384_dist,0.9,sgd,10,0.8,9,2,cosine,0.05,0.1,True,10,0.0,0.001,random_augment,,
58590945879541920,False,2,0.0,10.0,1.0,0.1,0.0,0.1,0.01,0.3,,False,1e-05,0.2,0.75,dla46x_c,0.9,adam,5,1.0,8,2,plateau,0.0,0.0,True,0,1e-06,0.01,trivial_augment,"(0.0, 0.999)",
497585956083045859,True,2,0.0001,1.0,0.0,0.5,20.0,0.1,0.0001,0.0,0.65,False,0.005,0.0,1.0,edgenext_x_small,0.9,adam,10,0.4,17,3,step,0.0,0.0001,True,5,1e-06,0.001,random_augment,"(0.0, 0.999)",
11081940524852509,True,2,0.0001,1.0,0.0,0.0,0.0,0.1,0.01,0.1,,False,0.001,0.0,0.5,xcit_nano_12_p8_384_dist,0.9,sgd,5,1.0,8,2,plateau,0.05,0.01,True,5,0.0,0.001,none,,
167700777555707920,False,64,0.0,1.0,0.5,0.0,0.0,0.1,0.1,0.2,0.65,True,0.0005,2.0,0.0,edgenext_small,0.9,adam,5,0.2,8,2,plateau,0.1,0.001,True,5,0.0,1e-05,auto_augment,"(0.9, 0.99)",original
14672642654960191,True,2,0.0,,1.0,0.5,0.0,0.1,0.001,0.0,,False,1e-05,8.0,1.0,deit3_small_patch16_384_in21ft1k,0.8,momentum,2,1.0,8,2,plateau,0.1,0.001,True,5,1e-05,1e-05,none,,
61859990147990062,False,8,0.0001,1.0,0.0,0.0,10.0,0.5,0.001,0.4,0.75,False,1e-05,1.0,0.0,edgenext_xx_small,0.9,sgd,10,0.4,8,2,multistep,0.0,0.01,False,5,1e-05,0.0001,auto_augment,,v0
30271213021731795,True,32,0.001,10.0,0.5,1.0,0.0,0.1,0.0,0.3,0.75,False,0.005,0.2,0.75,edgenext_small,0.9,sgd,10,0.6,17,3,cosine,0.1,0.001,True,0,1e-06,1e-05,random_augment,,
176857575100894701,True,32,0.1,1.0,4.0,4.0,0.0,0.1,0.0,0.3,,False,0.0001,2.0,0.0,dla46x_c,0.9,adamp,5,0.2,8,2,plateau,0.0,0.01,True,10,1e-05,1e-05,none,"(0.0, 0.999)",
65246908938923252,False,4,0.0,1.0,2.0,1.0,0.0,0.1,0.001,0.2,0.65,False,0.0001,0.4,0.25,convnext_small_384_in22ft1k,0.9,adamp,2,0.6,8,2,plateau,0.1,0.01,True,10,0.0,0.1,auto_augment,"(0.9, 0.99)",original
14677620155501574,False,128,0.1,,1.0,0.5,0.0,0.1,0.0,0.2,,False,0.001,2.0,0.0,mobilevit_xs,0.9,sgd,5,1.0,9,2,plateau,0.0,0.01,True,5,1e-05,1e-05,random_augment,,
42727891855656057,True,256,0.1,1.0,4.0,0.5,0.0,0.1,0.01,0.1,,False,0.005,8.0,0.5,edgenext_x_small,0.9,sgd,5,1.0,8,2,plateau,0.1,0.001,True,10,1e-06,0.01,auto_augment,,original
7172045038207543,True,128,0.0,,4.0,1.0,0.0,0.1,0.001,0.4,0.75,False,0.01,0.0,1.0,edgenext_xx_small,0.9,sgd,10,0.8,8,2,cosine,0.0,0.01,True,10,0.0,0.0,trivial_augment,,
309795323186510236,False,64,0.001,10.0,2.0,0.25,10.0,0.5,0.001,0.3,0.75,True,5e-05,0.4,0.75,mobilevitv2_075,0.9,adam,10,0.0,9,3,step,0.0,0.1,True,0,1e-06,0.01,random_augment,"(0.0, 0.99)",
42397129778427571,True,128,0.0001,10.0,2.0,4.0,0.0,0.1,0.0,0.1,0.65,True,0.0005,0.2,0.75,edgenext_x_small,0.9,adamp,5,0.0,8,2,plateau,0.1,0.0,True,0,1e-06,0.01,trivial_augment,"(0.0, 0.99)",
132899555376814129,True,16,0.1,10.0,0.5,0.5,0.0,0.1,0.1,0.0,0.75,False,1e-05,4.0,1.0,beit_base_patch16_384,0.9,adam,5,0.6,8,2,plateau,0.0,0.01,True,0,1e-06,0.001,auto_augment,"(0.0, 0.99)",v0
29244115938674997,True,32,0.0001,,0.5,0.0,20.0,0.5,0.0001,0.2,0.75,False,5e-05,2.0,0.75,tf_efficientnet_b4_ns,0.9,adamw,10,0.6,9,2,multistep,0.0,0.1,True,10,1e-06,0.0001,random_augment,"(0.9, 0.999)",
46380309345776171,True,64,0.0,10.0,4.0,0.1,0.0,0.1,0.1,0.1,0.65,False,0.0005,0.4,1.0,xcit_nano_12_p8_384_dist,0.9,adam,10,0.6,8,2,cosine,0.05,0.0001,False,0,1e-06,1e-05,auto_augment,"(0.0, 0.99)",original
33717063592894755,True,4,0.1,1.0,1.0,0.25,0.0,0.1,0.0,0.2,0.65,False,0.0001,1.0,0.75,mobilevitv2_075,0.8,momentum,10,0.8,8,2,cosine,0.05,0.001,True,10,1e-05,0.1,auto_augment,,v0
27754806384284283,True,32,0.01,10.0,1.0,0.5,0.0,0.1,0.0,0.0,,False,0.0005,0.0,0.5,edgenext_small,0.9,adam,2,0.6,8,2,plateau,0.1,0.1,True,5,1e-06,0.001,trivial_augment,"(0.0, 0.999)",
290698185806067836,False,4,0.01,10.0,0.0,4.0,20.0,0.5,0.001,0.0,0.65,False,0.0005,0.4,0.25,convnext_small_384_in22ft1k,0.95,momentum,10,0.6,17,2,multistep,0.0,0.0001,True,10,0.0,0.0,random_augment,,
3361391455817616,False,16,0.0,10.0,4.0,0.25,0.0,0.1,0.1,0.2,0.65,False,5e-05,2.0,1.0,mobilevitv2_075,0.9,adam,10,0.8,8,2,cosine,0.0,0.1,False,5,1e-06,0.001,trivial_augment,"(0.9, 0.999)",
118819429641673638,False,16,0.1,,2.0,0.5,10.0,0.5,0.0001,0.3,0.75,True,5e-05,4.0,1.0,mobilevit_xs,0.9,adam,10,0.0,9,2,step,0.1,0.1,True,10,1e-05,0.0001,random_augment,"(0.0, 0.999)",
38201499630764788,False,8,0.01,,4.0,0.1,0.0,0.1,0.01,0.0,,False,0.001,4.0,0.75,tf_efficientnet_b4_ns,0.9,adamp,5,0.2,9,2,plateau,0.0,0.0001,True,10,0.0,1e-05,random_augment,"(0.9, 0.999)",
54962746172192887,True,16,0.0,1.0,1.0,0.0,10.0,0.5,0.0001,0.0,0.75,True,1e-05,0.4,1.0,volo_d1_384,0.9,adam,10,0.4,8,2,step,0.05,0.01,False,0,1e-05,1e-05,trivial_augment,"(0.0, 0.99)",
108231270609508269,True,256,0.01,1.0,2.0,1.0,0.0,0.1,0.0,0.2,0.75,True,0.005,0.0,0.5,edgenext_x_small,0.9,adam,10,1.0,17,3,cosine,0.0,0.1,False,5,0.0,0.001,random_augment,"(0.0, 0.99)",
66156367129447362,False,16,0.001,,0.5,4.0,10.0,0.5,0.001,0.0,0.65,False,0.005,1.0,0.0,dla46x_c,0.9,adam,10,1.0,8,2,multistep,0.05,0.1,True,10,1e-05,0.1,auto_augment,"(0.9, 0.999)",original
351584712638517573,True,32,0.01,10.0,4.0,0.25,10.0,0.5,0.1,0.1,0.75,True,5e-05,2.0,0.5,edgenext_x_small,0.9,adamw,10,0.6,8,2,multistep,0.05,0.1,False,0,1e-06,0.001,auto_augment,"(0.0, 0.999)",v0
67154409948699451,True,2,0.0,,0.0,0.1,0.0,0.1,0.1,0.2,0.75,False,5e-05,0.2,1.0,xcit_tiny_24_p8_384_dist,0.9,adamw,10,0.8,9,3,cosine,0.0,0.0001,True,0,1e-05,0.01,random_augment,"(0.9, 0.999)",
3661081193931744,False,128,0.1,10.0,4.0,2.0,0.0,0.1,0.1,0.2,0.65,False,0.0001,8.0,1.0,mobilevitv2_075,0.0,momentum,10,0.4,8,2,cosine,0.0,0.1,False,0,1e-05,0.001,trivial_augment,,
119035317086151453,True,32,0.01,10.0,2.0,0.25,10.0,0.5,0.0001,0.4,0.75,True,5e-05,1.0,0.75,volo_d3_448,0.9,adamw,10,1.0,9,2,step,0.0,0.1,False,5,0.0,1e-05,random_augment,"(0.0, 0.999)",
42235928305107996,False,128,0.01,1.0,1.0,4.0,20.0,0.1,0.1,0.2,0.65,True,1e-05,8.0,0.25,edgenext_small,0.9,adamp,10,1.0,8,2,step,0.0,0.0,True,10,0.0,0.01,none,"(0.0, 0.99)",
71945683787117653,True,16,0.001,,2.0,1.0,10.0,0.1,0.01,0.2,0.75,False,0.0001,8.0,0.5,edgenext_x_small,0.9,adamp,10,0.0,8,2,step,0.05,0.0,True,10,0.0,0.0,none,"(0.9, 0.99)",
46951966872303303,True,4,0.0,1.0,2.0,0.1,20.0,0.1,0.001,0.4,0.75,False,0.001,2.0,1.0,beit_base_patch16_384,0.9,adamp,10,0.0,8,2,multistep,0.05,0.1,True,0,1e-05,1e-05,trivial_augment,"(0.0, 0.99)",
62075263032224166,False,128,0.01,,0.0,4.0,20.0,0.5,0.0,0.4,0.75,False,1e-05,0.2,0.5,mobilevit_xs,0.9,adam,10,0.6,8,2,multistep,0.05,0.001,True,10,1e-05,0.0001,none,"(0.0, 0.99)",
45753404356378729,True,2,0.0001,,2.0,0.0,0.0,0.1,0.0,0.1,0.75,False,0.005,2.0,0.0,volo_d4_448,0.9,adamp,5,0.8,9,2,plateau,0.05,0.1,True,5,1e-05,0.0001,random_augment,"(0.0, 0.99)",
71957376168196530,False,128,0.0001,,0.0,2.0,10.0,0.5,0.01,0.2,0.65,True,0.005,2.0,0.5,deit3_small_patch16_384_in21ft1k,0.9,sgd,10,1.0,8,2,multistep,0.0,0.0001,True,10,0.0,0.0,auto_augment,,original
62665576078319521,True,16,0.01,,2.0,1.0,20.0,0.5,0.0001,0.4,0.65,True,0.0005,4.0,1.0,edgenext_xx_small,0.9,adamw,10,0.8,8,2,multistep,0.1,0.0001,True,0,1e-06,1e-05,trivial_augment,"(0.0, 0.99)",
8018294644937250,False,2,0.0,10.0,0.5,0.0,0.0,0.1,0.0001,0.1,,False,5e-05,8.0,1.0,xcit_tiny_24_p8_384_dist,0.9,adamw,10,0.8,8,2,cosine,0.05,0.1,False,10,1e-05,0.0,none,"(0.9, 0.999)",
4040253094494024,False,2,0.01,10.0,1.0,0.25,0.0,0.1,0.1,0.4,0.65,False,0.0005,0.2,0.5,edgenext_x_small,0.9,adamp,2,0.4,8,2,plateau,0.0,0.1,True,10,1e-05,0.001,none,"(0.9, 0.999)",
27505756711215147,True,4,0.01,1.0,0.0,4.0,0.0,0.1,0.0,0.2,0.75,False,0.001,4.0,0.25,xcit_tiny_24_p8_384_dist,0.9,adam,10,0.6,9,2,cosine,0.05,0.01,False,0,1e-06,0.001,random_augment,"(0.0, 0.999)",
27983443680561264,False,16,0.0001,10.0,2.0,4.0,20.0,0.1,0.0001,0.4,,False,0.001,2.0,0.25,deit3_small_patch16_384_in21ft1k,0.9,sgd,10,0.2,8,2,multistep,0.0,0.0,True,0,1e-05,0.001,none,,
378215006126123675,True,64,0.01,,2.0,0.25,10.0,0.5,0.1,0.0,0.75,False,5e-05,0.2,1.0,volo_d1_384,0.9,adam,10,1.0,9,3,multistep,0.05,0.1,True,0,0.0,1e-05,random_augment,"(0.0, 0.999)",
135793772645537682,False,2,0.1,1.0,0.5,0.1,10.0,0.1,0.0,0.3,,False,0.01,2.0,0.75,volo_d1_384,0.9,adam,10,0.2,17,2,multistep,0.0,0.0001,False,10,1e-06,1e-05,random_augment,"(0.9, 0.999)",
280261597353421968,False,2,0.0001,,0.0,0.0,20.0,0.5,0.001,0.2,0.65,True,0.0005,0.0,0.0,tf_efficientnet_b4_ns,0.9,adam,10,1.0,8,2,multistep,0.05,0.0,False,10,1e-06,0.0001,auto_augment,"(0.9, 0.99)",v0
12168628355290392,False,2,0.1,10.0,1.0,0.25,0.0,0.1,0.0,0.2,,False,0.001,8.0,0.5,beit_base_patch16_384,0.9,sgd,10,0.4,17,2,cosine,0.0,0.0001,False,0,0.0,0.0001,random_augment,,
46867688544366295,True,16,0.0001,,0.5,1.0,20.0,0.1,0.001,0.0,0.75,True,0.0001,2.0,1.0,convnext_small_384_in22ft1k,0.8,momentum,10,1.0,8,2,multistep,0.1,0.01,False,0,1e-05,1e-05,none,,
20991720327920251,True,16,0.01,1.0,0.0,1.0,10.0,0.5,0.0001,0.2,,False,0.0001,2.0,0.75,beit_base_patch16_384,0.9,adamw,10,0.8,9,2,step,0.0,0.1,True,5,1e-06,0.0001,random_augment,"(0.9, 0.999)",
55119758380922793,True,4,0.0,,1.0,4.0,0.0,0.1,0.0001,0.2,0.75,False,1e-05,0.0,0.5,mobilevit_xxs,0.9,momentum,2,0.4,8,2,plateau,0.1,0.01,False,5,1e-05,1e-05,none,,
104475300461042116,False,8,0.1,10.0,2.0,2.0,0.0,0.1,0.01,0.3,0.65,False,0.0005,0.0,0.25,edgenext_xx_small,0.9,adamp,10,0.6,17,3,cosine,0.1,0.01,False,0,1e-06,0.0,random_augment,"(0.9, 0.999)",
5531902429702838,False,256,0.01,10.0,1.0,1.0,0.0,0.1,0.1,0.4,0.75,False,0.005,1.0,0.0,edgenext_xx_small,0.9,sgd,10,1.0,8,2,cosine,0.1,0.01,True,0,0.0,1e-05,trivial_augment,,
11029363145689785,True,256,0.0,1.0,4.0,0.1,20.0,0.1,0.0001,0.0,0.65,True,0.001,0.0,1.0,edgenext_small,0.9,adamw,10,0.2,8,2,step,0.0,0.0,True,5,0.0,0.001,trivial_augment,"(0.9, 0.999)",
23381373198324682,False,64,0.1,1.0,2.0,0.0,0.0,0.1,0.0001,0.3,0.65,True,5e-05,8.0,0.25,convnext_small_384_in22ft1k,0.9,adamp,10,1.0,9,2,cosine,0.05,0.01,True,10,0.0,0.0,random_augment,"(0.9, 0.99)",
1700797712733365,True,8,0.0,1.0,0.5,0.0,0.0,0.1,0.0,0.2,0.65,False,0.005,8.0,0.0,convnext_small_384_in22ft1k,0.9,adamp,10,0.4,8,2,cosine,0.05,0.01,False,10,0.0,0.01,none,"(0.9, 0.999)",
20965725017174197,True,2,0.001,1.0,0.5,1.0,0.0,0.1,0.01,0.0,0.65,False,1e-05,0.0,0.75,deit3_small_patch16_384_in21ft1k,0.9,adamw,10,0.8,8,2,cosine,0.05,0.001,True,5,1e-06,0.0001,none,"(0.9, 0.99)",
159579815916636115,True,16,0.0001,1.0,0.0,0.5,0.0,0.1,0.001,0.2,,False,1e-05,8.0,0.75,xcit_tiny_24_p8_384_dist,0.9,adamp,5,0.8,8,2,plateau,0.05,0.0001,True,5,0.0,1e-05,auto_augment,"(0.9, 0.99)",v0
29216116576079208,False,2,0.0001,10.0,2.0,0.1,0.0,0.1,0.01,0.1,0.65,False,0.0005,8.0,1.0,xcit_nano_12_p8_384_dist,0.9,adamw,10,0.6,8,2,cosine,0.05,0.001,True,10,1e-06,0.0001,trivial_augment,"(0.0, 0.999)",
1226962861728652,False,64,0.1,,0.5,0.5,0.0,0.1,0.0001,0.3,0.75,False,0.001,0.0,0.25,dla46x_c,0.0,momentum,10,0.8,8,2,cosine,0.1,0.0001,False,10,1e-05,0.1,trivial_augment,,
22684118417792840,False,4,0.0001,10.0,1.0,1.0,0.0,0.1,0.0001,0.0,0.75,False,0.01,2.0,0.25,xcit_tiny_12_p8_384_dist,0.9,sgd,2,1.0,17,2,plateau,0.1,0.0001,False,5,1e-05,1e-05,random_augment,,
14763526689724460,False,32,0.1,10.0,0.0,1.0,0.0,0.1,0.0001,0.4,0.65,False,0.01,0.0,0.25,tf_efficientnet_b4_ns,0.9,adam,10,0.8,8,2,cosine,0.0,0.1,False,10,1e-05,1e-05,none,"(0.0, 0.99)",
6302332229360619,True,4,0.001,,4.0,0.25,0.0,0.1,0.0001,0.1,,False,1e-05,0.4,0.25,volo_d1_384,0.9,adamp,10,0.0,8,2,cosine,0.0,0.0,False,0,1e-05,1e-05,none,"(0.9, 0.999)",
78621971219891951,True,8,0.001,10.0,4.0,0.1,20.0,0.1,0.01,0.3,,False,0.001,0.0,0.0,edgenext_x_small,0.9,sgd,10,0.2,9,3,step,0.05,0.0,False,10,0.0,1e-05,random_augment,,
34863348665998952,False,32,0.01,10.0,2.0,0.1,0.0,0.1,0.1,0.3,0.65,True,5e-05,0.0,1.0,mobilevit_xs,0.9,adamw,10,0.8,8,2,cosine,0.1,0.01,False,5,1e-05,0.01,auto_augment,"(0.0, 0.99)",v0
23386248593342436,False,128,0.01,10.0,1.0,2.0,0.0,0.1,0.0,0.4,0.65,True,0.0001,0.0,0.0,xcit_tiny_24_p8_384_dist,0.9,sgd,10,1.0,9,3,cosine,0.1,0.01,True,10,0.0,0.0,random_augment,,
123649052602478782,False,8,0.0001,10.0,4.0,0.0,0.0,0.1,0.001,0.2,,True,1e-05,0.4,1.0,tf_efficientnet_b7_ns,0.9,adamp,10,0.8,17,3,cosine,0.1,0.0001,False,10,1e-06,0.01,random_augment,"(0.0, 0.999)",
447396648543772492,False,8,0.0001,1.0,4.0,1.0,20.0,0.5,0.0,0.3,0.75,False,0.001,2.0,0.75,xcit_tiny_24_p8_384_dist,0.95,momentum,10,0.6,9,3,step,0.1,0.0,False,0,1e-06,0.01,random_augment,,
47934737400914049,True,4,0.001,10.0,4.0,1.0,0.0,0.1,0.0,0.1,,False,0.0001,1.0,0.75,edgenext_x_small,0.8,momentum,10,0.8,8,2,cosine,0.0,0.0,True,5,1e-06,0.0,auto_augment,,original
31322416160400359,True,8,0.01,1.0,2.0,4.0,0.0,0.1,0.01,0.1,0.75,False,0.01,0.2,0.75,mobilevit_xs,0.9,sgd,10,0.6,17,3,cosine,0.1,0.001,True,5,0.0,0.0,random_augment,,
60458295645014158,False,64,0.0001,1.0,1.0,1.0,0.0,0.1,0.1,0.2,,False,1e-05,4.0,0.75,mobilevit_xxs,0.9,adam,10,1.0,17,2,cosine,0.1,0.1,True,0,1e-05,0.001,random_augment,"(0.0, 0.999)",
23157036244901839,True,128,0.001,10.0,2.0,0.5,10.0,0.1,0.01,0.0,,True,0.005,4.0,0.0,deit3_small_patch16_384_in21ft1k,0.9,sgd,10,0.8,8,2,step,0.05,0.01,False,5,0.0,0.0,auto_augment,,original
62140398120344095,True,16,0.0001,,0.5,0.25,20.0,0.5,0.1,0.4,0.65,False,0.0001,1.0,1.0,deit3_small_patch16_384_in21ft1k,0.8,momentum,10,0.8,9,2,multistep,0.1,0.0001,False,0,0.0,1e-05,random_augment,,
391317020313532119,True,32,0.0,1.0,0.5,0.5,10.0,0.1,0.0001,0.4,0.75,True,5e-05,1.0,1.0,dla46x_c,0.9,adamw,10,0.4,17,3,multistep,0.1,0.001,False,5,1e-05,0.01,random_augment,"(0.9, 0.999)",
12538780036803103,True,128,0.0,10.0,2.0,0.5,0.0,0.1,0.001,0.2,,True,0.001,1.0,0.75,edgenext_small,0.9,adam,10,0.4,8,2,cosine,0.1,0.0,True,10,0.0,0.0001,trivial_augment,"(0.0, 0.99)",
11397553156975753,True,2,0.1,10.0,0.0,0.5,0.0,0.1,0.0,0.3,,True,0.0001,8.0,0.75,tf_efficientnet_b7_ns,0.9,adam,10,0.4,8,2,cosine,0.1,0.1,True,0,1e-06,0.001,trivial_augment,"(0.0, 0.99)",
281576365519362337,True,2,0.001,,0.0,2.0,20.0,0.5,0.1,0.4,0.75,False,0.0001,4.0,0.0,swinv2_base_window12to24_192to384_22kft1k,0.9,adamw,10,0.4,8,2,multistep,0.0,0.01,True,5,1e-06,1e-05,auto_augment,"(0.9, 0.99)",v0
20689618830363278,False,32,0.0,1.0,4.0,1.0,0.0,0.1,0.0001,0.0,0.65,True,5e-05,2.0,0.5,edgenext_xx_small,0.9,momentum,10,0.8,9,2,cosine,0.0,0.1,True,10,0.0,0.0001,random_augment,,
113021967382454582,False,32,0.01,,0.5,4.0,0.0,0.1,0.0001,0.0,0.65,True,5e-05,2.0,0.75,edgenext_small,0.99,momentum,10,0.8,8,2,cosine,0.05,0.01,False,0,1e-05,0.0,auto_augment,,v0
1968379937152812,False,2,0.1,10.0,2.0,1.0,10.0,0.1,0.0,0.2,0.75,False,5e-05,4.0,0.0,tf_efficientnet_b7_ns,0.9,sgd,10,0.0,8,2,multistep,0.0,0.0001,False,5,1e-06,0.01,none,,
75752154651416365,True,2,0.01,1.0,0.5,4.0,20.0,0.1,0.01,0.0,0.75,True,0.005,0.4,0.5,xcit_small_12_p8_384_dist,0.9,adam,10,1.0,8,2,step,0.0,0.1,True,0,0.0,0.001,trivial_augment,"(0.9, 0.99)",
50408538583792262,False,256,0.0001,1.0,1.0,2.0,0.0,0.1,0.01,0.3,0.75,True,0.0001,4.0,0.75,edgenext_xx_small,0.8,momentum,5,0.0,8,2,plateau,0.1,0.1,True,10,0.0,0.01,trivial_augment,,
220266270229217369,True,8,0.01,,2.0,2.0,0.0,0.1,0.01,0.2,,False,0.0005,2.0,1.0,beit_large_patch16_512,0.99,momentum,5,1.0,8,2,plateau,0.05,0.0001,False,5,0.0,0.01,none,,
380473923375007076,False,4,0.01,10.0,1.0,0.0,10.0,0.5,0.01,0.1,0.65,False,0.0001,4.0,0.5,beit_base_patch16_384,0.9,adam,10,0.4,9,3,step,0.0,0.0,False,5,1e-05,0.0,random_augment,"(0.0, 0.999)",
33895229871358630,False,64,0.0,1.0,4.0,4.0,20.0,0.1,0.0,0.4,0.65,False,1e-05,1.0,0.25,mobilevitv2_075,0.9,sgd,10,1.0,8,2,multistep,0.0,0.1,True,0,0.0,0.01,auto_augment,,v0
16904235769573111,True,16,0.01,1.0,2.0,0.1,0.0,0.1,0.0001,0.2,,True,1e-05,0.0,0.0,mobilevitv2_075,0.9,momentum,10,0.0,8,2,cosine,0.1,0.0001,True,5,1e-06,0.1,none,,
15433222960995357,True,4,0.01,1.0,2.0,2.0,0.0,0.1,0.1,0.3,0.75,False,1e-05,0.4,1.0,xcit_tiny_12_p8_384_dist,0.9,adamp,10,0.2,8,2,cosine,0.1,0.01,True,0,1e-06,0.0,trivial_augment,"(0.0, 0.99)",
69766993397640320,False,32,0.1,,1.0,4.0,10.0,0.1,0.001,0.4,0.75,False,0.0001,4.0,0.25,tf_efficientnet_b6_ns,0.9,momentum,10,1.0,8,2,multistep,0.0,0.0,False,0,1e-05,0.0001,none,,
2850218977728031,True,16,0.01,10.0,1.0,1.0,0.0,0.1,0.01,0.1,,False,0.0001,2.0,1.0,xcit_small_12_p8_384_dist,0.9,sgd,2,0.8,8,2,plateau,0.1,0.1,True,0,0.0,0.001,trivial_augment,,
107471334123931808,False,4,0.001,1.0,4.0,0.25,0.0,0.1,0.0,0.1,,False,0.0005,8.0,1.0,dla46x_c,0.9,adamw,10,0.0,17,3,cosine,0.05,0.01,False,10,1e-06,0.01,random_augment,"(0.0, 0.99)",
176455044615927,True,4,0.01,,0.5,2.0,0.0,0.1,0.01,0.4,,False,0.001,4.0,0.75,xcit_tiny_12_p8_384_dist,0.9,adam,10,0.4,8,2,cosine,0.1,0.0001,False,5,0.0,0.1,trivial_augment,"(0.9, 0.999)",
633297575070518436,False,2,0.001,1.0,2.0,1.0,10.0,0.5,0.1,0.3,0.75,True,0.01,0.0,0.0,volo_d4_448,0.99,momentum,10,0.6,17,3,multistep,0.1,0.0001,False,0,0.0,0.01,random_augment,,
119865291410892057,True,256,0.1,1.0,4.0,0.25,10.0,0.5,0.1,0.2,0.75,False,0.0005,1.0,1.0,edgenext_x_small,0.9,adam,10,0.8,9,2,step,0.05,0.1,True,0,1e-05,1e-05,random_augment,"(0.0, 0.999)",
429022874320282752,False,16,0.001,10.0,4.0,0.1,10.0,0.1,0.1,0.0,,False,0.005,1.0,1.0,dla46x_c,0.95,momentum,10,0.2,9,3,step,0.0,0.0001,True,0,1e-05,0.0,random_augment,,
121298460661676451,True,4,0.0001,,4.0,0.5,0.0,0.1,0.01,0.1,0.65,True,0.01,0.0,1.0,edgenext_x_small,0.9,adamp,10,0.6,17,3,cosine,0.0,0.0,True,5,1e-05,0.0,random_augment,"(0.9, 0.99)",
18640021127942313,True,32,0.01,,0.0,4.0,0.0,0.1,0.0001,0.2,0.75,False,0.01,8.0,0.5,deit3_small_patch16_384_in21ft1k,0.9,sgd,10,0.6,8,2,cosine,0.05,0.001,False,5,1e-05,0.01,auto_augment,,original
113271541643775294,False,2,0.01,10.0,2.0,2.0,0.0,0.1,0.001,0.2,0.65,False,0.01,0.2,0.5,deit3_small_patch16_384_in21ft1k,0.9,adam,10,0.2,17,3,cosine,0.0,0.0,False,10,1e-05,0.0,random_augment,"(0.0, 0.99)",
31692893103036889,True,16,0.1,,2.0,1.0,0.0,0.1,0.001,0.0,0.65,False,0.005,1.0,1.0,volo_d5_512,0.9,adamw,10,1.0,8,2,cosine,0.05,0.001,False,5,1e-06,0.0,none,"(0.0, 0.999)",
48501345173800510,False,64,0.0,10.0,0.5,0.0,20.0,0.1,0.001,0.0,0.65,False,0.0001,0.0,0.75,mobilevit_xs,0.8,momentum,10,0.2,8,2,step,0.1,0.001,False,10,1e-05,0.0,trivial_augment,,
23680709625538219,True,128,0.001,10.0,1.0,1.0,0.0,0.1,0.001,0.3,0.75,False,1e-05,1.0,0.0,mobilevitv2_075,0.9,adam,10,0.2,8,2,cosine,0.05,0.01,True,5,1e-06,0.0,trivial_augment,"(0.9, 0.99)",
16673160819036881,True,64,0.0,1.0,4.0,0.0,0.0,0.1,0.0001,0.1,,False,5e-05,2.0,0.25,edgenext_x_small,0.9,sgd,10,0.0,9,3,cosine,0.05,0.0001,False,0,1e-06,0.1,random_augment,,
5235491101568257,True,2,0.001,,0.5,0.1,0.0,0.1,0.001,0.4,0.65,False,5e-05,0.2,0.0,beit_base_patch16_384,0.9,sgd,2,0.6,8,2,plateau,0.1,0.01,True,5,1e-05,0.0001,none,,
111965479540511,True,8,0.001,,0.5,0.1,0.0,0.1,0.01,0.4,,False,5e-05,8.0,1.0,tf_efficientnet_b7_ns,0.9,adamw,10,1.0,8,2,cosine,0.05,0.001,True,0,0.0,0.1,trivial_augment,"(0.9, 0.999)",
10219281156341394,False,16,0.0001,,0.5,0.5,20.0,0.1,0.001,0.3,,True,0.001,0.0,0.5,edgenext_x_small,0.9,sgd,10,0.4,8,2,step,0.0,0.0001,False,10,1e-06,0.01,trivial_augment,,
23308062610689298,False,64,0.0001,10.0,1.0,2.0,10.0,0.5,0.0001,0.1,0.75,True,0.005,1.0,0.75,volo_d1_384,0.9,sgd,10,0.8,8,2,multistep,0.05,0.01,False,10,0.0,0.0,none,,
61685512091950,False,8,0.001,10.0,4.0,0.0,0.0,0.1,0.1,0.0,,False,5e-05,0.0,0.25,beit_base_patch16_384,0.9,sgd,10,0.8,8,2,cosine,0.0,0.1,False,0,0.0,0.1,trivial_augment,,
351964319695379327,True,64,0.001,10.0,0.0,1.0,20.0,0.5,0.0001,0.3,,False,0.0001,0.2,0.25,edgenext_xx_small,0.9,adamp,10,0.0,9,3,multistep,0.1,0.1,True,10,1e-06,0.001,random_augment,"(0.9, 0.99)",
29693093089443830,False,32,0.1,10.0,0.5,0.1,20.0,0.1,0.001,0.2,,False,0.001,2.0,0.5,convnext_small_384_in22ft1k,0.9,sgd,10,0.6,8,2,step,0.0,0.1,True,10,1e-05,0.0001,none,,
78514475429933884,False,64,0.01,1.0,4.0,1.0,0.0,0.1,0.0001,0.0,,False,0.0001,8.0,0.5,deit3_small_patch16_384_in21ft1k,0.99,momentum,5,0.8,8,2,plateau,0.0,0.01,False,5,0.0,1e-05,trivial_augment,,
59753907328772973,True,4,0.0,1.0,4.0,0.5,10.0,0.5,0.01,0.4,0.75,False,5e-05,1.0,0.5,volo_d3_448,0.9,sgd,10,0.8,8,2,step,0.1,0.001,False,10,0.0,0.001,auto_augment,,v0
7381438294891149,True,32,0.0,10.0,2.0,4.0,0.0,0.1,0.001,0.3,,False,0.001,0.0,0.75,deit3_small_patch16_384_in21ft1k,0.0,momentum,10,0.0,8,2,cosine,0.0,0.001,False,5,1e-06,0.0,trivial_augment,,
65763919864168837,True,16,0.0,10.0,0.0,0.25,0.0,0.1,0.001,0.3,0.75,True,1e-05,4.0,0.0,mobilevitv2_075,0.9,momentum,10,0.6,8,2,cosine,0.05,0.01,False,0,1e-05,0.1,auto_augment,,original
4632418993653512,False,32,0.01,10.0,0.5,0.5,0.0,0.1,0.001,0.0,,True,0.005,4.0,0.75,volo_d1_384,0.0,momentum,10,0.6,8,2,cosine,0.1,0.01,True,0,1e-06,0.0001,none,,
317133402114540931,True,16,0.01,,0.5,4.0,20.0,0.5,0.001,0.2,0.75,False,0.0005,0.0,0.5,mobilevitv2_075,0.9,adamw,10,0.8,9,3,multistep,0.0,0.01,True,5,1e-05,0.1,random_augment,"(0.0, 0.99)",
28968474300926342,False,256,0.0001,1.0,0.5,0.0,20.0,0.1,0.001,0.3,0.75,True,0.01,0.4,0.0,edgenext_xx_small,0.9,sgd,10,0.0,8,2,multistep,0.1,0.0,False,5,1e-06,0.0001,none,,
32206118047283288,False,4,0.001,10.0,0.5,0.25,0.0,0.1,0.1,0.0,0.75,False,5e-05,8.0,0.25,mobilevit_xxs,0.95,momentum,10,0.0,9,2,cosine,0.1,0.0001,True,5,1e-05,0.0,random_augment,,
46993555097534957,True,8,0.1,,4.0,0.0,0.0,0.1,0.0001,0.4,0.75,False,0.0001,0.0,1.0,xcit_tiny_12_p8_384_dist,0.0,momentum,5,0.8,8,2,plateau,0.0,0.001,False,5,1e-05,1e-05,none,,
5677728090091049,True,64,0.0001,10.0,1.0,0.1,0.0,0.1,0.001,0.0,0.75,True,0.01,0.2,1.0,edgenext_x_small,0.9,adamp,10,0.6,8,2,cosine,0.05,0.01,True,5,0.0,1e-05,none,"(0.9, 0.999)",
63165829891300570,False,64,0.0,,2.0,0.1,20.0,0.5,0.01,0.0,,True,0.01,0.0,0.0,xcit_nano_12_p8_384_dist,0.9,adamw,10,1.0,8,2,multistep,0.0,0.0,False,5,1e-05,1e-05,none,"(0.0, 0.99)",
103401867666380658,False,16,0.1,,4.0,4.0,10.0,0.1,0.01,0.2,,False,0.0001,0.4,1.0,mobilevit_xxs,0.9,adam,10,0.4,8,2,step,0.0,0.001,False,10,1e-06,1e-05,none,"(0.0, 0.999)",
23321230366325852,False,4,0.0,1.0,2.0,1.0,0.0,0.1,0.1,0.0,0.75,False,0.001,1.0,0.75,tf_efficientnet_b6_ns,0.9,sgd,10,1.0,8,2,cosine,0.05,0.1,False,10,0.0,0.0,auto_augment,,original
4062604458366569,True,64,0.0001,1.0,0.0,1.0,0.0,0.1,0.001,0.4,0.65,True,1e-05,8.0,0.25,beit_base_patch16_384,0.9,sgd,10,1.0,8,2,cosine,0.1,0.0,False,0,0.0,0.0001,trivial_augment,,
3796976682413450,False,32,0.1,,0.5,0.5,0.0,0.1,0.001,0.1,,True,0.005,4.0,0.25,edgenext_xx_small,0.9,adam,10,0.2,8,2,cosine,0.0,0.01,False,5,1e-05,0.001,trivial_augment,"(0.9, 0.999)",
41926368500017957,True,2,0.001,10.0,1.0,1.0,20.0,0.1,0.0001,0.1,0.65,False,0.005,0.2,0.25,xcit_tiny_12_p8_384_dist,0.9,adamp,10,0.4,8,2,multistep,0.05,0.1,False,0,0.0,0.01,none,"(0.0, 0.99)",
71704361204316924,False,16,0.0001,10.0,0.5,4.0,0.0,0.1,0.0,0.0,0.75,False,0.0001,8.0,1.0,xcit_small_12_p8_384_dist,0.9,momentum,10,1.0,8,2,cosine,0.05,0.1,True,0,0.0,0.0,auto_augment,,original
253407010454522991,True,32,0.1,10.0,4.0,0.1,0.0,0.1,0.01,0.2,0.75,False,0.01,0.0,1.0,convnext_small_384_in22ft1k,0.8,momentum,2,0.4,17,3,plateau,0.05,0.0,False,0,1e-05,0.01,random_augment,,
31584231319473186,False,16,0.0,1.0,1.0,0.25,20.0,0.5,0.01,0.3,0.75,False,1e-05,1.0,0.0,mobilevit_xs,0.9,adamw,10,0.2,8,2,multistep,0.0,0.0,True,0,1e-06,0.0,trivial_augment,"(0.9, 0.999)",
66105604290840160,False,8,0.001,,0.5,2.0,10.0,0.1,0.1,0.2,,True,0.01,2.0,0.75,convnext_small_384_in22ft1k,0.9,sgd,10,0.2,9,3,multistep,0.0,0.0001,True,10,1e-05,0.1,random_augment,,
7111191477455014,False,8,0.0,1.0,0.5,0.25,0.0,0.1,0.001,0.2,,False,0.0001,0.4,0.5,xcit_tiny_12_p8_384_dist,0.9,sgd,2,1.0,8,2,plateau,0.1,0.01,False,10,0.0,0.0,none,,
6617619990984043,True,2,0.1,,0.5,0.1,0.0,0.1,0.0,0.1,0.65,False,0.01,0.0,1.0,volo_d3_448,0.0,momentum,10,0.4,8,2,cosine,0.0,0.0001,False,10,1e-05,1e-05,none,,
43928534949385358,False,4,0.001,,0.5,0.1,0.0,0.1,0.0001,0.3,,False,0.01,2.0,0.0,convnext_small_384_in22ft1k,0.9,adamw,10,0.2,17,2,cosine,0.0,0.01,True,5,1e-06,0.001,random_augment,"(0.0, 0.99)",
392651761081986080,False,32,0.1,1.0,2.0,1.0,10.0,0.1,0.0001,0.2,,True,1e-05,0.0,0.75,edgenext_small,0.9,adamw,10,1.0,17,3,step,0.1,0.0001,False,5,1e-05,0.001,random_augment,"(0.9, 0.999)",
7872455865783015,True,32,0.001,1.0,4.0,0.1,0.0,0.1,0.0,0.4,0.75,True,0.005,0.0,1.0,volo_d3_448,0.9,adamp,10,1.0,8,2,cosine,0.1,0.1,False,5,1e-05,0.0,trivial_augment,"(0.9, 0.999)",
7417855021015490,False,256,0.001,,1.0,0.0,0.0,0.1,0.0,0.4,,False,0.001,2.0,0.75,edgenext_x_small,0.9,adamw,10,0.4,9,2,cosine,0.05,0.1,False,5,1e-06,0.0,random_augment,"(0.9, 0.999)",
47447536914206732,False,4,0.0,10.0,0.0,2.0,20.0,0.1,0.0001,0.3,0.65,False,0.01,1.0,0.25,tf_efficientnet_b4_ns,0.9,adamw,10,0.6,8,2,multistep,0.05,0.001,False,5,0.0,0.0,none,"(0.0, 0.99)",
25699327780606721,True,512,0.01,1.0,2.0,0.25,0.0,0.1,0.001,0.2,0.65,True,5e-05,8.0,1.0,edgenext_xx_small,0.9,adamp,2,0.4,8,2,plateau,0.1,0.001,False,0,0.0,0.01,trivial_augment,"(0.0, 0.999)",
448242179059566689,True,8,0.01,10.0,0.0,0.1,20.0,0.5,0.1,0.0,0.65,False,0.001,0.4,0.25,mobilevitv2_075,0.9,adam,10,1.0,17,3,step,0.0,0.001,True,10,1e-05,0.01,random_augment,"(0.0, 0.99)",
30103011460671163,True,16,0.001,10.0,1.0,0.0,20.0,0.5,0.01,0.3,,False,0.0001,0.4,0.25,xcit_tiny_24_p8_384_dist,0.9,sgd,10,0.4,8,2,step,0.05,0.0001,True,10,0.0,1e-05,none,,
266790328977983,True,8,0.0001,,2.0,0.1,0.0,0.1,0.0001,0.2,,False,0.0001,2.0,1.0,swinv2_base_window12to24_192to384_22kft1k,0.9,adam,10,0.8,8,2,cosine,0.1,0.001,True,5,0.0,0.1,none,"(0.9, 0.999)",
79192643003883129,True,4,0.001,,1.0,2.0,20.0,0.1,0.0001,0.2,,False,0.005,0.4,0.5,xcit_nano_12_p8_384_dist,0.9,adam,10,0.8,8,2,step,0.05,0.01,True,10,1e-06,1e-05,none,"(0.9, 0.99)",
428093629066880252,False,32,0.01,10.0,2.0,0.25,10.0,0.1,0.001,0.3,0.65,False,0.001,0.4,0.0,edgenext_xx_small,0.9,adamp,10,0.0,17,3,multistep,0.0,0.1,False,0,0.0,0.0,random_augment,"(0.0, 0.99)",
5978117797119560,False,4,0.0001,10.0,2.0,0.1,0.0,0.1,0.1,0.4,,False,1e-05,4.0,0.75,edgenext_x_small,0.9,adamp,10,1.0,8,2,cosine,0.05,0.01,True,0,1e-06,1e-05,none,"(0.9, 0.999)",
71345874733777137,True,4,0.01,10.0,0.0,0.25,10.0,0.1,0.1,0.2,0.65,False,0.0001,0.2,0.25,mobilevit_xxs,0.9,adamw,10,0.4,8,2,step,0.05,0.0,True,5,1e-05,1e-05,none,"(0.9, 0.99)",
459474860934641552,False,256,0.0001,,0.5,0.1,10.0,0.1,0.0,0.4,0.65,False,0.0001,0.2,0.0,edgenext_xx_small,0.9,adamp,10,0.4,17,3,multistep,0.1,0.0,True,10,0.0,1e-05,random_augment,"(0.9, 0.99)",
62706446639635732,False,512,0.001,1.0,1.0,0.0,0.0,0.1,0.001,0.0,0.65,True,0.01,0.2,0.25,edgenext_x_small,0.9,adamp,5,0.6,8,2,plateau,0.05,0.1,True,0,1e-06,1e-05,trivial_augment,"(0.0, 0.999)",
62791333181528900,False,256,0.001,10.0,0.5,4.0,0.0,0.1,0.01,0.2,,False,1e-05,0.2,0.0,mobilevit_xxs,0.9,sgd,5,0.6,17,3,plateau,0.0,0.0,True,5,1e-06,1e-05,random_augment,,
4330013565667400,False,32,0.1,1.0,4.0,0.25,0.0,0.1,0.0,0.1,0.75,True,5e-05,4.0,0.75,dla46x_c,0.9,sgd,2,0.2,8,2,plateau,0.05,0.01,True,5,0.0,0.0001,trivial_augment,,
38560568076095422,False,8,0.0001,1.0,2.0,2.0,20.0,0.1,0.01,0.4,,False,0.001,0.2,0.5,xcit_tiny_24_p8_384_dist,0.9,adamp,10,0.2,8,2,multistep,0.0,0.0,False,10,1e-06,1e-05,auto_augment,"(0.9, 0.999)",v0
2492351157175564,False,8,0.0,1.0,0.5,0.1,0.0,0.1,0.01,0.4,0.65,False,0.0001,2.0,0.5,xcit_small_12_p8_384_dist,0.0,momentum,10,1.0,8,2,cosine,0.0,0.0001,True,5,1e-05,0.01,trivial_augment,,
27603444426931477,True,2,0.001,1.0,0.0,0.25,20.0,0.5,0.1,0.2,0.75,False,0.01,1.0,0.25,edgenext_small,0.9,adam,10,0.2,8,2,multistep,0.1,0.1,True,0,1e-06,0.001,trivial_augment,"(0.9, 0.999)",
46212475535401607,True,512,0.0,10.0,2.0,0.1,20.0,0.1,0.0001,0.3,0.75,True,0.001,0.2,0.25,edgenext_small,0.9,adamw,10,0.8,8,2,multistep,0.0,0.0,False,10,0.0,1e-05,trivial_augment,"(0.0, 0.99)",
3654355395017196,False,2,0.001,10.0,4.0,4.0,10.0,0.1,0.0001,0.0,0.75,False,0.001,2.0,0.25,volo_d5_512,0.9,sgd,10,0.8,8,2,multistep,0.05,0.01,False,0,1e-05,0.001,none,,
64831242553588451,True,64,0.0,10.0,2.0,1.0,0.0,0.1,0.001,0.3,,False,0.0001,2.0,0.75,edgenext_small,0.95,momentum,5,0.0,8,2,plateau,0.0,0.0001,False,0,0.0,0.1,trivial_augment,,
5541039121939873,True,16,0.001,10.0,0.0,0.0,0.0,0.1,0.1,0.1,,False,0.0001,0.4,0.25,mobilevit_xxs,0.9,adamp,2,1.0,8,2,plateau,0.0,0.1,True,0,0.0,1e-05,trivial_augment,"(0.9, 0.999)",
30076049500727126,False,256,0.1,10.0,2.0,1.0,0.0,0.1,0.1,0.0,0.75,False,1e-05,1.0,0.25,edgenext_xx_small,0.95,momentum,10,0.4,8,2,cosine,0.1,0.1,False,10,0.0,1e-05,trivial_augment,,
7437384228324550,False,8,0.001,,2.0,0.0,0.0,0.1,0.0001,0.3,0.65,True,5e-05,1.0,0.0,xcit_tiny_24_p8_384_dist,0.9,adamp,10,1.0,9,2,cosine,0.1,0.0,True,5,1e-06,0.0,random_augment,"(0.9, 0.999)",
2946101864677652,False,4,0.0,,0.0,0.0,0.0,0.1,0.1,0.3,,False,0.005,0.2,0.75,volo_d1_384,0.0,momentum,10,0.6,8,2,cosine,0.05,0.0001,True,5,0.0,0.001,trivial_augment,,
36401331909113571,True,4,0.0001,10.0,0.5,0.1,0.0,0.1,0.01,0.0,,False,0.0001,0.0,0.75,edgenext_small,0.9,adamp,2,0.4,8,2,plateau,0.0,0.0001,True,10,1e-05,0.001,auto_augment,"(0.0, 0.99)",v0
35472567451158114,False,16,0.0001,10.0,2.0,0.25,0.0,0.1,0.01,0.4,,True,0.0005,1.0,1.0,dla46x_c,0.99,momentum,10,1.0,8,2,cosine,0.05,0.1,False,10,0.0,0.001,none,,
35976189678926134,False,8,0.0,10.0,0.0,0.1,0.0,0.1,0.001,0.1,,False,0.005,4.0,0.75,edgenext_x_small,0.9,adam,5,0.4,8,2,plateau,0.1,0.001,True,10,1e-06,0.001,none,"(0.9, 0.999)",
66878489776475585,True,64,0.01,10.0,1.0,0.5,0.0,0.1,0.01,0.1,0.65,True,0.001,0.4,0.75,tf_efficientnet_b4_ns,0.9,adam,10,1.0,8,2,cosine,0.1,0.001,True,5,1e-06,0.01,auto_augment,"(0.9, 0.99)",original
467950589444843310,False,128,0.0001,1.0,1.0,0.1,20.0,0.1,0.01,0.1,,False,0.01,2.0,0.5,mobilevit_xxs,0.9,adamw,10,0.6,17,3,step,0.1,0.0,False,10,1e-06,1e-05,random_augment,"(0.9, 0.99)",
276220529510358474,False,2,0.01,10.0,1.0,2.0,20.0,0.5,0.001,0.3,0.65,True,0.005,0.4,0.0,tf_efficientnet_b7_ns,0.9,adamw,10,0.6,8,2,multistep,0.0,0.0001,False,10,1e-06,0.1,auto_augment,"(0.9, 0.99)",v0
74119346351378482,False,8,0.0001,,2.0,4.0,0.0,0.1,0.1,0.0,0.65,True,0.005,0.4,0.5,volo_d1_384,0.9,adam,10,0.4,8,2,cosine,0.05,0.0,False,10,1e-05,0.1,none,"(0.0, 0.999)",
27899850248331881,True,8,0.001,1.0,0.0,1.0,0.0,0.1,0.0,0.2,0.75,False,5e-05,4.0,0.25,swinv2_base_window12to24_192to384_22kft1k,0.9,adamw,2,0.6,8,2,plateau,0.05,0.1,True,10,1e-06,0.001,none,"(0.0, 0.99)",
4633064515893138,False,16,0.1,1.0,0.5,0.1,10.0,0.1,0.0,0.2,0.65,False,0.001,0.2,0.5,edgenext_x_small,0.9,sgd,10,0.2,8,2,step,0.1,0.01,True,0,1e-06,0.0001,none,,
504243342965321848,False,64,0.0001,1.0,4.0,0.1,10.0,0.5,0.01,0.3,0.75,False,0.0005,8.0,0.25,edgenext_xx_small,0.0,momentum,10,0.6,17,3,multistep,0.1,0.1,True,0,1e-06,0.01,random_augment,,
74201105066257658,False,4,0.001,,0.5,0.1,20.0,0.1,0.0,0.4,,False,0.0001,0.4,0.75,xcit_nano_12_p8_384_dist,0.9,adamp,10,0.0,8,2,step,0.1,0.0,True,10,1e-05,0.1,none,"(0.9, 0.99)",
25574102833433861,True,64,0.0,1.0,2.0,0.1,0.0,0.1,0.001,0.4,,False,0.001,8.0,1.0,mobilevit_xs,0.9,adamw,2,0.2,8,2,plateau,0.05,0.1,False,10,1e-05,0.1,none,"(0.0, 0.999)",
296623674350165603,True,64,0.1,1.0,4.0,0.0,10.0,0.1,0.0,0.4,,False,0.0005,1.0,0.0,xcit_tiny_24_p8_384_dist,0.9,adam,10,1.0,8,2,step,0.0,0.0001,False,0,1e-05,0.0001,none,"(0.0, 0.999)",
262131932839330656,False,2,0.001,1.0,4.0,2.0,10.0,0.1,0.0001,0.4,,False,5e-05,2.0,0.0,mobilevit_xs,0.9,adamp,10,0.6,9,3,step,0.0,0.001,False,5,0.0,0.001,random_augment,"(0.9, 0.999)",
41834983449513042,False,2,0.1,1.0,4.0,2.0,20.0,0.1,0.001,0.0,0.75,False,5e-05,4.0,0.25,xcit_tiny_24_p8_384_dist,0.9,adamw,10,0.0,8,2,step,0.05,0.01,True,10,1e-05,0.1,trivial_augment,"(0.0, 0.99)",
488810752516322827,True,16,0.0,1.0,4.0,2.0,10.0,0.1,0.0,0.4,,False,1e-05,0.0,1.0,swinv2_base_window12to24_192to384_22kft1k,0.0,momentum,10,1.0,17,3,multistep,0.0,0.0001,False,0,0.0,0.001,random_augment,,
26766093433477360,False,8,0.001,1.0,4.0,0.25,0.0,0.1,0.0,0.1,0.65,False,0.001,1.0,1.0,mobilevit_xs,0.95,momentum,10,0.0,8,2,cosine,0.0,0.1,False,5,1e-05,0.01,trivial_augment,,
25944465516831963,True,32,0.01,1.0,2.0,0.1,0.0,0.1,0.1,0.1,0.75,False,0.0001,8.0,1.0,xcit_tiny_12_p8_384_dist,0.9,adam,2,0.6,8,2,plateau,0.0,0.1,True,5,0.0,0.01,trivial_augment,"(0.0, 0.999)",
49900495239374167,True,2,0.001,,4.0,0.1,0.0,0.1,0.0001,0.0,0.65,False,1e-05,1.0,0.25,xcit_small_12_p8_384_dist,0.9,adamw,10,0.0,17,2,cosine,0.0,0.0001,True,10,1e-05,0.1,random_augment,"(0.9, 0.99)",
70441520585904077,True,8,0.1,1.0,2.0,0.5,10.0,0.1,0.001,0.1,0.65,False,5e-05,0.2,0.75,tf_efficientnet_b6_ns,0.9,adamw,10,0.2,8,2,multistep,0.0,0.0,True,5,0.0,1e-05,trivial_augment,"(0.9, 0.99)",
61710114941266577,True,8,0.1,,0.0,2.0,10.0,0.5,0.01,0.2,0.75,False,0.0001,0.2,0.25,xcit_small_12_p8_384_dist,0.9,sgd,10,0.6,8,2,multistep,0.0,0.01,False,0,1e-05,0.0001,auto_augment,,v0
370828638010780347,True,4,0.01,,1.0,0.5,20.0,0.1,0.0001,0.1,0.75,False,0.001,0.2,0.5,volo_d5_512,0.9,adamw,10,1.0,9,3,multistep,0.0,0.001,True,10,1e-06,1e-05,random_augment,"(0.0, 0.999)",
42494261543110606,False,8,0.1,1.0,1.0,0.1,0.0,0.1,0.1,0.1,0.75,False,1e-05,4.0,0.25,beit_base_patch16_384,0.9,adamw,10,0.2,8,2,cosine,0.05,0.001,False,5,1e-06,0.01,auto_augment,"(0.0, 0.99)",original
33513814437272104,False,8,0.0,1.0,2.0,0.5,20.0,0.1,0.0001,0.4,0.65,False,0.0001,0.0,1.0,volo_d1_384,0.9,sgd,10,0.6,8,2,step,0.1,0.01,False,5,1e-05,0.1,auto_augment,,v0
78531012904881787,True,16,0.0,,4.0,1.0,0.0,0.1,0.01,0.2,0.65,False,0.0001,2.0,0.25,tf_efficientnet_b4_ns,0.9,adam,10,0.2,9,3,cosine,0.05,0.1,False,5,0.0,1e-05,random_augment,"(0.0, 0.99)",
277500204429495769,True,2,0.0001,1.0,2.0,0.1,10.0,0.5,0.001,0.1,0.75,False,5e-05,0.0,1.0,tf_efficientnet_b7_ns,0.95,momentum,10,0.0,17,2,multistep,0.05,0.0001,True,5,1e-06,0.01,random_augment,,
37258721114820738,False,16,0.1,10.0,4.0,0.0,0.0,0.1,0.01,0.4,0.75,False,0.001,0.0,1.0,deit3_small_patch16_384_in21ft1k,0.99,momentum,10,0.8,8,2,cosine,0.05,0.01,False,10,1e-06,0.0001,none,,
42452304807101049,True,32,0.0,10.0,2.0,2.0,0.0,0.1,0.01,0.4,0.65,False,1e-05,8.0,0.0,mobilevitv2_075,0.9,adamp,5,0.2,9,2,plateau,0.05,0.1,True,0,1e-06,0.01,random_augment,"(0.0, 0.99)",
346128618415878856,False,64,0.001,1.0,0.5,0.25,10.0,0.5,0.01,0.1,,True,0.001,1.0,0.0,mobilevitv2_075,0.95,momentum,10,0.6,8,2,multistep,0.1,0.0,False,0,1e-06,1e-05,none,,
26609937041407952,False,4,0.0,,0.0,0.1,0.0,0.1,0.001,0.4,0.65,False,1e-05,0.0,0.5,volo_d5_512,0.9,adamw,2,1.0,8,2,plateau,0.05,0.01,False,0,1e-05,0.01,none,"(0.0, 0.999)",
75075199588557691,True,16,0.01,10.0,0.0,2.0,0.0,0.1,0.0001,0.1,,True,0.005,0.2,0.5,xcit_tiny_12_p8_384_dist,0.9,adam,10,0.0,9,3,cosine,0.0,0.1,False,10,1e-06,0.01,random_augment,"(0.0, 0.99)",
45571411304392073,True,8,0.0001,10.0,0.5,0.25,20.0,0.1,0.0,0.0,0.75,False,0.001,4.0,0.75,convnext_small_384_in22ft1k,0.9,sgd,10,1.0,17,2,step,0.05,0.001,True,0,1e-05,0.0001,random_augment,,
38396612500922944,False,64,0.01,,4.0,0.1,0.0,0.1,0.0,0.4,0.75,True,0.001,0.0,0.75,mobilevit_xs,0.99,momentum,2,0.4,8,2,plateau,0.0,0.1,True,0,1e-06,1e-05,trivial_augment,,
5581871035097244,False,16,0.0001,,0.5,0.1,0.0,0.1,0.001,0.0,0.65,True,0.001,2.0,0.75,xcit_tiny_12_p8_384_dist,0.9,adamp,10,0.8,8,2,cosine,0.0,0.001,False,5,0.0,1e-05,none,"(0.9, 0.999)",
66605215038861784,False,8,0.0,,4.0,0.1,10.0,0.5,0.0,0.4,0.75,True,0.001,0.2,1.0,mobilevit_xs,0.9,sgd,10,0.8,8,2,step,0.05,0.1,True,10,0.0,0.01,auto_augment,,original
5939049505148691,True,256,0.001,10.0,2.0,1.0,10.0,0.1,0.0001,0.0,0.75,True,1e-05,0.4,1.0,dla46x_c,0.9,adam,10,1.0,8,2,step,0.1,0.0,True,0,1e-06,1e-05,trivial_augment,"(0.9, 0.999)",
3333786529237148,False,4,0.001,,2.0,0.5,10.0,0.1,0.0001,0.0,,True,0.001,2.0,0.0,edgenext_x_small,0.9,adamp,10,0.0,8,2,multistep,0.0,0.001,False,5,1e-06,0.001,trivial_augment,"(0.9, 0.999)",
71510856028640916,False,16,0.0,10.0,4.0,0.0,10.0,0.1,0.1,0.1,0.75,False,5e-05,0.2,0.5,volo_d1_384,0.9,adam,10,0.4,8,2,step,0.05,0.0001,True,10,1e-05,1e-05,trivial_augment,"(0.9, 0.99)",
7732958486763834,False,2,0.01,,4.0,2.0,0.0,0.1,0.001,0.3,,True,0.01,8.0,0.5,volo_d4_448,0.9,sgd,10,0.6,8,2,cosine,0.05,0.0,True,0,1e-05,0.0,none,,
278970867182455827,True,256,0.1,1.0,0.0,0.1,10.0,0.5,0.01,0.3,0.65,False,0.01,8.0,1.0,edgenext_xx_small,0.9,adam,10,0.4,9,3,multistep,0.05,0.1,False,10,1e-06,0.001,random_augment,"(0.9, 0.999)",
100009027921868204,False,256,0.0,1.0,0.0,0.0,0.0,0.1,0.1,0.2,0.75,False,1e-05,0.0,0.5,edgenext_xx_small,0.9,momentum,10,0.2,9,3,cosine,0.0,0.0001,True,0,0.0,0.001,random_augment,,
149376574559499026,False,256,0.1,10.0,2.0,0.0,10.0,0.5,0.001,0.1,0.65,False,0.0005,0.4,1.0,edgenext_xx_small,0.9,adamp,10,0.4,8,2,multistep,0.05,0.0001,True,10,1e-06,0.001,none,"(0.0, 0.99)",
10888937071557675,True,256,0.0,10.0,4.0,1.0,0.0,0.1,0.0,0.4,0.65,False,0.0005,0.2,0.0,xcit_nano_12_p8_384_dist,0.8,momentum,10,1.0,8,2,cosine,0.1,0.0,True,0,0.0,0.001,none,,
112013816282387542,False,64,0.1,10.0,4.0,0.0,20.0,0.1,0.1,0.0,0.75,True,0.001,8.0,0.25,mobilevit_xs,0.9,adam,10,0.8,8,2,step,0.0,0.0001,True,10,1e-05,1e-05,none,"(0.0, 0.999)",
101607458357647633,True,128,0.0,1.0,4.0,0.1,10.0,0.1,0.1,0.0,0.65,False,0.0001,0.0,0.0,edgenext_x_small,0.9,sgd,10,0.4,17,3,multistep,0.05,0.001,False,10,0.0,0.0001,random_augment,,
24225502552867737,True,32,0.0001,10.0,4.0,1.0,0.0,0.1,0.001,0.4,,False,0.005,1.0,0.25,xcit_small_12_p8_384_dist,0.9,adamw,10,1.0,8,2,cosine,0.1,0.1,False,10,1e-05,0.0,trivial_augment,"(0.9, 0.99)",
23606374714461929,True,64,0.0001,,0.0,0.5,0.0,0.1,0.01,0.0,0.75,True,0.005,0.2,0.0,volo_d4_448,0.9,adamw,10,1.0,8,2,cosine,0.05,0.01,False,5,1e-06,0.0,trivial_augment,"(0.9, 0.99)",
13182973561186807,True,128,0.01,1.0,0.0,0.5,0.0,0.1,0.001,0.3,0.65,True,5e-05,0.2,1.0,mobilevit_xs,0.9,adamp,10,0.4,8,2,cosine,0.1,0.01,True,0,1e-05,0.0001,none,"(0.0, 0.99)",
103077000897014280,False,128,0.0001,10.0,0.5,0.1,10.0,0.1,0.0,0.2,,True,5e-05,4.0,0.75,mobilevitv2_075,0.9,adamw,10,0.6,8,2,step,0.05,0.0,False,0,1e-06,1e-05,trivial_augment,"(0.0, 0.999)",
11437947111136156,False,512,0.0,,1.0,0.1,0.0,0.1,0.0001,0.3,0.65,True,1e-05,4.0,1.0,edgenext_xx_small,0.9,adamw,10,0.8,8,2,cosine,0.05,0.001,False,5,1e-06,0.001,trivial_augment,"(0.0, 0.99)",
10811510091902851,True,16,0.01,1.0,0.0,0.25,0.0,0.1,0.0,0.0,0.75,False,0.001,1.0,0.0,convnext_small_384_in22ft1k,0.9,adamp,2,0.4,8,2,plateau,0.05,0.0,False,0,0.0,0.001,none,"(0.0, 0.99)",
15646635217799955,True,32,0.001,1.0,0.5,0.1,20.0,0.1,0.1,0.3,0.75,False,1e-05,0.0,1.0,edgenext_x_small,0.9,sgd,10,0.8,8,2,multistep,0.1,0.001,False,10,1e-06,0.0,none,,
10773965073974229,True,32,0.0,10.0,1.0,0.0,0.0,0.1,0.001,0.1,,False,5e-05,4.0,0.75,swinv2_base_window12to24_192to384_22kft1k,0.9,adamw,10,1.0,9,2,cosine,0.0,0.01,True,10,1e-05,0.01,random_augment,"(0.0, 0.99)",
20147638080695770,False,64,0.0,10.0,4.0,0.25,10.0,0.5,0.0001,0.1,0.75,True,0.01,4.0,0.75,deit3_small_patch16_384_in21ft1k,0.9,sgd,10,1.0,8,2,multistep,0.1,0.001,False,10,1e-05,0.001,none,,
23559455885422150,False,64,0.0,,1.0,0.5,0.0,0.1,0.1,0.2,,False,0.01,0.2,1.0,edgenext_x_small,0.9,sgd,10,0.0,8,2,cosine,0.05,0.0,False,5,1e-06,0.0,auto_augment,,original
128168041257212149,True,2,0.0001,10.0,0.0,4.0,20.0,0.5,0.01,0.4,0.65,False,1e-05,2.0,0.0,deit3_small_patch16_384_in21ft1k,0.9,adamw,10,1.0,8,2,multistep,0.1,0.001,False,10,1e-05,1e-05,trivial_augment,"(0.0, 0.999)",
1910111578727670,False,2,0.0,,0.5,0.1,0.0,0.1,0.001,0.4,0.75,True,0.01,0.2,1.0,tf_efficientnet_b4_ns,0.9,adam,2,0.8,8,2,plateau,0.0,0.001,True,0,1e-06,0.01,trivial_augment,"(0.9, 0.999)",
158033801858827187,True,64,0.001,1.0,0.0,2.0,0.0,0.1,0.01,0.2,0.75,False,0.0001,1.0,1.0,edgenext_xx_small,0.9,adam,2,0.0,9,3,plateau,0.05,0.01,False,0,0.0,0.0001,random_augment,"(0.0, 0.999)",
19080150657054669,True,32,0.0,,2.0,0.0,0.0,0.1,0.01,0.4,0.75,True,0.001,0.4,0.25,mobilevit_xxs,0.9,momentum,10,0.6,8,2,cosine,0.1,0.0001,False,5,0.0,0.001,trivial_augment,,
21439653640505589,True,4,0.001,,0.0,2.0,0.0,0.1,0.0001,0.4,0.65,False,0.001,1.0,0.0,xcit_nano_12_p8_384_dist,0.9,adamw,10,0.6,8,2,cosine,0.0,0.1,True,5,1e-05,0.0001,none,"(0.9, 0.99)",
20585851645193958,False,128,0.001,10.0,4.0,0.25,0.0,0.1,0.001,0.4,0.65,True,0.005,0.0,0.25,xcit_small_12_p8_384_dist,0.9,adamp,10,1.0,8,2,cosine,0.0,0.001,False,10,0.0,0.0001,auto_augment,"(0.9, 0.999)",original
25962992569025264,False,4,0.1,1.0,0.0,4.0,20.0,0.5,0.0,0.3,,False,0.0001,4.0,1.0,convnext_small_384_in22ft1k,0.9,adamw,10,0.0,8,2,multistep,0.05,0.0,False,10,0.0,0.01,none,"(0.9, 0.999)",
12110139333592122,False,128,0.0,,2.0,4.0,20.0,0.1,0.1,0.3,0.75,True,1e-05,8.0,0.25,edgenext_xx_small,0.9,sgd,10,1.0,8,2,step,0.0,0.001,True,10,1e-05,0.001,none,,
21257293049283397,True,128,0.01,10.0,0.0,0.1,10.0,0.5,0.0001,0.1,,True,0.005,4.0,0.0,mobilevit_xxs,0.9,adamw,10,0.2,8,2,multistep,0.1,0.0001,True,0,1e-05,0.0001,none,"(0.9, 0.999)",
131938756735715675,True,512,0.0001,,1.0,1.0,10.0,0.1,0.0001,0.2,0.65,False,0.005,8.0,1.0,edgenext_small,0.9,adamw,10,1.0,17,2,multistep,0.0,0.1,False,0,1e-05,0.01,random_augment,"(0.9, 0.999)",
174957012698264511,True,256,0.001,,2.0,4.0,0.0,0.1,0.1,0.4,,False,0.0005,0.0,0.5,edgenext_x_small,0.9,adamw,5,0.0,8,2,plateau,0.05,0.0001,False,10,1e-06,0.0001,none,"(0.0, 0.999)",
116520882588354118,False,8,0.01,1.0,0.5,2.0,10.0,0.1,0.001,0.2,,True,0.0001,4.0,0.0,volo_d1_384,0.9,adamp,10,1.0,8,2,multistep,0.05,0.0001,True,10,0.0,0.001,auto_augment,"(0.0, 0.99)",original
176652949159987498,False,64,0.0001,10.0,1.0,1.0,0.0,0.1,0.0,0.2,0.75,True,0.01,4.0,0.0,convnext_small_384_in22ft1k,0.9,adam,5,0.8,8,2,plateau,0.05,0.1,False,5,1e-05,1e-05,none,"(0.0, 0.999)",
2335768244017890,False,16,0.01,1.0,1.0,0.1,0.0,0.1,0.01,0.2,0.65,False,1e-05,0.0,0.0,edgenext_xx_small,0.9,adamp,10,0.2,8,2,cosine,0.1,0.0,True,0,1e-05,0.01,trivial_augment,"(0.9, 0.999)",
16052101896739666,False,8,0.1,10.0,2.0,0.0,0.0,0.1,0.001,0.2,,True,0.0001,4.0,1.0,deit3_small_patch16_384_in21ft1k,0.9,adam,2,0.0,8,2,plateau,0.1,0.1,True,5,1e-05,0.0,none,"(0.0, 0.99)",
23115107797404493,True,128,0.0,1.0,1.0,0.5,0.0,0.1,0.0001,0.3,,True,1e-05,2.0,0.25,edgenext_xx_small,0.9,adam,10,0.8,8,2,cosine,0.1,0.0,False,5,0.0,0.0,none,"(0.9, 0.99)",
10788417221903471,True,64,0.0,10.0,4.0,0.1,0.0,0.1,0.01,0.2,0.65,True,0.001,4.0,0.25,edgenext_small,0.8,momentum,10,0.4,8,2,cosine,0.0,0.1,True,10,1e-05,0.01,trivial_augment,,
26565890622420210,False,16,0.01,,0.0,4.0,0.0,0.1,0.001,0.3,0.75,False,5e-05,4.0,1.0,edgenext_xx_small,0.95,momentum,10,1.0,8,2,cosine,0.1,0.0,False,0,1e-05,0.01,trivial_augment,,
17457119449551639,True,32,0.0,1.0,1.0,2.0,10.0,0.5,0.0001,0.3,0.65,True,5e-05,0.2,0.5,volo_d4_448,0.9,sgd,10,1.0,8,2,multistep,0.05,0.01,False,10,1e-05,0.1,trivial_augment,,
110116838944006708,False,8,0.01,10.0,0.5,0.25,0.0,0.1,0.001,0.1,0.75,False,1e-05,0.0,0.5,beit_base_patch16_384,0.9,adamp,10,0.0,17,3,cosine,0.1,0.1,True,5,1e-06,0.0001,random_augment,"(0.0, 0.99)",
11387363928871960,False,64,0.0,,0.0,0.25,0.0,0.1,0.0001,0.3,,True,0.001,2.0,1.0,edgenext_small,0.8,momentum,10,0.2,8,2,cosine,0.0,0.1,True,0,1e-06,0.001,trivial_augment,,
10352535153795282,False,128,0.0,1.0,4.0,4.0,0.0,0.1,0.0,0.4,0.75,False,1e-05,0.2,0.25,edgenext_small,0.9,adam,10,0.6,8,2,cosine,0.0,0.0,False,0,1e-05,0.01,none,"(0.0, 0.99)",
28489884510189696,False,16,0.0,1.0,0.0,4.0,0.0,0.1,0.001,0.3,0.75,False,0.001,8.0,0.0,edgenext_xx_small,0.9,sgd,5,0.6,17,2,plateau,0.1,0.01,True,0,0.0,0.0001,random_augment,,
22931267188577388,False,16,0.1,,2.0,0.25,0.0,0.1,0.0001,0.4,0.65,True,0.001,8.0,1.0,edgenext_small,0.9,adamw,10,1.0,8,2,cosine,0.05,0.01,True,10,1e-05,1e-05,none,"(0.9, 0.99)",
218330927007223639,True,128,0.001,,1.0,0.1,0.0,0.1,0.0001,0.0,0.75,True,0.001,2.0,0.75,xcit_tiny_12_p8_384_dist,0.8,momentum,5,1.0,9,3,plateau,0.05,0.001,False,0,1e-05,0.0,random_augment,,
155843416134499681,True,2,0.0,,4.0,0.5,0.0,0.1,0.1,0.0,0.65,False,0.0001,0.0,0.75,edgenext_small,0.9,adamw,5,0.0,8,2,plateau,0.05,0.001,True,0,1e-06,0.01,auto_augment,"(0.9, 0.99)",v0
16648436599074144,False,2,0.01,,1.0,0.25,0.0,0.1,0.01,0.2,0.75,False,0.0005,0.2,0.25,beit_base_patch16_384,0.9,adamp,10,0.2,8,2,cosine,0.1,0.1,True,10,0.0,0.1,trivial_augment,"(0.9, 0.99)",
200069869664104791,True,256,0.001,,1.0,0.25,10.0,0.1,0.001,0.3,0.65,True,0.0001,8.0,0.75,edgenext_xx_small,0.9,adam,10,0.2,17,2,step,0.05,0.0,True,5,0.0,1e-05,random_augment,"(0.9, 0.99)",
118002964992407416,False,64,0.001,10.0,1.0,2.0,0.0,0.1,0.0,0.4,0.65,False,0.01,2.0,1.0,deit3_small_patch16_384_in21ft1k,0.9,adamw,10,0.8,17,3,cosine,0.05,0.0,True,0,1e-06,0.0001,random_augment,"(0.9, 0.99)",
21736742838707507,True,8,0.1,10.0,0.0,0.5,10.0,0.5,0.1,0.3,0.65,False,1e-05,1.0,0.0,xcit_nano_12_p8_384_dist,0.9,adamp,10,0.6,8,2,step,0.1,0.01,True,0,0.0,1e-05,none,"(0.9, 0.999)",
27648290900703266,False,32,0.0001,,1.0,0.5,20.0,0.5,0.1,0.2,0.75,False,5e-05,0.4,0.75,edgenext_x_small,0.9,adam,10,0.0,8,2,multistep,0.1,0.001,False,5,1e-06,0.001,trivial_augment,"(0.9, 0.999)",
138930109444715454,False,2,0.01,1.0,2.0,1.0,20.0,0.1,0.1,0.1,,False,0.0005,4.0,0.75,mobilevit_xs,0.9,adamp,10,1.0,17,2,multistep,0.0,0.0,False,10,1e-05,0.1,random_augment,"(0.9, 0.999)",
226051396398869710,False,8,0.001,10.0,1.0,0.0,20.0,0.1,0.001,0.0,0.65,False,0.0005,0.2,1.0,swinv2_base_window12to24_192to384_22kft1k,0.9,adam,10,1.0,8,2,multistep,0.0,0.001,True,0,1e-06,0.0,none,"(0.9, 0.99)",
11783175941101221,True,32,0.1,10.0,2.0,0.1,0.0,0.1,0.0001,0.4,,True,0.005,0.0,0.0,mobilevit_xs,0.9,adamw,10,1.0,8,2,cosine,0.05,0.0,True,0,1e-05,0.001,none,"(0.0, 0.99)",
11940094980237245,True,8,0.0,10.0,2.0,2.0,20.0,0.1,0.001,0.0,0.65,False,5e-05,0.4,0.5,deit3_small_patch16_384_in21ft1k,0.9,sgd,10,1.0,9,2,step,0.1,0.0,True,5,1e-05,0.001,random_augment,,
226602312480318514,False,8,0.0,10.0,4.0,4.0,0.0,0.1,0.0001,0.2,0.65,False,0.005,0.4,1.0,tf_efficientnet_b4_ns,0.99,momentum,5,0.8,8,2,plateau,0.1,0.01,False,5,1e-05,0.0,none,,
250696852504248092,False,256,0.0001,10.0,4.0,4.0,0.0,0.1,0.0001,0.3,,True,1e-05,0.2,1.0,edgenext_xx_small,0.0,momentum,2,0.8,17,3,plateau,0.1,0.1,True,10,1e-06,0.0,random_augment,,
1335617223546340,False,64,0.0,,4.0,2.0,0.0,0.1,0.001,0.1,0.65,False,0.0001,0.2,0.75,dla46x_c,0.9,sgd,10,0.4,9,2,cosine,0.0,0.1,True,10,1e-05,0.1,random_augment,,
19193568134964457,True,128,0.01,,1.0,0.25,0.0,0.1,0.0001,0.0,,True,0.0001,1.0,0.5,edgenext_x_small,0.9,adamw,2,1.0,8,2,plateau,0.0,0.1,True,5,0.0,0.001,auto_augment,"(0.9, 0.999)",original
181539043793819219,True,64,0.0001,,1.0,2.0,0.0,0.1,0.0,0.2,0.65,False,1e-05,0.0,0.0,xcit_tiny_12_p8_384_dist,0.9,adam,5,1.0,9,3,plateau,0.0,0.0,False,5,1e-06,0.001,random_augment,"(0.9, 0.99)",
27891141001938393,True,256,0.0001,1.0,0.5,1.0,0.0,0.1,0.001,0.3,,False,0.01,1.0,1.0,mobilevit_xxs,0.95,momentum,10,1.0,8,2,cosine,0.0,0.1,True,10,1e-06,0.001,none,,
154590455530445856,False,16,0.0,,0.0,0.1,0.0,0.1,0.001,0.0,,False,0.001,4.0,0.5,mobilevit_xxs,0.99,momentum,10,0.4,17,3,cosine,0.0,0.1,False,5,1e-06,0.1,random_augment,,
107522673953550556,False,8,0.1,10.0,0.0,0.5,20.0,0.1,0.0001,0.1,0.65,True,1e-05,1.0,0.75,edgenext_xx_small,0.9,adamw,10,0.4,8,2,step,0.1,0.0001,True,10,1e-06,0.01,trivial_augment,"(0.0, 0.999)",
239753828509426483,True,16,0.001,1.0,0.0,0.0,20.0,0.1,0.0,0.2,0.75,False,0.005,4.0,0.5,edgenext_xx_small,0.9,adam,10,0.8,8,2,multistep,0.05,0.0,False,10,1e-06,0.0001,auto_augment,"(0.9, 0.99)",original
16325264048050648,False,64,0.0001,,0.5,4.0,10.0,0.5,0.0001,0.0,0.75,True,1e-05,2.0,0.75,mobilevit_xs,0.9,sgd,10,0.2,8,2,step,0.0,0.01,True,0,0.0,0.1,trivial_augment,,
11909134961702602,False,512,0.001,,0.0,0.25,0.0,0.1,0.01,0.3,0.75,False,1e-05,0.2,0.5,edgenext_xx_small,0.8,momentum,10,1.0,8,2,cosine,0.1,0.01,False,5,1e-05,0.001,trivial_augment,,
2475838943182712,False,4,0.0,10.0,4.0,0.0,0.0,0.1,0.0,0.3,0.65,False,0.01,8.0,1.0,swinv2_base_window12to24_192to384_22kft1k,0.0,momentum,10,0.4,8,2,cosine,0.0,0.0,True,5,1e-05,0.01,trivial_augment,,
23640271769612557,True,2,0.001,,0.5,0.5,0.0,0.1,0.1,0.3,0.75,False,0.0005,2.0,0.25,mobilevit_xs,0.9,adamp,10,0.8,8,2,cosine,0.1,0.0,True,5,1e-06,0.0,none,"(0.9, 0.99)",
159966942169119733,True,2,0.1,10.0,4.0,4.0,0.0,0.1,0.01,0.2,,False,5e-05,1.0,0.25,beit_base_patch16_384,0.99,momentum,10,1.0,17,3,cosine,0.05,0.001,False,5,1e-06,1e-05,random_augment,,
281540830841934435,True,32,0.001,1.0,0.0,0.0,10.0,0.5,0.01,0.3,,True,0.01,0.0,0.0,convnext_small_384_in22ft1k,0.9,adam,10,1.0,9,3,step,0.1,0.0,True,5,1e-06,1e-05,random_augment,"(0.9, 0.999)",
20891700959024672,False,32,0.01,10.0,4.0,4.0,10.0,0.5,0.0001,0.2,0.65,True,0.005,2.0,0.25,beit_base_patch16_384,0.9,adamw,10,0.8,8,2,step,0.05,0.001,False,5,1e-06,0.0001,trivial_augment,"(0.9, 0.999)",
2199919828619323,True,2,0.1,1.0,2.0,0.1,0.0,0.1,0.0,0.3,,False,0.001,4.0,0.5,swinv2_base_window12to24_192to384_22kft1k,0.9,sgd,2,0.6,8,2,plateau,0.05,0.0001,True,10,1e-06,0.01,none,,
21901950511614563,True,8,0.0001,,1.0,2.0,10.0,0.5,0.0001,0.0,,False,5e-05,0.4,0.25,beit_large_patch16_512,0.9,sgd,10,1.0,8,2,step,0.1,0.1,True,5,0.0,1e-05,trivial_augment,,
1105089737209499,True,64,0.0001,10.0,1.0,0.1,0.0,0.1,0.01,0.1,0.65,False,1e-05,0.2,0.0,xcit_small_12_p8_384_dist,0.0,momentum,2,1.0,8,2,plateau,0.05,0.01,False,5,1e-05,0.1,none,,
1099962669237705,True,32,0.001,1.0,0.5,4.0,0.0,0.1,0.1,0.2,0.75,False,0.01,0.4,0.25,edgenext_small,0.9,adam,2,0.8,8,2,plateau,0.0,0.01,False,5,1e-05,0.1,none,"(0.9, 0.999)",
116136094268198836,False,64,0.001,1.0,0.0,1.0,0.0,0.1,0.01,0.4,0.65,False,0.0001,0.2,0.75,mobilevit_xxs,0.9,adam,5,0.2,17,2,plateau,0.1,0.0,False,0,0.0,0.001,random_augment,"(0.9, 0.99)",
25294076598476883,True,4,0.0,,4.0,1.0,0.0,0.1,0.01,0.3,,False,0.0001,8.0,1.0,xcit_tiny_12_p8_384_dist,0.9,adamp,2,0.2,8,2,plateau,0.1,0.0,True,0,1e-05,0.1,none,"(0.0, 0.999)",
169044412172387709,True,4,0.001,10.0,1.0,1.0,10.0,0.5,0.1,0.3,0.65,False,0.0005,0.0,0.25,volo_d4_448,0.9,adamp,10,0.6,8,2,step,0.05,0.001,True,5,0.0,0.0,auto_augment,"(0.0, 0.99)",original
1985889555218941,True,16,0.01,10.0,0.0,0.25,0.0,0.1,0.0,0.4,0.75,False,0.005,2.0,0.75,xcit_small_12_p8_384_dist,0.9,sgd,10,0.6,8,2,cosine,0.05,0.001,False,5,1e-06,0.01,none,,
20460584650551988,False,8,0.01,1.0,1.0,1.0,0.0,0.1,0.0,0.3,0.75,False,0.001,2.0,1.0,volo_d4_448,0.9,adam,10,0.8,9,2,cosine,0.1,0.01,False,5,0.0,0.0001,random_augment,"(0.9, 0.99)",
10133724969552028,False,8,0.01,1.0,4.0,2.0,0.0,0.1,0.001,0.1,,False,5e-05,2.0,0.5,xcit_tiny_24_p8_384_dist,0.9,adamp,10,0.8,8,2,cosine,0.05,0.0,True,5,1e-06,0.01,trivial_augment,"(0.0, 0.99)",
154173426636080179,True,2,0.0001,1.0,0.5,0.25,0.0,0.1,0.1,0.3,0.75,False,0.0005,8.0,0.0,volo_d1_384,0.9,adamw,2,0.4,9,3,plateau,0.0,0.0001,True,5,0.0,0.1,random_augment,"(0.0, 0.999)",
23946274141336607,True,8,0.1,1.0,1.0,0.5,0.0,0.1,0.01,0.1,0.65,True,5e-05,0.0,0.75,swinv2_base_window12to24_192to384_22kft1k,0.9,adamw,10,0.8,8,2,cosine,0.0,0.0001,True,0,1e-05,0.0,trivial_augment,"(0.9, 0.99)",
127242410490938693,True,64,0.1,1.0,0.5,0.5,20.0,0.5,0.1,0.2,0.65,False,0.01,0.4,0.25,edgenext_x_small,0.9,adamp,10,0.4,8,2,multistep,0.0,0.0001,False,10,0.0,1e-05,none,"(0.0, 0.999)",
14263450057799137,True,2,0.001,1.0,2.0,0.0,0.0,0.1,0.1,0.3,0.75,False,0.0001,1.0,0.75,volo_d5_512,0.9,adamw,10,0.8,8,2,cosine,0.1,0.0,False,10,1e-06,1e-05,none,"(0.0, 0.99)",
16288678898078298,False,16,0.1,10.0,1.0,0.25,0.0,0.1,0.0001,0.3,0.75,False,0.0005,8.0,0.25,deit3_small_patch16_384_in21ft1k,0.9,adamw,10,0.6,8,2,cosine,0.1,0.0,True,0,0.0,0.1,none,"(0.9, 0.99)",
11098183103667002,False,4,0.0,1.0,2.0,4.0,0.0,0.1,0.0,0.2,0.75,False,0.001,0.4,1.0,edgenext_xx_small,0.9,adam,10,0.0,8,2,cosine,0.1,0.1,True,5,0.0,0.001,none,"(0.0, 0.99)",
19486726492200184,False,64,0.01,10.0,1.0,0.0,10.0,0.5,0.01,0.4,0.75,False,0.0001,0.2,1.0,edgenext_xx_small,0.0,momentum,10,0.0,8,2,multistep,0.1,0.01,True,0,1e-06,0.001,none,,
118565694800548760,False,4,0.0001,1.0,0.0,0.5,10.0,0.5,0.001,0.1,,False,5e-05,0.0,0.25,volo_d3_448,0.9,adam,10,0.4,8,2,multistep,0.1,0.001,False,5,1e-05,0.0001,none,"(0.0, 0.999)",
102307278919694904,False,2,0.01,10.0,0.5,0.1,10.0,0.1,0.001,0.2,0.75,False,1e-05,1.0,0.0,xcit_small_12_p8_384_dist,0.95,momentum,10,0.0,8,2,multistep,0.0,0.1,True,0,1e-05,0.0001,trivial_augment,,
235457002517759433,True,32,0.01,10.0,1.0,0.1,20.0,0.1,0.01,0.0,0.65,False,0.01,4.0,0.25,convnext_small_384_in22ft1k,0.9,adam,10,0.8,17,2,step,0.0,0.1,False,0,1e-06,0.1,random_augment,"(0.0, 0.999)",
194144419085842112,False,256,0.0001,1.0,1.0,2.0,20.0,0.5,0.0001,0.2,0.65,True,0.005,1.0,0.25,edgenext_x_small,0.9,adam,10,1.0,17,2,step,0.05,0.0,False,5,1e-05,0.0,random_augment,"(0.0, 0.99)",
111263541450704232,False,16,0.001,10.0,2.0,0.1,20.0,0.1,0.01,0.1,0.75,False,0.0005,0.2,0.0,mobilevit_xs,0.9,adamw,10,0.6,8,2,step,0.0,0.0001,True,0,1e-06,1e-05,trivial_augment,"(0.0, 0.999)",
104995057150770613,True,16,0.001,,0.5,1.0,0.0,0.1,0.0,0.4,0.65,True,0.01,1.0,0.75,xcit_tiny_12_p8_384_dist,0.9,adamp,10,0.2,17,3,cosine,0.05,0.01,True,0,1e-05,0.0,random_augment,"(0.9, 0.999)",
264927589645102851,True,4,0.0001,1.0,1.0,0.25,10.0,0.1,0.001,0.0,0.65,False,0.01,1.0,0.75,mobilevitv2_075,0.9,adamw,10,0.8,9,3,step,0.05,0.01,True,5,0.0,1e-05,random_augment,"(0.9, 0.999)",
241575351631321,True,128,0.0001,1.0,0.0,0.1,0.0,0.1,0.01,0.3,,False,0.0001,4.0,0.5,edgenext_xx_small,0.9,sgd,10,0.6,8,2,cosine,0.0,0.0001,True,5,0.0,0.1,trivial_augment,,
21127296293298657,True,32,0.0001,10.0,0.0,1.0,10.0,0.5,0.001,0.2,,False,5e-05,0.4,0.0,mobilevitv2_075,0.9,adamp,10,0.2,8,2,multistep,0.0,0.01,True,10,1e-06,0.0001,trivial_augment,"(0.9, 0.999)",
21687428608350108,False,16,0.1,10.0,0.0,1.0,10.0,0.5,0.0,0.0,0.65,False,1e-05,2.0,0.5,tf_efficientnet_b4_ns,0.9,sgd,10,0.4,8,2,multistep,0.05,0.0,True,0,0.0,1e-05,trivial_augment,,
15760724645931252,False,16,0.001,10.0,4.0,4.0,20.0,0.1,0.01,0.1,0.65,True,0.01,8.0,0.75,mobilevit_xs,0.9,adam,10,0.8,8,2,step,0.05,0.0,False,0,1e-05,0.0,trivial_augment,"(0.9, 0.999)",
26497325511095247,True,32,0.0001,,0.5,4.0,20.0,0.5,0.01,0.1,0.65,False,5e-05,4.0,0.25,convnext_small_384_in22ft1k,0.9,sgd,10,0.4,8,2,step,0.0,0.0001,True,10,1e-06,0.01,trivial_augment,,
13753275745931338,False,8,0.01,,4.0,0.5,0.0,0.1,0.0001,0.0,0.65,True,0.0005,0.2,0.25,xcit_nano_12_p8_384_dist,0.9,sgd,10,0.8,8,2,cosine,0.1,0.0001,True,5,0.0,1e-05,auto_augment,,v0
12704002400115217,True,2,0.001,1.0,1.0,0.0,0.0,0.1,0.1,0.0,0.65,False,0.001,0.2,0.5,volo_d1_384,0.9,adamw,10,0.6,8,2,cosine,0.1,0.0001,True,0,1e-06,0.0001,auto_augment,"(0.9, 0.999)",v0
169034562632955539,True,64,0.0001,,2.0,1.0,10.0,0.1,0.01,0.3,,False,5e-05,0.4,1.0,edgenext_small,0.9,adamw,10,0.8,17,2,step,0.1,0.0001,True,5,0.0,0.0,random_augment,"(0.0, 0.99)",
21776789814692358,False,128,0.001,,2.0,4.0,10.0,0.5,0.01,0.0,,False,0.01,2.0,0.5,edgenext_xx_small,0.9,sgd,10,0.8,8,2,step,0.05,0.0001,False,5,0.0,1e-05,none,,
129262404241726187,True,8,0.1,1.0,0.5,2.0,20.0,0.5,0.0,0.1,,False,0.0005,8.0,0.25,beit_base_patch16_384,0.9,adamw,10,0.0,8,2,multistep,0.1,0.0,True,0,1e-05,0.0,none,"(0.0, 0.999)",
24236083759159211,True,8,0.001,,0.5,0.1,0.0,0.1,0.1,0.2,,False,0.0005,2.0,0.25,mobilevit_xs,0.9,sgd,10,0.6,8,2,cosine,0.05,0.0,True,10,1e-05,0.0,auto_augment,,original
15909738547967298,False,2,0.0001,,4.0,0.0,0.0,0.1,0.1,0.0,0.65,False,0.0001,0.0,0.75,volo_d1_384,0.9,adam,10,0.8,8,2,cosine,0.05,0.0,False,5,1e-05,0.0,none,"(0.0, 0.99)",
20555342280616617,True,32,0.0001,,1.0,0.25,0.0,0.1,0.0,0.0,,True,5e-05,8.0,0.5,convnext_small_384_in22ft1k,0.9,adamp,10,0.4,8,2,cosine,0.0,0.0,False,10,0.0,0.0001,auto_augment,"(0.9, 0.999)",original
11117417054695805,True,64,0.01,1.0,0.0,0.1,0.0,0.1,0.01,0.3,,True,5e-05,1.0,0.75,edgenext_x_small,0.9,adamp,10,0.2,9,2,cosine,0.0,0.0001,False,10,0.0,0.001,random_augment,"(0.0, 0.99)",
2381421404794326,False,16,0.0,,0.5,1.0,0.0,0.1,0.1,0.2,,False,0.001,2.0,0.0,beit_base_patch16_384,0.9,adamp,10,1.0,8,2,cosine,0.1,0.01,True,0,1e-05,0.01,trivial_augment,"(0.9, 0.999)",
199695989703079301,True,8,0.001,1.0,0.5,1.0,10.0,0.1,0.001,0.1,0.75,False,0.0001,0.0,1.0,xcit_tiny_24_p8_384_dist,0.9,adamw,10,0.4,17,2,multistep,0.05,0.0,False,10,1e-05,0.0001,random_augment,"(0.9, 0.99)",
121887850973708991,True,4,0.0001,,0.5,0.1,0.0,0.1,0.0,0.1,0.75,False,0.005,0.4,0.0,beit_base_patch16_384,0.9,adamw,5,1.0,8,2,plateau,0.0,0.1,False,10,0.0,0.1,none,"(0.0, 0.99)",
20933179454489135,True,8,0.0,10.0,0.0,0.25,0.0,0.1,0.0001,0.1,,False,1e-05,0.0,0.25,convnext_small_384_in22ft1k,0.9,adam,2,0.2,8,2,plateau,0.0,0.0,True,5,1e-06,0.0001,trivial_augment,"(0.9, 0.99)",
13893582415587066,False,2,0.001,1.0,1.0,2.0,0.0,0.1,0.1,0.1,,False,0.01,0.4,0.0,volo_d4_448,0.9,adamp,10,1.0,8,2,cosine,0.0,0.0001,True,10,0.0,1e-05,trivial_augment,"(0.0, 0.99)",
176511087123545379,True,4,0.001,,1.0,0.5,20.0,0.5,0.01,0.1,0.75,False,5e-05,0.4,0.75,volo_d3_448,0.9,adam,10,1.0,8,2,step,0.0,0.0,True,0,1e-05,1e-05,none,"(0.0, 0.99)",
196271372986212928,False,8,0.01,10.0,1.0,0.5,0.0,0.1,0.1,0.2,0.75,False,5e-05,0.2,0.25,volo_d1_384,0.9,adamp,2,0.4,17,3,plateau,0.0,0.001,False,0,1e-06,0.01,random_augment,"(0.9, 0.999)",
105013217140971445,True,2,0.01,,1.0,0.25,10.0,0.1,0.0001,0.3,0.75,True,5e-05,0.0,0.5,convnext_small_384_in22ft1k,0.9,adamp,10,0.4,8,2,multistep,0.05,0.1,True,0,1e-05,0.0,none,"(0.0, 0.99)",
26819738879375564,False,32,0.001,1.0,4.0,0.0,0.0,0.1,0.0,0.4,,False,0.0005,4.0,0.25,mobilevit_xxs,0.9,sgd,5,0.8,8,2,plateau,0.05,0.001,True,5,1e-05,0.01,none,,
119712160119952948,False,8,0.01,1.0,0.0,4.0,0.0,0.1,0.0001,0.2,,False,0.001,1.0,0.0,mobilevitv2_075,0.9,adamp,5,0.6,17,2,plateau,0.0,0.1,True,10,1e-06,1e-05,random_augment,"(0.9, 0.99)",
114058920770985618,False,2,0.0001,10.0,0.5,2.0,10.0,0.5,0.01,0.0,0.65,False,0.0005,0.2,1.0,volo_d1_384,0.9,adamp,10,0.4,8,2,step,0.05,0.001,False,5,1e-06,0.1,none,"(0.0, 0.999)",
119031171114787024,False,8,0.0,,0.5,4.0,10.0,0.5,0.1,0.2,,False,0.01,8.0,0.0,mobilevit_xxs,0.9,adamw,10,0.8,8,2,multistep,0.1,0.01,False,5,0.0,1e-05,trivial_augment,"(0.0, 0.999)",
26080401504892401,True,32,0.1,1.0,4.0,0.5,0.0,0.1,0.1,0.3,0.75,False,0.0001,1.0,0.5,dla46x_c,0.9,adamp,10,0.4,9,2,cosine,0.05,0.01,True,10,0.0,0.01,random_augment,"(0.0, 0.999)",
146121860656657875,True,4,0.1,,0.0,0.25,0.0,0.1,0.1,0.0,0.65,False,5e-05,2.0,0.25,mobilevit_xs,0.95,momentum,5,0.4,17,2,plateau,0.05,0.1,True,5,0.0,0.1,random_augment,,
21825815055989940,False,2,0.0,,1.0,4.0,0.0,0.1,0.01,0.1,,False,1e-05,0.2,0.0,tf_efficientnet_b6_ns,0.9,momentum,10,0.8,9,2,cosine,0.1,0.1,False,5,0.0,1e-05,random_augment,,
26701769097049573,True,2,0.1,1.0,2.0,2.0,0.0,0.1,0.01,0.1,,False,5e-05,0.4,0.0,deit3_small_patch16_384_in21ft1k,0.9,adam,10,0.8,8,2,cosine,0.1,0.1,True,0,1e-05,0.01,trivial_augment,"(0.0, 0.999)",
106357444633534921,True,16,0.01,10.0,4.0,1.0,20.0,0.1,0.1,0.3,,False,0.0005,1.0,0.25,xcit_tiny_24_p8_384_dist,0.9,adamw,10,0.4,8,2,step,0.0,0.1,True,0,1e-05,0.1,none,"(0.0, 0.999)",
2957212135268878,False,8,0.01,10.0,1.0,1.0,0.0,0.1,0.0001,0.4,0.75,False,0.001,2.0,0.5,edgenext_small,0.9,adamp,10,0.6,9,2,cosine,0.0,0.001,True,5,0.0,0.001,random_augment,"(0.9, 0.999)",
22763090824607434,False,8,0.0,1.0,1.0,1.0,10.0,0.5,0.01,0.2,0.75,False,0.0001,4.0,0.75,convnext_small_384_in22ft1k,0.9,adamp,10,0.8,8,2,multistep,0.0,0.001,True,5,1e-05,1e-05,none,"(0.9, 0.999)",
267728918943727596,False,128,0.01,1.0,1.0,2.0,20.0,0.5,0.0001,0.1,0.75,True,0.005,0.4,0.75,mobilevit_xs,0.9,adam,10,0.6,8,2,multistep,0.0,0.0,True,10,0.0,0.1,none,"(0.9, 0.99)",
12473575703204904,False,2,0.01,1.0,2.0,0.1,0.0,0.1,0.001,0.3,,False,0.01,0.0,0.5,mobilevit_xxs,0.8,momentum,10,0.2,8,2,cosine,0.05,0.0001,False,10,0.0,0.0001,none,,
23300511801942608,False,32,0.0,10.0,0.5,0.1,0.0,0.1,0.0001,0.2,,True,0.0001,2.0,0.0,dla46x_c,0.9,adamw,10,0.0,8,2,cosine,0.0,0.01,False,10,0.0,0.0,none,"(0.9, 0.99)",
109671109027232748,False,16,0.1,1.0,4.0,0.0,0.0,0.1,0.001,0.3,,False,0.001,0.0,0.25,mobilevit_xs,0.9,adamp,10,0.4,17,3,cosine,0.0,0.0,False,10,0.0,0.0001,random_augment,"(0.0, 0.99)",
264543187838667654,False,128,0.1,10.0,1.0,4.0,10.0,0.5,0.01,0.3,,False,0.001,0.0,0.5,edgenext_xx_small,0.9,adamw,10,0.4,8,2,multistep,0.1,0.001,False,10,1e-05,0.0001,auto_augment,"(0.9, 0.99)",original
117589901873270256,False,2,0.001,,0.5,0.25,10.0,0.5,0.0001,0.0,,False,0.01,8.0,0.25,dla46x_c,0.9,adamw,10,0.8,8,2,step,0.1,0.001,True,0,0.0,0.0001,trivial_augment,"(0.0, 0.999)",
18099731356488774,False,2,0.01,1.0,4.0,0.0,0.0,0.1,0.1,0.2,,False,0.01,0.4,0.0,edgenext_xx_small,0.9,adamp,10,0.2,8,2,cosine,0.05,0.0001,True,0,1e-06,0.01,auto_augment,"(0.9, 0.999)",original
12598280407943806,False,8,0.1,,4.0,4.0,0.0,0.1,0.1,0.0,0.65,False,1e-05,1.0,1.0,convnext_small_384_in22ft1k,0.9,adam,10,1.0,8,2,cosine,0.1,0.1,True,10,0.0,0.0001,auto_augment,"(0.9, 0.999)",v0
16612850703760529,True,8,0.01,1.0,4.0,0.5,0.0,0.1,0.0001,0.2,0.75,False,0.0005,0.0,0.25,mobilevit_xs,0.9,momentum,2,0.8,8,2,plateau,0.0,0.001,True,10,0.0,0.1,trivial_augment,,
29292918808561384,False,8,0.0,10.0,0.0,2.0,20.0,0.5,0.0,0.0,,True,1e-05,8.0,0.0,tf_efficientnet_b6_ns,0.9,adam,10,0.4,8,2,step,0.05,0.001,False,0,1e-05,0.0001,trivial_augment,"(0.9, 0.999)",
20858001214093925,True,8,0.0,,0.5,0.25,0.0,0.1,0.001,0.3,,False,0.001,0.4,0.0,volo_d1_384,0.9,adam,2,0.0,8,2,plateau,0.0,0.0,False,5,1e-06,0.0001,auto_augment,"(0.9, 0.999)",original
162859599673086368,False,4,0.001,1.0,1.0,0.0,10.0,0.1,0.0001,0.1,,False,0.005,0.2,0.25,xcit_tiny_12_p8_384_dist,0.9,adamp,10,1.0,17,2,multistep,0.0,0.0,True,10,1e-06,0.1,random_augment,"(0.0, 0.99)",
28462330883635281,True,32,0.1,,0.0,0.1,0.0,0.1,0.01,0.4,0.65,False,0.0005,1.0,0.25,volo_d1_384,0.9,adamp,10,1.0,8,2,cosine,0.0,0.001,True,0,0.0,0.0001,trivial_augment,"(0.0, 0.999)",
107920881256315222,False,64,0.1,,1.0,0.25,0.0,0.1,0.0,0.2,,True,5e-05,0.4,0.0,edgenext_xx_small,0.9,adam,10,0.6,17,3,cosine,0.05,0.01,False,10,1e-05,0.01,random_augment,"(0.0, 0.99)",
242908936681694671,True,2,0.0,,0.5,0.25,20.0,0.1,0.0001,0.0,0.65,False,0.001,0.2,0.5,convnext_small_384_in22ft1k,0.9,adamw,10,0.2,17,2,multistep,0.1,0.0,False,10,1e-05,0.0,random_augment,"(0.0, 0.999)",
124168894716806754,False,16,0.0001,1.0,1.0,0.0,0.0,0.1,0.1,0.4,,False,1e-05,0.2,1.0,xcit_tiny_12_p8_384_dist,0.0,momentum,10,0.6,17,3,cosine,0.05,0.0001,True,10,1e-05,0.01,random_augment,,
18473236391963660,False,256,0.001,10.0,4.0,0.25,0.0,0.1,0.1,0.1,,False,5e-05,2.0,0.0,mobilevit_xxs,0.9,adam,2,0.8,8,2,plateau,0.0,0.0001,False,0,1e-05,0.01,trivial_augment,"(0.9, 0.99)",
10191614801924146,False,8,0.1,10.0,1.0,0.25,0.0,0.1,0.1,0.0,,False,0.001,8.0,0.25,dla46x_c,0.9,sgd,5,0.8,8,2,plateau,0.0,0.1,True,5,1e-06,0.01,trivial_augment,,
257376461434121002,False,8,0.0001,1.0,1.0,0.0,10.0,0.5,0.0,0.3,0.65,False,0.0001,1.0,0.25,deit3_small_patch16_384_in21ft1k,0.9,adam,10,0.0,8,2,multistep,0.0,0.0,True,10,1e-06,1e-05,auto_augment,"(0.9, 0.99)",v0
135453743446881837,True,4,0.01,1.0,1.0,0.5,10.0,0.1,0.1,0.3,0.65,True,5e-05,1.0,0.75,xcit_small_12_p8_384_dist,0.9,adamw,10,0.2,17,2,multistep,0.05,0.01,True,10,0.0,1e-05,random_augment,"(0.9, 0.999)",
18038145490933324,False,8,0.0,,0.5,0.0,0.0,0.1,0.001,0.2,0.75,False,1e-05,4.0,0.5,xcit_tiny_12_p8_384_dist,0.9,adam,2,0.8,8,2,plateau,0.0,0.001,False,0,1e-06,0.01,trivial_augment,"(0.9, 0.99)",
23033427328757764,False,64,0.01,,0.0,4.0,0.0,0.1,0.001,0.1,0.65,False,0.01,0.4,0.5,mobilevit_xxs,0.9,adam,2,0.0,8,2,plateau,0.0,0.0,True,0,0.0,0.0,none,"(0.9, 0.99)",
258921764066629854,False,2,0.01,1.0,2.0,0.1,10.0,0.5,0.1,0.2,,False,0.001,0.4,0.0,edgenext_xx_small,0.9,adam,10,0.0,8,2,multistep,0.0,0.01,True,0,1e-05,0.0,auto_augment,"(0.9, 0.99)",v0
220414559696870174,False,32,0.001,,4.0,2.0,20.0,0.5,0.01,0.0,0.75,False,0.0001,0.4,0.25,edgenext_xx_small,0.9,adamw,10,0.0,17,2,multistep,0.05,0.0001,False,10,0.0,0.01,random_augment,"(0.9, 0.99)",
1015453370342152,False,64,0.1,1.0,4.0,4.0,0.0,0.1,0.0001,0.0,0.65,False,0.01,0.0,0.0,edgenext_xx_small,0.9,adam,10,0.2,8,2,cosine,0.1,0.001,True,0,1e-05,0.1,none,"(0.9, 0.999)",
177358130616475449,True,32,0.0,1.0,0.0,1.0,0.0,0.1,0.001,0.4,,False,0.0001,4.0,0.25,edgenext_x_small,0.9,adamw,5,0.8,8,2,plateau,0.05,0.0001,False,0,1e-06,0.0,none,"(0.0, 0.999)",
254689964978368997,True,64,0.001,10.0,0.5,0.0,20.0,0.5,0.001,0.1,,True,0.01,0.2,0.5,mobilevitv2_075,0.9,adam,10,0.0,17,2,step,0.0,0.0001,True,10,1e-06,0.001,random_augment,"(0.0, 0.999)",
28669979175824263,True,128,0.0,1.0,2.0,4.0,0.0,0.1,0.0001,0.2,,False,1e-05,4.0,1.0,edgenext_small,0.9,adam,2,0.6,8,2,plateau,0.1,0.0,False,10,0.0,0.0001,trivial_augment,"(0.0, 0.999)",
152168530966395484,False,8,0.0,10.0,0.0,0.0,0.0,0.1,0.01,0.2,,True,0.005,0.2,0.75,mobilevit_xs,0.9,adam,2,1.0,9,3,plateau,0.05,0.001,False,0,1e-05,1e-05,random_augment,"(0.9, 0.99)",
170810682570721676,False,4,0.01,1.0,4.0,0.1,20.0,0.1,0.1,0.1,0.75,False,0.005,0.4,1.0,volo_d3_448,0.9,adam,10,0.6,17,2,multistep,0.0,0.0,True,5,1e-06,0.1,random_augment,"(0.0, 0.99)",
161034971878869933,True,4,0.0,1.0,1.0,2.0,0.0,0.1,0.1,0.2,0.65,False,0.0005,4.0,0.0,volo_d5_448,0.8,momentum,5,0.8,8,2,plateau,0.05,0.01,False,10,0.0,0.0,auto_augment,,v0
119546297211171520,False,64,0.0,10.0,4.0,4.0,10.0,0.1,0.0001,0.4,0.75,False,0.0001,0.2,0.25,edgenext_x_small,0.9,adamp,10,0.8,8,2,multistep,0.0,0.01,True,5,1e-06,1e-05,auto_augment,"(0.0, 0.99)",original
10548503319058366,False,8,0.1,,1.0,0.5,0.0,0.1,0.0001,0.3,,False,0.0005,0.0,1.0,xcit_tiny_24_p8_384_dist,0.9,sgd,10,0.6,17,2,cosine,0.0,0.01,False,5,1e-05,0.01,random_augment,,
13923570202393691,True,64,0.0,,4.0,4.0,0.0,0.1,0.001,0.0,0.75,False,0.005,0.0,0.25,xcit_tiny_24_p8_384_dist,0.9,adamw,10,1.0,9,2,cosine,0.0,0.01,True,10,0.0,1e-05,random_augment,"(0.0, 0.99)",
19345511101769615,True,64,0.01,,0.0,0.25,0.0,0.1,0.01,0.1,0.75,True,0.0001,0.4,1.0,beit_base_patch16_384,0.9,momentum,10,1.0,8,2,cosine,0.05,0.1,True,10,0.0,0.001,trivial_augment,,
25475344975032509,True,64,0.0001,1.0,1.0,1.0,0.0,0.1,0.0,0.3,0.75,False,0.01,1.0,0.75,edgenext_small,0.95,momentum,10,0.6,8,2,cosine,0.0,0.01,True,5,1e-05,0.1,trivial_augment,,
19355201906393837,True,64,0.001,10.0,2.0,0.0,0.0,0.1,0.0001,0.0,,True,0.01,4.0,1.0,edgenext_xx_small,0.9,momentum,10,0.6,8,2,cosine,0.0,0.0,False,0,1e-06,0.001,none,,
189869501592560725,True,16,0.0001,1.0,2.0,0.5,20.0,0.5,0.01,0.1,0.65,False,0.0005,0.2,0.25,tf_efficientnet_b6_ns,0.9,adamp,10,0.8,8,2,multistep,0.05,0.0,True,10,1e-06,0.001,auto_augment,"(0.0, 0.99)",original
202146757348696780,False,8,0.001,,1.0,0.25,10.0,0.1,0.001,0.1,,False,5e-05,0.2,1.0,edgenext_x_small,0.9,adam,10,0.8,17,2,multistep,0.1,0.01,False,0,1e-05,0.0,random_augment,"(0.9, 0.99)",
117554207987091802,False,8,0.0001,1.0,1.0,2.0,10.0,0.5,0.01,0.4,0.75,True,0.01,0.0,0.75,convnext_small_384_in22ft1k,0.9,adamw,10,0.0,8,2,step,0.05,0.0,True,0,0.0,0.0001,none,"(0.0, 0.999)",
177917101792748923,True,128,0.0,,2.0,0.1,20.0,0.5,0.01,0.0,0.75,True,0.0005,4.0,1.0,mobilevitv2_075,0.9,adamp,10,0.6,8,2,multistep,0.1,0.01,True,0,1e-05,0.0,none,"(0.0, 0.99)",
269483597438024,False,4,0.1,1.0,2.0,1.0,0.0,0.1,0.1,0.4,0.65,False,0.005,2.0,0.75,dla46x_c,0.9,adam,2,0.4,8,2,plateau,0.1,0.001,True,5,0.0,0.1,trivial_augment,"(0.9, 0.999)",
12443918602386573,True,32,0.01,1.0,0.5,0.25,0.0,0.1,0.0,0.1,0.75,True,0.0005,1.0,0.25,tf_efficientnet_b6_ns,0.9,adam,10,0.6,8,2,cosine,0.05,0.1,True,5,0.0,0.0001,trivial_augment,"(0.0, 0.99)",
166290124602734665,True,16,0.0001,10.0,2.0,4.0,10.0,0.5,0.1,0.4,0.65,True,1e-05,1.0,1.0,beit_large_patch16_512,0.8,momentum,10,1.0,8,2,multistep,0.1,0.01,False,5,0.0,0.0001,auto_augment,,original
12579121361449737,True,32,0.0001,10.0,4.0,0.5,0.0,0.1,0.01,0.4,,True,0.0001,8.0,1.0,edgenext_small,0.9,adam,10,0.8,8,2,cosine,0.05,0.01,True,10,0.0,0.0001,none,"(0.0, 0.99)",
100112705005666550,False,256,0.001,1.0,2.0,1.0,10.0,0.1,0.1,0.1,0.75,False,0.001,1.0,1.0,xcit_tiny_24_p8_384_dist,0.95,momentum,10,1.0,8,2,multistep,0.1,0.001,False,5,0.0,0.001,none,,
23799957191082379,True,2,0.0001,1.0,0.5,0.25,0.0,0.1,0.01,0.3,,False,5e-05,0.0,0.25,deit3_small_patch16_384_in21ft1k,0.9,adamp,10,0.4,9,2,cosine,0.05,0.0001,True,10,1e-06,0.0,random_augment,"(0.9, 0.99)",
125807811195450665,True,64,0.01,10.0,0.5,0.5,0.0,0.1,0.1,0.4,0.75,False,0.01,2.0,1.0,edgenext_xx_small,0.9,adamp,5,0.0,17,2,plateau,0.05,0.0,True,5,0.0,0.0001,random_augment,"(0.0, 0.999)",
100724753214422306,False,32,0.0001,1.0,1.0,0.1,0.0,0.1,0.01,0.2,0.65,True,0.01,8.0,0.75,xcit_tiny_24_p8_384_dist,0.9,adamp,10,0.8,17,3,cosine,0.1,0.01,False,10,1e-06,0.001,random_augment,"(0.9, 0.999)",
19363903352288901,True,32,0.1,10.0,1.0,0.5,0.0,0.1,0.001,0.1,,False,0.001,0.0,1.0,edgenext_xx_small,0.9,adam,10,0.2,8,2,cosine,0.1,0.0,False,0,1e-06,0.001,trivial_augment,"(0.9, 0.99)",
24710442213642849,True,32,0.0,1.0,0.0,0.25,0.0,0.1,0.001,0.0,0.65,False,0.0001,0.0,0.25,mobilevit_xxs,0.9,adamw,10,0.8,8,2,cosine,0.0,0.001,True,10,0.0,0.1,trivial_augment,"(0.0, 0.999)",
10846519584916627,True,2,0.001,1.0,0.0,2.0,0.0,0.1,0.01,0.2,,False,5e-05,8.0,0.0,volo_d1_384,0.9,adamp,2,0.4,8,2,plateau,0.1,0.001,False,0,0.0,0.001,auto_augment,"(0.9, 0.999)",v0
27002935423669867,True,16,0.0,,2.0,0.1,20.0,0.5,0.0001,0.4,0.65,False,0.0001,0.4,0.0,edgenext_x_small,0.9,sgd,10,1.0,9,2,step,0.1,0.1,True,10,1e-05,0.01,random_augment,,
165636130924198943,True,512,0.001,,1.0,1.0,0.0,0.1,0.001,0.1,0.75,False,0.01,8.0,1.0,edgenext_xx_small,0.9,adamp,5,1.0,8,2,plateau,0.0,0.0,False,0,1e-05,0.001,auto_augment,"(0.9, 0.99)",original
101602518674924743,True,16,0.001,1.0,2.0,2.0,10.0,0.1,0.001,0.3,0.75,True,1e-05,1.0,0.0,xcit_tiny_12_p8_384_dist,0.9,adam,10,0.4,8,2,multistep,0.0,0.001,False,10,0.0,0.0001,trivial_augment,"(0.0, 0.999)",
2301295348074871,True,2,0.0,,0.5,1.0,0.0,0.1,0.1,0.2,0.75,False,0.005,0.0,0.25,edgenext_xx_small,0.9,sgd,10,1.0,8,2,cosine,0.05,0.01,False,0,1e-05,0.01,none,,
21231454717168714,False,64,0.01,,0.0,1.0,10.0,0.5,0.0001,0.4,0.75,False,0.0001,0.2,0.0,mobilevit_xxs,0.9,adamw,10,0.4,8,2,step,0.0,0.0,True,0,1e-05,0.0001,trivial_augment,"(0.9, 0.999)",
14458586299334772,False,16,0.001,10.0,0.0,2.0,0.0,0.1,0.0001,0.0,0.75,False,0.0001,8.0,0.25,volo_d5_512,0.8,momentum,10,1.0,8,2,cosine,0.1,0.01,False,0,1e-05,1e-05,none,,
19671351942056832,False,2,0.1,10.0,4.0,4.0,10.0,0.5,0.01,0.1,0.65,False,0.0005,8.0,0.0,xcit_tiny_12_p8_384_dist,0.9,adamp,10,0.6,8,2,step,0.0,0.0001,False,10,1e-06,0.001,none,"(0.9, 0.999)",
2316861870491265,True,256,0.0,1.0,2.0,4.0,0.0,0.1,0.0001,0.0,0.75,True,5e-05,8.0,1.0,mobilevitv2_075,0.9,adam,10,0.4,8,2,cosine,0.05,0.1,False,0,1e-05,0.01,trivial_augment,"(0.9, 0.999)",
13842295837493662,False,64,0.1,1.0,1.0,2.0,0.0,0.1,0.1,0.0,0.65,False,0.005,0.4,0.75,edgenext_x_small,0.9,sgd,5,0.8,8,2,plateau,0.05,0.001,False,10,0.0,1e-05,none,,
103658232125764675,True,2,0.01,10.0,1.0,0.5,10.0,0.1,0.01,0.3,0.75,False,0.0001,8.0,0.5,volo_d1_384,0.9,adam,10,0.8,8,2,multistep,0.0,0.1,True,0,1e-05,1e-05,trivial_augment,"(0.0, 0.999)",
185739636760822880,False,32,0.1,,0.0,0.25,0.0,0.1,0.1,0.0,0.65,True,0.0001,0.4,0.5,xcit_nano_12_p8_384_dist,0.9,momentum,2,0.8,9,3,plateau,0.0,0.0,False,10,1e-06,0.0,random_augment,,
200957429225687824,False,64,0.01,10.0,4.0,1.0,0.0,0.1,0.1,0.4,,True,0.0005,4.0,0.5,edgenext_small,0.9,adamp,2,0.6,17,3,plateau,0.05,0.1,False,5,1e-05,1e-05,random_augment,"(0.9, 0.999)",
13821660646987976,False,32,0.0001,,0.0,4.0,0.0,0.1,0.01,0.3,0.65,True,0.01,2.0,0.0,edgenext_xx_small,0.8,momentum,2,0.0,8,2,plateau,0.0,0.0001,False,10,0.0,1e-05,trivial_augment,,
20505417462942064,False,512,0.0001,,4.0,4.0,0.0,0.1,0.01,0.0,,False,1e-05,0.4,0.5,edgenext_xx_small,0.9,momentum,10,0.6,8,2,cosine,0.1,0.0001,True,5,0.0,0.0001,trivial_augment,,
165861148591595745,True,32,0.001,1.0,2.0,4.0,0.0,0.1,0.0001,0.0,,False,0.0005,0.2,0.25,swinv2_base_window12to24_192to384_22kft1k,0.9,adamp,5,1.0,9,3,plateau,0.0,0.0,True,5,1e-05,0.001,random_augment,"(0.9, 0.999)",
189030148949202779,True,64,0.0001,,0.0,0.0,0.0,0.1,0.01,0.4,0.65,False,0.0001,2.0,1.0,deit3_small_patch16_384_in21ft1k,0.9,adamw,5,0.6,8,2,plateau,0.05,0.1,True,10,1e-05,0.01,auto_augment,"(0.0, 0.999)",original
109317185654678804,False,4,0.1,,4.0,0.1,0.0,0.1,0.01,0.1,0.65,False,5e-05,0.4,0.25,volo_d4_448,0.9,adamp,10,0.6,17,3,cosine,0.05,0.0001,True,10,1e-05,0.001,random_augment,"(0.0, 0.99)",
168500887774411807,True,2,0.001,,0.5,0.0,0.0,0.1,0.001,0.3,,False,0.005,0.0,0.25,xcit_small_12_p8_384_dist,0.0,momentum,2,0.2,9,3,plateau,0.0,0.0001,False,5,1e-05,1e-05,random_augment,,
22048225212853282,False,8,0.0001,,2.0,1.0,0.0,0.1,0.001,0.3,0.65,False,0.001,0.4,0.25,volo_d1_384,0.9,adam,2,0.0,8,2,plateau,0.05,0.1,True,10,0.0,1e-05,trivial_augment,"(0.9, 0.99)",
27583879635199477,True,2,0.001,1.0,0.0,4.0,20.0,0.5,0.0001,0.1,0.75,True,1e-05,0.4,0.25,mobilevit_xs,0.9,sgd,10,0.8,8,2,multistep,0.05,0.01,True,0,1e-06,0.001,trivial_augment,,
18474102423556807,True,128,0.01,10.0,2.0,0.1,0.0,0.1,0.01,0.4,0.65,False,0.0001,4.0,0.5,edgenext_xx_small,0.9,adamw,10,0.6,8,2,cosine,0.05,0.0001,False,0,1e-05,0.01,none,"(0.9, 0.99)",
11801582005138898,False,256,0.01,10.0,0.0,0.5,0.0,0.1,0.001,0.1,,False,1e-05,0.4,1.0,edgenext_xx_small,0.9,sgd,5,0.4,8,2,plateau,0.05,0.0001,True,0,1e-05,0.001,none,,
18079404678539335,True,2,0.01,,4.0,0.5,0.0,0.1,0.0001,0.2,,False,0.01,0.0,0.75,swinv2_base_window12to24_192to384_22kft1k,0.9,sgd,10,0.0,8,2,cosine,0.0,0.0,True,0,1e-06,0.01,auto_augment,,original
18754195778457734,False,4,0.1,,2.0,0.25,0.0,0.1,0.0001,0.2,,False,0.0005,0.4,1.0,volo_d5_448,0.9,sgd,10,0.8,8,2,cosine,0.0,0.0,False,10,1e-05,0.01,auto_augment,,original
143049929127550582,False,8,0.0001,1.0,0.5,0.0,20.0,0.1,0.1,0.1,0.75,False,0.01,8.0,0.25,beit_base_patch16_384,0.99,momentum,10,0.0,8,2,multistep,0.1,0.1,False,10,1e-05,0.0001,none,,
1291136723455731,True,256,0.001,10.0,0.0,0.25,0.0,0.1,0.0001,0.0,0.75,True,0.0001,1.0,0.75,edgenext_x_small,0.0,momentum,10,1.0,8,2,cosine,0.0,0.0001,True,10,1e-05,0.1,none,,
20220707328445892,False,4,0.0,10.0,2.0,0.5,0.0,0.1,0.01,0.2,0.75,False,0.01,2.0,0.75,swinv2_base_window12to24_192to384_22kft1k,0.9,adam,10,1.0,8,2,cosine,0.1,0.001,True,10,1e-05,0.001,trivial_augment,"(0.9, 0.99)",
17078573767559972,False,256,0.0001,10.0,2.0,1.0,0.0,0.1,0.1,0.1,0.75,True,0.0001,8.0,0.75,edgenext_xx_small,0.9,sgd,10,0.4,8,2,cosine,0.05,0.01,True,10,1e-06,0.1,auto_augment,,original
130003387034878461,True,4,0.0001,1.0,0.0,0.0,20.0,0.1,0.0,0.0,,False,0.01,2.0,0.75,deit3_small_patch16_384_in21ft1k,0.9,adamw,10,1.0,8,2,multistep,0.0,0.0,True,10,0.0,0.1,auto_augment,"(0.0, 0.99)",v0
225176269338599911,True,16,0.01,,0.0,0.25,20.0,0.1,0.0001,0.4,0.65,False,5e-05,8.0,0.75,tf_efficientnet_b7_ns,0.9,adamw,10,1.0,8,2,multistep,0.1,0.01,True,0,1e-05,1e-05,none,"(0.9, 0.99)",
23029756046803040,False,256,0.001,,1.0,4.0,0.0,0.1,0.0,0.4,0.65,True,0.01,0.2,0.75,edgenext_x_small,0.9,adam,10,0.4,8,2,cosine,0.0,0.0,True,0,0.0,0.0,auto_augment,"(0.9, 0.999)",original
21114334753948481,True,8,0.001,10.0,2.0,4.0,0.0,0.1,0.0,0.4,0.65,False,0.001,2.0,0.5,dla46x_c,0.9,sgd,10,0.4,8,2,cosine,0.05,0.001,True,10,1e-06,0.0001,auto_augment,,original
16466523088908066,False,16,0.0,1.0,0.5,0.5,10.0,0.5,0.1,0.2,0.75,True,0.0001,2.0,0.0,mobilevit_xs,0.9,adam,10,0.4,8,2,multistep,0.05,0.001,True,5,0.0,0.1,trivial_augment,"(0.9, 0.999)",
28789537358314209,True,4,0.001,1.0,4.0,1.0,0.0,0.1,0.001,0.3,0.65,False,5e-05,0.4,0.75,mobilevitv2_075,0.9,adamw,2,0.0,8,2,plateau,0.1,0.01,True,10,0.0,0.0001,none,"(0.0, 0.999)",
24449773099536920,False,4,0.0001,,0.0,1.0,0.0,0.1,0.001,0.3,0.75,False,0.0001,2.0,0.75,tf_efficientnet_b7_ns,0.9,sgd,10,0.2,17,3,cosine,0.1,0.1,True,0,0.0,0.1,random_augment,,
24676982449095366,False,2,0.001,10.0,0.0,0.1,20.0,0.5,0.0001,0.4,,False,0.01,2.0,0.75,tf_efficientnet_b7_ns,0.9,sgd,10,0.4,8,2,step,0.1,0.1,False,10,0.0,0.1,none,,
10372858027413308,False,32,0.0,1.0,2.0,2.0,0.0,0.1,0.1,0.0,,True,0.01,8.0,1.0,beit_base_patch16_384,0.9,adam,10,1.0,8,2,cosine,0.05,0.0001,False,0,1e-05,0.01,trivial_augment,"(0.0, 0.99)",
17432941382931088,False,64,0.0001,1.0,0.5,0.5,0.0,0.1,0.1,0.4,0.75,False,0.01,2.0,0.5,mobilevit_xxs,0.9,adamp,2,0.6,8,2,plateau,0.1,0.0001,False,10,1e-05,0.1,trivial_augment,"(0.9, 0.99)",
108491837413198955,True,8,0.0,,0.0,0.5,0.0,0.1,0.0,0.4,0.75,False,0.0005,0.2,0.25,convnext_small_384_in22ft1k,0.9,adamw,10,0.4,17,3,cosine,0.05,0.0001,False,0,1e-06,0.001,random_augment,"(0.0, 0.99)",
28311162185789669,True,64,0.0001,1.0,0.0,0.5,0.0,0.1,0.001,0.4,0.65,False,0.001,1.0,0.25,beit_base_patch16_384,0.9,sgd,10,1.0,17,3,cosine,0.0,0.001,True,10,1e-05,0.001,random_augment,,
18585286099070448,False,128,0.001,,0.0,1.0,0.0,0.1,0.0,0.0,0.65,False,0.0001,4.0,0.75,mobilevitv2_075,0.9,adamw,10,0.8,8,2,cosine,0.1,0.01,True,0,1e-05,0.01,none,"(0.9, 0.99)",
127256653372517119,True,2,0.0001,,0.0,0.25,20.0,0.5,0.01,0.4,0.65,False,0.005,0.0,0.25,beit_large_patch16_512,0.9,adam,10,0.8,8,2,step,0.0,0.001,False,10,0.0,1e-05,none,"(0.0, 0.999)",
14049871807388482,False,64,0.1,10.0,0.5,2.0,20.0,0.1,0.1,0.0,0.65,True,0.001,0.4,0.25,mobilevit_xxs,0.0,momentum,10,0.2,8,2,step,0.05,0.0001,True,0,1e-06,1e-05,none,,
13397597094579883,True,16,0.001,1.0,0.0,1.0,0.0,0.1,0.0,0.4,0.65,True,0.005,4.0,0.75,convnext_small_384_in22ft1k,0.9,adam,10,0.0,8,2,cosine,0.0,0.01,False,10,1e-05,0.0001,auto_augment,"(0.9, 0.999)",v0
19155329799860799,True,32,0.0,1.0,0.0,0.25,0.0,0.1,0.0,0.2,,False,5e-05,0.4,0.0,edgenext_xx_small,0.9,momentum,10,0.8,8,2,cosine,0.1,0.0001,True,5,0.0,0.001,none,,
2396638460698099,True,16,0.1,,0.5,1.0,0.0,0.1,0.0,0.1,0.65,False,0.01,4.0,0.25,xcit_tiny_12_p8_384_dist,0.9,sgd,10,0.2,8,2,cosine,0.1,0.1,True,0,1e-05,0.01,none,,
27812254586139339,True,256,0.01,1.0,4.0,4.0,20.0,0.5,0.0,0.0,,False,0.01,4.0,0.25,edgenext_x_small,0.9,sgd,10,0.0,8,2,step,0.1,0.01,False,10,1e-06,0.001,none,,
2771019930724100,False,32,0.1,1.0,4.0,2.0,0.0,0.1,0.1,0.4,,False,5e-05,2.0,0.25,dla46x_c,0.9,adamp,10,0.4,9,2,cosine,0.1,0.1,False,0,0.0,0.001,random_augment,"(0.9, 0.999)",
13774338246227042,False,4,0.0,10.0,2.0,1.0,0.0,0.1,0.1,0.0,0.75,False,5e-05,8.0,0.25,xcit_small_12_p8_384_dist,0.9,adam,10,0.8,8,2,cosine,0.0,0.01,True,5,0.0,1e-05,trivial_augment,"(0.0, 0.99)",
1523846805353805,True,4,0.1,10.0,0.0,0.1,10.0,0.1,0.1,0.4,0.65,False,0.0005,0.4,0.5,edgenext_x_small,0.0,momentum,10,0.6,8,2,multistep,0.05,0.0001,False,5,0.0,0.01,none,,
19047973785921465,True,256,0.0,1.0,2.0,2.0,0.0,0.1,0.0001,0.4,0.65,True,0.0001,0.4,0.25,edgenext_x_small,0.9,momentum,2,0.4,8,2,plateau,0.05,0.1,True,0,0.0,0.001,none,,
20136817982327694,False,16,0.0001,1.0,4.0,0.0,10.0,0.5,0.001,0.3,0.65,False,1e-05,2.0,0.75,dla46x_c,0.9,sgd,10,0.0,9,2,multistep,0.0,0.001,False,10,1e-05,0.001,random_augment,,
18333101668971304,False,64,0.01,1.0,0.0,0.25,0.0,0.1,0.0,0.1,0.75,False,0.0005,1.0,0.0,edgenext_small,0.9,adamp,2,0.6,8,2,plateau,0.1,0.0001,False,10,1e-06,0.01,trivial_augment,"(0.9, 0.99)",
10021731738129023,True,8,0.0001,1.0,2.0,0.5,0.0,0.1,0.001,0.1,0.75,False,5e-05,4.0,0.5,volo_d1_384,0.9,sgd,5,1.0,8,2,plateau,0.1,0.001,True,0,1e-06,0.01,trivial_augment,,
19298426506941264,False,16,0.0001,,1.0,0.0,0.0,0.1,0.0001,0.1,,True,1e-05,2.0,0.25,dla46x_c,0.9,adamw,2,0.8,9,2,plateau,0.0,0.0001,True,10,0.0,0.001,random_augment,"(0.9, 0.99)",
116535858910679677,True,128,0.01,1.0,0.5,0.0,10.0,0.5,0.0001,0.3,0.65,False,0.01,1.0,0.0,xcit_tiny_12_p8_384_dist,0.9,adamw,10,1.0,8,2,multistep,0.05,0.001,True,10,0.0,0.001,trivial_augment,"(0.0, 0.999)",
2250415159693316,False,32,0.0001,,1.0,4.0,0.0,0.1,0.1,0.1,0.65,False,0.0005,4.0,0.25,mobilevitv2_075,0.9,adamp,2,1.0,8,2,plateau,0.1,0.1,True,10,1e-06,0.01,trivial_augment,"(0.9, 0.999)",
12319514384737074,False,16,0.0001,10.0,0.5,0.1,20.0,0.1,0.0001,0.2,0.65,True,0.0005,1.0,0.0,dla46x_c,0.9,sgd,10,0.2,8,2,step,0.0,0.0001,False,5,0.0,0.0001,trivial_augment,,
119867644850079747,True,4,0.01,1.0,0.0,0.25,0.0,0.1,0.0,0.2,,False,0.01,0.4,0.0,volo_d1_384,0.9,adamw,10,0.0,17,3,cosine,0.1,0.1,True,0,1e-05,1e-05,random_augment,"(0.9, 0.99)",
277259233777940774,False,4,0.1,,0.0,0.1,20.0,0.5,0.0,0.4,0.65,False,5e-05,4.0,0.5,tf_efficientnet_b4_ns,0.9,adamw,10,0.0,8,2,step,0.05,0.0,False,0,1e-06,0.01,auto_augment,"(0.9, 0.99)",v0
28602035936738808,False,16,0.1,10.0,0.0,0.1,0.0,0.1,0.1,0.4,0.75,False,0.01,0.2,0.0,edgenext_x_small,0.9,adamp,10,0.6,8,2,cosine,0.05,0.0001,True,5,0.0,0.0001,none,"(0.0, 0.999)",
108493542840766087,True,2,0.001,10.0,0.5,0.0,20.0,0.1,0.001,0.0,0.75,False,0.005,2.0,1.0,xcit_small_12_p8_384_dist,0.9,adamp,10,0.0,8,2,multistep,0.05,0.0001,False,0,1e-06,0.001,none,"(0.0, 0.999)",
17147646946051677,True,32,0.0001,,0.0,0.0,0.0,0.1,0.1,0.4,0.65,False,0.0001,2.0,0.0,xcit_nano_12_p8_384_dist,0.9,adam,2,0.4,8,2,plateau,0.1,0.001,False,0,1e-05,0.1,trivial_augment,"(0.9, 0.99)",
25437076668748931,True,8,0.001,1.0,0.0,0.1,20.0,0.5,0.0,0.2,,False,0.01,1.0,0.75,mobilevit_xs,0.9,adamw,10,0.2,8,2,step,0.05,0.0,True,5,1e-05,0.1,trivial_augment,"(0.9, 0.999)",
16868349340660431,True,32,0.1,10.0,0.5,0.1,0.0,0.1,0.1,0.1,0.75,False,1e-05,0.2,0.75,convnext_small_384_in22ft1k,0.9,sgd,10,0.2,8,2,cosine,0.05,0.1,False,5,1e-06,0.1,auto_augment,,original
177416407869325979,True,8,0.01,1.0,4.0,0.0,20.0,0.5,0.01,0.2,0.65,False,0.001,1.0,0.0,edgenext_x_small,0.8,momentum,10,0.0,8,2,multistep,0.05,0.0,True,0,1e-06,0.0,none,,
17539250776967785,True,128,0.1,1.0,2.0,0.0,0.0,0.1,0.0001,0.1,0.65,True,0.005,1.0,1.0,xcit_tiny_24_p8_384_dist,0.9,adamw,10,1.0,8,2,cosine,0.0,0.1,True,10,1e-05,0.1,none,"(0.9, 0.99)",
122217235477241427,True,32,0.0001,10.0,0.5,0.5,0.0,0.1,0.0,0.2,0.75,False,0.0005,2.0,0.25,edgenext_xx_small,0.9,adam,5,0.2,17,2,plateau,0.0,0.0001,True,5,1e-06,0.1,random_augment,"(0.0, 0.999)",
151202253253220527,True,128,0.01,,2.0,0.1,10.0,0.5,0.01,0.4,0.65,True,5e-05,0.2,0.5,dla46x_c,0.9,adamp,10,0.8,17,2,multistep,0.0,0.01,True,10,1e-05,0.0001,random_augment,"(0.9, 0.999)",
15525616837138556,False,256,0.1,1.0,4.0,0.25,20.0,0.1,0.001,0.1,0.65,True,1e-05,4.0,1.0,mobilevit_xxs,0.9,sgd,10,0.8,8,2,step,0.1,0.1,False,5,1e-06,0.0,none,,
215844177338930808,False,2,0.0001,,1.0,0.25,10.0,0.1,0.1,0.2,0.75,False,5e-05,1.0,0.5,swinv2_base_window12to24_192to384_22kft1k,0.9,adamw,10,0.6,8,2,multistep,0.1,0.0001,True,5,1e-05,0.0001,auto_augment,"(0.9, 0.99)",original
102019105372726500,False,16,0.01,1.0,0.0,0.5,0.0,0.1,0.01,0.0,0.65,True,0.0005,4.0,0.0,edgenext_xx_small,0.9,adam,5,1.0,17,2,plateau,0.1,0.1,True,5,1e-06,0.0001,random_augment,"(0.9, 0.999)",
12359314664047151,True,512,0.01,10.0,0.0,0.5,0.0,0.1,0.01,0.0,0.75,False,0.01,2.0,1.0,xcit_nano_12_p8_384_dist,0.9,adamp,10,1.0,8,2,cosine,0.1,0.01,False,5,0.0,0.0001,trivial_augment,"(0.0, 0.99)",
14332839022384728,False,16,0.1,,0.0,0.25,0.0,0.1,0.001,0.2,,False,1e-05,4.0,0.25,convnext_small_384_in22ft1k,0.9,adamp,10,0.0,8,2,cosine,0.05,0.0,True,10,1e-06,1e-05,auto_augment,"(0.9, 0.999)",v0
135769784858120763,True,32,0.01,10.0,0.5,0.25,0.0,0.1,0.1,0.2,0.65,True,0.001,4.0,0.75,mobilevit_xxs,0.9,adam,5,0.2,8,2,plateau,0.05,0.1,True,5,1e-06,1e-05,auto_augment,"(0.0, 0.99)",v0
10160440258162340,False,4,0.0001,,0.5,1.0,20.0,0.1,0.1,0.4,,False,0.0005,2.0,1.0,edgenext_xx_small,0.9,sgd,10,0.6,8,2,multistep,0.0,0.001,True,5,1e-06,0.01,trivial_augment,,
126526743239601563,True,512,0.001,10.0,4.0,4.0,20.0,0.1,0.0001,0.4,0.75,False,0.005,1.0,0.75,edgenext_x_small,0.9,adamw,10,1.0,8,2,step,0.05,0.01,False,0,1e-05,0.0001,none,"(0.0, 0.99)",
130368876058049671,True,2,0.0,10.0,1.0,0.0,0.0,0.1,0.001,0.0,0.65,False,0.005,4.0,0.25,volo_d4_448,0.0,momentum,5,0.4,8,2,plateau,0.05,0.1,True,5,1e-06,0.1,auto_augment,,v0
28815378138681848,False,32,0.0,10.0,2.0,1.0,0.0,0.1,0.0,0.4,,False,0.01,4.0,0.5,mobilevit_xs,0.9,adamw,2,1.0,8,2,plateau,0.05,0.0,False,0,1e-06,0.0001,trivial_augment,"(0.0, 0.999)",
211989408778815780,False,128,0.0001,1.0,2.0,4.0,0.0,0.1,0.01,0.0,0.75,True,1e-05,0.0,1.0,mobilevit_xs,0.95,momentum,5,0.6,8,2,plateau,0.1,0.1,True,10,1e-05,0.1,auto_augment,,original
19994349789157915,True,2,0.01,1.0,0.5,4.0,0.0,0.1,0.01,0.4,0.65,True,0.005,2.0,1.0,xcit_nano_12_p8_384_dist,0.9,adam,10,0.6,8,2,cosine,0.1,0.001,False,5,1e-05,0.001,none,"(0.9, 0.99)",
2036576702979947,True,64,0.001,1.0,2.0,0.0,0.0,0.1,0.0,0.1,0.65,True,0.005,0.0,0.75,edgenext_x_small,0.9,sgd,10,0.2,8,2,cosine,0.1,0.0,True,5,1e-06,0.01,none,,
1651834602958939,True,16,0.1,10.0,4.0,0.25,0.0,0.1,0.0,0.4,,False,5e-05,4.0,0.25,xcit_nano_12_p8_384_dist,0.9,sgd,10,0.6,9,2,cosine,0.0,0.0,False,10,0.0,0.01,random_augment,,
20235460797605416,False,8,0.1,,1.0,0.1,0.0,0.1,0.0,0.1,0.65,False,0.0001,0.0,0.25,xcit_nano_12_p8_384_dist,0.9,adamp,10,0.6,8,2,cosine,0.1,0.01,True,10,1e-05,0.001,trivial_augment,"(0.9, 0.99)",
12191132353569958,False,64,0.0001,,4.0,1.0,20.0,0.1,0.0,0.1,0.65,False,0.0005,0.0,0.5,beit_base_patch16_384,0.9,sgd,10,1.0,8,2,multistep,0.05,0.001,False,0,0.0,0.0001,trivial_augment,,
24942383262892740,False,128,0.0001,,2.0,4.0,20.0,0.5,0.0001,0.4,0.65,True,0.001,8.0,0.25,mobilevit_xs,0.9,sgd,10,0.8,8,2,step,0.05,0.001,False,5,1e-06,0.1,none,,
29386804992566623,True,16,0.001,1.0,1.0,0.1,0.0,0.1,0.001,0.1,0.75,False,0.01,4.0,0.5,volo_d1_384,0.9,adamw,10,0.2,8,2,cosine,0.1,0.01,True,0,1e-05,0.0001,none,"(0.0, 0.999)",
15917852732121747,True,32,0.0001,1.0,4.0,4.0,0.0,0.1,0.0,0.2,0.65,False,0.0001,2.0,0.75,edgenext_x_small,0.9,sgd,5,1.0,8,2,plateau,0.1,0.0,False,5,1e-05,0.0,trivial_augment,,
24354829024402526,False,32,0.0001,,0.0,4.0,0.0,0.1,0.01,0.4,,True,0.0001,0.2,1.0,deit3_small_patch16_384_in21ft1k,0.9,adam,10,0.2,8,2,cosine,0.05,0.01,False,0,0.0,0.1,none,"(0.0, 0.999)",
21435953652924935,True,8,0.0,,4.0,0.25,0.0,0.1,0.0001,0.0,0.65,False,0.005,0.0,0.75,xcit_nano_12_p8_384_dist,0.9,adam,10,1.0,8,2,cosine,0.1,0.01,True,5,1e-05,0.0001,auto_augment,"(0.9, 0.999)",original
28297250877213923,True,8,0.0001,,0.0,4.0,0.0,0.1,0.0001,0.2,0.65,True,0.005,0.2,0.0,dla46x_c,0.9,adam,10,1.0,8,2,cosine,0.0,0.0001,True,10,1e-05,0.001,none,"(0.0, 0.999)",
185097585432511846,False,64,0.001,10.0,0.5,0.5,10.0,0.5,0.01,0.0,0.75,True,0.001,0.0,0.5,edgenext_x_small,0.9,adamw,10,0.8,17,2,step,0.05,0.001,True,0,0.0,0.0,random_augment,"(0.0, 0.99)",
10267887145588786,False,64,0.001,10.0,2.0,0.0,0.0,0.1,0.01,0.4,0.75,False,0.01,4.0,0.0,xcit_nano_12_p8_384_dist,0.9,adamw,10,1.0,8,2,cosine,0.05,0.1,False,10,1e-06,0.01,auto_augment,"(0.9, 0.999)",v0
230422871788455357,True,32,0.0001,10.0,0.0,0.0,0.0,0.1,0.0001,0.1,,False,1e-05,1.0,0.5,edgenext_x_small,0.99,momentum,5,0.6,8,2,plateau,0.05,0.01,True,10,1e-06,0.001,auto_augment,,v0
107184129240918102,False,16,0.001,10.0,4.0,2.0,20.0,0.1,0.001,0.0,,True,5e-05,2.0,0.25,xcit_small_12_p8_384_dist,0.9,adamp,10,1.0,8,2,multistep,0.0,0.1,False,0,1e-06,0.01,trivial_augment,"(0.0, 0.999)",
129552902305043338,False,64,0.0001,,2.0,0.5,20.0,0.5,0.0,0.1,0.75,False,0.0001,0.4,0.75,deit3_small_patch16_384_in21ft1k,0.95,momentum,10,0.6,8,2,multistep,0.0,0.0,True,10,1e-05,0.0,trivial_augment,,
240482458516391328,False,128,0.001,10.0,0.0,2.0,20.0,0.1,0.0,0.4,0.75,False,0.01,4.0,0.5,edgenext_small,0.9,adam,10,0.2,8,2,step,0.0,0.1,True,0,0.0,1e-05,auto_augment,"(0.9, 0.99)",original
101507892125248192,False,8,0.0001,10.0,1.0,1.0,10.0,0.1,0.001,0.3,,False,0.005,0.0,1.0,convnext_small_384_in22ft1k,0.9,adamp,10,0.8,8,2,multistep,0.1,0.0,True,5,0.0,0.0001,trivial_augment,"(0.0, 0.999)",
1285199493060889,True,2,0.0001,10.0,1.0,1.0,0.0,0.1,0.01,0.2,0.65,False,0.0001,1.0,0.75,xcit_nano_12_p8_384_dist,0.9,adamw,2,1.0,8,2,plateau,0.05,0.0,True,10,1e-05,0.1,none,"(0.9, 0.999)",
17438874721344406,False,64,0.001,,2.0,0.1,0.0,0.1,0.1,0.4,,True,0.01,2.0,0.75,edgenext_xx_small,0.9,adam,10,0.6,8,2,cosine,0.05,0.001,False,10,1e-05,0.1,none,"(0.9, 0.99)",
157492569783953412,False,2,0.1,,1.0,0.25,20.0,0.5,0.1,0.0,,False,0.01,0.4,0.0,beit_large_patch16_512,0.9,adamp,10,1.0,17,2,step,0.05,0.001,True,10,1e-06,0.001,random_augment,"(0.9, 0.999)",
153059646727035686,False,4,0.01,1.0,1.0,4.0,0.0,0.1,0.0,0.2,,False,0.0005,8.0,0.25,tf_efficientnet_b7_ns,0.95,momentum,10,1.0,17,3,cosine,0.0,0.001,False,0,1e-06,0.0,random_augment,,
124820827938511977,True,4,0.01,1.0,4.0,0.5,20.0,0.5,0.0001,0.0,0.75,False,0.01,4.0,0.5,dla46x_c,0.9,sgd,10,0.4,17,3,step,0.1,0.1,True,0,1e-06,0.001,random_augment,,
147201062226023260,False,64,0.0,10.0,0.5,2.0,10.0,0.5,0.001,0.4,0.75,True,0.001,0.0,0.5,edgenext_x_small,0.99,momentum,10,0.4,8,2,multistep,0.05,0.0001,False,0,0.0,0.01,trivial_augment,,
11017924325916268,False,8,0.01,,2.0,0.25,0.0,0.1,0.0001,0.4,,False,0.001,0.0,0.5,xcit_tiny_24_p8_384_dist,0.9,sgd,10,1.0,17,2,cosine,0.05,0.1,False,5,0.0,0.001,random_augment,,
28499808976988258,False,4,0.001,1.0,4.0,1.0,0.0,0.1,0.1,0.4,0.65,False,1e-05,0.2,0.5,tf_efficientnet_b4_ns,0.9,adamw,2,0.4,8,2,plateau,0.05,0.1,True,0,0.0,0.0001,trivial_augment,"(0.0, 0.999)",
133184353680586299,True,4,0.001,1.0,0.5,0.0,0.0,0.1,0.0,0.3,,False,0.005,0.0,0.25,xcit_tiny_24_p8_384_dist,0.9,adamp,2,0.2,9,3,plateau,0.0,0.001,True,10,1e-06,0.001,random_augment,"(0.9, 0.999)",
167355391635436092,False,16,0.001,1.0,2.0,0.0,10.0,0.5,0.0001,0.1,0.75,False,0.001,0.0,0.0,volo_d5_512,0.9,adamw,10,1.0,8,2,multistep,0.1,0.1,False,10,1e-05,0.0001,auto_augment,"(0.0, 0.99)",original
28805312858510632,False,8,0.0001,10.0,4.0,2.0,0.0,0.1,0.001,0.3,0.75,False,0.0001,1.0,1.0,mobilevit_xxs,0.95,momentum,2,1.0,8,2,plateau,0.1,0.1,True,10,0.0,0.0001,none,,
2505489196719402,False,2,0.1,,4.0,4.0,0.0,0.1,0.0001,0.1,0.75,True,1e-05,2.0,0.0,tf_efficientnet_b4_ns,0.9,sgd,10,0.0,8,2,cosine,0.0,0.001,True,5,1e-05,0.01,none,,
103786740802737560,False,4,0.0001,1.0,0.0,1.0,10.0,0.1,0.001,0.3,,False,0.0001,0.2,0.5,dla46x_c,0.95,momentum,10,0.2,8,2,step,0.1,0.001,True,5,1e-05,1e-05,trivial_augment,,
20572660873553838,False,16,0.1,1.0,0.5,1.0,10.0,0.5,0.0,0.2,,False,0.001,0.2,0.75,edgenext_x_small,0.9,adamw,10,0.8,8,2,multistep,0.0,0.0001,False,10,0.0,0.0001,none,"(0.9, 0.999)",
11283262449482269,True,2,0.0001,1.0,2.0,0.1,0.0,0.1,0.0,0.0,0.75,False,0.005,4.0,1.0,beit_base_patch16_384,0.9,adamp,10,0.0,8,2,cosine,0.0,0.001,False,0,1e-06,0.001,none,"(0.0, 0.99)",
24964491648987616,False,8,0.1,1.0,0.0,0.0,0.0,0.1,0.0,0.2,,False,0.01,0.2,0.5,dla46x_c,0.9,adamw,2,0.8,8,2,plateau,0.1,0.01,False,5,1e-06,0.1,trivial_augment,"(0.0, 0.999)",
235492758405208952,False,32,0.01,10.0,2.0,2.0,20.0,0.1,0.0001,0.0,0.65,False,0.01,4.0,0.75,edgenext_x_small,0.9,adamp,10,0.4,8,2,multistep,0.05,0.0001,True,0,1e-06,0.1,auto_augment,"(0.9, 0.99)",original
21611258315920575,True,32,0.001,1.0,1.0,0.25,10.0,0.5,0.1,0.4,,False,0.001,0.2,0.25,edgenext_xx_small,0.9,sgd,10,0.2,8,2,step,0.05,0.0,False,0,0.0,1e-05,none,,
129584953263735982,False,64,0.1,,0.0,0.0,0.0,0.1,0.0,0.3,0.65,True,1e-05,0.0,0.0,edgenext_xx_small,0.9,adam,10,0.6,17,3,cosine,0.05,0.001,True,10,1e-05,0.0,random_augment,"(0.0, 0.999)",
19451183269394375,True,512,0.0001,1.0,0.0,1.0,10.0,0.5,0.01,0.4,0.75,False,5e-05,2.0,0.5,edgenext_x_small,0.9,sgd,10,0.6,8,2,step,0.05,0.0001,True,0,1e-06,0.001,trivial_augment,,
146349237663680169,True,4,0.001,10.0,0.0,0.5,0.0,0.1,0.0,0.3,,False,0.001,0.0,0.0,edgenext_xx_small,0.95,momentum,10,0.8,17,3,cosine,0.1,0.1,False,0,1e-06,0.1,random_augment,,
17016803629795676,False,4,0.01,10.0,1.0,4.0,10.0,0.5,0.0001,0.1,0.65,True,5e-05,0.2,0.75,volo_d4_448,0.9,adamw,10,0.6,8,2,multistep,0.0,0.1,False,10,1e-06,0.1,none,"(0.9, 0.999)",
15593228398255088,False,4,0.001,,0.0,0.5,0.0,0.1,0.0,0.4,0.65,False,0.01,4.0,0.0,mobilevit_xxs,0.9,adamw,10,0.2,8,2,cosine,0.05,0.1,True,5,1e-06,0.0,none,"(0.0, 0.99)",
133338558398472236,False,4,0.01,,4.0,1.0,10.0,0.1,0.0001,0.1,0.75,False,0.0001,2.0,0.75,mobilevit_xs,0.9,adamp,10,0.4,17,2,multistep,0.05,0.001,True,0,1e-05,0.001,random_augment,"(0.9, 0.999)",
2231942178431444,False,256,0.0,,4.0,4.0,0.0,0.1,0.0001,0.0,0.75,True,5e-05,1.0,0.25,edgenext_small,0.9,sgd,10,0.6,8,2,cosine,0.1,0.01,True,10,1e-06,0.01,trivial_augment,,
23240645587312976,False,4,0.01,,0.5,0.0,0.0,0.1,0.1,0.3,0.65,False,0.0001,4.0,0.5,tf_efficientnet_b7_ns,0.9,adamw,10,0.2,8,2,cosine,0.0,0.1,True,5,0.0,0.0,trivial_augment,"(0.9, 0.99)",
111569459622000228,False,2,0.0001,,2.0,0.0,20.0,0.1,0.01,0.4,0.75,False,0.001,2.0,0.75,xcit_tiny_12_p8_384_dist,0.9,adamp,10,0.4,8,2,multistep,0.05,0.0001,True,10,1e-06,1e-05,none,"(0.0, 0.999)",
193264970728892654,False,4,0.1,1.0,1.0,0.0,20.0,0.5,0.001,0.2,0.75,False,0.001,1.0,0.5,tf_efficientnet_b7_ns,0.9,adamp,10,0.6,8,2,multistep,0.1,0.0001,False,5,0.0,0.0,auto_augment,"(0.0, 0.99)",original
28417266087836230,False,64,0.0,10.0,1.0,4.0,0.0,0.1,0.01,0.1,,True,0.01,4.0,0.75,xcit_nano_12_p8_384_dist,0.9,adam,10,1.0,8,2,cosine,0.0,0.1,False,0,0.0,0.0001,none,"(0.0, 0.999)",
209968380846547,True,16,0.0,,1.0,0.0,0.0,0.1,0.0,0.4,0.75,False,0.0001,0.0,1.0,mobilevit_xs,0.9,adam,2,1.0,8,2,plateau,0.1,0.01,False,5,0.0,0.1,none,"(0.9, 0.999)",
143807008824176923,True,2,0.1,,0.0,0.25,0.0,0.1,0.0001,0.2,0.75,False,0.001,1.0,0.25,convnext_small_384_in22ft1k,0.9,adamp,5,1.0,8,2,plateau,0.0,0.0,True,5,1e-06,1e-05,auto_augment,"(0.0, 0.99)",original
246055012384007987,True,512,0.0,,0.5,0.1,10.0,0.5,0.0,0.2,0.65,True,1e-05,4.0,0.0,edgenext_xx_small,0.9,adam,10,0.8,8,2,multistep,0.05,0.0,False,10,0.0,0.001,none,"(0.9, 0.99)",
13130665137516006,False,2,0.001,,0.5,0.25,20.0,0.1,0.0,0.2,0.65,False,0.001,0.4,1.0,edgenext_xx_small,0.9,sgd,10,0.2,8,2,multistep,0.0,0.0,True,0,1e-05,0.0001,none,,
13323967658820106,False,512,0.0,1.0,0.0,0.0,0.0,0.1,0.0,0.0,0.65,True,0.005,2.0,0.5,edgenext_xx_small,0.9,adamw,10,0.4,8,2,cosine,0.0,0.01,True,5,1e-05,0.0001,none,"(0.0, 0.99)",
19109819162635826,False,256,0.1,,1.0,0.1,0.0,0.1,0.01,0.4,,True,0.005,8.0,0.5,edgenext_x_small,0.9,momentum,10,0.2,8,2,cosine,0.1,0.01,False,5,0.0,0.001,trivial_augment,,
1194217225104715,True,16,0.0001,,1.0,2.0,10.0,0.1,0.01,0.1,0.75,True,0.001,8.0,0.75,mobilevitv2_075,0.9,adamp,10,1.0,8,2,multistep,0.05,0.1,True,5,1e-05,0.1,none,"(0.9, 0.999)",
21926061766309775,True,8,0.0,10.0,1.0,0.0,0.0,0.1,0.001,0.1,0.75,True,0.01,2.0,0.0,beit_base_patch16_384,0.9,adamw,10,1.0,8,2,cosine,0.05,0.0001,False,10,0.0,1e-05,trivial_augment,"(0.9, 0.99)",
240387446096677447,True,16,0.0,10.0,2.0,0.25,20.0,0.1,0.01,0.3,0.75,True,0.01,0.4,0.5,mobilevit_xs,0.9,adam,10,0.2,8,2,step,0.1,0.001,False,0,0.0,1e-05,auto_augment,"(0.9, 0.99)",original
114948475696186226,False,32,0.0001,,0.0,0.25,0.0,0.1,0.001,0.1,,False,0.01,0.0,0.0,volo_d5_448,0.99,momentum,10,1.0,9,3,cosine,0.1,0.0001,False,5,0.0,0.01,random_augment,,
110314016674684441,True,16,0.01,10.0,0.0,0.0,20.0,0.1,0.1,0.2,0.65,False,5e-05,1.0,0.75,volo_d1_384,0.9,adamw,10,0.2,8,2,multistep,0.1,0.001,False,0,1e-05,0.0001,none,"(0.0, 0.999)",
109184275359637769,True,64,0.0001,1.0,0.0,0.5,20.0,0.1,0.001,0.2,,False,1e-05,0.2,1.0,tf_efficientnet_b4_ns,0.9,adam,10,0.8,8,2,multistep,0.05,0.001,True,5,1e-05,0.001,none,"(0.0, 0.999)",
22358543717139305,True,8,0.0,,0.0,0.1,0.0,0.1,0.001,0.1,0.65,False,5e-05,8.0,0.5,beit_base_patch16_384,0.9,sgd,2,0.4,8,2,plateau,0.0,0.0,False,10,1e-06,1e-05,auto_augment,,original
22280766346618733,True,64,0.1,1.0,2.0,0.1,0.0,0.1,0.01,0.2,0.75,True,0.001,0.0,0.5,convnext_small_384_in22ft1k,0.9,adam,10,0.6,8,2,cosine,0.0,0.0,True,5,1e-06,1e-05,none,"(0.9, 0.99)",
132092088645772005,True,256,0.0,10.0,2.0,0.25,10.0,0.1,0.01,0.4,,False,0.01,0.0,0.25,edgenext_x_small,0.9,adam,10,0.2,17,2,step,0.05,0.1,False,5,1e-05,0.01,random_augment,"(0.9, 0.999)",
24183739708981322,False,256,0.0001,1.0,0.0,0.25,0.0,0.1,0.001,0.1,0.65,False,0.001,1.0,0.75,edgenext_x_small,0.9,sgd,2,0.2,17,2,plateau,0.1,0.0001,False,10,1e-05,0.0,random_augment,,
116735883015417523,True,16,0.001,,4.0,4.0,10.0,0.5,0.01,0.4,,False,0.01,8.0,0.25,beit_base_patch16_384,0.9,adamw,10,1.0,9,2,multistep,0.1,0.0,False,5,1e-06,0.001,random_augment,"(0.0, 0.999)",
1730747107974195,True,32,0.001,1.0,2.0,1.0,0.0,0.1,0.01,0.0,,True,0.01,1.0,0.75,xcit_tiny_12_p8_384_dist,0.9,adam,10,0.4,8,2,cosine,0.05,0.0,True,10,0.0,0.01,trivial_augment,"(0.9, 0.999)",
139680632378191865,True,8,0.0,10.0,4.0,0.5,0.0,0.1,0.1,0.3,0.75,False,0.001,1.0,0.75,tf_efficientnet_b7_ns,0.0,momentum,5,0.4,8,2,plateau,0.0,0.0,False,5,1e-06,0.01,auto_augment,,original
22042260809088607,True,2,0.001,1.0,4.0,0.0,10.0,0.5,0.01,0.1,0.65,False,0.0001,1.0,0.75,deit3_small_patch16_384_in21ft1k,0.9,adamw,10,0.0,8,2,multistep,0.0,0.1,True,10,0.0,1e-05,none,"(0.9, 0.999)",
100289595362118411,True,4,0.0001,10.0,2.0,4.0,0.0,0.1,0.01,0.3,,False,0.0005,0.0,0.0,convnext_small_384_in22ft1k,0.9,adam,10,0.8,17,3,cosine,0.1,0.1,False,10,0.0,0.001,random_augment,"(0.9, 0.999)",
26960442276464877,True,4,0.01,10.0,1.0,0.25,0.0,0.1,0.01,0.2,,False,0.0001,4.0,0.75,beit_base_patch16_384,0.95,momentum,10,0.4,8,2,cosine,0.0,0.001,True,10,1e-05,0.01,none,,
1941619942610287,True,16,0.0,10.0,0.0,0.5,0.0,0.1,0.001,0.4,,True,0.0001,8.0,0.5,xcit_tiny_12_p8_384_dist,0.9,adam,10,0.2,8,2,cosine,0.05,0.1,True,0,1e-06,0.01,trivial_augment,"(0.9, 0.999)",
2854184381048365,True,16,0.0001,,1.0,1.0,10.0,0.1,0.01,0.1,0.65,True,1e-05,0.4,0.5,volo_d1_384,0.9,adamp,10,0.6,8,2,multistep,0.0,0.0,False,5,0.0,0.001,none,"(0.9, 0.999)",
17249847290418043,True,2,0.1,1.0,4.0,1.0,0.0,0.1,0.01,0.2,0.75,False,0.005,4.0,0.5,volo_d4_448,0.9,adamw,10,0.6,8,2,cosine,0.1,0.1,True,0,1e-05,0.1,none,"(0.9, 0.99)",
23604220509814968,False,16,0.1,1.0,0.0,2.0,0.0,0.1,0.001,0.2,,True,0.0005,1.0,0.25,deit3_small_patch16_384_in21ft1k,0.9,adamw,2,0.8,8,2,plateau,0.0,0.01,False,5,1e-06,0.0,trivial_augment,"(0.9, 0.99)",
24908833568519624,False,4,0.1,,0.0,0.1,0.0,0.1,0.1,0.3,,False,0.01,4.0,0.0,tf_efficientnet_b4_ns,0.9,adamp,2,0.0,8,2,plateau,0.0,0.0,False,5,1e-06,0.1,none,"(0.0, 0.999)",
182376858568548350,False,4,0.0001,,4.0,0.1,10.0,0.5,0.0,0.3,,False,5e-05,0.4,0.25,convnext_small_384_in22ft1k,0.9,adam,10,0.6,17,2,step,0.0,0.0001,True,0,0.0,0.0001,random_augment,"(0.0, 0.99)",
121021657943566198,False,8,0.01,10.0,2.0,2.0,10.0,0.5,0.01,0.0,0.65,False,5e-05,1.0,0.25,tf_efficientnet_b7_ns,0.9,adam,10,1.0,8,2,multistep,0.05,0.0001,True,10,1e-06,0.0,none,"(0.0, 0.999)",
12773115895630419,True,32,0.0,,2.0,0.0,0.0,0.1,0.001,0.1,0.65,False,0.01,0.0,1.0,volo_d1_384,0.8,momentum,10,0.8,8,2,cosine,0.05,0.0001,False,5,1e-06,0.0001,none,,
118964890949056351,True,16,0.01,,1.0,0.5,10.0,0.5,0.0001,0.0,,True,5e-05,0.0,0.5,edgenext_xx_small,0.9,sgd,10,0.6,17,3,step,0.05,0.1,True,0,0.0,1e-05,random_augment,,
15161864822249911,True,16,0.01,10.0,0.5,1.0,0.0,0.1,0.0,0.1,0.65,False,0.005,4.0,0.75,volo_d1_384,0.9,sgd,5,0.0,8,2,plateau,0.05,0.0,False,10,0.0,0.0,none,,
114663944964904676,False,32,0.0001,,0.0,0.0,10.0,0.5,0.1,0.1,0.65,False,0.001,8.0,0.25,mobilevitv2_075,0.95,momentum,10,0.4,8,2,step,0.1,0.001,False,10,1e-05,0.1,trivial_augment,,
19259335333995832,False,64,0.1,10.0,0.5,0.25,0.0,0.1,0.001,0.3,0.65,True,0.0005,8.0,1.0,volo_d1_384,0.9,momentum,10,0.8,8,2,cosine,0.1,0.01,False,10,0.0,0.001,none,,
145581251636810748,False,128,0.001,10.0,0.5,2.0,20.0,0.1,0.001,0.1,,False,0.005,0.0,0.0,xcit_tiny_12_p8_384_dist,0.99,momentum,10,1.0,9,2,multistep,0.05,0.01,False,5,1e-05,0.0,random_augment,,
26950183812830467,True,2,0.001,10.0,0.0,0.0,0.0,0.1,0.0001,0.2,0.65,False,1e-05,0.2,0.0,tf_efficientnet_b4_ns,0.9,adamw,10,0.0,8,2,cosine,0.05,0.0001,True,10,1e-05,0.01,trivial_augment,"(0.0, 0.999)",
14354109654722663,True,8,0.0001,1.0,0.0,0.1,0.0,0.1,0.1,0.0,0.75,False,0.01,4.0,0.25,convnext_small_384_in22ft1k,0.9,adam,10,0.4,8,2,cosine,0.1,0.0001,True,10,1e-06,1e-05,none,"(0.0, 0.99)",
143065216972098847,True,2,0.001,1.0,0.5,4.0,20.0,0.1,0.0,0.3,0.65,False,0.001,4.0,0.5,mobilevitv2_075,0.9,adamp,10,0.2,8,2,multistep,0.1,0.0,True,10,1e-05,0.0001,auto_augment,"(0.0, 0.99)",original
126047437379514740,False,4,0.0001,1.0,4.0,0.25,20.0,0.5,0.01,0.2,,False,1e-05,2.0,0.25,convnext_small_384_in22ft1k,0.9,adam,10,0.8,8,2,multistep,0.05,0.0001,False,0,1e-06,0.0001,trivial_augment,"(0.0, 0.999)",
114278760546455468,False,4,0.001,10.0,0.0,0.5,10.0,0.5,0.1,0.0,0.75,False,0.0005,2.0,0.75,tf_efficientnet_b6_ns,0.9,adamw,10,0.2,8,2,step,0.0,0.001,True,10,1e-06,0.1,none,"(0.0, 0.999)",
101815534694911517,True,512,0.0,10.0,0.5,0.1,0.0,0.1,0.0001,0.2,0.75,True,0.0001,0.0,1.0,edgenext_xx_small,0.9,momentum,10,0.4,9,3,cosine,0.05,0.0001,True,0,1e-06,0.0001,random_augment,,
26831083131846468,False,2,0.0001,10.0,0.5,0.0,0.0,0.1,0.0,0.4,,False,1e-05,0.4,0.75,swinv2_base_window12to24_192to384_22kft1k,0.95,momentum,10,0.0,8,2,cosine,0.05,0.01,True,5,1e-05,0.01,none,,
27746044621465297,True,128,0.01,,4.0,2.0,0.0,0.1,0.01,0.1,,True,0.0005,2.0,0.0,edgenext_xx_small,0.9,adamp,10,0.8,8,2,cosine,0.05,0.1,True,5,1e-06,0.001,none,"(0.0, 0.999)",
22585797973858559,True,8,0.01,1.0,2.0,0.1,0.0,0.1,0.0001,0.1,,False,0.0001,1.0,1.0,tf_efficientnet_b4_ns,0.9,momentum,10,0.6,8,2,cosine,0.05,0.0,True,0,1e-05,1e-05,trivial_augment,,
122280282544507516,False,64,0.001,10.0,1.0,0.1,20.0,0.5,0.01,0.3,,True,1e-05,0.4,0.75,mobilevit_xxs,0.9,adamw,10,0.2,8,2,step,0.05,0.0,False,10,1e-06,0.1,none,"(0.0, 0.999)",
211002608698581823,True,16,0.001,10.0,0.0,0.25,10.0,0.5,0.0,0.0,,False,0.005,2.0,0.25,volo_d1_384,0.9,adamw,10,1.0,17,2,step,0.0,0.1,False,10,0.0,0.1,random_augment,"(0.9, 0.99)",
20044547269455623,True,8,0.0001,10.0,0.5,4.0,0.0,0.1,0.001,0.3,0.75,True,1e-05,1.0,0.25,tf_efficientnet_b6_ns,0.9,adamw,10,0.8,8,2,cosine,0.0,0.0001,True,5,1e-05,0.001,trivial_augment,"(0.9, 0.99)",
28835276226148450,False,64,0.0,1.0,0.0,0.0,0.0,0.1,0.0,0.0,,False,0.0001,0.4,0.5,edgenext_small,0.9,sgd,5,1.0,8,2,plateau,0.1,0.0001,False,0,1e-06,0.0001,none,,
27169094095712551,True,2,0.0,,0.0,2.0,20.0,0.5,0.0001,0.2,0.65,True,0.01,0.2,1.0,xcit_tiny_24_p8_384_dist,0.9,adamp,10,1.0,8,2,multistep,0.1,0.0,False,5,0.0,0.001,none,"(0.9, 0.999)",
26052295431598132,False,8,0.0001,,2.0,0.25,20.0,0.5,0.001,0.1,,False,5e-05,2.0,1.0,mobilevit_xxs,0.0,momentum,10,0.4,8,2,step,0.05,0.0001,True,10,0.0,0.01,none,,
18388382852574662,False,256,0.0001,1.0,1.0,0.0,0.0,0.1,0.0,0.1,0.65,False,0.0005,0.4,0.0,edgenext_x_small,0.9,adam,2,1.0,8,2,plateau,0.05,0.0,True,10,1e-06,0.01,none,"(0.9, 0.99)",
22545588626899974,False,2,0.01,1.0,4.0,0.0,0.0,0.1,0.01,0.3,0.75,False,0.0005,0.0,0.75,deit3_small_patch16_384_in21ft1k,0.9,sgd,10,0.4,8,2,cosine,0.1,0.001,False,0,1e-05,1e-05,auto_augment,,original
19705430620536155,True,512,0.0001,,0.5,4.0,0.0,0.1,0.01,0.4,,False,5e-05,0.0,0.25,edgenext_x_small,0.0,momentum,10,0.8,8,2,cosine,0.05,0.01,False,10,1e-06,0.001,auto_augment,,original
10788791811888847,True,128,0.01,10.0,0.0,0.1,0.0,0.1,0.0001,0.0,,False,0.001,0.0,0.0,mobilevit_xxs,0.9,adam,10,0.8,8,2,cosine,0.0,0.1,True,10,1e-05,0.01,trivial_augment,"(0.0, 0.99)",
22655531787021938,False,4,0.001,,0.0,0.5,0.0,0.1,0.01,0.0,,True,0.001,0.0,1.0,swinv2_base_window12to24_192to384_22kft1k,0.9,adamw,10,0.2,8,2,cosine,0.0,0.0,False,5,1e-05,1e-05,trivial_augment,"(0.9, 0.99)",
170926591907963456,False,32,0.0001,10.0,0.0,2.0,0.0,0.1,0.001,0.3,0.65,False,0.0005,1.0,1.0,edgenext_xx_small,0.9,adamw,5,0.4,9,3,plateau,0.1,0.001,False,10,1e-06,0.1,random_augment,"(0.0, 0.99)",
113279282232200850,False,128,0.0001,1.0,4.0,0.0,20.0,0.1,0.1,0.1,0.75,False,0.005,0.0,0.75,edgenext_small,0.9,adamp,10,1.0,8,2,step,0.05,0.0,False,10,1e-05,0.0,trivial_augment,"(0.0, 0.999)",
120404691566926218,False,2,0.0001,10.0,0.5,0.25,10.0,0.5,0.001,0.2,,False,0.0005,0.0,0.0,edgenext_x_small,0.95,momentum,10,0.0,8,2,step,0.05,0.0,True,5,0.0,0.0,trivial_augment,,
13304026400318484,False,16,0.0001,1.0,0.5,0.1,0.0,0.1,0.01,0.0,0.75,True,1e-05,1.0,0.5,mobilevitv2_075,0.9,sgd,10,0.6,8,2,cosine,0.1,0.0001,True,5,1e-05,0.0001,auto_augment,,v0
16874153323464270,False,128,0.0001,10.0,2.0,1.0,0.0,0.1,0.01,0.0,,True,5e-05,2.0,0.75,volo_d1_384,0.9,adamp,10,1.0,8,2,cosine,0.1,0.1,False,5,1e-06,0.1,trivial_augment,"(0.9, 0.99)",
27774298491536628,False,2,0.0001,1.0,0.5,1.0,0.0,0.1,0.01,0.2,0.75,False,0.005,1.0,0.0,convnext_small_384_in22ft1k,0.9,adam,2,0.0,8,2,plateau,0.0,0.0001,False,10,1e-06,0.001,trivial_augment,"(0.0, 0.999)",
16105523966369038,False,64,0.0001,10.0,4.0,0.25,20.0,0.1,0.001,0.0,0.75,False,5e-05,0.0,0.75,edgenext_xx_small,0.9,adamp,10,0.4,8,2,step,0.05,0.01,False,10,1e-05,0.0,trivial_augment,"(0.9, 0.999)",
116820008751798441,True,32,0.1,10.0,4.0,4.0,10.0,0.5,0.0,0.1,0.65,True,0.01,2.0,0.5,deit3_small_patch16_384_in21ft1k,0.95,momentum,10,0.0,8,2,multistep,0.05,0.0001,True,5,1e-06,0.001,none,,
13273029142799346,False,2,0.001,,2.0,0.25,0.0,0.1,0.0001,0.2,0.75,False,1e-05,0.4,0.75,beit_large_patch16_512,0.8,momentum,10,0.6,8,2,cosine,0.1,0.1,False,5,1e-05,0.0001,none,,
13412206865122753,True,128,0.0,1.0,0.0,0.5,0.0,0.1,0.001,0.2,0.75,True,0.005,0.0,1.0,tf_efficientnet_b4_ns,0.9,sgd,5,0.8,8,2,plateau,0.1,0.01,False,10,1e-05,0.0001,none,,
26204514090457520,False,4,0.0001,1.0,2.0,1.0,0.0,0.1,0.1,0.0,0.75,False,1e-05,4.0,0.75,xcit_tiny_12_p8_384_dist,0.9,adam,2,0.6,8,2,plateau,0.05,0.0001,True,0,1e-06,0.01,none,"(0.0, 0.999)",
2649320914661689,True,128,0.001,,1.0,4.0,10.0,0.1,0.0,0.2,0.75,True,1e-05,1.0,0.5,edgenext_small,0.9,adamp,10,0.8,8,2,multistep,0.05,0.0001,True,10,1e-05,0.01,none,"(0.9, 0.999)",
13053881327697981,True,32,0.1,1.0,2.0,0.0,0.0,0.1,0.0,0.3,,False,0.01,2.0,1.0,edgenext_x_small,0.9,adam,10,0.4,8,2,cosine,0.0,0.0,False,0,1e-05,0.0001,none,"(0.0, 0.99)",
17454547242647504,False,32,0.001,10.0,4.0,4.0,0.0,0.1,0.1,0.2,0.65,True,0.001,0.0,1.0,dla46x_c,0.9,adam,10,0.2,9,2,cosine,0.05,0.01,False,10,1e-05,0.1,random_augment,"(0.9, 0.99)",
27936644781453891,True,256,0.001,1.0,0.0,0.1,0.0,0.1,0.01,0.1,,False,5e-05,0.2,0.5,edgenext_x_small,0.95,momentum,10,0.4,8,2,cosine,0.0,0.001,False,0,1e-05,0.001,none,,
242989137150813214,False,512,0.0001,,4.0,0.1,20.0,0.1,0.01,0.1,0.65,True,0.005,2.0,1.0,edgenext_xx_small,0.9,adamw,10,0.4,8,2,multistep,0.0,0.0001,True,10,1e-05,0.0,auto_augment,"(0.9, 0.99)",original
12566220022432191,True,4,0.0001,10.0,1.0,0.5,20.0,0.1,0.01,0.1,0.65,False,0.01,8.0,0.75,xcit_nano_12_p8_384_dist,0.9,sgd,10,1.0,8,2,multistep,0.05,0.001,True,10,0.0,0.0001,none,,
19195440373286871,True,256,0.001,,0.5,2.0,0.0,0.1,0.0001,0.3,0.65,False,0.005,0.4,0.25,dla46x_c,0.9,adamp,10,0.8,8,2,cosine,0.05,0.1,True,5,0.0,0.001,none,"(0.9, 0.99)",
26147333040318098,False,32,0.0,1.0,0.0,0.0,20.0,0.5,0.0,0.2,,False,0.001,4.0,0.0,tf_efficientnet_b4_ns,0.9,adam,10,0.4,8,2,step,0.1,0.001,False,0,1e-06,0.01,none,"(0.9, 0.999)",
15805490076553957,True,16,0.0,,0.0,1.0,10.0,0.1,0.1,0.1,0.75,False,1e-05,0.0,1.0,tf_efficientnet_b4_ns,0.9,sgd,10,0.6,8,2,step,0.05,0.01,False,0,1e-05,0.0,auto_augment,,v0
196050766058575903,True,2,0.1,10.0,0.0,0.25,10.0,0.1,0.001,0.1,,False,0.005,2.0,0.0,xcit_small_12_p8_384_dist,0.9,adam,10,1.0,8,2,multistep,0.05,0.001,True,5,0.0,0.01,none,"(0.9, 0.99)",
23990772084454638,False,2,0.0001,,0.5,0.0,0.0,0.1,0.0,0.4,0.75,False,0.005,2.0,0.0,edgenext_xx_small,0.9,adam,10,0.2,8,2,cosine,0.0,0.1,True,0,1e-05,0.0,auto_augment,"(0.9, 0.999)",original
101997538219809565,True,16,0.0001,10.0,2.0,0.5,10.0,0.1,0.001,0.0,,False,0.0005,2.0,0.75,dla46x_c,0.9,sgd,10,0.4,17,3,multistep,0.05,0.01,True,5,1e-06,0.0001,random_augment,,
22764268934440332,False,16,0.001,10.0,2.0,2.0,0.0,0.1,0.1,0.2,0.75,True,0.001,0.2,1.0,edgenext_small,0.9,adamp,2,1.0,8,2,plateau,0.0,0.001,True,5,1e-05,1e-05,auto_augment,"(0.9, 0.999)",original
22645822465872562,False,8,0.0001,10.0,2.0,4.0,0.0,0.1,0.0,0.1,0.65,False,0.0005,0.0,0.5,dla46x_c,0.9,momentum,10,0.6,8,2,cosine,0.05,0.1,True,0,1e-05,1e-05,trivial_augment,,
194923959544481009,True,8,0.01,,0.0,0.0,10.0,0.1,0.001,0.3,0.75,False,0.001,2.0,1.0,xcit_tiny_24_p8_384_dist,0.9,adamp,10,0.2,8,2,step,0.05,0.001,False,0,1e-06,0.1,none,"(0.9, 0.99)",
1500173579249570,False,4,0.0001,,0.0,2.0,0.0,0.1,0.0001,0.0,0.65,False,0.001,4.0,1.0,xcit_nano_12_p8_384_dist,0.0,momentum,2,1.0,8,2,plateau,0.1,0.1,True,0,0.0,0.01,none,,
270153536883786389,True,64,0.0001,10.0,4.0,0.0,20.0,0.1,0.1,0.0,,True,0.0001,0.2,0.5,xcit_nano_12_p8_384_dist,0.9,adam,10,0.8,9,3,step,0.1,0.0001,True,0,0.0,0.001,random_augment,"(0.9, 0.999)",
14208640037475013,True,2,0.1,10.0,2.0,0.25,0.0,0.1,0.0001,0.1,0.65,False,5e-05,1.0,1.0,volo_d5_512,0.9,adamp,10,1.0,8,2,cosine,0.0,0.001,True,5,1e-06,1e-05,trivial_augment,"(0.0, 0.99)",
111973311147484770,False,16,0.01,1.0,0.5,0.5,20.0,0.1,0.01,0.2,,False,1e-05,4.0,0.0,mobilevit_xxs,0.9,adam,10,0.2,9,2,step,0.05,0.01,False,10,1e-05,1e-05,random_augment,"(0.0, 0.999)",
256246777224798,False,16,0.1,1.0,4.0,4.0,0.0,0.1,0.0,0.4,,False,0.01,0.0,0.0,dla46x_c,0.9,sgd,10,0.2,8,2,cosine,0.0,0.001,True,5,0.0,0.1,trivial_augment,,
128401944089865881,True,8,0.001,,1.0,4.0,20.0,0.5,0.1,0.4,0.75,False,0.001,2.0,0.5,volo_d3_448,0.9,adamp,10,0.8,8,2,step,0.05,0.01,True,0,0.0,0.0,none,"(0.0, 0.999)",
106182516017086025,True,8,0.0,1.0,4.0,0.0,20.0,0.1,0.01,0.3,0.65,False,1e-05,4.0,0.25,xcit_nano_12_p8_384_dist,0.95,momentum,10,0.6,8,2,step,0.05,0.001,True,10,1e-06,0.1,trivial_augment,,
127336659493041855,True,32,0.001,1.0,0.5,0.5,20.0,0.5,0.01,0.1,0.65,False,0.0005,8.0,0.75,xcit_nano_12_p8_384_dist,0.95,momentum,10,0.8,8,2,step,0.05,0.001,True,10,0.0,1e-05,none,,
27091157070184492,False,8,0.0001,,0.5,0.0,0.0,0.1,0.1,0.2,,True,0.005,2.0,0.75,mobilevit_xxs,0.95,momentum,10,0.0,8,2,cosine,0.1,0.0,True,0,0.0,0.001,none,,
1926042630671204,False,32,0.001,,2.0,1.0,0.0,0.1,0.001,0.4,0.65,False,0.005,0.2,0.0,volo_d1_384,0.9,sgd,10,0.8,8,2,cosine,0.05,0.01,True,0,1e-06,0.01,none,,
141639224150916864,False,2,0.01,10.0,4.0,1.0,20.0,0.1,0.0001,0.1,0.65,False,5e-05,1.0,0.75,beit_large_patch16_512,0.9,adamw,10,0.6,8,2,step,0.1,0.0,False,10,1e-05,0.001,auto_augment,"(0.0, 0.99)",original
24306817263760788,False,16,0.1,10.0,4.0,0.0,20.0,0.5,0.0,0.0,,False,5e-05,0.4,1.0,volo_d1_384,0.9,adam,10,0.2,8,2,step,0.0,0.0,False,0,0.0,0.1,trivial_augment,"(0.9, 0.999)",
200410235899058959,True,16,0.1,1.0,1.0,2.0,10.0,0.1,0.001,0.3,,False,0.0001,0.0,0.5,dla46x_c,0.8,momentum,10,0.6,17,2,step,0.0,0.01,True,0,1e-06,1e-05,random_augment,,
10835899563744469,True,2,0.0001,10.0,0.5,0.5,10.0,0.1,0.001,0.4,0.75,False,0.0005,0.0,0.25,edgenext_xx_small,0.9,sgd,10,1.0,8,2,multistep,0.0,0.001,False,0,0.0,0.001,auto_augment,,v0
20396533246923524,False,256,0.0,1.0,0.5,2.0,10.0,0.5,0.01,0.2,,True,0.001,8.0,0.5,dla46x_c,0.9,sgd,10,0.8,8,2,step,0.05,0.1,True,0,0.0,0.0001,none,,
12311844443085916,False,64,0.001,,0.5,0.0,0.0,0.1,0.001,0.0,0.75,False,0.001,8.0,0.75,edgenext_xx_small,0.9,sgd,5,0.6,8,2,plateau,0.05,0.0,False,5,0.0,0.0001,none,,
19211135011480358,False,32,0.0,10.0,0.5,0.1,10.0,0.1,0.1,0.1,,False,5e-05,0.4,0.25,xcit_nano_12_p8_384_dist,0.9,sgd,10,0.6,8,2,step,0.05,0.0,False,10,0.0,0.001,auto_augment,,original
15549489136380366,False,2,0.001,1.0,1.0,0.25,0.0,0.1,0.0,0.3,0.65,True,5e-05,8.0,0.75,dla46x_c,0.8,momentum,10,0.6,8,2,cosine,0.05,0.0001,True,5,1e-06,0.0,none,,
26491900642250665,True,128,0.1,,4.0,1.0,0.0,0.1,0.1,0.1,0.65,False,5e-05,8.0,0.0,xcit_tiny_12_p8_384_dist,0.9,adam,10,1.0,9,2,cosine,0.1,0.0,True,10,1e-06,0.01,random_augment,"(0.0, 0.999)",
14569768835833651,True,16,0.01,10.0,2.0,0.25,20.0,0.1,0.0,0.4,0.65,False,1e-05,4.0,0.75,edgenext_xx_small,0.9,sgd,10,0.0,9,2,step,0.0,0.0001,False,5,1e-05,1e-05,random_augment,,
142839076030464574,False,64,0.01,1.0,0.5,4.0,20.0,0.1,0.001,0.4,0.65,False,5e-05,0.4,0.75,edgenext_x_small,0.99,momentum,10,0.2,8,2,step,0.1,0.0,False,5,1e-05,0.0001,trivial_augment,,
10478475614106524,False,4,0.1,,0.0,0.1,0.0,0.1,0.1,0.0,0.75,True,1e-05,2.0,0.25,swinv2_base_window12to24_192to384_22kft1k,0.9,sgd,10,0.6,17,2,cosine,0.05,0.01,True,0,1e-05,0.01,random_augment,,
23726155058583898,False,8,0.01,1.0,0.0,1.0,0.0,0.1,0.0,0.0,,False,0.0001,0.4,0.75,mobilevit_xs,0.9,sgd,10,0.8,8,2,cosine,0.05,0.0001,False,10,1e-06,0.0,auto_augment,,original
28989303041947053,True,4,0.0,1.0,2.0,4.0,20.0,0.5,0.001,0.2,0.65,False,5e-05,2.0,1.0,xcit_tiny_24_p8_384_dist,0.9,sgd,10,1.0,8,2,multistep,0.0,0.001,False,5,1e-06,0.0001,trivial_augment,,
148080555952683149,True,64,0.0001,,0.5,0.0,10.0,0.5,0.01,0.0,,False,0.0005,0.4,1.0,xcit_tiny_12_p8_384_dist,0.99,momentum,10,0.8,8,2,step,0.0,0.0,False,0,1e-05,0.01,trivial_augment,,
158987862371792468,False,4,0.001,1.0,1.0,0.5,10.0,0.5,0.01,0.4,,False,0.0005,4.0,0.25,convnext_small_384_in22ft1k,0.9,adamp,10,1.0,8,2,step,0.0,0.001,True,0,1e-05,0.0001,auto_augment,"(0.0, 0.99)",v0
19094016338211861,True,32,0.1,,4.0,0.25,0.0,0.1,0.0,0.2,0.75,False,1e-05,0.4,0.75,edgenext_x_small,0.9,adam,10,0.4,8,2,cosine,0.1,0.001,False,5,0.0,0.001,none,"(0.9, 0.99)",
24329396883593926,False,64,0.001,,4.0,0.1,0.0,0.1,0.0,0.3,0.65,False,0.005,4.0,0.0,xcit_nano_12_p8_384_dist,0.9,adamp,2,0.8,8,2,plateau,0.05,0.0001,False,0,0.0,0.1,trivial_augment,"(0.0, 0.999)",
1017162767313721,True,2,0.0,1.0,4.0,0.25,0.0,0.1,0.01,0.3,,False,5e-05,2.0,0.5,volo_d4_448,0.9,adamp,10,1.0,8,2,cosine,0.1,0.001,True,0,1e-05,0.1,trivial_augment,"(0.9, 0.999)",
23759816441062741,True,16,0.01,,4.0,0.5,0.0,0.1,0.1,0.2,0.65,True,1e-05,1.0,0.25,deit3_small_patch16_384_in21ft1k,0.9,sgd,10,0.4,8,2,cosine,0.1,0.01,False,10,1e-06,0.0,auto_augment,,original
112138737244754934,False,128,0.1,,0.0,0.0,20.0,0.1,0.01,0.3,,True,1e-05,4.0,0.5,mobilevitv2_075,0.9,adamp,10,0.6,8,2,step,0.05,0.1,False,0,0.0,0.0,trivial_augment,"(0.0, 0.999)",
186374739037376,False,4,0.01,1.0,4.0,0.0,0.0,0.1,0.0001,0.0,0.75,False,0.0001,8.0,0.5,swinv2_base_window12to24_192to384_22kft1k,0.9,sgd,10,0.4,8,2,cosine,0.05,0.001,False,5,0.0,0.1,none,,
14541973980678308,False,4,0.001,,0.5,1.0,0.0,0.1,0.001,0.3,0.75,False,0.005,0.2,0.25,beit_base_patch16_384,0.9,adam,2,0.2,8,2,plateau,0.0,0.1,True,0,1e-05,1e-05,none,"(0.0, 0.99)",
26254513938293016,False,16,0.0,1.0,0.5,1.0,0.0,0.1,0.0001,0.0,0.65,True,0.005,1.0,1.0,convnext_small_384_in22ft1k,0.9,adam,2,0.6,8,2,plateau,0.1,0.1,True,0,1e-06,0.01,trivial_augment,"(0.0, 0.999)",
24584750158667419,True,2,0.0001,10.0,0.5,0.0,0.0,0.1,0.001,0.2,0.65,False,0.005,4.0,1.0,mobilevit_xs,0.9,adamw,10,0.0,8,2,cosine,0.1,0.01,True,5,0.0,0.1,none,"(0.0, 0.99)",
15722536740186265,True,16,0.0001,1.0,0.0,0.0,0.0,0.1,0.0001,0.0,0.75,False,5e-05,0.2,0.75,volo_d1_384,0.9,adam,2,0.6,8,2,plateau,0.1,0.001,True,10,1e-06,0.0,auto_augment,"(0.9, 0.999)",v0
22382879805432792,False,2,0.1,,0.5,1.0,10.0,0.5,0.001,0.3,0.65,False,1e-05,0.4,0.25,swinv2_base_window12to24_192to384_22kft1k,0.9,sgd,10,0.8,8,2,multistep,0.1,0.0001,False,10,1e-06,1e-05,trivial_augment,,
17365259956926461,True,8,0.001,,0.5,1.0,0.0,0.1,0.01,0.1,,False,5e-05,0.2,0.0,edgenext_xx_small,0.9,adamp,10,1.0,8,2,cosine,0.05,0.001,True,5,1e-05,0.1,auto_augment,"(0.9, 0.999)",original
13003709986490145,True,256,0.0,1.0,1.0,0.25,0.0,0.1,0.0001,0.1,,False,1e-05,2.0,0.25,dla46x_c,0.9,adam,10,0.2,8,2,cosine,0.1,0.0001,True,10,1e-06,0.0001,none,"(0.0, 0.99)",
23661642502743851,True,64,0.0,1.0,0.0,4.0,10.0,0.5,0.1,0.0,0.65,False,5e-05,4.0,0.25,mobilevit_xs,0.9,sgd,10,0.2,8,2,step,0.0,0.001,True,5,1e-06,0.0,trivial_augment,,
14164285561771151,True,64,0.0,10.0,2.0,2.0,0.0,0.1,0.01,0.0,0.75,False,0.01,1.0,0.75,edgenext_small,0.9,adamw,10,0.6,8,2,cosine,0.0,0.1,False,5,1e-06,1e-05,none,"(0.0, 0.99)",
148681508486123120,False,256,0.001,10.0,1.0,0.5,10.0,0.5,0.01,0.4,,False,5e-05,4.0,0.25,mobilevit_xs,0.99,momentum,10,0.6,9,2,multistep,0.0,0.0,False,5,0.0,0.001,random_augment,,
23180318986795969,True,128,0.001,1.0,4.0,0.5,0.0,0.1,0.0001,0.1,0.65,False,0.01,8.0,0.5,mobilevit_xs,0.9,adamw,10,1.0,9,2,cosine,0.0,0.0,True,5,0.0,0.0,random_augment,"(0.9, 0.99)",
20967714676773024,False,16,0.0001,10.0,0.5,4.0,10.0,0.5,0.0,0.0,0.65,False,1e-05,1.0,1.0,swinv2_base_window12to24_192to384_22kft1k,0.9,adamw,10,0.8,8,2,multistep,0.05,0.001,True,5,1e-06,0.0001,trivial_augment,"(0.9, 0.999)",
15052684729952522,False,4,0.0,1.0,4.0,0.1,0.0,0.1,0.0,0.0,,False,0.01,0.4,1.0,xcit_tiny_12_p8_384_dist,0.9,sgd,5,1.0,8,2,plateau,0.0,0.01,False,5,0.0,0.0,none,,
234456837249354642,False,2,0.1,,0.5,0.0,10.0,0.1,0.01,0.3,0.65,False,5e-05,1.0,0.75,beit_large_patch16_512,0.9,adamw,10,0.8,17,2,step,0.05,0.001,True,10,1e-06,0.0,random_augment,"(0.0, 0.999)",
12381186542096658,False,128,0.001,10.0,4.0,0.0,10.0,0.1,0.0,0.3,0.75,False,5e-05,1.0,0.75,mobilevitv2_075,0.9,sgd,10,1.0,8,2,multistep,0.0,0.0,True,5,0.0,0.0001,auto_augment,,v0
236236895192456641,True,2,0.0,1.0,0.0,0.0,20.0,0.1,0.1,0.3,,False,0.001,2.0,0.5,xcit_nano_12_p8_384_dist,0.9,adamp,10,0.4,8,2,step,0.0,0.0001,True,10,1e-05,0.1,auto_augment,"(0.9, 0.99)",original
161894762758438784,False,32,0.001,,1.0,4.0,0.0,0.1,0.1,0.0,0.75,False,0.01,0.2,0.25,dla46x_c,0.9,adamp,2,0.2,9,3,plateau,0.1,0.0,False,10,1e-05,0.0,random_augment,"(0.0, 0.999)",
12257815193420599,True,2,0.0001,1.0,1.0,0.0,0.0,0.1,0.001,0.4,,False,0.005,0.2,0.0,convnext_small_384_in22ft1k,0.9,sgd,10,0.6,8,2,cosine,0.0,0.001,True,0,0.0,0.0001,auto_augment,,v0
29504406961109616,False,16,0.0,,2.0,0.0,20.0,0.5,0.0001,0.4,0.65,False,0.0001,0.2,0.0,mobilevit_xs,0.9,sgd,10,1.0,8,2,multistep,0.05,0.0001,True,5,1e-05,0.0001,none,,
252639938279548285,True,16,0.0001,,2.0,2.0,20.0,0.5,0.0001,0.1,,True,0.0001,0.2,0.75,deit3_small_patch16_384_in21ft1k,0.9,adamw,10,0.4,17,2,step,0.05,0.1,True,0,0.0,0.01,random_augment,"(0.0, 0.999)",
190819647280126963,True,2,0.1,1.0,0.0,0.25,20.0,0.5,0.1,0.1,,True,0.005,4.0,0.5,tf_efficientnet_b6_ns,0.9,adamw,10,0.8,17,2,multistep,0.1,0.01,True,10,0.0,0.0001,random_augment,"(0.0, 0.99)",
151530208684293126,False,128,0.01,1.0,0.5,1.0,0.0,0.1,0.01,0.0,0.75,True,0.005,8.0,1.0,mobilevitv2_075,0.95,momentum,10,0.8,17,3,cosine,0.0,0.0,False,10,0.0,1e-05,random_augment,,
22970814912451573,True,16,0.001,,4.0,1.0,0.0,0.1,0.001,0.0,,False,5e-05,8.0,1.0,edgenext_xx_small,0.9,adamp,10,0.4,8,2,cosine,0.0,0.0001,False,0,0.0,0.0,trivial_augment,"(0.9, 0.99)",
147539823720870336,False,16,0.0,,4.0,0.1,10.0,0.5,0.0,0.1,0.75,False,0.0005,0.2,1.0,xcit_nano_12_p8_384_dist,0.9,adam,10,0.0,17,2,step,0.0,0.1,False,10,0.0,0.01,random_augment,"(0.9, 0.999)",
243737899601972009,True,8,0.01,,0.0,0.0,10.0,0.5,0.001,0.2,0.75,False,0.001,4.0,0.5,tf_efficientnet_b4_ns,0.9,adam,10,0.0,8,2,step,0.0,0.0001,True,5,1e-06,0.1,none,"(0.9, 0.99)",
220555410370081,True,16,0.01,1.0,4.0,0.5,0.0,0.1,0.0001,0.3,0.75,False,0.0001,0.2,0.0,volo_d1_384,0.9,sgd,10,0.6,8,2,cosine,0.1,0.1,False,5,0.0,0.1,none,,
14841466407133633,True,2,0.1,10.0,4.0,0.25,20.0,0.1,0.001,0.1,0.65,False,5e-05,0.2,0.25,tf_efficientnet_b7_ns,0.9,sgd,10,0.8,8,2,multistep,0.0,0.1,True,10,1e-05,1e-05,none,,
28028129524116804,False,2,0.01,1.0,2.0,1.0,20.0,0.5,0.0,0.4,0.65,False,1e-05,0.4,0.0,mobilevit_xs,0.9,sgd,10,1.0,8,2,step,0.0,0.01,True,0,1e-05,0.001,trivial_augment,,
19965443497155353,True,64,0.1,,0.5,0.25,0.0,0.1,0.01,0.0,0.75,False,0.0001,1.0,0.25,xcit_nano_12_p8_384_dist,0.9,sgd,10,0.8,9,3,cosine,0.1,0.0,False,5,1e-05,0.001,random_augment,,
26624028754617775,True,16,0.0001,10.0,0.5,0.1,0.0,0.1,0.001,0.3,0.65,False,0.001,4.0,0.5,xcit_nano_12_p8_384_dist,0.9,sgd,5,0.0,8,2,plateau,0.05,0.1,False,0,1e-05,0.01,none,,
244890953114461258,False,8,0.01,,0.0,4.0,0.0,0.1,0.1,0.2,0.65,False,0.005,0.2,0.0,edgenext_small,0.9,adam,5,1.0,17,3,plateau,0.1,0.001,False,0,1e-06,0.01,random_augment,"(0.9, 0.99)",
11286151626437266,False,8,0.1,,1.0,0.25,0.0,0.1,0.001,0.0,0.75,False,5e-05,4.0,0.75,edgenext_xx_small,0.9,sgd,2,0.0,8,2,plateau,0.0,0.001,False,0,1e-06,0.001,auto_augment,,v0
20672469251586893,True,64,0.1,,2.0,2.0,10.0,0.5,0.0001,0.3,,True,0.0001,4.0,0.0,deit3_small_patch16_384_in21ft1k,0.9,adam,10,0.6,8,2,multistep,0.1,0.001,True,10,0.0,0.0001,trivial_augment,"(0.9, 0.999)",
143216380196744103,True,32,0.01,10.0,2.0,4.0,0.0,0.1,0.001,0.4,0.75,True,0.0005,0.0,0.75,edgenext_x_small,0.9,adamw,5,0.4,8,2,plateau,0.1,0.0,True,0,0.0,1e-05,auto_augment,"(0.0, 0.99)",original
10253774466795248,False,32,0.0,,1.0,2.0,0.0,0.1,0.001,0.1,0.75,True,0.001,2.0,1.0,tf_efficientnet_b6_ns,0.9,sgd,10,1.0,8,2,cosine,0.05,0.01,False,10,1e-06,0.01,auto_augment,,v0
25593955737469042,False,8,0.0001,10.0,1.0,0.0,0.0,0.1,0.01,0.4,,False,0.0005,8.0,0.25,convnext_small_384_in22ft1k,0.9,adamp,2,0.0,9,2,plateau,0.1,0.0,True,10,1e-05,0.1,random_augment,"(0.0, 0.999)",
116004500482645016,False,32,0.0001,1.0,0.0,0.0,10.0,0.5,0.0,0.4,0.65,True,0.0005,2.0,1.0,mobilevit_xs,0.9,sgd,10,0.8,17,3,step,0.0,0.001,False,10,1e-05,0.01,random_augment,,
10301461818804210,False,128,0.0001,1.0,1.0,1.0,0.0,0.1,0.0001,0.3,,True,5e-05,4.0,0.25,mobilevitv2_075,0.9,sgd,2,0.6,8,2,plateau,0.05,0.0001,True,10,1e-06,0.01,auto_augment,,v0
166425869407675039,True,16,0.1,10.0,4.0,0.1,0.0,0.1,0.0,0.1,,True,0.01,0.0,1.0,xcit_tiny_24_p8_384_dist,0.9,adam,5,0.6,8,2,plateau,0.1,0.001,False,10,0.0,0.0001,auto_augment,"(0.9, 0.99)",original
276436858888761422,False,256,0.0001,10.0,2.0,0.25,0.0,0.1,0.0001,0.4,0.65,False,1e-05,2.0,1.0,mobilevit_xxs,0.99,momentum,2,1.0,17,3,plateau,0.05,0.0,True,0,1e-05,0.1,random_augment,,
22575833585449904,False,4,0.1,,4.0,0.25,0.0,0.1,0.001,0.4,0.65,False,0.005,1.0,1.0,edgenext_small,0.9,adam,10,0.6,8,2,cosine,0.1,0.1,False,0,1e-05,1e-05,trivial_augment,"(0.9, 0.99)",
25494775446224450,False,4,0.0001,10.0,0.0,0.25,0.0,0.1,0.1,0.3,0.65,False,1e-05,8.0,1.0,xcit_small_12_p8_384_dist,0.9,adamp,2,1.0,8,2,plateau,0.0,0.1,True,5,1e-05,0.1,none,"(0.0, 0.99)",
273200349286424613,True,4,0.0,1.0,0.5,0.25,20.0,0.5,0.1,0.3,0.65,False,0.001,0.2,0.0,mobilevit_xxs,0.9,adamp,10,1.0,8,2,multistep,0.1,0.1,True,10,0.0,1e-05,none,"(0.9, 0.99)",
13024026704798985,True,4,0.1,10.0,4.0,1.0,0.0,0.1,0.0001,0.0,,True,1e-05,0.0,0.75,convnext_small_384_in22ft1k,0.9,adam,10,0.6,8,2,cosine,0.0,0.01,True,10,1e-06,0.0001,trivial_augment,"(0.0, 0.99)",
17236933287721589,True,64,0.0001,,2.0,2.0,10.0,0.5,0.0,0.1,,True,0.0005,0.0,0.25,edgenext_x_small,0.9,sgd,10,0.8,8,2,multistep,0.1,0.01,True,0,1e-05,0.1,none,,
14604646405012745,True,8,0.0,10.0,2.0,1.0,0.0,0.1,0.0,0.2,,False,0.0005,1.0,1.0,beit_large_patch16_512,0.9,adam,10,1.0,8,2,cosine,0.05,0.01,False,5,1e-05,1e-05,auto_augment,"(0.9, 0.999)",v0
190739735029299013,True,16,0.001,10.0,1.0,0.25,20.0,0.5,0.1,0.4,,False,0.01,4.0,0.5,xcit_small_12_p8_384_dist,0.8,momentum,10,1.0,8,2,multistep,0.05,0.01,False,10,0.0,0.0001,auto_augment,,original
100893115582641113,True,8,0.0001,10.0,2.0,0.1,0.0,0.1,0.01,0.3,,False,0.001,1.0,1.0,deit3_small_patch16_384_in21ft1k,0.9,adamp,5,0.0,8,2,plateau,0.1,0.1,False,0,1e-05,0.001,none,"(0.9, 0.999)",
27012059511680513,True,64,0.1,10.0,0.0,0.0,0.0,0.1,0.0001,0.2,0.75,True,0.001,8.0,0.0,xcit_small_12_p8_384_dist,0.9,adamp,10,1.0,8,2,cosine,0.05,0.0,False,0,0.0,0.001,trivial_augment,"(0.0, 0.999)",
24272422801844431,True,128,0.0001,1.0,2.0,0.5,10.0,0.5,0.0,0.0,0.75,False,0.005,2.0,0.5,edgenext_x_small,0.9,sgd,10,1.0,8,2,step,0.1,0.001,True,10,1e-05,0.0,trivial_augment,,
16533414172114291,True,2,0.0,,1.0,2.0,0.0,0.1,0.0,0.3,,False,0.005,0.4,0.75,swinv2_base_window12to24_192to384_22kft1k,0.9,adamp,10,0.2,8,2,cosine,0.0,0.001,False,10,0.0,0.1,none,"(0.9, 0.99)",
121169673543224628,False,2,0.0001,10.0,4.0,1.0,0.0,0.1,0.001,0.1,0.65,False,5e-05,1.0,0.5,mobilevit_xxs,0.99,momentum,10,1.0,8,2,cosine,0.05,0.0001,True,0,1e-05,0.0,auto_augment,,original
283861315964504797,True,16,0.0,10.0,2.0,0.25,20.0,0.5,0.1,0.4,0.75,True,0.0001,0.2,0.25,edgenext_x_small,0.9,adamw,10,1.0,9,3,step,0.05,0.0,False,10,0.0,0.1,random_augment,"(0.9, 0.999)",
22223557301249574,False,2,0.01,1.0,4.0,0.25,0.0,0.1,0.1,0.0,0.65,False,0.0005,0.2,0.75,tf_efficientnet_b6_ns,0.9,momentum,2,0.4,8,2,plateau,0.0,0.0001,False,5,1e-06,1e-05,trivial_augment,,
100662901267791661,True,16,0.01,,0.0,1.0,10.0,0.1,0.1,0.0,0.65,False,0.01,4.0,0.75,tf_efficientnet_b6_ns,0.9,adamp,10,1.0,8,2,multistep,0.05,0.1,True,5,1e-06,0.001,none,"(0.0, 0.999)",
2285806420716572,False,4,0.0,10.0,1.0,0.5,0.0,0.1,0.0001,0.1,0.65,False,0.0001,0.4,0.25,tf_efficientnet_b7_ns,0.0,momentum,10,0.4,8,2,cosine,0.05,0.001,False,0,1e-05,0.01,none,,
20055730085482424,False,256,0.0,,2.0,0.1,0.0,0.1,0.0001,0.2,0.75,True,1e-05,0.0,0.5,edgenext_x_small,0.9,adamw,10,1.0,8,2,cosine,0.1,0.0001,True,5,1e-05,0.001,trivial_augment,"(0.9, 0.99)",
27904807595767476,False,128,0.01,,2.0,2.0,0.0,0.1,0.01,0.3,,False,0.0005,8.0,1.0,mobilevit_xs,0.95,momentum,2,0.6,8,2,plateau,0.1,0.1,True,10,1e-06,0.001,trivial_augment,,
18559970027200158,False,16,0.1,10.0,0.0,0.25,0.0,0.1,0.1,0.4,0.75,False,0.0005,0.0,0.75,volo_d1_384,0.9,adamp,10,0.4,8,2,cosine,0.0,0.001,True,0,1e-05,0.01,none,"(0.9, 0.99)",
10812441621804085,True,2,0.01,10.0,0.0,0.0,0.0,0.1,0.01,0.4,0.65,False,0.0005,0.4,0.75,volo_d3_448,0.9,adam,10,0.4,8,2,cosine,0.1,0.0,False,0,0.0,0.001,trivial_augment,"(0.0, 0.99)",
11487266220197020,False,8,0.001,,4.0,4.0,0.0,0.1,0.0001,0.0,0.75,False,1e-05,0.2,0.0,beit_base_patch16_384,0.9,adamw,10,0.0,8,2,cosine,0.1,0.0,True,5,1e-06,0.001,none,"(0.0, 0.99)",
156147971186700455,True,8,0.0,10.0,0.5,0.5,10.0,0.5,0.001,0.3,0.65,False,0.001,0.2,0.0,xcit_tiny_12_p8_384_dist,0.9,adamw,10,0.6,8,2,multistep,0.1,0.001,True,10,1e-06,0.01,auto_augment,"(0.0, 0.99)",v0
24319414905075328,False,8,0.01,1.0,4.0,0.0,0.0,0.1,0.1,0.1,0.65,False,0.0001,0.4,0.5,tf_efficientnet_b7_ns,0.9,sgd,5,1.0,17,2,plateau,0.1,0.0,False,0,0.0,0.1,random_augment,,
26110636846454257,True,16,0.0,,0.0,0.1,0.0,0.1,0.0,0.1,0.65,False,0.01,0.4,1.0,mobilevit_xs,0.95,momentum,10,0.8,9,2,cosine,0.05,0.0,False,0,1e-06,0.01,random_augment,,
115859066525834826,False,128,0.01,,2.0,0.5,10.0,0.5,0.0,0.4,0.75,True,0.0001,4.0,0.0,edgenext_small,0.9,adamw,10,0.2,9,2,step,0.05,0.001,False,5,1e-05,0.01,random_augment,"(0.0, 0.999)",
19952247688740648,False,2,0.0001,1.0,1.0,0.5,10.0,0.1,0.001,0.3,0.65,False,5e-05,1.0,0.0,mobilevit_xxs,0.9,adamp,10,0.4,8,2,multistep,0.1,0.1,True,0,1e-05,0.001,auto_augment,"(0.9, 0.999)",original
110387745831444961,True,128,0.0001,10.0,0.0,0.5,0.0,0.1,0.0001,0.1,0.75,True,0.005,2.0,0.75,edgenext_xx_small,0.9,adamp,10,1.0,17,3,cosine,0.1,0.001,True,0,1e-05,0.0001,random_augment,"(0.0, 0.99)",
13580980554685016,False,4,0.01,10.0,4.0,0.5,20.0,0.1,0.1,0.1,0.65,True,5e-05,0.0,0.0,mobilevit_xs,0.9,adam,10,0.4,8,2,multistep,0.0,0.0,True,0,0.0,1e-05,trivial_augment,"(0.9, 0.999)",
13993070214214983,True,4,0.0,,4.0,0.25,0.0,0.1,0.1,0.0,,False,0.001,0.0,1.0,swinv2_base_window12to24_192to384_22kft1k,0.9,adamw,10,0.4,8,2,cosine,0.1,0.001,False,0,1e-06,1e-05,none,"(0.0, 0.99)",
26374480034585713,True,16,0.001,1.0,4.0,0.0,0.0,0.1,0.001,0.0,0.75,False,0.0001,0.2,0.25,edgenext_small,0.9,sgd,5,0.6,17,2,plateau,0.1,0.001,True,5,1e-06,0.01,random_augment,,
28938128729935763,True,64,0.1,1.0,1.0,1.0,20.0,0.5,0.1,0.1,0.75,False,0.0005,4.0,0.25,edgenext_small,0.9,sgd,10,0.8,8,2,step,0.1,0.01,True,0,1e-06,0.0001,trivial_augment,,
159484735363366087,True,16,0.0,,4.0,4.0,0.0,0.1,0.0,0.2,,False,0.001,0.4,0.75,xcit_nano_12_p8_384_dist,0.9,adam,2,0.8,9,3,plateau,0.0,0.0,False,5,0.0,1e-05,random_augment,"(0.0, 0.999)",
2731209456686371,True,16,0.01,10.0,4.0,0.25,0.0,0.1,0.0,0.1,,True,0.001,8.0,0.0,edgenext_xx_small,0.9,sgd,10,0.8,8,2,cosine,0.0,0.001,False,0,0.0,0.001,none,,
1496212840392735,True,4,0.1,1.0,0.5,2.0,0.0,0.1,0.1,0.4,,False,0.0005,4.0,0.75,mobilevit_xxs,0.9,adam,10,1.0,8,2,cosine,0.1,0.1,True,0,0.0,0.01,none,"(0.9, 0.999)",
163988808767659232,False,32,0.01,10.0,1.0,2.0,10.0,0.1,0.0001,0.0,0.65,False,0.0001,4.0,1.0,deit3_small_patch16_384_in21ft1k,0.9,adamp,10,1.0,17,2,step,0.05,0.0,False,5,1e-06,0.01,random_augment,"(0.0, 0.99)",
258022094361570497,True,64,0.001,,0.0,2.0,20.0,0.5,0.0001,0.3,0.75,False,0.005,0.2,0.75,mobilevit_xs,0.9,adam,10,0.6,17,2,multistep,0.0,0.01,True,0,0.0,0.0,random_augment,"(0.0, 0.999)",
106224760358715541,True,128,0.0001,,2.0,1.0,0.0,0.1,0.01,0.3,0.75,False,0.005,8.0,0.5,edgenext_x_small,0.9,adamw,5,0.8,17,2,plateau,0.0,0.0,False,0,1e-05,0.1,random_augment,"(0.0, 0.99)",
1301638456635843,True,4,0.0,1.0,0.0,2.0,0.0,0.1,0.0,0.1,0.75,False,0.0001,2.0,0.5,edgenext_x_small,0.0,momentum,10,0.4,8,2,cosine,0.1,0.0001,True,10,1e-05,0.1,none,,
14254653811985697,True,4,0.01,1.0,0.0,0.25,0.0,0.1,0.01,0.0,0.75,False,1e-05,8.0,0.5,beit_base_patch16_384,0.9,adamp,10,1.0,8,2,cosine,0.0,0.0,False,10,1e-06,1e-05,trivial_augment,"(0.0, 0.99)",
106678962773422294,False,8,0.0,10.0,2.0,1.0,20.0,0.1,0.0,0.3,0.75,False,0.0001,0.2,1.0,tf_efficientnet_b7_ns,0.9,adam,10,1.0,9,2,multistep,0.05,0.0,False,0,0.0,0.01,random_augment,"(0.0, 0.999)",
108730694601939204,False,2,0.01,1.0,2.0,2.0,0.0,0.1,0.001,0.3,0.65,True,0.005,1.0,0.0,xcit_nano_12_p8_384_dist,0.9,adam,10,0.2,17,3,cosine,0.05,0.001,True,5,1e-06,0.001,random_augment,"(0.0, 0.99)",
25271585742968735,True,8,0.0,,4.0,2.0,0.0,0.1,0.0,0.3,0.75,True,0.0005,0.0,0.75,volo_d5_512,0.9,sgd,10,1.0,17,3,cosine,0.05,0.1,False,0,1e-05,0.1,random_augment,,
107440814829942204,False,16,0.0001,10.0,0.0,4.0,0.0,0.1,0.0,0.0,,True,5e-05,0.0,0.25,xcit_tiny_24_p8_384_dist,0.9,adamw,10,0.6,17,3,cosine,0.05,0.0001,False,10,1e-06,0.01,random_augment,"(0.0, 0.99)",
206998371805939449,True,256,0.01,,4.0,0.0,0.0,0.1,0.01,0.4,0.75,False,0.001,0.4,0.75,edgenext_xx_small,0.9,adamw,2,0.4,17,3,plateau,0.0,0.001,True,10,0.0,0.0001,random_augment,"(0.0, 0.99)",
11091713510369220,False,16,0.01,10.0,4.0,0.5,0.0,0.1,0.01,0.4,,True,0.005,0.2,0.75,mobilevit_xs,0.9,adamw,2,0.6,8,2,plateau,0.0,0.1,True,5,0.0,0.001,trivial_augment,"(0.0, 0.99)",
231506342518142263,True,128,0.0,10.0,0.5,0.5,20.0,0.1,0.01,0.4,,False,0.005,0.0,1.0,edgenext_x_small,0.9,adamp,10,0.8,8,2,step,0.1,0.0,False,5,1e-06,0.0001,auto_augment,"(0.9, 0.99)",v0
143404018216446353,True,8,0.0001,10.0,0.0,2.0,20.0,0.1,0.01,0.4,,False,1e-05,8.0,0.5,edgenext_xx_small,0.99,momentum,10,0.0,8,2,step,0.05,0.01,True,5,0.0,1e-05,none,,
10293217671332165,True,8,0.0,1.0,0.5,2.0,0.0,0.1,0.001,0.0,0.75,False,0.001,1.0,0.75,xcit_small_12_p8_384_dist,0.9,adamw,10,0.2,8,2,cosine,0.0,0.0001,True,10,1e-06,0.01,trivial_augment,"(0.0, 0.99)",
15844227901981601,True,8,0.001,10.0,4.0,0.5,0.0,0.1,0.0001,0.1,0.75,False,0.0001,0.0,1.0,xcit_small_12_p8_384_dist,0.9,adam,10,0.2,8,2,cosine,0.0,0.0001,True,0,1e-05,0.0,trivial_augment,"(0.0, 0.99)",
23420759606195103,True,32,0.01,10.0,2.0,2.0,0.0,0.1,0.01,0.0,0.65,False,5e-05,0.4,0.25,xcit_nano_12_p8_384_dist,0.9,sgd,10,0.4,9,3,cosine,0.0,0.0001,False,0,1e-06,0.0,random_augment,,
108684395035070586,False,16,0.0,1.0,1.0,0.25,20.0,0.1,0.0001,0.0,0.75,False,0.0005,0.4,0.75,dla46x_c,0.9,adamw,10,1.0,8,2,multistep,0.0,0.1,False,5,1e-06,0.001,trivial_augment,"(0.0, 0.999)",
105287550843730088,False,4,0.001,,0.0,0.25,10.0,0.1,0.0,0.1,,False,5e-05,4.0,0.5,edgenext_x_small,0.9,adam,10,0.8,8,2,step,0.1,0.001,True,10,1e-05,0.0,none,"(0.0, 0.99)",
277607051484323440,False,8,0.001,1.0,2.0,1.0,0.0,0.1,0.1,0.3,,False,0.0005,0.2,0.25,volo_d4_448,0.99,momentum,2,1.0,17,3,plateau,0.05,0.01,False,10,1e-06,0.01,random_augment,,
189742985260792831,True,2,0.0,10.0,0.0,4.0,20.0,0.5,0.1,0.0,0.65,False,0.005,0.0,0.75,xcit_tiny_24_p8_384_dist,0.9,adamp,10,0.2,8,2,step,0.0,0.001,True,5,1e-06,0.001,auto_augment,"(0.0, 0.99)",original
1399458518493542,False,32,0.01,,4.0,2.0,0.0,0.1,0.1,0.0,0.75,True,5e-05,2.0,0.75,mobilevit_xs,0.9,sgd,2,0.2,8,2,plateau,0.0,0.01,False,0,0.0,0.01,trivial_augment,,
108283081535719506,False,2,0.001,1.0,4.0,4.0,20.0,0.1,0.1,0.1,0.75,False,0.005,0.4,0.25,mobilevit_xs,0.95,momentum,10,0.8,8,2,step,0.05,0.001,True,5,0.0,0.001,none,,
11015500368855037,True,128,0.01,10.0,1.0,1.0,20.0,0.1,0.01,0.4,0.75,False,0.01,1.0,0.5,edgenext_xx_small,0.9,adam,10,0.4,8,2,multistep,0.0,0.1,False,5,0.0,0.001,trivial_augment,"(0.9, 0.999)",
108589058519405347,True,2,0.001,10.0,4.0,0.0,20.0,0.1,0.001,0.1,,False,1e-05,0.4,0.25,volo_d1_384,0.9,adamp,10,0.6,8,2,multistep,0.1,0.001,True,0,1e-06,0.001,trivial_augment,"(0.0, 0.999)",
268922829119615951,True,8,0.001,10.0,4.0,4.0,20.0,0.5,0.1,0.3,0.75,False,0.0005,0.0,0.5,volo_d1_384,0.9,adamw,10,0.2,8,2,step,0.1,0.1,False,5,0.0,0.01,none,"(0.9, 0.99)",
1459334819206968,False,16,0.1,1.0,0.0,0.5,0.0,0.1,0.01,0.4,0.75,True,1e-05,4.0,0.5,edgenext_x_small,0.0,momentum,2,0.0,8,2,plateau,0.0,0.001,True,0,0.0,0.01,none,,
28669863049720400,False,4,0.0001,1.0,1.0,0.25,0.0,0.1,0.001,0.3,0.65,False,0.01,8.0,0.25,beit_base_patch16_384,0.9,adamp,2,0.4,8,2,plateau,0.1,0.0,False,10,0.0,0.0001,trivial_augment,"(0.0, 0.999)",
26201180560695824,False,4,0.1,1.0,2.0,0.5,0.0,0.1,0.0001,0.2,0.65,False,5e-05,0.4,0.0,edgenext_small,0.9,adam,10,0.2,8,2,cosine,0.05,0.0001,True,0,1e-06,0.01,none,"(0.0, 0.999)",
270684540239279607,True,32,0.0001,,4.0,0.1,20.0,0.5,0.0001,0.4,0.75,True,1e-05,8.0,1.0,edgenext_x_small,0.9,adamp,10,0.6,8,2,multistep,0.0,0.001,False,5,1e-06,0.001,none,"(0.9, 0.99)",
21295983459483652,False,8,0.0001,1.0,1.0,2.0,0.0,0.1,0.0001,0.1,,False,0.001,0.0,0.0,volo_d1_384,0.9,adamp,10,1.0,8,2,cosine,0.05,0.1,True,0,1e-05,0.0001,trivial_augment,"(0.9, 0.99)",
122340061834357022,False,32,0.01,,2.0,4.0,20.0,0.5,0.001,0.2,0.65,False,1e-05,0.4,0.75,dla46x_c,0.95,momentum,10,0.0,8,2,step,0.05,0.1,False,10,1e-06,0.1,trivial_augment,,
20036473166185121,True,64,0.0,10.0,4.0,0.25,10.0,0.1,0.0001,0.0,0.75,True,5e-05,0.2,0.0,beit_base_patch16_384,0.0,momentum,10,0.8,8,2,step,0.05,0.0,True,5,1e-05,0.001,auto_augment,,original
221480555699519438,False,256,0.01,1.0,4.0,4.0,20.0,0.5,0.1,0.0,,False,0.0001,2.0,0.0,mobilevitv2_075,0.9,adam,10,1.0,17,2,multistep,0.05,0.001,False,0,0.0,0.001,random_augment,"(0.9, 0.99)",
13777115063321730,False,128,0.0001,10.0,0.5,0.5,0.0,0.1,0.1,0.4,0.65,True,0.001,2.0,0.25,mobilevitv2_075,0.9,sgd,5,0.6,8,2,plateau,0.0,0.01,True,5,0.0,1e-05,none,,
184449299414645067,True,256,0.1,,4.0,0.0,0.0,0.1,0.0,0.0,,True,0.0005,0.0,0.25,edgenext_xx_small,0.9,adamw,5,0.6,9,3,plateau,0.0,0.1,False,10,1e-06,1e-05,random_augment,"(0.9, 0.99)",
158557693806218184,False,16,0.0001,,2.0,4.0,20.0,0.5,0.0001,0.3,0.65,False,0.005,0.0,0.25,xcit_nano_12_p8_384_dist,0.99,momentum,10,1.0,8,2,step,0.05,0.01,True,0,1e-06,0.0001,trivial_augment,,
162654738167499164,False,32,0.001,10.0,1.0,0.25,0.0,0.1,0.0001,0.1,,False,0.0001,0.4,0.75,mobilevit_xxs,0.9,adamp,5,0.0,9,3,plateau,0.05,0.0001,False,5,1e-06,0.1,random_augment,"(0.9, 0.999)",
21729567095205591,True,4,0.0001,,0.5,2.0,0.0,0.1,0.1,0.1,,False,0.005,4.0,0.5,xcit_small_12_p8_384_dist,0.9,adamp,10,0.4,8,2,cosine,0.05,0.01,True,0,0.0,1e-05,auto_augment,"(0.9, 0.999)",original
12382994443785751,True,2,0.0,10.0,0.5,0.1,0.0,0.1,0.001,0.0,0.75,False,0.001,4.0,0.0,beit_large_patch16_512,0.9,sgd,10,0.8,8,2,cosine,0.05,0.0,True,5,0.0,0.0001,auto_augment,,v0
10922466848953829,True,8,0.01,,0.5,4.0,0.0,0.1,0.01,0.3,0.65,False,0.01,4.0,1.0,tf_efficientnet_b6_ns,0.9,adam,10,0.4,8,2,cosine,0.0,0.01,True,0,0.0,0.001,none,"(0.0, 0.99)",
17335685719670262,False,16,0.001,,0.5,1.0,10.0,0.1,0.1,0.0,0.65,False,0.01,0.0,0.75,edgenext_x_small,0.9,adam,10,0.4,8,2,step,0.05,0.0,True,5,1e-05,0.1,auto_augment,"(0.9, 0.999)",original
14868920510174022,False,16,0.001,1.0,1.0,0.25,0.0,0.1,0.1,0.0,0.65,True,0.01,1.0,0.5,mobilevitv2_075,0.9,adamw,10,0.0,8,2,cosine,0.0,0.0001,False,0,0.0,0.0,trivial_augment,"(0.0, 0.99)",
21284994764268124,False,512,0.0001,10.0,2.0,0.1,0.0,0.1,0.01,0.1,,True,0.005,0.2,0.75,edgenext_x_small,0.9,adamp,10,1.0,8,2,cosine,0.1,0.01,True,0,1e-05,0.0001,auto_augment,"(0.9, 0.999)",original
122852548394761752,False,2,0.1,1.0,1.0,0.25,0.0,0.1,0.0,0.0,,False,5e-05,0.2,0.75,edgenext_small,0.9,adamw,5,0.4,8,2,plateau,0.05,0.01,True,10,1e-05,0.1,none,"(0.0, 0.99)",
10440603855591354,False,2,0.01,10.0,0.5,0.5,20.0,0.1,0.0001,0.1,0.75,False,0.01,0.0,1.0,beit_base_patch16_384,0.9,adamp,10,0.6,8,2,multistep,0.1,0.0,True,0,1e-05,0.01,none,"(0.9, 0.999)",
11222565919377649,True,16,0.1,10.0,1.0,1.0,0.0,0.1,0.0,0.3,0.75,True,0.01,0.4,0.75,edgenext_small,0.9,adamw,10,0.4,8,2,cosine,0.0,0.01,True,10,0.0,0.001,trivial_augment,"(0.0, 0.99)",
188415203240424764,False,4,0.1,,1.0,0.5,0.0,0.1,0.1,0.0,,False,0.0001,0.2,0.25,xcit_tiny_12_p8_384_dist,0.9,adamw,5,0.8,9,3,plateau,0.05,0.01,True,5,1e-06,0.01,random_augment,"(0.0, 0.999)",
24550737050881453,True,128,0.0,1.0,0.0,4.0,0.0,0.1,0.0001,0.4,0.65,True,1e-05,1.0,0.0,edgenext_small,0.9,adamw,10,0.0,8,2,cosine,0.05,0.0001,True,5,0.0,0.1,trivial_augment,"(0.0, 0.999)",
155891677434050144,False,4,0.1,1.0,4.0,4.0,20.0,0.5,0.0001,0.2,0.65,False,5e-05,0.0,0.25,volo_d3_448,0.99,momentum,10,0.4,8,2,step,0.1,0.0,False,5,1e-06,0.01,none,,
11911857939578252,False,4,0.0,1.0,2.0,0.1,0.0,0.1,0.0,0.4,0.75,False,0.01,0.2,0.75,tf_efficientnet_b4_ns,0.9,adamw,2,0.6,8,2,plateau,0.1,0.01,False,5,1e-05,0.001,none,"(0.0, 0.99)",
101887898706737948,False,4,0.001,,2.0,0.1,10.0,0.1,0.01,0.1,0.65,False,0.01,2.0,0.0,volo_d1_384,0.9,adam,10,0.8,8,2,multistep,0.0,0.0001,False,5,1e-06,0.0001,none,"(0.0, 0.99)",
103498371345693470,False,256,0.001,,0.5,4.0,10.0,0.1,0.001,0.0,0.75,False,0.005,0.4,0.5,deit3_small_patch16_384_in21ft1k,0.9,adam,10,1.0,8,2,multistep,0.05,0.01,True,10,1e-06,1e-05,trivial_augment,"(0.0, 0.999)",
10186279228200689,True,512,0.1,10.0,0.5,0.25,0.0,0.1,0.0,0.2,0.65,True,0.01,1.0,0.5,mobilevit_xxs,0.9,sgd,5,0.4,8,2,plateau,0.1,0.01,True,5,1e-06,0.01,trivial_augment,,
108197224543352823,True,256,0.0001,,1.0,0.25,0.0,0.1,0.1,0.0,0.65,True,0.0001,0.2,1.0,xcit_tiny_24_p8_384_dist,0.99,momentum,10,1.0,8,2,cosine,0.1,0.0001,False,5,0.0,0.001,auto_augment,,v0
116769852843765035,True,8,0.0,,4.0,0.25,10.0,0.5,0.0001,0.1,,True,5e-05,0.2,0.0,volo_d4_448,0.9,adam,10,1.0,8,2,step,0.0,0.01,False,5,1e-06,0.001,trivial_augment,"(0.0, 0.999)",
25444677946649536,False,64,0.001,10.0,2.0,4.0,0.0,0.1,0.01,0.3,0.75,False,0.005,8.0,0.5,mobilevit_xs,0.95,momentum,2,1.0,8,2,plateau,0.1,0.0,True,5,1e-05,0.1,none,,
13389283250832680,False,32,0.1,10.0,0.5,0.5,0.0,0.1,0.1,0.2,0.75,False,5e-05,1.0,1.0,dla46x_c,0.9,adam,10,0.8,9,2,cosine,0.05,0.001,False,10,1e-05,0.0001,random_augment,"(0.0, 0.99)",
121695835236762412,False,64,0.1,1.0,1.0,0.25,20.0,0.5,0.0,0.1,,False,0.005,2.0,0.75,edgenext_x_small,0.9,adamw,10,1.0,8,2,step,0.05,0.0001,False,5,0.0,0.1,none,"(0.0, 0.999)",
22779978084629465,True,8,0.0,1.0,0.5,0.1,0.0,0.1,0.01,0.4,,False,0.0001,1.0,0.25,edgenext_xx_small,0.9,sgd,10,0.8,8,2,cosine,0.05,0.01,True,5,1e-05,1e-05,auto_augment,,original
11417168058553933,True,16,0.001,10.0,2.0,0.0,0.0,0.1,0.0,0.1,0.75,True,0.005,0.4,1.0,xcit_tiny_12_p8_384_dist,0.9,sgd,10,0.0,17,2,cosine,0.0,0.0001,False,5,1e-06,0.001,random_augment,,
145321230252076285,True,128,0.1,1.0,2.0,1.0,20.0,0.1,0.0,0.4,0.65,False,1e-05,8.0,0.75,volo_d1_384,0.9,adam,10,1.0,17,2,multistep,0.0,0.0001,True,10,1e-06,0.0,random_augment,"(0.9, 0.999)",
16124526727397132,False,256,0.0001,,0.0,0.25,0.0,0.1,0.01,0.4,0.65,False,0.001,0.2,0.0,edgenext_xx_small,0.9,adamp,10,0.4,8,2,cosine,0.1,0.1,False,10,1e-05,0.0,none,"(0.0, 0.99)",
10788886978896516,False,16,0.0,10.0,4.0,4.0,0.0,0.1,0.0001,0.4,0.65,False,0.01,2.0,0.5,mobilevitv2_075,0.9,sgd,10,1.0,8,2,cosine,0.0,0.1,True,10,1e-05,0.01,auto_augment,,v0
189499702547079542,False,4,0.0,10.0,2.0,0.5,0.0,0.1,0.001,0.0,,False,0.005,8.0,1.0,xcit_small_12_p8_384_dist,0.9,adam,5,0.0,9,3,plateau,0.1,0.0,False,0,1e-06,0.001,random_augment,"(0.0, 0.999)",
18833895702992881,True,2,0.0,,4.0,0.5,0.0,0.1,0.01,0.4,,False,0.01,0.2,0.0,edgenext_small,0.9,sgd,10,0.4,8,2,cosine,0.05,0.0,True,10,1e-05,0.01,auto_augment,,original
104517379253687778,False,2,0.0001,,2.0,0.25,10.0,0.1,0.0001,0.3,,False,5e-05,0.2,0.25,beit_large_patch16_512,0.9,adam,10,0.8,8,2,step,0.05,0.0001,True,0,1e-06,0.0,trivial_augment,"(0.0, 0.999)",
22592539640403368,False,32,0.0,10.0,4.0,0.25,10.0,0.5,0.01,0.4,0.75,False,0.0001,8.0,1.0,mobilevitv2_075,0.9,adamw,10,0.2,8,2,multistep,0.1,0.0,True,0,1e-05,1e-05,none,"(0.9, 0.999)",
227010592358774695,True,2,0.01,1.0,0.0,0.5,10.0,0.1,0.001,0.4,0.75,False,0.005,2.0,0.0,edgenext_small,0.9,adam,10,1.0,17,2,step,0.0,0.0001,False,5,0.0,0.1,random_augment,"(0.0, 0.999)",
178913186181659807,True,512,0.0,10.0,2.0,0.5,0.0,0.1,0.01,0.2,0.75,True,1e-05,1.0,1.0,edgenext_small,0.9,momentum,5,0.6,8,2,plateau,0.0,0.0,True,5,1e-06,0.1,auto_augment,,v0
178643577445867235,True,64,0.01,10.0,1.0,4.0,0.0,0.1,0.0,0.0,0.75,False,1e-05,1.0,0.0,dla46x_c,0.9,adamp,5,1.0,8,2,plateau,0.0,0.001,True,10,0.0,0.1,auto_augment,"(0.0, 0.999)",v0
129244016252318581,True,2,0.0,,4.0,2.0,0.0,0.1,0.01,0.1,0.75,False,0.005,2.0,0.5,edgenext_small,0.0,momentum,5,0.8,8,2,plateau,0.05,0.1,False,0,1e-05,0.0,none,,
28330708489877880,False,2,0.0,10.0,0.0,0.5,0.0,0.1,0.1,0.2,0.65,False,0.0001,8.0,1.0,xcit_small_12_p8_384_dist,0.95,momentum,10,0.4,8,2,cosine,0.05,0.01,True,10,1e-05,0.001,trivial_augment,,
1084219662822627,True,4,0.01,1.0,4.0,0.0,0.0,0.1,0.01,0.2,,False,1e-05,0.0,0.5,xcit_small_12_p8_384_dist,0.9,sgd,2,0.0,8,2,plateau,0.0,0.001,False,5,1e-05,0.1,none,,
26080365745257848,False,32,0.0,10.0,2.0,0.1,0.0,0.1,0.001,0.4,,True,0.0001,4.0,0.75,edgenext_xx_small,0.9,adamw,10,0.4,9,2,cosine,0.05,0.01,True,10,0.0,0.01,random_augment,"(0.0, 0.999)",
108298420397084424,False,128,0.1,,1.0,2.0,20.0,0.1,0.001,0.3,0.75,True,5e-05,4.0,0.0,mobilevit_xxs,0.95,momentum,10,0.0,8,2,multistep,0.05,0.01,True,5,0.0,0.001,trivial_augment,,
179163152044854518,False,4,0.001,1.0,1.0,0.1,0.0,0.1,0.001,0.2,,False,5e-05,1.0,0.5,volo_d3_448,0.9,adamp,5,0.4,9,3,plateau,0.1,0.0001,False,0,1e-05,0.1,random_augment,"(0.9, 0.99)",
27166909514986336,False,8,0.1,,2.0,0.0,0.0,0.1,0.0,0.4,,False,0.01,0.2,0.25,volo_d5_448,0.9,adamp,10,0.8,8,2,cosine,0.1,0.0,False,5,0.0,0.001,trivial_augment,"(0.0, 0.999)",
113139922037850881,True,512,0.01,1.0,0.5,4.0,10.0,0.1,0.0,0.1,0.75,True,0.001,2.0,0.0,edgenext_small,0.9,adamp,10,0.6,8,2,multistep,0.0,0.0001,False,5,1e-05,0.0,auto_augment,"(0.0, 0.99)",v0
227141821208383459,True,16,0.1,,4.0,1.0,0.0,0.1,0.0,0.2,0.75,False,0.0001,2.0,0.0,edgenext_x_small,0.9,adamw,5,0.0,17,3,plateau,0.1,0.1,True,5,0.0,0.1,random_augment,"(0.9, 0.999)",
2840513249107280,False,4,0.0001,,2.0,4.0,0.0,0.1,0.0,0.0,0.75,False,0.005,2.0,0.0,tf_efficientnet_b6_ns,0.9,adamp,2,1.0,8,2,plateau,0.0,0.1,True,0,0.0,0.001,none,"(0.9, 0.999)",
206943128049330481,True,128,0.0001,,0.0,4.0,0.0,0.1,0.0,0.1,,True,0.001,0.2,0.75,edgenext_xx_small,0.95,momentum,5,0.2,8,2,plateau,0.05,0.01,False,10,0.0,0.0001,auto_augment,,v0
270153729056457491,True,8,0.001,1.0,2.0,0.5,20.0,0.1,0.001,0.2,0.75,False,0.0005,8.0,0.75,xcit_small_12_p8_384_dist,0.9,adamw,10,1.0,9,3,step,0.1,0.0001,True,0,0.0,0.001,random_augment,"(0.9, 0.999)",
14709580319843037,True,32,0.0001,10.0,4.0,0.0,0.0,0.1,0.01,0.0,0.75,False,0.01,2.0,0.0,xcit_small_12_p8_384_dist,0.9,adamp,10,0.8,8,2,cosine,0.05,0.0,False,10,1e-05,1e-05,auto_augment,"(0.9, 0.999)",v0
28572265628557506,False,2,0.001,1.0,4.0,0.0,0.0,0.1,0.01,0.1,0.65,False,0.001,0.2,0.5,mobilevit_xs,0.95,momentum,10,1.0,9,2,cosine,0.05,0.1,False,5,0.0,0.0001,random_augment,,
251449342639116233,True,8,0.0001,1.0,0.5,0.25,10.0,0.5,0.0001,0.3,,False,0.01,2.0,1.0,convnext_small_384_in22ft1k,0.9,adam,10,0.0,8,2,step,0.0,0.0,False,10,0.0,0.1,auto_augment,"(0.9, 0.99)",v0
19825923401734007,True,64,0.001,,2.0,2.0,10.0,0.5,0.01,0.2,,True,0.01,2.0,0.75,edgenext_xx_small,0.9,sgd,10,0.2,8,2,step,0.05,0.0001,False,0,1e-05,0.001,none,,
1364928017244463,True,2,0.1,,1.0,1.0,0.0,0.1,0.0,0.1,0.75,False,5e-05,0.2,0.5,volo_d4_448,0.9,sgd,2,0.8,8,2,plateau,0.1,0.0,False,0,0.0,0.01,trivial_augment,,
1301931022355051,True,8,0.001,,2.0,0.0,0.0,0.1,0.1,0.2,0.65,False,1e-05,2.0,0.0,xcit_tiny_24_p8_384_dist,0.9,sgd,10,0.8,8,2,cosine,0.1,0.0001,True,10,1e-05,0.1,none,,
16000843623492426,False,16,0.0,10.0,1.0,4.0,20.0,0.1,0.001,0.2,0.65,True,1e-05,2.0,1.0,volo_d5_512,0.9,sgd,10,1.0,8,2,step,0.05,0.0001,True,5,1e-05,0.0,none,,
10871398871327365,True,16,0.0001,1.0,0.0,0.5,0.0,0.1,0.1,0.3,0.65,False,1e-05,1.0,1.0,xcit_tiny_12_p8_384_dist,0.9,sgd,5,0.4,8,2,plateau,0.05,0.1,False,0,0.0,0.001,none,,
13099209523384312,False,64,0.1,,4.0,0.1,0.0,0.1,0.0001,0.1,0.75,True,5e-05,0.4,0.0,volo_d1_384,0.9,adam,10,0.8,8,2,cosine,0.0,0.01,False,0,1e-05,0.0001,none,"(0.0, 0.99)",
10701194009661994,False,8,0.0,,1.0,4.0,0.0,0.1,0.0,0.0,0.65,False,0.0001,0.2,0.5,xcit_small_12_p8_384_dist,0.9,sgd,2,0.2,8,2,plateau,0.0,0.01,False,10,1e-05,0.01,auto_augment,,v0
16257503913577851,True,4,0.0001,10.0,0.0,1.0,0.0,0.1,0.0001,0.0,0.75,True,0.0005,0.0,0.75,volo_d1_384,0.9,adamw,2,0.4,8,2,plateau,0.05,0.01,False,0,0.0,0.1,trivial_augment,"(0.9, 0.99)",
41677515728736416,False,32,0.0001,1.0,0.0,0.0,0.0,0.1,0.01,0.1,,True,0.01,2.0,1.0,volo_d1_384,0.9,sgd,5,0.8,9,3,plateau,0.1,0.001,True,5,1e-05,0.1,random_augment,,
41737767589853551,True,2,0.0,,0.0,0.25,0.0,0.1,0.01,0.2,,False,0.0001,1.0,0.0,edgenext_small,0.9,adam,5,1.0,8,2,plateau,0.1,0.0001,False,10,1e-05,0.1,trivial_augment,"(0.0, 0.99)",
38126972448016957,True,2,0.001,1.0,4.0,0.25,0.0,0.1,0.001,0.2,,False,0.001,0.4,0.25,swinv2_base_window12to24_192to384_22kft1k,0.9,adamp,5,0.8,8,2,plateau,0.0,0.0001,False,10,0.0,1e-05,trivial_augment,"(0.9, 0.999)",
124900899121822559,True,8,0.01,10.0,0.5,1.0,20.0,0.5,0.1,0.4,,False,0.0001,4.0,1.0,xcit_tiny_12_p8_384_dist,0.9,adam,10,0.4,8,2,step,0.0,0.0,True,5,1e-06,0.001,trivial_augment,"(0.0, 0.999)",
15361043229090324,False,2,0.01,1.0,4.0,0.5,20.0,0.1,0.001,0.0,,False,0.0001,0.2,0.25,edgenext_small,0.9,adamp,10,0.0,8,2,multistep,0.1,0.01,False,0,1e-06,0.0,trivial_augment,"(0.9, 0.999)",
90294128069837202,False,2,0.1,1.0,1.0,0.25,20.0,0.5,0.0001,0.4,,False,0.001,1.0,0.25,edgenext_small,0.9,adamp,10,0.0,8,2,step,0.05,0.01,True,5,1e-05,0.1,none,"(0.9, 0.99)",
112919435229021463,True,2,0.1,,1.0,1.0,20.0,0.1,0.0,0.4,0.75,False,0.005,0.4,0.5,tf_efficientnet_b7_ns,0.95,momentum,10,0.2,8,2,multistep,0.05,0.0001,True,10,1e-06,0.0,trivial_augment,,
146106345867503193,True,32,0.01,10.0,0.0,0.1,10.0,0.5,0.001,0.4,0.65,True,0.0005,8.0,0.75,xcit_small_12_p8_384_dist,0.99,momentum,10,1.0,8,2,multistep,0.05,0.01,True,5,0.0,0.1,none,,
73004139059704045,True,16,0.0001,,0.5,1.0,0.0,0.1,0.0,0.0,0.75,False,1e-05,2.0,0.0,deit3_small_patch16_384_in21ft1k,0.9,adam,10,0.4,8,2,cosine,0.0,0.0001,True,0,0.0,0.1,none,"(0.0, 0.999)",
11241603491969655,True,32,0.001,1.0,0.5,4.0,0.0,0.1,0.0001,0.0,,True,5e-05,2.0,0.0,xcit_nano_12_p8_384_dist,0.9,adamp,2,0.4,8,2,plateau,0.0,0.1,True,10,0.0,0.001,auto_augment,"(0.9, 0.999)",v0
63206597282032756,False,64,0.001,,2.0,0.5,0.0,0.1,0.01,0.0,,True,0.005,0.0,0.0,deit3_small_patch16_384_in21ft1k,0.9,momentum,5,0.8,8,2,plateau,0.1,0.001,False,5,1e-05,1e-05,trivial_augment,,
207543904800395290,False,512,0.01,10.0,1.0,2.0,0.0,0.1,0.01,0.4,0.75,False,5e-05,8.0,0.5,edgenext_x_small,0.95,momentum,5,1.0,8,2,plateau,0.05,0.01,False,0,1e-05,0.0001,auto_augment,,v0
20072371925353766,False,256,0.1,10.0,0.0,0.5,10.0,0.5,0.0,0.0,0.65,True,0.0005,1.0,0.25,dla46x_c,0.9,adam,10,0.6,8,2,multistep,0.1,0.001,True,5,1e-05,0.001,trivial_augment,"(0.9, 0.999)",
45143242896001400,False,32,0.1,,0.5,1.0,0.0,0.1,0.1,0.0,0.75,True,0.0005,0.2,0.5,xcit_nano_12_p8_384_dist,0.9,adam,5,0.8,8,2,plateau,0.1,0.01,True,0,1e-06,0.0001,trivial_augment,"(0.0, 0.99)",
13580629401803779,True,2,0.0001,,2.0,0.5,20.0,0.1,0.0,0.0,,False,0.0005,0.2,0.25,tf_efficientnet_b7_ns,0.9,adam,10,0.0,9,2,multistep,0.0,0.0,True,0,0.0,1e-05,random_augment,"(0.9, 0.999)",
3485582333513888,False,256,0.01,1.0,4.0,0.0,0.0,0.1,0.1,0.3,0.65,False,0.0001,4.0,0.5,edgenext_x_small,0.9,adam,2,1.0,8,2,plateau,0.0,0.001,False,10,1e-06,0.001,trivial_augment,"(0.9, 0.999)",
7676436645513845,True,512,0.0001,1.0,0.5,1.0,0.0,0.1,0.001,0.2,0.75,True,0.001,1.0,0.5,edgenext_x_small,0.9,adamp,2,1.0,8,2,plateau,0.05,0.0001,False,0,1e-05,0.0,trivial_augment,"(0.9, 0.999)",
110885481673997063,True,8,0.0001,,1.0,2.0,0.0,0.1,0.01,0.2,,False,1e-05,4.0,0.0,swinv2_base_window12to24_192to384_22kft1k,0.9,adamp,5,0.6,8,2,plateau,0.1,0.0,False,5,0.0,1e-05,auto_augment,"(0.9, 0.999)",v0
80702465168461533,True,256,0.0001,,0.0,0.0,20.0,0.1,0.001,0.3,0.65,True,0.01,1.0,0.0,edgenext_xx_small,0.9,adamw,10,0.2,9,2,step,0.0,0.1,True,0,1e-05,0.0,random_augment,"(0.9, 0.99)",
68654968281087894,False,2,0.01,1.0,0.0,2.0,10.0,0.1,0.0,0.4,0.65,False,0.01,8.0,0.75,edgenext_xx_small,0.9,momentum,10,0.0,8,2,step,0.0,0.0001,True,5,1e-05,0.001,none,,
108792733419922364,False,32,0.001,,0.5,2.0,20.0,0.1,0.01,0.2,0.65,False,0.0001,0.2,0.75,deit3_small_patch16_384_in21ft1k,0.9,adamw,10,0.2,9,2,step,0.05,0.0001,False,10,1e-06,0.001,random_augment,"(0.0, 0.999)",
124502325344664602,False,256,0.0001,10.0,1.0,1.0,20.0,0.5,0.0,0.1,0.75,False,0.001,8.0,0.75,edgenext_small,0.9,adam,10,1.0,8,2,multistep,0.05,0.01,True,5,0.0,0.001,trivial_augment,"(0.0, 0.999)",
377013784426392693,True,4,0.0,1.0,0.0,0.5,20.0,0.5,0.1,0.1,0.75,False,5e-05,8.0,0.75,tf_efficientnet_b4_ns,0.9,adam,10,1.0,8,2,step,0.05,0.1,True,5,0.0,0.0001,auto_augment,"(0.0, 0.999)",v0
43903977447463779,True,4,0.001,1.0,0.0,0.1,0.0,0.1,0.01,0.0,,False,0.001,0.2,0.0,mobilevitv2_075,0.0,momentum,10,0.8,17,2,cosine,0.05,0.0001,True,5,1e-06,0.001,random_augment,,
64426696508645751,True,4,0.0001,10.0,0.0,2.0,0.0,0.1,0.0001,0.4,0.65,False,0.0005,2.0,0.25,xcit_tiny_24_p8_384_dist,0.9,adam,5,0.6,8,2,plateau,0.0,0.1,False,0,1e-05,0.0,none,"(0.0, 0.999)",
80814252650383926,False,2,0.001,10.0,2.0,0.25,0.0,0.1,0.1,0.1,,False,0.005,4.0,1.0,mobilevit_xs,0.99,momentum,5,0.0,8,2,plateau,0.05,0.0001,True,5,1e-05,0.0,none,,
19143210304701368,False,32,0.0,1.0,0.5,0.0,0.0,0.1,0.0,0.4,0.75,True,5e-05,0.4,0.75,convnext_small_384_in22ft1k,0.9,adamw,2,0.6,8,2,plateau,0.1,0.0,True,5,0.0,0.001,none,"(0.9, 0.99)",
21505725027228961,True,2,0.0,1.0,0.5,0.5,0.0,0.1,0.1,0.0,0.65,False,0.001,4.0,0.5,xcit_small_12_p8_384_dist,0.9,sgd,10,0.8,8,2,cosine,0.05,0.01,False,10,1e-05,0.0001,auto_augment,,original
28927565129003053,True,128,0.0,10.0,2.0,0.0,20.0,0.5,0.001,0.3,0.75,False,5e-05,8.0,1.0,edgenext_x_small,0.9,adamw,10,0.0,8,2,step,0.0,0.01,True,0,1e-06,0.0001,trivial_augment,"(0.9, 0.999)",
152877610556301749,True,8,0.01,,1.0,2.0,10.0,0.5,0.01,0.4,0.65,False,0.005,8.0,1.0,beit_base_patch16_384,0.99,momentum,10,1.0,8,2,multistep,0.1,0.1,True,5,0.0,0.0,none,,
4642671312177421,True,128,0.0001,1.0,0.0,1.0,0.0,0.1,0.0,0.2,,True,0.01,0.2,0.0,dla46x_c,0.9,adamw,10,0.8,9,2,cosine,0.05,0.1,True,0,1e-06,0.0001,random_augment,"(0.9, 0.999)",
6831443087827244,False,32,0.001,10.0,0.5,4.0,0.0,0.1,0.1,0.2,0.65,True,0.005,1.0,0.5,mobilevitv2_075,0.9,adamp,10,0.0,8,2,cosine,0.05,0.0,True,0,0.0,0.0,trivial_augment,"(0.9, 0.999)",
27210379365333174,False,128,0.1,,1.0,2.0,0.0,0.1,0.0001,0.2,0.75,False,0.001,0.2,0.75,mobilevit_xxs,0.9,adam,10,0.2,8,2,cosine,0.1,0.01,False,5,0.0,0.001,none,"(0.0, 0.999)",
6402716667592347,True,4,0.01,,1.0,2.0,0.0,0.1,0.0,0.0,,True,0.005,1.0,0.5,tf_efficientnet_b6_ns,0.9,sgd,10,0.6,8,2,cosine,0.1,0.0001,True,0,1e-05,1e-05,none,,
4876072376815434,False,128,0.1,1.0,2.0,0.0,0.0,0.1,0.0,0.0,,True,0.001,0.0,0.25,edgenext_small,0.9,adamp,10,0.0,8,2,cosine,0.0,0.0,True,10,1e-06,0.0001,trivial_augment,"(0.9, 0.999)",
6568540239166616,False,4,0.01,,2.0,0.1,10.0,0.1,0.01,0.4,0.65,False,5e-05,0.0,0.0,swinv2_base_window12to24_192to384_22kft1k,0.9,adamp,10,0.2,8,2,step,0.1,0.001,True,5,1e-05,1e-05,none,"(0.9, 0.999)",
53382794537559303,True,32,0.01,,1.0,0.5,10.0,0.5,0.1,0.1,0.75,True,0.0005,2.0,0.5,edgenext_x_small,0.9,adam,10,0.8,8,2,step,0.0,0.01,True,5,1e-06,0.0001,trivial_augment,"(0.0, 0.99)",
23551019831465437,True,128,0.01,10.0,1.0,0.0,0.0,0.1,0.1,0.1,0.75,True,0.001,0.0,0.0,edgenext_x_small,0.9,adam,10,0.6,8,2,cosine,0.1,0.1,True,0,1e-06,0.0,trivial_augment,"(0.9, 0.99)",
13497567828928767,True,32,0.0001,1.0,0.0,0.25,0.0,0.1,0.001,0.3,,True,0.005,4.0,0.0,mobilevit_xxs,0.9,sgd,10,0.0,8,2,cosine,0.1,0.1,True,10,1e-05,0.0001,auto_augment,,v0
56889456128082060,False,16,0.01,10.0,0.5,4.0,20.0,0.5,0.0,0.1,0.65,False,0.0001,1.0,0.25,edgenext_xx_small,0.9,adam,10,0.8,8,2,multistep,0.1,0.0001,False,5,0.0,0.1,trivial_augment,"(0.0, 0.99)",
123390625471025597,True,512,0.0,,4.0,4.0,20.0,0.5,0.01,0.2,0.65,False,0.001,2.0,0.25,dla46x_c,0.9,adam,10,0.4,8,2,step,0.05,0.1,False,0,1e-06,0.01,none,"(0.0, 0.999)",
29747403423178632,False,2,0.1,10.0,4.0,0.0,0.0,0.1,0.01,0.0,0.65,False,0.0005,0.0,0.75,convnext_small_384_in22ft1k,0.9,adamp,10,0.8,9,2,cosine,0.1,0.001,False,0,0.0,1e-05,random_augment,"(0.0, 0.999)",
43656717698091713,True,64,0.1,,4.0,0.5,20.0,0.1,0.001,0.3,,True,5e-05,0.4,0.5,convnext_small_384_in22ft1k,0.9,sgd,10,0.6,17,2,multistep,0.1,0.1,True,10,0.0,0.001,random_augment,,
32079441254100540,False,16,0.01,1.0,1.0,2.0,20.0,0.5,0.1,0.2,0.65,False,0.0001,0.2,0.25,convnext_small_384_in22ft1k,0.9,adam,10,0.4,9,2,multistep,0.0,0.01,True,0,1e-05,0.0,random_augment,"(0.9, 0.999)",
6317697762475927,True,16,0.0,10.0,1.0,1.0,0.0,0.1,0.0001,0.3,,True,0.0005,8.0,0.25,tf_efficientnet_b7_ns,0.9,sgd,10,0.6,8,2,cosine,0.0,0.0001,False,0,1e-05,1e-05,none,,
36925578737331930,False,2,0.0,,4.0,0.0,10.0,0.1,0.01,0.2,,False,0.0005,8.0,0.25,volo_d4_448,0.9,adamp,10,0.6,8,2,multistep,0.0,0.0001,False,0,1e-06,0.0001,trivial_augment,"(0.0, 0.99)",
7808437562185232,False,32,0.01,1.0,4.0,0.0,0.0,0.1,0.0,0.1,0.75,True,0.005,1.0,0.25,volo_d5_448,0.9,adamp,10,1.0,8,2,cosine,0.05,0.0,False,5,1e-05,0.0,none,"(0.9, 0.999)",
18970792838293728,False,128,0.001,,4.0,0.5,10.0,0.1,0.1,0.1,0.65,True,0.001,0.2,0.5,edgenext_x_small,0.0,momentum,10,0.2,8,2,step,0.05,0.1,False,0,0.0,0.001,auto_augment,,original
1053086079668475,True,4,0.1,10.0,0.5,0.1,10.0,0.1,0.001,0.4,0.65,False,0.01,0.4,0.5,xcit_tiny_12_p8_384_dist,0.0,momentum,10,1.0,8,2,step,0.0,0.0,False,5,1e-05,0.1,none,,
20308013268378931,True,2,0.0,,4.0,4.0,0.0,0.1,0.01,0.2,0.75,False,0.005,8.0,0.0,edgenext_xx_small,0.9,sgd,2,0.2,8,2,plateau,0.05,0.01,False,0,0.0,0.0001,auto_augment,,original
89579735558903910,False,128,0.0001,10.0,0.0,0.25,20.0,0.5,0.0,0.4,0.65,False,1e-05,4.0,0.25,mobilevit_xxs,0.9,momentum,10,1.0,8,2,step,0.1,0.0,False,0,1e-06,0.1,none,,
8181914115204738,False,2,0.0001,1.0,4.0,4.0,0.0,0.1,0.0,0.4,0.75,False,0.001,0.4,1.0,volo_d3_448,0.8,momentum,10,0.4,8,2,cosine,0.05,0.0,True,0,0.0,0.1,trivial_augment,,
104851765468293846,False,16,0.0,,1.0,2.0,10.0,0.1,0.1,0.3,,False,0.0005,0.4,0.0,xcit_nano_12_p8_384_dist,0.8,momentum,10,0.0,8,2,step,0.1,0.01,True,10,1e-06,0.0,none,,
4051458702877776,False,16,0.0,,0.5,0.25,0.0,0.1,0.0001,0.3,,False,5e-05,4.0,1.0,edgenext_xx_small,0.9,sgd,10,0.8,8,2,cosine,0.0,0.0,False,0,0.0,0.0001,none,,
15319711889756111,True,64,0.0,1.0,2.0,0.5,0.0,0.1,0.0001,0.0,0.65,False,0.0001,0.4,0.25,dla46x_c,0.9,adamp,10,0.8,8,2,cosine,0.0,0.0001,False,0,1e-06,0.0,auto_augment,"(0.9, 0.999)",v0
32101962483238801,True,16,0.01,10.0,2.0,0.25,0.0,0.1,0.001,0.0,0.75,False,1e-05,0.4,0.5,mobilevit_xs,0.9,adam,10,1.0,8,2,cosine,0.1,0.1,True,0,1e-05,0.0,trivial_augment,"(0.0, 0.999)",
16739838705302865,True,32,0.001,10.0,1.0,1.0,0.0,0.1,0.0001,0.0,0.75,False,0.0001,8.0,0.25,mobilevitv2_075,0.9,sgd,10,0.8,9,3,cosine,0.1,0.0,True,0,1e-06,0.1,random_augment,,
91807850644063500,False,128,0.0001,1.0,4.0,0.1,0.0,0.1,0.001,0.3,0.65,True,0.01,1.0,0.75,edgenext_x_small,0.9,adam,10,0.6,8,2,cosine,0.05,0.1,True,10,1e-05,0.01,auto_augment,"(0.0, 0.999)",original
65754897284499302,False,4,0.0,10.0,0.5,4.0,10.0,0.5,0.01,0.1,,False,5e-05,2.0,0.0,volo_d4_448,0.0,momentum,10,0.6,8,2,step,0.1,0.001,False,0,1e-05,0.1,auto_augment,,original
119956763880749939,True,8,0.01,,4.0,0.25,0.0,0.1,0.1,0.4,,False,0.0005,1.0,0.75,xcit_small_12_p8_384_dist,0.99,momentum,2,0.2,17,2,plateau,0.05,0.0,True,5,1e-05,1e-05,random_augment,,
41171833193484391,True,16,0.01,,4.0,0.1,0.0,0.1,0.0,0.2,0.65,False,0.0005,2.0,1.0,edgenext_x_small,0.9,adam,5,0.0,9,2,plateau,0.0,0.1,False,5,1e-06,0.1,random_augment,"(0.0, 0.99)",
21720062529070654,False,8,0.0,,0.0,1.0,0.0,0.1,0.0001,0.2,0.65,True,0.01,4.0,0.5,tf_efficientnet_b6_ns,0.9,adamp,10,1.0,8,2,cosine,0.1,0.001,True,0,0.0,1e-05,trivial_augment,"(0.9, 0.99)",
145326200210792889,True,256,0.01,1.0,4.0,4.0,20.0,0.1,0.1,0.1,0.65,False,0.001,1.0,0.5,deit3_small_patch16_384_in21ft1k,0.8,momentum,10,1.0,8,2,multistep,0.05,0.0001,True,10,1e-06,0.0,auto_augment,,original
71912681975695240,False,64,0.0,,4.0,1.0,0.0,0.1,0.01,0.3,,False,0.001,4.0,0.75,mobilevit_xxs,0.9,adamp,2,0.0,8,2,plateau,0.0,0.01,False,10,0.0,0.0,auto_augment,"(0.9, 0.99)",original
23562858541760061,True,256,0.001,,2.0,0.1,10.0,0.5,0.01,0.0,0.75,True,5e-05,0.4,0.25,edgenext_xx_small,0.9,adam,10,0.4,8,2,multistep,0.05,0.0,False,5,1e-06,0.0,trivial_augment,"(0.9, 0.999)",
6988221335189363,True,8,0.0001,,1.0,0.0,0.0,0.1,0.0001,0.4,0.65,False,0.0005,0.0,0.75,beit_base_patch16_384,0.9,adam,10,1.0,8,2,cosine,0.1,0.0,True,5,0.0,0.0,none,"(0.9, 0.999)",
116294734516152495,True,4,0.1,10.0,1.0,0.25,10.0,0.5,0.0,0.1,,False,0.0005,4.0,0.0,volo_d3_448,0.95,momentum,10,1.0,8,2,step,0.05,0.0001,False,5,0.0,0.001,none,,
110962815358854118,False,8,0.01,,2.0,2.0,0.0,0.1,0.001,0.3,0.75,True,0.001,4.0,1.0,xcit_nano_12_p8_384_dist,0.9,adamw,10,1.0,17,3,cosine,0.0,0.0001,True,5,0.0,1e-05,random_augment,"(0.0, 0.99)",
12790324364202749,True,64,0.0001,1.0,4.0,0.25,20.0,0.1,0.01,0.4,0.75,False,1e-05,4.0,0.5,xcit_tiny_24_p8_384_dist,0.9,adam,10,1.0,8,2,step,0.05,0.001,False,5,1e-06,0.0001,trivial_augment,"(0.9, 0.999)",
13849248986575189,True,16,0.1,,2.0,0.25,0.0,0.1,0.001,0.4,,False,0.0001,8.0,1.0,convnext_small_384_in22ft1k,0.9,adamp,10,0.6,8,2,cosine,0.0,0.01,False,10,0.0,1e-05,none,"(0.0, 0.99)",
201582014158993270,False,8,0.001,10.0,0.0,2.0,0.0,0.1,0.01,0.1,,True,0.001,8.0,0.0,xcit_nano_12_p8_384_dist,0.9,adamw,2,0.0,17,3,plateau,0.0,0.0001,True,10,0.0,0.0,random_augment,"(0.9, 0.999)",
117876058463651427,True,32,0.0001,,0.0,1.0,10.0,0.5,0.0,0.4,0.75,False,0.0001,8.0,0.25,volo_d5_512,0.9,adam,10,1.0,8,2,multistep,0.1,0.0001,True,10,0.0,0.0001,none,"(0.0, 0.999)",
54335137679513974,False,64,0.01,1.0,0.5,0.1,0.0,0.1,0.1,0.4,0.65,False,5e-05,1.0,0.75,xcit_nano_12_p8_384_dist,0.9,adam,5,1.0,8,2,plateau,0.05,0.0001,False,10,0.0,1e-05,none,"(0.9, 0.99)",
228467055243603528,False,2,0.0001,,2.0,0.0,0.0,0.1,0.0001,0.4,0.75,False,0.01,1.0,0.25,convnext_small_384_in22ft1k,0.9,adamw,5,0.0,17,3,plateau,0.0,0.01,True,5,0.0,0.01,random_augment,"(0.9, 0.999)",
70783704464291475,True,256,0.0,10.0,4.0,0.25,0.0,0.1,0.001,0.2,,True,0.0001,2.0,0.75,dla46x_c,0.95,momentum,10,0.4,17,2,cosine,0.0,0.01,True,0,1e-06,1e-05,random_augment,,
37857181807167076,False,64,0.001,,4.0,0.25,0.0,0.1,0.0001,0.4,0.75,False,0.01,2.0,0.5,dla46x_c,0.99,momentum,10,0.0,8,2,cosine,0.05,0.01,False,0,0.0,1e-05,trivial_augment,,
55731266328233240,False,32,0.1,10.0,4.0,0.0,0.0,0.1,0.0,0.2,,True,0.0001,8.0,0.25,xcit_nano_12_p8_384_dist,0.9,adamw,10,0.8,17,2,cosine,0.1,0.1,False,10,0.0,0.0,random_augment,"(0.9, 0.99)",
14215514056358986,False,64,0.001,10.0,2.0,0.0,10.0,0.1,0.001,0.1,0.65,False,0.0005,0.4,0.25,volo_d3_448,0.9,sgd,10,1.0,8,2,step,0.05,0.001,True,5,1e-06,1e-05,auto_augment,,v0
236868853075780774,False,8,0.0,10.0,1.0,0.1,0.0,0.1,0.0001,0.3,0.75,True,0.0005,0.4,0.75,edgenext_xx_small,0.9,adamp,5,0.2,17,3,plateau,0.0,0.01,True,0,1e-06,0.01,random_augment,"(0.0, 0.99)",
71711425336883760,False,2,0.0,,2.0,1.0,10.0,0.5,0.1,0.2,,False,0.001,0.0,0.25,tf_efficientnet_b6_ns,0.9,adamw,10,1.0,8,2,step,0.1,0.1,True,0,0.0,0.0,auto_augment,"(0.9, 0.999)",original
9037227492454826,False,4,0.01,10.0,1.0,4.0,0.0,0.1,0.001,0.3,,True,0.01,4.0,0.75,mobilevit_xs,0.9,sgd,10,0.6,8,2,cosine,0.05,0.001,False,0,1e-05,0.1,auto_augment,,v0
141361460146539266,False,256,0.1,10.0,0.0,0.5,0.0,0.1,0.001,0.4,,True,0.0005,0.0,0.25,edgenext_small,0.0,momentum,5,1.0,8,2,plateau,0.0,0.001,False,0,1e-05,0.001,auto_augment,,original
122776866882623355,True,256,0.0,10.0,2.0,0.1,20.0,0.5,0.0,0.4,,True,0.01,0.0,0.25,edgenext_small,0.9,adamw,10,0.8,8,2,multistep,0.05,0.01,False,10,1e-05,0.1,none,"(0.0, 0.999)",
84643903418508062,False,32,0.01,10.0,0.5,0.25,10.0,0.5,0.01,0.3,0.75,True,0.0005,0.0,0.25,edgenext_x_small,0.9,adamp,10,1.0,8,2,step,0.1,0.0001,False,0,1e-05,0.001,trivial_augment,"(0.9, 0.99)",
45306941325607759,True,128,0.001,10.0,4.0,0.0,20.0,0.1,0.0,0.3,,False,0.0001,4.0,0.0,mobilevitv2_075,0.9,adam,10,0.4,8,2,multistep,0.1,0.1,True,5,1e-06,0.0001,trivial_augment,"(0.0, 0.99)",
4555255748237432,False,32,0.01,1.0,4.0,0.0,0.0,0.1,0.1,0.0,,True,1e-05,0.2,0.75,dla46x_c,0.0,momentum,2,0.4,8,2,plateau,0.05,0.01,False,0,1e-06,0.0001,none,,
80635916635100724,False,128,0.1,1.0,0.0,1.0,0.0,0.1,0.0001,0.1,,False,0.001,4.0,0.0,edgenext_x_small,0.9,adam,10,0.8,8,2,cosine,0.1,0.1,False,0,1e-05,0.0,none,"(0.0, 0.999)",
18309002406717480,False,16,0.01,1.0,4.0,0.25,0.0,0.1,0.1,0.1,,True,0.005,1.0,1.0,edgenext_x_small,0.0,momentum,10,0.6,8,2,cosine,0.05,0.0,False,10,1e-06,0.01,auto_augment,,original
2072015844900528,False,128,0.001,10.0,0.0,0.25,0.0,0.1,0.001,0.3,0.65,False,5e-05,8.0,1.0,mobilevitv2_075,0.9,adamw,10,0.6,8,2,cosine,0.0,0.01,True,5,1e-06,0.01,none,"(0.9, 0.999)",
30246303084465863,True,64,0.1,10.0,0.0,0.1,0.0,0.1,0.0001,0.3,0.75,False,5e-05,0.2,1.0,deit3_small_patch16_384_in21ft1k,0.9,adamw,10,0.6,8,2,cosine,0.0,0.0001,True,0,1e-06,1e-05,trivial_augment,"(0.0, 0.999)",
4966627362348150,False,2,0.0,,0.0,2.0,0.0,0.1,0.01,0.2,0.75,False,0.01,4.0,0.5,edgenext_x_small,0.9,sgd,10,0.8,8,2,cosine,0.0,0.0001,False,0,1e-05,0.0001,none,,
36548336061339890,False,256,0.001,,1.0,2.0,0.0,0.1,0.1,0.2,0.65,False,1e-05,1.0,0.75,dla46x_c,0.9,adamw,10,0.4,8,2,cosine,0.0,0.0001,True,0,0.0,0.0001,auto_augment,"(0.0, 0.99)",v0
14623876335688442,False,32,0.01,,4.0,1.0,0.0,0.1,0.0,0.2,0.65,False,0.0001,0.2,1.0,edgenext_x_small,0.9,adamw,10,0.0,9,2,cosine,0.1,0.1,False,5,1e-05,1e-05,random_augment,"(0.0, 0.99)",
34430209119929001,True,4,0.0001,,4.0,0.1,20.0,0.1,0.1,0.3,0.75,False,1e-05,4.0,1.0,volo_d5_448,0.9,adam,10,0.8,8,2,multistep,0.1,0.1,False,5,1e-06,0.01,auto_augment,"(0.9, 0.999)",v0
69759838134206226,False,2,0.001,1.0,0.0,0.1,0.0,0.1,0.01,0.2,0.65,False,1e-05,2.0,0.5,mobilevitv2_075,0.9,momentum,10,0.8,8,2,cosine,0.1,0.1,True,10,1e-06,0.0001,auto_augment,,original
407099514157297347,True,4,0.01,1.0,0.0,4.0,10.0,0.5,0.1,0.1,0.75,False,0.0001,4.0,0.5,edgenext_x_small,0.9,adamp,10,1.0,17,3,step,0.1,0.1,False,5,1e-06,0.01,random_augment,"(0.9, 0.999)",
429278338240815820,False,8,0.001,10.0,0.0,0.25,10.0,0.1,0.0,0.1,0.65,False,1e-05,2.0,0.25,xcit_small_12_p8_384_dist,0.9,adamp,10,0.6,17,3,step,0.0,0.01,False,10,1e-05,0.0,random_augment,"(0.0, 0.99)",
53364747122016973,True,16,0.001,10.0,0.0,0.0,0.0,0.1,0.01,0.0,0.65,False,0.005,0.2,1.0,xcit_small_12_p8_384_dist,0.9,momentum,2,0.8,8,2,plateau,0.1,0.0001,True,5,1e-06,0.0001,none,,
7651635619774386,False,128,0.01,1.0,4.0,0.25,0.0,0.1,0.0,0.4,0.65,False,0.01,2.0,0.0,mobilevit_xxs,0.9,sgd,10,0.2,8,2,cosine,0.0,0.0,False,0,1e-05,0.0,trivial_augment,,
47986509763101937,True,128,0.01,1.0,4.0,4.0,20.0,0.1,0.001,0.3,,False,1e-05,8.0,0.75,edgenext_small,0.9,adamp,10,0.4,8,2,step,0.05,0.01,True,5,1e-06,0.0,none,"(0.0, 0.99)",
17099182254018817,True,2,0.001,,4.0,0.5,0.0,0.1,0.1,0.2,,True,1e-05,1.0,0.0,volo_d5_512,0.9,adamp,10,1.0,8,2,cosine,0.1,0.1,True,10,1e-06,0.1,trivial_augment,"(0.9, 0.99)",
252201287632278825,True,32,0.001,,4.0,1.0,20.0,0.5,0.01,0.0,0.65,True,0.01,4.0,0.5,xcit_small_12_p8_384_dist,0.9,momentum,10,1.0,17,2,multistep,0.0,0.0,False,5,1e-05,0.1,random_augment,,
56756583738451307,True,64,0.001,1.0,0.5,1.0,0.0,0.1,0.001,0.4,0.65,False,5e-05,4.0,0.0,xcit_small_12_p8_384_dist,0.9,adam,10,1.0,17,2,cosine,0.0,0.01,False,0,0.0,0.1,random_augment,"(0.0, 0.999)",
114124178297478113,True,512,0.001,1.0,0.5,2.0,10.0,0.1,0.001,0.3,,False,0.01,0.2,0.5,edgenext_x_small,0.8,momentum,10,0.8,8,2,step,0.1,0.0001,True,5,1e-06,0.1,auto_augment,,original
116990054341112227,True,128,0.01,10.0,4.0,0.25,10.0,0.5,0.1,0.3,0.75,False,0.0005,2.0,0.25,mobilevit_xxs,0.95,momentum,10,0.0,8,2,multistep,0.1,0.001,True,10,1e-06,0.001,none,,
6941281170922835,True,8,0.0,10.0,0.0,0.1,0.0,0.1,0.01,0.1,0.65,True,0.0001,0.2,0.0,tf_efficientnet_b7_ns,0.9,adamp,2,1.0,9,2,plateau,0.05,0.001,False,5,0.0,0.0,random_augment,"(0.9, 0.999)",
5347103535230395,True,128,0.1,10.0,4.0,0.0,0.0,0.1,0.001,0.1,0.75,True,0.001,1.0,1.0,mobilevit_xxs,0.9,adam,10,0.0,8,2,cosine,0.05,0.0001,True,10,1e-05,0.0001,trivial_augment,"(0.9, 0.999)",
44052995405596454,False,32,0.001,10.0,4.0,2.0,0.0,0.1,0.01,0.0,0.75,True,1e-05,8.0,0.75,volo_d1_384,0.0,momentum,5,0.8,8,2,plateau,0.0,0.0001,True,10,1e-06,0.001,none,,
5447715976329497,True,512,0.0,1.0,1.0,0.0,0.0,0.1,0.01,0.4,0.75,False,0.001,0.2,0.25,mobilevitv2_075,0.9,sgd,10,0.8,8,2,cosine,0.0,0.01,False,0,0.0,1e-05,trivial_augment,,
37991535935094186,False,16,0.0,10.0,0.0,0.0,0.0,0.1,0.0,0.1,0.75,True,0.0001,1.0,0.25,mobilevit_xs,0.99,momentum,2,0.4,8,2,plateau,0.0,0.001,False,5,0.0,1e-05,none,,
18501829870122218,False,4,0.001,1.0,1.0,4.0,10.0,0.5,0.0,0.1,,True,1e-05,4.0,0.5,tf_efficientnet_b4_ns,0.9,sgd,10,0.4,8,2,multistep,0.0,0.01,False,0,1e-05,0.01,trivial_augment,,
1490511563822563,True,16,0.001,10.0,1.0,2.0,0.0,0.1,0.001,0.0,,False,0.001,0.0,0.75,mobilevit_xxs,0.0,momentum,10,0.2,8,2,cosine,0.05,0.1,True,0,0.0,0.01,trivial_augment,,
90440257662324883,True,2,0.1,10.0,4.0,2.0,20.0,0.5,0.0001,0.1,,False,1e-05,0.0,1.0,xcit_nano_12_p8_384_dist,0.9,adam,10,0.2,8,2,multistep,0.0,0.01,True,10,1e-05,0.1,none,"(0.9, 0.99)",
9687310738625420,False,32,0.1,1.0,0.0,1.0,0.0,0.1,0.01,0.3,0.75,False,0.0001,1.0,0.75,edgenext_small,0.9,adamp,10,0.4,8,2,cosine,0.1,0.0,True,5,0.0,0.01,trivial_augment,"(0.0, 0.99)",
20072281044960060,False,16,0.01,,0.0,1.0,10.0,0.5,0.001,0.1,0.75,False,5e-05,0.4,1.0,beit_base_patch16_384,0.9,sgd,10,0.6,8,2,multistep,0.1,0.001,True,5,1e-05,0.001,none,,
12890780295830667,True,32,0.0001,10.0,2.0,0.5,20.0,0.1,0.001,0.0,,False,0.0001,0.2,0.25,xcit_nano_12_p8_384_dist,0.9,sgd,10,0.4,8,2,multistep,0.0,0.1,True,5,1e-06,0.0001,none,,
7586015080557520,False,64,0.0,,2.0,0.5,0.0,0.1,0.1,0.3,0.75,True,0.005,0.0,0.25,edgenext_small,0.9,adam,2,0.6,8,2,plateau,0.05,0.0,True,10,1e-06,0.0,trivial_augment,"(0.9, 0.999)",
119531932836568131,True,4,0.0001,10.0,4.0,0.25,0.0,0.1,0.0001,0.2,,False,0.0005,0.2,1.0,mobilevit_xxs,0.9,adamw,5,0.4,8,2,plateau,0.0,0.001,True,5,1e-06,1e-05,auto_augment,"(0.9, 0.999)",original
145522873768578,False,16,0.1,,0.0,0.5,0.0,0.1,0.0,0.0,0.75,True,0.01,8.0,0.75,mobilevit_xs,0.9,adamp,10,0.4,8,2,cosine,0.1,0.1,True,0,0.0,0.1,trivial_augment,"(0.9, 0.999)",
8046876844440158,False,256,0.01,1.0,0.0,0.0,0.0,0.1,0.0,0.0,0.75,False,5e-05,1.0,0.25,mobilevit_xxs,0.9,sgd,10,0.4,8,2,cosine,0.05,0.0001,True,10,1e-05,0.0,none,,
71115688616572802,False,4,0.0,,0.0,0.5,10.0,0.5,0.01,0.3,0.75,False,5e-05,8.0,0.25,xcit_tiny_12_p8_384_dist,0.9,adamp,10,0.2,8,2,step,0.0,0.0,False,0,1e-05,1e-05,auto_augment,"(0.9, 0.999)",original
55880183411407532,False,4,0.0,1.0,1.0,0.0,0.0,0.1,0.0,0.2,0.75,False,5e-05,2.0,0.5,tf_efficientnet_b6_ns,0.9,sgd,2,0.8,17,3,plateau,0.05,0.1,False,0,1e-06,0.0,random_augment,,
16533979726710258,False,2,0.0001,10.0,2.0,4.0,0.0,0.1,0.0001,0.0,0.65,False,0.0005,8.0,0.75,volo_d4_448,0.0,momentum,10,1.0,8,2,cosine,0.0,0.001,False,10,0.0,0.1,auto_augment,,original
20777096119955184,False,2,0.01,10.0,0.0,0.1,10.0,0.5,0.001,0.2,,False,0.005,4.0,0.25,xcit_nano_12_p8_384_dist,0.9,sgd,10,0.2,8,2,multistep,0.1,0.1,False,0,1e-06,0.0001,none,,
28403628586384829,True,8,0.01,10.0,1.0,0.1,20.0,0.5,0.0001,0.4,0.75,False,0.0001,8.0,0.5,edgenext_small,0.9,adamw,10,0.2,9,2,multistep,0.0,0.01,False,0,0.0,0.0001,random_augment,"(0.9, 0.999)",
13788552269058479,True,512,0.1,10.0,2.0,2.0,0.0,0.1,0.1,0.0,0.65,True,5e-05,4.0,0.5,edgenext_x_small,0.9,adamw,10,1.0,8,2,cosine,0.0,0.1,True,5,0.0,1e-05,trivial_augment,"(0.0, 0.99)",
18497538368178830,False,32,0.1,,0.0,0.1,0.0,0.1,0.01,0.1,0.75,True,0.001,0.4,0.25,mobilevit_xs,0.9,momentum,2,0.0,8,2,plateau,0.1,0.001,False,0,1e-05,0.01,none,,
46068240379095309,True,4,0.001,10.0,1.0,4.0,0.0,0.1,0.0,0.3,0.65,True,0.0001,0.2,0.5,volo_d1_384,0.9,adam,5,0.6,8,2,plateau,0.05,0.0,False,5,0.0,1e-05,trivial_augment,"(0.0, 0.99)",
38505730915381761,True,32,0.1,1.0,1.0,0.1,10.0,0.1,0.0001,0.2,0.65,False,0.0001,1.0,0.0,edgenext_x_small,0.9,adamp,10,0.4,9,2,multistep,0.05,0.0001,True,5,1e-06,1e-05,random_augment,"(0.0, 0.99)",
32263590957540452,False,32,0.01,10.0,2.0,0.5,20.0,0.1,0.0,0.3,,False,1e-05,1.0,0.0,edgenext_x_small,0.9,sgd,10,0.6,8,2,step,0.05,0.0,False,10,1e-05,0.0,none,,
4886933402435780,False,4,0.0001,10.0,4.0,0.5,0.0,0.1,0.0,0.4,0.65,False,5e-05,0.4,0.75,volo_d1_384,0.9,sgd,10,0.0,8,2,cosine,0.1,0.0,True,10,1e-06,0.0001,trivial_augment,,
185883899598492055,True,16,0.0001,1.0,1.0,0.25,10.0,0.5,0.0001,0.3,0.75,True,5e-05,8.0,0.0,edgenext_x_small,0.9,adamw,10,1.0,17,2,multistep,0.1,0.1,True,10,1e-06,0.0,random_augment,"(0.0, 0.99)",
23955134298180396,False,16,0.0,1.0,0.0,0.25,0.0,0.1,0.001,0.3,,True,5e-05,2.0,0.75,mobilevit_xxs,0.9,adamw,10,0.6,8,2,cosine,0.1,0.0001,True,0,1e-05,0.0,none,"(0.9, 0.99)",
29111347575858377,True,64,0.001,1.0,1.0,0.1,0.0,0.1,0.0,0.2,0.75,False,1e-05,0.4,0.5,volo_d3_448,0.8,momentum,10,1.0,8,2,cosine,0.05,0.0,False,10,1e-06,0.0001,none,,
90559976997193356,False,128,0.01,,1.0,0.25,20.0,0.5,0.001,0.0,0.65,False,0.01,4.0,0.5,xcit_tiny_12_p8_384_dist,0.9,adamw,10,1.0,8,2,step,0.0,0.0001,True,0,0.0,0.01,trivial_augment,"(0.9, 0.99)",
22611614587472191,True,128,0.0001,1.0,0.5,2.0,10.0,0.5,0.001,0.0,0.65,True,1e-05,4.0,0.25,mobilevit_xxs,0.9,sgd,10,0.4,8,2,step,0.0,0.001,True,0,1e-05,1e-05,trivial_augment,,
80724135246769277,True,512,0.0,,2.0,1.0,20.0,0.1,0.001,0.2,,False,0.0005,0.0,0.75,mobilevit_xs,0.9,adamw,10,1.0,8,2,multistep,0.05,0.0,False,5,1e-05,0.0,trivial_augment,"(0.9, 0.99)",
107399002722311847,True,4,0.01,1.0,0.0,4.0,20.0,0.1,0.001,0.2,,False,5e-05,4.0,0.0,xcit_small_12_p8_384_dist,0.9,adamp,10,0.8,8,2,multistep,0.05,0.01,True,5,1e-06,0.01,none,"(0.0, 0.999)",
8956861471012519,True,2,0.0001,,0.0,1.0,0.0,0.1,0.1,0.3,,False,0.01,1.0,0.0,convnext_small_384_in22ft1k,0.9,sgd,10,0.2,17,2,cosine,0.0,0.001,True,10,1e-06,0.1,random_augment,,
310536177663125774,False,4,0.1,,0.0,0.1,10.0,0.1,0.0,0.4,,False,0.0005,0.2,0.75,beit_base_patch16_384,0.9,adamp,10,0.8,8,2,step,0.05,0.01,True,10,1e-05,0.01,auto_augment,"(0.0, 0.999)",original
7626463196073797,True,64,0.001,1.0,2.0,1.0,0.0,0.1,0.0,0.2,0.75,False,0.005,8.0,0.25,edgenext_xx_small,0.9,sgd,10,0.0,8,2,cosine,0.05,0.01,True,10,1e-06,0.0,trivial_augment,,
96624991338002210,False,4,0.0001,,1.0,0.1,0.0,0.1,0.01,0.2,0.75,False,0.005,0.4,0.0,edgenext_xx_small,0.9,adamp,10,0.8,9,3,cosine,0.05,0.0,False,10,1e-06,0.0,random_augment,"(0.0, 0.999)",
5772784237039792,False,64,0.1,1.0,0.5,0.1,0.0,0.1,0.0,0.2,0.75,False,5e-05,8.0,0.25,dla46x_c,0.9,sgd,10,0.8,8,2,cosine,0.1,0.1,False,10,0.0,1e-05,none,,
55633142574314592,False,16,0.001,,0.0,0.0,10.0,0.5,0.1,0.0,0.75,True,5e-05,4.0,0.5,tf_efficientnet_b4_ns,0.9,sgd,10,0.8,8,2,step,0.0,0.01,True,5,0.0,0.0,none,,
45587264315390815,True,128,0.1,1.0,1.0,2.0,20.0,0.1,0.0,0.0,0.75,True,0.01,8.0,0.75,mobilevit_xs,0.9,sgd,10,0.8,8,2,multistep,0.05,0.01,True,0,1e-05,0.0001,auto_augment,,original
33661241694770805,True,32,0.001,,2.0,2.0,0.0,0.1,0.1,0.3,0.65,False,0.005,1.0,0.5,volo_d1_384,0.9,adam,5,1.0,8,2,plateau,0.05,0.01,False,10,1e-05,0.1,none,"(0.9, 0.999)",
35109295582292090,False,32,0.1,,2.0,0.5,20.0,0.1,0.0001,0.4,0.75,True,0.01,2.0,0.25,edgenext_xx_small,0.9,sgd,10,0.8,8,2,step,0.0,0.0,False,0,0.0,0.001,auto_augment,,v0
125541362257293864,False,128,0.1,1.0,1.0,0.0,20.0,0.1,0.0001,0.3,0.75,False,1e-05,2.0,0.75,mobilevit_xxs,0.9,adam,10,0.8,8,2,step,0.1,0.001,True,10,1e-05,0.001,none,"(0.0, 0.99)",
122131119410580090,False,128,0.0001,10.0,4.0,0.5,20.0,0.1,0.01,0.2,,True,0.0005,0.0,0.5,edgenext_xx_small,0.9,adamp,10,0.0,8,2,multistep,0.05,0.0,False,5,1e-06,0.1,none,"(0.0, 0.99)",
29540431507335375,True,4,0.1,1.0,2.0,2.0,0.0,0.1,0.1,0.3,0.65,True,0.0005,0.2,1.0,convnext_small_384_in22ft1k,0.95,momentum,2,1.0,8,2,plateau,0.1,0.01,True,5,1e-05,0.0001,trivial_augment,,
79940691890258691,True,4,0.0001,10.0,1.0,1.0,0.0,0.1,0.1,0.2,,True,5e-05,0.0,0.5,dla46x_c,0.9,adamp,10,0.6,8,2,cosine,0.05,0.01,True,5,0.0,0.0,none,"(0.0, 0.999)",
485179861788152241,True,256,0.001,1.0,0.0,1.0,20.0,0.5,0.0001,0.0,,False,0.01,1.0,1.0,mobilevit_xxs,0.9,adamp,10,0.6,17,3,multistep,0.0,0.1,True,10,0.0,0.0,random_augment,"(0.9, 0.99)",
35017225155671652,False,2,0.1,1.0,1.0,1.0,0.0,0.1,0.1,0.4,0.75,False,0.0005,0.4,0.0,tf_efficientnet_b7_ns,0.9,adamp,10,0.6,8,2,cosine,0.0,0.1,False,10,1e-05,0.01,auto_augment,"(0.0, 0.99)",v0
114910586896779442,False,64,0.1,,2.0,1.0,10.0,0.1,0.0001,0.3,,False,5e-05,8.0,0.0,xcit_tiny_12_p8_384_dist,0.9,adamp,10,1.0,8,2,multistep,0.0,0.1,True,0,0.0,0.01,auto_augment,"(0.0, 0.99)",original
17381618467976701,True,2,0.0,,0.0,0.0,10.0,0.5,0.0001,0.0,,False,5e-05,4.0,1.0,deit3_small_patch16_384_in21ft1k,0.9,sgd,10,0.4,9,2,multistep,0.05,0.01,True,5,1e-05,0.1,random_augment,,
11830046772594211,True,16,0.01,,0.0,2.0,20.0,0.1,0.01,0.1,0.65,False,0.005,0.4,0.75,edgenext_small,0.9,adamp,10,0.8,8,2,step,0.05,0.01,True,0,1e-05,0.001,none,"(0.9, 0.999)",
219493914398270591,True,8,0.001,1.0,2.0,0.1,20.0,0.5,0.01,0.4,0.75,False,1e-05,0.2,0.25,xcit_nano_12_p8_384_dist,0.9,adamp,10,0.6,17,2,step,0.0,0.0,False,10,1e-06,0.1,random_augment,"(0.9, 0.99)",
45668496974972408,False,32,0.0,10.0,0.5,2.0,0.0,0.1,0.1,0.1,,True,0.001,1.0,0.25,tf_efficientnet_b6_ns,0.9,adam,5,1.0,8,2,plateau,0.1,0.01,False,5,1e-05,0.0001,none,"(0.0, 0.99)",
48488535493311838,False,8,0.01,1.0,1.0,0.1,0.0,0.1,0.0001,0.3,0.65,False,0.001,8.0,0.25,xcit_tiny_12_p8_384_dist,0.9,adam,5,0.4,8,2,plateau,0.1,0.0001,False,10,1e-05,0.0,none,"(0.0, 0.99)",
2736189160872016,False,8,0.1,1.0,0.0,0.25,0.0,0.1,0.0001,0.2,0.65,False,0.001,1.0,1.0,beit_base_patch16_384,0.9,sgd,10,0.8,8,2,cosine,0.05,0.001,False,0,0.0,0.001,none,,
430129790658534210,False,16,0.01,10.0,0.5,0.0,20.0,0.1,0.0001,0.3,,False,5e-05,0.2,1.0,beit_base_patch16_384,0.9,adamw,10,1.0,17,3,multistep,0.1,0.1,True,5,1e-06,0.1,random_augment,"(0.0, 0.99)",
128448455123665927,True,2,0.001,1.0,0.0,0.5,0.0,0.1,0.01,0.0,0.65,True,0.01,8.0,0.0,convnext_small_384_in22ft1k,0.9,adamp,5,0.2,8,2,plateau,0.05,0.0001,False,5,0.0,0.0,none,"(0.0, 0.99)",
38166021546762665,True,64,0.01,,0.0,4.0,10.0,0.1,0.001,0.0,0.75,False,0.0001,2.0,0.25,volo_d1_384,0.9,sgd,10,1.0,17,2,multistep,0.1,0.01,False,10,0.0,1e-05,random_augment,,
62628707092681192,False,8,0.0001,10.0,1.0,4.0,0.0,0.1,0.0,0.1,0.65,False,5e-05,0.4,0.25,volo_d5_512,0.9,adamw,10,1.0,8,2,cosine,0.05,0.1,False,0,1e-06,1e-05,auto_augment,"(0.9, 0.99)",v0
34381420057110788,False,32,0.0,,4.0,4.0,0.0,0.1,0.001,0.4,0.75,False,0.0001,0.2,0.5,xcit_nano_12_p8_384_dist,0.9,adamw,5,1.0,8,2,plateau,0.05,0.0001,False,5,1e-06,0.01,none,"(0.9, 0.999)",
6080664923201845,True,2,0.01,10.0,2.0,2.0,0.0,0.1,0.001,0.1,,False,5e-05,0.0,1.0,xcit_tiny_12_p8_384_dist,0.9,sgd,2,0.6,8,2,plateau,0.0,0.0,True,5,1e-06,1e-05,trivial_augment,,
19179061869450531,True,4,0.0001,1.0,0.5,1.0,0.0,0.1,0.01,0.2,0.65,False,0.0005,4.0,1.0,edgenext_small,0.9,adamw,10,0.4,8,2,cosine,0.05,0.01,True,5,0.0,0.001,auto_augment,"(0.9, 0.999)",original
33488778399351810,False,16,0.01,10.0,0.5,0.5,10.0,0.1,0.0001,0.0,0.75,False,0.01,0.4,0.25,deit3_small_patch16_384_in21ft1k,0.9,adamp,10,0.4,8,2,step,0.0,0.001,False,5,1e-05,0.1,trivial_augment,"(0.0, 0.99)",
9152338940101984,False,8,0.0,1.0,1.0,0.0,0.0,0.1,0.0,0.2,0.65,False,0.001,0.0,0.5,tf_efficientnet_b4_ns,0.9,adamw,10,0.6,8,2,cosine,0.0,0.0,False,5,1e-05,0.1,auto_augment,"(0.9, 0.999)",v0
42080575747534214,False,256,0.0,10.0,0.5,0.0,20.0,0.1,0.01,0.3,,True,0.001,8.0,0.5,dla46x_c,0.9,adamp,10,0.6,8,2,step,0.1,0.1,False,5,0.0,0.01,auto_augment,"(0.9, 0.999)",original
36947853159447321,True,32,0.1,1.0,0.0,0.5,0.0,0.1,0.1,0.2,,True,0.001,4.0,1.0,beit_base_patch16_384,0.9,adam,10,1.0,17,2,cosine,0.1,0.001,False,0,1e-06,0.0001,random_augment,"(0.9, 0.999)",
23374577203731563,True,8,0.0001,10.0,2.0,0.0,0.0,0.1,0.1,0.4,,True,1e-05,8.0,0.0,deit3_small_patch16_384_in21ft1k,0.9,sgd,10,0.2,8,2,cosine,0.0,0.01,True,10,0.0,0.0,auto_augment,,original
11993047350947619,True,256,0.01,1.0,2.0,2.0,0.0,0.1,0.0,0.4,,True,0.0001,0.0,0.0,edgenext_x_small,0.9,adamw,10,0.8,9,2,cosine,0.05,0.1,True,5,1e-05,0.001,random_augment,"(0.0, 0.99)",
62406160550046512,False,32,0.01,,0.0,0.5,0.0,0.1,0.01,0.1,,False,0.01,1.0,1.0,edgenext_xx_small,0.9,adam,5,0.4,8,2,plateau,0.05,0.1,True,5,0.0,1e-05,none,"(0.0, 0.999)",
20799266042814938,False,32,0.0,1.0,1.0,0.1,0.0,0.1,0.001,0.1,0.75,False,0.005,1.0,0.75,edgenext_small,0.9,sgd,10,0.4,8,2,cosine,0.05,0.0001,True,0,1e-06,0.0001,auto_augment,,original
3392576005635224,False,32,0.001,1.0,1.0,0.0,0.0,0.1,0.1,0.0,0.75,True,0.0001,8.0,0.5,volo_d4_448,0.9,adamw,10,1.0,8,2,cosine,0.0,0.0001,True,5,1e-06,0.001,none,"(0.9, 0.999)",
206281737606045595,True,128,0.1,1.0,0.5,0.0,10.0,0.1,0.0001,0.1,,False,0.01,0.2,0.0,mobilevit_xxs,0.9,adamw,10,1.0,8,2,step,0.05,0.1,True,0,1e-05,0.001,auto_augment,"(0.9, 0.99)",v0
14953120535033372,False,4,0.0,,0.5,0.0,0.0,0.1,0.1,0.2,0.65,False,1e-05,1.0,0.0,tf_efficientnet_b7_ns,0.9,adamp,10,0.2,9,2,cosine,0.1,0.0001,True,0,0.0,0.0,random_augment,"(0.0, 0.99)",
115814796679684109,True,64,0.0001,1.0,1.0,0.1,10.0,0.5,0.1,0.3,0.75,True,0.005,0.4,1.0,edgenext_x_small,0.9,sgd,10,0.0,17,3,multistep,0.05,0.1,True,0,1e-05,0.01,random_augment,,
9757627680445201,True,2,0.0,10.0,0.5,4.0,0.0,0.1,0.1,0.4,0.75,False,0.0005,8.0,0.25,edgenext_x_small,0.9,adamw,10,0.8,8,2,cosine,0.05,0.0,False,10,0.0,0.01,trivial_augment,"(0.0, 0.99)",
26115457423063285,True,2,0.01,10.0,0.0,0.0,0.0,0.1,0.001,0.2,,False,5e-05,0.0,0.0,xcit_small_12_p8_384_dist,0.95,momentum,10,0.6,8,2,cosine,0.1,0.0,False,0,1e-06,0.01,trivial_augment,,
108181217615948935,True,16,0.0001,1.0,0.5,1.0,0.0,0.1,0.0001,0.3,0.75,False,1e-05,0.0,0.0,deit3_small_patch16_384_in21ft1k,0.99,momentum,10,1.0,8,2,cosine,0.1,0.0,False,5,0.0,0.001,auto_augment,,v0
16465590908102792,False,4,0.0,1.0,0.0,0.0,10.0,0.5,0.0001,0.4,,False,0.005,1.0,0.0,edgenext_xx_small,0.9,adamp,10,0.4,9,2,step,0.05,0.001,True,5,0.0,0.1,random_augment,"(0.9, 0.999)",
448578095908045,True,128,0.1,10.0,4.0,0.5,10.0,0.1,0.1,0.3,,True,0.005,2.0,0.5,edgenext_x_small,0.9,adamp,10,0.4,8,2,multistep,0.1,0.1,True,10,0.0,0.1,trivial_augment,"(0.9, 0.999)",
10624832825690035,True,2,0.01,10.0,0.0,0.5,10.0,0.1,0.01,0.1,0.65,False,0.0005,2.0,0.75,volo_d5_512,0.9,sgd,10,1.0,8,2,step,0.0,0.01,True,5,1e-05,0.01,auto_augment,,v0
42384351665910154,False,8,0.0,10.0,0.5,0.1,0.0,0.1,0.0,0.0,0.75,False,0.0001,2.0,0.0,tf_efficientnet_b4_ns,0.8,momentum,10,0.4,8,2,cosine,0.0,0.0,True,0,1e-06,0.01,auto_augment,,original
84961890631205373,True,4,0.0,1.0,4.0,0.25,0.0,0.1,0.001,0.3,0.65,True,0.01,8.0,1.0,xcit_tiny_24_p8_384_dist,0.9,adam,10,1.0,9,3,cosine,0.0,0.01,False,10,1e-05,0.001,random_augment,"(0.9, 0.99)",
40217031638552214,False,2,0.01,10.0,4.0,0.0,0.0,0.1,0.0,0.3,0.65,False,1e-05,0.0,0.0,swinv2_base_window12to24_192to384_22kft1k,0.9,adamp,5,0.4,9,2,plateau,0.05,0.0,False,5,1e-05,0.0,random_augment,"(0.9, 0.999)",
26931820845073979,True,64,0.0001,,0.0,4.0,0.0,0.1,0.01,0.2,,True,0.01,0.0,0.25,mobilevitv2_075,0.9,adam,10,0.8,8,2,cosine,0.0,0.0,True,10,1e-05,0.01,trivial_augment,"(0.0, 0.999)",
287721741926109428,False,32,0.0,10.0,1.0,0.0,20.0,0.5,0.0001,0.3,,True,0.005,1.0,0.5,edgenext_x_small,0.9,adamp,10,0.6,9,3,step,0.1,0.001,True,0,0.0,0.0001,random_augment,"(0.9, 0.999)",
9541744984017549,True,32,0.0,,1.0,0.1,0.0,0.1,0.1,0.0,0.75,True,0.01,0.4,0.0,tf_efficientnet_b4_ns,0.9,adamw,2,1.0,8,2,plateau,0.1,0.0,True,0,0.0,0.01,trivial_augment,"(0.0, 0.99)",
336456000836681086,False,64,0.001,,1.0,0.1,20.0,0.1,0.0001,0.2,0.65,False,5e-05,0.4,0.5,mobilevitv2_075,0.9,adam,10,0.8,8,2,step,0.0,0.0001,True,5,0.0,0.0001,auto_augment,"(0.0, 0.999)",original
32026427637580080,False,2,0.0,,4.0,1.0,0.0,0.1,0.001,0.2,,False,0.0001,0.0,0.75,beit_base_patch16_384,0.9,adam,10,0.4,8,2,cosine,0.1,0.1,False,0,1e-05,0.0,none,"(0.0, 0.999)",
303799188677231541,True,4,0.0001,10.0,1.0,4.0,20.0,0.1,0.0001,0.4,,False,0.005,2.0,0.25,tf_efficientnet_b4_ns,0.9,adam,10,0.0,9,3,step,0.05,0.1,True,10,1e-05,0.001,random_augment,"(0.0, 0.99)",
17086869767623070,False,4,0.0001,1.0,2.0,0.1,10.0,0.5,0.0001,0.2,0.65,False,0.0001,8.0,0.75,xcit_nano_12_p8_384_dist,0.9,adamp,10,0.6,8,2,multistep,0.1,0.01,True,10,1e-06,0.1,none,"(0.9, 0.999)",
47257746018670256,False,256,0.1,10.0,1.0,0.25,20.0,0.1,0.01,0.0,0.65,False,0.0005,2.0,0.5,edgenext_xx_small,0.9,sgd,10,1.0,8,2,multistep,0.1,0.1,True,10,1e-05,1e-05,auto_augment,,original
119095289319661884,False,2,0.01,10.0,0.0,2.0,10.0,0.5,0.0,0.4,0.75,False,0.01,0.0,0.75,volo_d5_448,0.9,adam,10,1.0,9,2,step,0.0,0.01,True,5,0.0,1e-05,random_augment,"(0.0, 0.999)",
19153974093042514,False,8,0.0,1.0,0.5,0.25,0.0,0.1,0.0,0.0,0.75,False,0.001,4.0,0.0,beit_base_patch16_384,0.9,momentum,10,0.4,8,2,cosine,0.1,0.0001,True,5,0.0,0.001,trivial_augment,,
12228587546037246,False,2,0.001,,2.0,0.0,0.0,0.1,0.01,0.2,0.65,False,1e-05,0.4,0.0,edgenext_small,0.9,adamw,10,0.2,8,2,cosine,0.0,0.0,True,0,0.0,0.0001,none,"(0.0, 0.99)",
33177442890341466,False,2,0.001,10.0,0.0,0.5,0.0,0.1,0.1,0.4,0.75,False,1e-05,0.0,1.0,swinv2_base_window12to24_192to384_22kft1k,0.99,momentum,10,0.2,8,2,cosine,0.05,0.0001,False,10,1e-06,0.1,none,,
25968011046183909,True,32,0.0,,0.0,4.0,20.0,0.5,0.0001,0.2,,False,0.0005,8.0,0.5,edgenext_xx_small,0.9,adamw,10,0.0,8,2,multistep,0.1,0.0,False,10,0.0,0.01,none,"(0.9, 0.999)",
453613485947280,False,16,0.01,10.0,1.0,0.25,10.0,0.1,0.0001,0.4,0.75,False,0.005,2.0,0.25,mobilevit_xs,0.9,sgd,10,0.6,8,2,multistep,0.0,0.0,False,0,1e-06,0.1,none,,
81430795413687865,True,128,0.1,,4.0,2.0,0.0,0.1,0.001,0.4,0.65,True,0.001,1.0,0.25,edgenext_small,0.9,adamp,10,0.4,8,2,cosine,0.1,0.001,True,10,0.0,0.1,auto_augment,"(0.0, 0.999)",v0
13981478512114428,False,16,0.1,10.0,0.5,0.5,20.0,0.1,0.01,0.3,,False,0.001,4.0,0.25,deit3_small_patch16_384_in21ft1k,0.9,sgd,10,1.0,8,2,multistep,0.1,0.0001,False,0,1e-06,1e-05,trivial_augment,,
92397006571564694,False,4,0.1,1.0,4.0,4.0,0.0,0.1,0.0,0.3,0.65,True,5e-05,0.0,0.25,swinv2_base_window12to24_192to384_22kft1k,0.9,adamp,2,0.6,8,2,plateau,0.05,0.01,True,0,1e-06,0.001,auto_augment,"(0.0, 0.999)",original
17014596414923617,True,16,0.0,1.0,0.5,1.0,0.0,0.1,0.01,0.0,0.65,False,0.0005,4.0,0.75,mobilevit_xxs,0.9,momentum,10,0.4,8,2,cosine,0.0,0.1,False,10,1e-06,0.1,trivial_augment,,
18439257427803223,True,16,0.001,10.0,0.0,0.25,0.0,0.1,0.01,0.2,0.75,False,5e-05,0.4,1.0,xcit_nano_12_p8_384_dist,0.9,adamw,10,0.8,9,2,cosine,0.0,0.1,True,10,1e-06,0.01,random_augment,"(0.9, 0.99)",
1208689522410716,False,32,0.0001,1.0,0.0,0.1,10.0,0.1,0.0001,0.3,0.65,False,5e-05,0.4,1.0,mobilevit_xs,0.9,adamw,10,0.4,8,2,multistep,0.05,0.0,False,10,1e-05,0.1,trivial_augment,"(0.9, 0.999)",
17124994861345157,True,8,0.1,10.0,0.0,0.25,0.0,0.1,0.1,0.4,,True,0.001,1.0,0.75,volo_d3_448,0.9,adamw,10,0.8,8,2,cosine,0.05,0.0001,False,0,1e-05,0.1,none,"(0.9, 0.99)",
47759877947161153,True,2,0.1,1.0,1.0,4.0,0.0,0.1,0.0,0.1,0.65,False,0.0001,4.0,0.5,beit_large_patch16_512,0.9,adam,10,1.0,8,2,cosine,0.05,0.01,False,0,1e-06,0.0,auto_augment,"(0.0, 0.99)",original
16679232188595050,False,256,0.001,1.0,2.0,0.1,0.0,0.1,0.01,0.4,0.65,False,0.0005,1.0,1.0,edgenext_xx_small,0.9,adam,10,0.0,8,2,cosine,0.1,0.0001,False,0,1e-06,0.1,auto_augment,"(0.9, 0.999)",original
1832127518135038,False,8,0.01,,4.0,4.0,0.0,0.1,0.0001,0.2,0.75,False,0.005,0.4,1.0,xcit_small_12_p8_384_dist,0.9,adamw,10,0.8,8,2,cosine,0.0,0.001,False,0,1e-06,0.01,none,"(0.9, 0.999)",
5721798627900712,False,64,0.1,1.0,1.0,2.0,0.0,0.1,0.0001,0.4,0.75,False,1e-05,0.2,0.75,edgenext_small,0.0,momentum,10,0.8,8,2,cosine,0.05,0.0001,False,10,0.0,1e-05,trivial_augment,,
44563329084231980,False,32,0.1,10.0,0.5,1.0,0.0,0.1,0.001,0.4,,True,0.001,8.0,1.0,tf_efficientnet_b4_ns,0.9,adamw,5,1.0,8,2,plateau,0.0,0.0,False,0,0.0,0.0001,trivial_augment,"(0.0, 0.99)",
50573318294215064,False,4,0.1,1.0,0.0,2.0,10.0,0.5,0.0001,0.3,0.65,False,1e-05,0.2,1.0,convnext_small_384_in22ft1k,0.9,adamp,10,0.8,8,2,multistep,0.1,0.0,False,5,1e-06,0.01,none,"(0.9, 0.999)",
57755022118038560,False,4,0.0001,10.0,2.0,0.25,0.0,0.1,0.01,0.3,0.65,False,0.0001,0.4,0.75,dla46x_c,0.9,adamp,5,0.0,8,2,plateau,0.05,0.1,True,0,1e-05,0.1,trivial_augment,"(0.0, 0.999)",
11875585083929065,True,2,0.01,1.0,0.5,0.0,20.0,0.1,0.1,0.2,0.75,False,1e-05,0.4,0.0,xcit_tiny_24_p8_384_dist,0.9,sgd,10,0.4,8,2,multistep,0.05,0.0001,False,5,1e-05,0.001,trivial_augment,,
66847864639607074,False,64,0.01,1.0,0.5,0.25,0.0,0.1,0.001,0.0,,False,0.01,2.0,0.75,dla46x_c,0.9,adamw,10,0.2,8,2,cosine,0.1,0.0,True,5,1e-06,0.01,auto_augment,"(0.9, 0.99)",original
28771282374745045,True,128,0.1,,2.0,1.0,0.0,0.1,0.01,0.3,0.75,False,0.0001,4.0,0.5,beit_base_patch16_384,0.8,momentum,10,1.0,8,2,cosine,0.1,0.001,True,10,0.0,0.0001,none,,
122421758722938441,True,32,0.1,,2.0,2.0,20.0,0.5,0.0001,0.2,,True,0.0005,8.0,0.25,volo_d1_384,0.9,adam,10,0.8,8,2,multistep,0.1,0.1,True,10,1e-06,0.1,none,"(0.0, 0.999)",
14612091564576603,True,4,0.0,,0.0,1.0,0.0,0.1,0.1,0.0,0.75,False,0.005,0.0,0.5,convnext_small_384_in22ft1k,0.9,sgd,5,0.4,8,2,plateau,0.1,0.01,False,5,1e-05,1e-05,none,,
4871658240234613,True,2,0.1,1.0,0.0,0.0,0.0,0.1,0.0,0.0,0.65,False,0.01,0.2,0.75,volo_d3_448,0.9,adam,10,0.8,8,2,cosine,0.1,0.1,False,10,1e-06,0.0001,trivial_augment,"(0.9, 0.999)",
13308317571938081,True,8,0.001,,1.0,0.0,0.0,0.1,0.001,0.2,0.65,False,0.005,8.0,0.5,xcit_small_12_p8_384_dist,0.9,adamp,10,0.8,9,2,cosine,0.0,0.001,True,5,1e-05,0.0001,random_augment,"(0.0, 0.99)",
17815073894128139,True,8,0.01,1.0,1.0,1.0,0.0,0.1,0.001,0.3,,False,0.001,0.0,0.25,mobilevitv2_075,0.9,momentum,10,0.8,8,2,cosine,0.05,0.001,True,5,0.0,0.01,trivial_augment,,
29483220578285565,True,32,0.001,1.0,4.0,1.0,20.0,0.1,0.001,0.0,0.75,True,0.01,2.0,0.75,convnext_small_384_in22ft1k,0.9,sgd,10,0.8,8,2,step,0.0,0.0,True,5,1e-05,0.0001,none,,
16211761100368112,False,4,0.0,,2.0,0.1,10.0,0.1,0.001,0.3,0.65,False,0.001,8.0,1.0,tf_efficientnet_b6_ns,0.0,momentum,10,0.8,8,2,multistep,0.05,0.0,False,0,0.0,0.1,auto_augment,,original
71220534721582176,False,2,0.001,,1.0,0.25,10.0,0.1,0.0,0.0,,False,0.01,0.0,0.5,volo_d1_384,0.9,adamp,10,0.0,9,2,step,0.0,0.001,True,0,1e-05,1e-05,random_augment,"(0.9, 0.99)",
63098273904072953,True,8,0.0001,10.0,0.0,0.0,0.0,0.1,0.01,0.4,0.65,False,0.005,0.2,1.0,tf_efficientnet_b6_ns,0.9,adam,10,0.4,8,2,cosine,0.1,0.0,True,0,1e-05,1e-05,auto_augment,"(0.9, 0.99)",v0
67438567729346577,True,256,0.1,10.0,2.0,2.0,0.0,0.1,0.01,0.3,,False,1e-05,8.0,1.0,xcit_nano_12_p8_384_dist,0.9,momentum,10,1.0,8,2,cosine,0.0,0.0,True,10,1e-05,0.01,auto_augment,,original
33766406916576196,False,8,0.1,1.0,4.0,2.0,0.0,0.1,0.1,0.3,0.75,False,0.0001,0.0,0.25,edgenext_x_small,0.99,momentum,10,0.0,8,2,cosine,0.1,0.0,False,0,0.0,0.01,none,,
29276301190351642,False,512,0.001,1.0,0.0,0.25,0.0,0.1,0.0001,0.4,,True,0.0001,4.0,0.75,mobilevit_xxs,0.9,adamw,10,0.8,8,2,cosine,0.05,0.0001,False,0,1e-05,0.0001,none,"(0.0, 0.999)",
130208864460473763,True,32,0.01,,0.0,0.1,0.0,0.1,0.0,0.1,0.75,True,5e-05,0.2,0.75,edgenext_small,0.0,momentum,5,0.4,8,2,plateau,0.1,0.01,True,0,1e-06,0.1,auto_augment,,v0
41875494417725453,True,512,0.001,1.0,2.0,4.0,20.0,0.1,0.01,0.2,0.75,True,0.005,8.0,0.75,edgenext_small,0.9,adamw,10,0.6,8,2,step,0.0,0.0001,False,0,0.0,0.01,none,"(0.0, 0.99)",
93503198919387567,True,4,0.01,10.0,4.0,4.0,0.0,0.1,0.0001,0.3,0.75,True,0.005,0.0,0.0,xcit_nano_12_p8_384_dist,0.9,adamw,10,0.6,8,2,cosine,0.05,0.001,False,10,0.0,0.0001,auto_augment,"(0.0, 0.999)",original
138444586821774089,True,512,0.1,1.0,2.0,4.0,20.0,0.1,0.0,0.0,0.75,True,0.01,8.0,0.0,mobilevit_xxs,0.99,momentum,10,0.6,8,2,multistep,0.1,0.001,True,5,1e-06,0.1,none,,
1926687387829783,True,128,0.0,1.0,4.0,0.25,0.0,0.1,0.0,0.3,,False,0.01,8.0,0.0,mobilevitv2_075,0.9,adamp,10,0.2,9,2,cosine,0.05,0.01,True,0,1e-06,0.01,random_augment,"(0.9, 0.999)",
290706855577967073,True,4,0.0,1.0,4.0,1.0,20.0,0.5,0.001,0.4,0.75,False,0.0001,2.0,0.25,tf_efficientnet_b6_ns,0.95,momentum,10,0.2,17,2,step,0.1,0.0001,True,10,0.0,0.0,random_augment,,
125007236355074838,False,16,0.1,10.0,4.0,4.0,20.0,0.5,0.01,0.3,0.65,False,0.005,8.0,0.25,swinv2_base_window12to24_192to384_22kft1k,0.9,adam,10,0.8,8,2,multistep,0.0,0.001,False,10,1e-06,0.001,none,"(0.0, 0.999)",
4826745925689349,True,2,0.0001,1.0,1.0,0.1,0.0,0.1,0.0,0.1,,False,0.0005,0.2,1.0,volo_d4_448,0.9,sgd,10,1.0,8,2,cosine,0.1,0.0001,False,10,1e-06,0.0001,none,,
122266071232428872,False,4,0.0,10.0,1.0,0.1,20.0,0.5,0.0001,0.1,0.75,False,0.005,0.4,0.5,edgenext_small,0.9,adam,10,0.0,8,2,multistep,0.05,0.1,True,5,1e-06,0.1,none,"(0.0, 0.999)",
29399491741178421,True,32,0.1,10.0,2.0,2.0,20.0,0.5,0.001,0.0,0.65,False,0.01,1.0,0.25,dla46x_c,0.9,adamw,10,1.0,8,2,multistep,0.05,0.1,True,0,1e-05,0.0001,none,"(0.9, 0.999)",
188708465380621027,True,128,0.01,,2.0,0.0,20.0,0.5,0.0001,0.1,0.75,True,0.001,1.0,0.25,mobilevit_xs,0.9,adamp,10,1.0,8,2,step,0.0,0.01,True,0,1e-05,0.01,auto_augment,"(0.0, 0.99)",original
66290856356291554,False,64,0.01,,1.0,0.1,10.0,0.1,0.001,0.1,,True,0.0001,2.0,0.0,edgenext_xx_small,0.9,momentum,10,0.4,8,2,multistep,0.05,0.01,True,0,0.0,0.01,none,,
26736432086425341,True,4,0.0001,,0.5,1.0,0.0,0.1,0.1,0.1,,False,1e-05,2.0,0.75,swinv2_base_window12to24_192to384_22kft1k,0.9,adam,10,0.4,8,2,cosine,0.0,0.001,False,5,1e-05,0.01,trivial_augment,"(0.0, 0.999)",
4997429568822968,False,32,0.0,,2.0,0.25,0.0,0.1,0.0,0.0,0.75,False,5e-05,4.0,1.0,edgenext_small,0.9,adamp,10,0.4,8,2,cosine,0.0,0.01,False,0,1e-05,0.0001,trivial_augment,"(0.9, 0.999)",
83563937429904269,True,512,0.1,10.0,0.0,0.1,10.0,0.5,0.1,0.3,0.75,True,0.01,0.4,1.0,edgenext_xx_small,0.9,momentum,10,0.2,8,2,multistep,0.1,0.1,True,5,1e-05,0.01,trivial_augment,,
1311842697684005,True,64,0.01,10.0,2.0,0.1,0.0,0.1,0.001,0.4,,False,0.005,0.0,0.25,edgenext_xx_small,0.9,adam,10,0.6,8,2,cosine,0.05,0.001,True,10,1e-05,0.1,none,"(0.9, 0.999)",
63526596370969421,True,64,0.0,10.0,4.0,0.0,0.0,0.1,0.0001,0.3,,True,0.0005,0.2,0.0,edgenext_small,0.9,adamp,2,0.6,8,2,plateau,0.0,0.1,False,0,0.0,0.0,auto_augment,"(0.9, 0.99)",v0
2075838049773541,True,2,0.0,1.0,0.0,0.5,0.0,0.1,0.01,0.4,0.75,False,0.005,0.4,0.5,volo_d1_384,0.9,adamw,10,0.4,8,2,cosine,0.05,0.01,True,5,1e-06,0.01,none,"(0.9, 0.999)",
7842269760749398,False,64,0.0001,,0.5,0.25,0.0,0.1,0.01,0.2,0.75,True,0.001,1.0,1.0,mobilevit_xs,0.9,adamw,10,0.8,8,2,cosine,0.1,0.001,False,5,1e-05,0.0,none,"(0.9, 0.999)",
56888859512285668,False,64,0.0001,,1.0,0.1,10.0,0.5,0.01,0.3,0.75,True,0.0001,0.0,1.0,dla46x_c,0.9,adamp,10,0.0,8,2,multistep,0.1,0.0001,False,5,0.0,0.1,auto_augment,"(0.9, 0.999)",v0
1441197736699088,False,4,0.001,10.0,0.5,0.1,0.0,0.1,0.0001,0.0,,False,0.0005,2.0,0.25,edgenext_x_small,0.9,adam,10,1.0,8,2,cosine,0.0,0.0001,True,0,0.0,0.01,trivial_augment,"(0.9, 0.999)",
129157869268207197,True,32,0.0001,10.0,1.0,0.0,20.0,0.5,0.0,0.3,0.65,True,0.005,4.0,0.25,mobilevitv2_075,0.9,adam,10,0.6,8,2,multistep,0.1,0.01,True,10,1e-06,0.0,trivial_augment,"(0.0, 0.999)",
23100846376806471,True,4,0.0001,1.0,2.0,1.0,0.0,0.1,0.0001,0.1,0.75,True,0.0001,0.2,0.0,volo_d4_448,0.9,sgd,10,0.6,8,2,cosine,0.1,0.1,True,0,0.0,0.0,auto_augment,,original
9038409639261016,False,8,0.1,,1.0,0.0,0.0,0.1,0.01,0.3,,False,0.0001,2.0,0.75,tf_efficientnet_b7_ns,0.8,momentum,10,0.8,8,2,cosine,0.05,0.001,False,0,1e-05,0.1,none,,
240528265567240199,True,8,0.01,1.0,0.0,4.0,20.0,0.1,0.001,0.2,0.75,False,5e-05,0.0,0.5,xcit_tiny_12_p8_384_dist,0.9,momentum,10,0.0,8,2,multistep,0.0,0.001,False,5,0.0,1e-05,auto_augment,,original
22175018179101677,True,64,0.001,10.0,0.0,0.25,0.0,0.1,0.01,0.3,0.75,False,0.0005,0.2,0.0,deit3_small_patch16_384_in21ft1k,0.9,sgd,10,1.0,8,2,cosine,0.0,0.01,True,0,1e-06,1e-05,auto_augment,,original
16390267410141925,True,16,0.0001,10.0,0.5,0.0,10.0,0.5,0.0,0.3,,True,5e-05,4.0,0.25,xcit_tiny_24_p8_384_dist,0.9,sgd,10,0.2,8,2,step,0.05,0.001,False,5,0.0,0.1,trivial_augment,,
84879928396087411,True,128,0.0001,,4.0,4.0,10.0,0.5,0.1,0.3,,False,0.01,0.4,0.25,beit_base_patch16_384,0.9,adamp,10,1.0,8,2,multistep,0.05,0.001,True,5,1e-05,0.001,none,"(0.9, 0.99)",
192135362801872560,False,16,0.01,,0.0,1.0,0.0,0.1,0.1,0.3,0.75,False,0.005,0.4,0.75,volo_d1_384,0.9,adam,5,0.2,9,3,plateau,0.05,0.0001,True,10,0.0,1e-05,random_augment,"(0.0, 0.999)",
1230920671743822,False,128,0.0,,2.0,0.0,0.0,0.1,0.0,0.2,0.75,True,0.001,1.0,0.25,edgenext_small,0.9,sgd,10,0.8,8,2,cosine,0.0,0.001,False,10,1e-05,0.1,none,,
27186224278540143,True,4,0.0,10.0,2.0,0.1,0.0,0.1,0.0001,0.0,,False,0.0001,0.2,0.25,volo_d1_384,0.9,adamw,10,0.0,8,2,cosine,0.0,0.001,False,5,0.0,0.001,none,"(0.0, 0.999)",
21635151163743015,True,32,0.001,1.0,4.0,0.1,0.0,0.1,0.0,0.4,0.65,False,1e-05,0.2,1.0,deit3_small_patch16_384_in21ft1k,0.9,adam,10,0.0,8,2,cosine,0.0,0.001,False,0,0.0,1e-05,trivial_augment,"(0.9, 0.99)",
146687479548766567,True,16,0.0,,2.0,0.0,0.0,0.1,0.01,0.1,,True,0.0001,8.0,0.25,beit_base_patch16_384,0.9,adam,5,1.0,8,2,plateau,0.0,0.001,True,10,1e-06,0.1,none,"(0.9, 0.99)",
118160301102625517,True,8,0.1,10.0,2.0,0.25,10.0,0.1,0.01,0.0,0.75,False,5e-05,0.0,0.75,xcit_nano_12_p8_384_dist,0.9,adam,10,0.0,8,2,multistep,0.1,0.0,True,5,1e-06,0.0001,auto_augment,"(0.0, 0.99)",original
60647381008945751,True,64,0.0,,1.0,4.0,0.0,0.1,0.1,0.3,0.65,True,0.001,0.2,0.75,volo_d1_384,0.9,adamp,10,1.0,17,2,cosine,0.05,0.001,False,10,1e-05,0.001,random_augment,"(0.0, 0.999)",
30237408226364310,False,2,0.0,1.0,0.5,1.0,0.0,0.1,0.1,0.1,0.75,False,0.0005,4.0,0.75,xcit_nano_12_p8_384_dist,0.8,momentum,10,0.8,8,2,cosine,0.05,0.0,True,0,1e-06,1e-05,none,,
82023296085300519,True,32,0.0,,2.0,0.25,10.0,0.5,0.0,0.3,0.65,True,5e-05,8.0,0.5,convnext_small_384_in22ft1k,0.9,momentum,10,1.0,8,2,step,0.0,0.001,True,0,1e-05,0.1,none,,
8936844896691462,False,128,0.0,10.0,0.5,2.0,0.0,0.1,0.0001,0.3,,False,0.005,0.4,1.0,mobilevit_xxs,0.9,adamp,10,0.0,8,2,cosine,0.1,0.0,True,10,1e-06,0.1,trivial_augment,"(0.0, 0.99)",
24206438857883885,True,512,0.0001,10.0,0.5,0.1,0.0,0.1,0.001,0.3,0.75,False,0.001,0.0,0.0,edgenext_small,0.9,momentum,10,1.0,8,2,cosine,0.05,0.01,False,10,1e-05,0.0,trivial_augment,,
7986865072305049,True,16,0.1,10.0,1.0,0.1,0.0,0.1,0.0,0.1,,True,0.001,4.0,1.0,edgenext_xx_small,0.9,sgd,10,0.4,9,2,cosine,0.05,0.001,False,10,1e-05,0.0,random_augment,,
2173603999751054,False,32,0.001,,2.0,1.0,10.0,0.1,0.0001,0.3,0.75,False,0.01,2.0,0.75,mobilevit_xs,0.9,sgd,10,0.2,8,2,multistep,0.1,0.1,False,10,1e-06,0.01,none,,
16813641953700724,False,8,0.0,1.0,4.0,4.0,0.0,0.1,0.0,0.3,0.65,False,1e-05,2.0,0.75,volo_d1_384,0.9,adamp,10,0.4,8,2,cosine,0.1,0.0,False,5,1e-06,0.1,trivial_augment,"(0.9, 0.99)",
23245824032959180,False,8,0.001,1.0,0.0,0.25,0.0,0.1,0.0,0.2,0.75,False,1e-05,2.0,0.25,xcit_tiny_12_p8_384_dist,0.9,adamw,10,0.4,8,2,cosine,0.05,0.1,True,5,0.0,0.0,auto_augment,"(0.9, 0.999)",original
14868824783923471,True,128,0.0001,10.0,2.0,0.25,0.0,0.1,0.01,0.2,0.65,True,0.005,8.0,0.5,edgenext_xx_small,0.9,sgd,10,0.0,8,2,cosine,0.0,0.0001,False,0,0.0,0.0,auto_augment,,v0
202455926370360567,True,32,0.0001,10.0,2.0,0.0,10.0,0.1,0.1,0.0,0.75,False,0.0001,1.0,0.75,volo_d4_448,0.9,momentum,10,1.0,8,2,step,0.05,0.1,False,10,1e-05,0.0,none,,
20955470937795617,True,8,0.1,10.0,2.0,1.0,0.0,0.1,0.0001,0.2,,True,0.0001,0.4,0.0,dla46x_c,0.9,sgd,10,0.6,8,2,cosine,0.1,0.0001,True,5,1e-06,0.0001,auto_augment,,original
128368426647687720,False,16,0.01,,2.0,2.0,0.0,0.1,0.1,0.0,,False,0.0001,1.0,0.5,mobilevit_xxs,0.9,adamw,5,0.2,17,2,plateau,0.0,0.0001,True,0,0.0,0.0,random_augment,"(0.0, 0.999)",
36228522667506180,False,16,0.01,,0.5,1.0,0.0,0.1,0.0,0.4,,True,0.005,4.0,0.25,tf_efficientnet_b6_ns,0.99,momentum,10,0.8,8,2,cosine,0.1,0.1,False,5,1e-05,0.001,trivial_augment,,
5796274586951110,False,8,0.001,1.0,4.0,0.5,0.0,0.1,0.01,0.2,0.65,False,0.001,0.4,0.25,tf_efficientnet_b4_ns,0.9,sgd,10,0.2,8,2,cosine,0.05,0.0001,True,10,0.0,1e-05,trivial_augment,,
71904113306042936,False,256,0.1,10.0,0.5,0.25,0.0,0.1,0.0001,0.2,0.75,True,0.001,0.4,0.5,mobilevit_xxs,0.9,adam,10,0.6,9,3,cosine,0.1,0.001,False,10,0.0,0.0,random_augment,"(0.9, 0.999)",
17334015593233746,False,128,0.01,1.0,1.0,0.25,0.0,0.1,0.0,0.3,0.65,False,5e-05,2.0,0.25,xcit_nano_12_p8_384_dist,0.9,adam,10,0.8,8,2,cosine,0.05,0.0,True,5,1e-05,0.1,auto_augment,"(0.9, 0.999)",original
25791432885191344,False,8,0.0,10.0,2.0,0.0,0.0,0.1,0.0,0.3,0.65,False,0.005,0.0,0.25,tf_efficientnet_b4_ns,0.9,adam,10,0.6,8,2,cosine,0.0,0.1,True,0,0.0,0.01,none,"(0.0, 0.99)",
87174316930873120,False,512,0.01,,0.0,0.5,10.0,0.5,0.0,0.1,0.65,True,0.005,1.0,0.5,mobilevit_xxs,0.9,adam,10,1.0,8,2,step,0.05,0.0,False,10,1e-06,1e-05,none,"(0.9, 0.99)",
63560823049739728,False,64,0.0001,10.0,0.5,0.5,20.0,0.5,0.1,0.1,0.75,True,0.0001,0.0,0.75,volo_d3_448,0.8,momentum,10,1.0,8,2,multistep,0.05,0.0001,True,0,0.0,0.0,none,,
31954362782454255,True,4,0.1,1.0,1.0,0.25,20.0,0.5,0.01,0.2,,False,0.0001,0.4,0.75,edgenext_small,0.9,sgd,10,0.4,8,2,multistep,0.1,0.1,True,10,1e-06,0.0,trivial_augment,,
19539388202697955,True,2,0.01,10.0,0.5,1.0,0.0,0.1,0.001,0.3,,False,0.001,4.0,0.0,xcit_small_12_p8_384_dist,0.9,momentum,10,0.8,8,2,cosine,0.05,0.001,False,5,1e-06,0.001,trivial_augment,,
95010466927004371,True,2,0.0,1.0,4.0,0.1,20.0,0.5,0.01,0.1,,False,0.0001,8.0,1.0,beit_base_patch16_384,0.9,adamw,10,0.6,8,2,step,0.1,0.001,False,0,1e-06,1e-05,trivial_augment,"(0.9, 0.99)",
540160313399947,True,2,0.001,,2.0,2.0,0.0,0.1,0.0,0.1,0.65,False,0.001,2.0,0.25,mobilevitv2_075,0.0,momentum,10,0.0,8,2,cosine,0.0,0.0001,True,0,1e-06,0.1,none,,
267019154878244685,True,256,0.0,10.0,1.0,0.0,10.0,0.5,0.001,0.0,0.75,False,5e-05,8.0,0.5,mobilevit_xxs,0.9,adamw,10,1.0,8,2,multistep,0.1,0.001,True,0,1e-05,0.0,auto_augment,"(0.9, 0.99)",original
32247758380391872,False,512,0.001,1.0,4.0,0.1,0.0,0.1,0.01,0.3,0.75,False,1e-05,8.0,0.75,edgenext_xx_small,0.9,sgd,10,0.8,17,3,cosine,0.05,0.1,True,5,1e-05,0.0,random_augment,,
5501861289029261,True,64,0.0,10.0,0.5,1.0,0.0,0.1,0.01,0.0,0.75,False,5e-05,2.0,0.5,edgenext_x_small,0.9,adamp,10,0.8,8,2,cosine,0.1,0.0001,True,0,0.0,1e-05,none,"(0.9, 0.999)",
196201309824490724,False,32,0.001,,4.0,4.0,0.0,0.1,0.001,0.3,0.65,True,1e-05,0.2,0.25,mobilevit_xxs,0.9,adam,2,0.4,17,3,plateau,0.05,0.001,True,10,0.0,0.01,random_augment,"(0.9, 0.999)",
1689514280554981,True,128,0.0001,10.0,0.5,4.0,0.0,0.1,0.01,0.2,0.75,True,0.01,0.2,0.75,edgenext_xx_small,0.9,sgd,2,0.2,8,2,plateau,0.05,0.001,False,10,0.0,0.01,none,,
12543306458452404,False,16,0.0001,10.0,0.0,0.5,0.0,0.1,0.0001,0.3,0.65,False,5e-05,1.0,0.0,xcit_small_12_p8_384_dist,0.9,adamw,10,1.0,8,2,cosine,0.0,0.0001,True,10,0.0,0.0001,auto_augment,"(0.9, 0.999)",v0
82052209682458042,False,8,0.0001,10.0,1.0,0.1,0.0,0.1,0.001,0.3,,True,0.0005,0.4,0.5,xcit_tiny_24_p8_384_dist,0.9,adamw,10,0.8,8,2,cosine,0.0,0.1,True,0,1e-05,0.1,auto_augment,"(0.0, 0.999)",v0
16386441754278540,False,128,0.0001,1.0,0.5,2.0,10.0,0.5,0.01,0.2,0.65,True,0.001,0.0,0.5,mobilevit_xs,0.9,sgd,10,0.4,8,2,multistep,0.0,0.001,False,5,0.0,0.1,none,,
1023501760521426,False,2,0.001,1.0,0.0,0.5,10.0,0.1,0.0001,0.0,0.75,False,0.001,4.0,0.75,volo_d3_448,0.9,adamp,10,0.2,8,2,multistep,0.0,0.01,True,0,1e-05,0.1,trivial_augment,"(0.9, 0.999)",
46382450384264430,False,128,0.0001,1.0,2.0,1.0,20.0,0.1,0.1,0.2,0.75,False,0.0005,2.0,0.0,dla46x_c,0.8,momentum,10,0.8,9,2,multistep,0.05,0.0001,False,0,1e-06,1e-05,random_augment,,
64206324860696797,True,128,0.01,10.0,0.0,0.0,0.0,0.1,0.1,0.3,0.75,False,5e-05,4.0,0.5,edgenext_small,0.9,adam,2,0.2,8,2,plateau,0.05,0.1,True,5,1e-06,0.0,auto_augment,"(0.9, 0.99)",v0
97028528700978383,True,8,0.0001,10.0,4.0,1.0,0.0,0.1,0.0001,0.0,0.65,False,0.001,4.0,0.25,xcit_nano_12_p8_384_dist,0.9,adamw,10,0.2,9,3,cosine,0.05,0.001,True,5,1e-05,0.0,random_augment,"(0.0, 0.999)",
103101466990212471,True,4,0.0001,,0.0,0.5,10.0,0.1,0.01,0.0,0.65,False,0.0005,0.2,0.0,xcit_tiny_12_p8_384_dist,0.9,adam,10,0.0,8,2,step,0.0,0.001,False,0,1e-06,1e-05,none,"(0.0, 0.999)",
1265098348033864,False,512,0.0001,1.0,1.0,2.0,0.0,0.1,0.0,0.3,0.65,True,1e-05,8.0,0.5,edgenext_x_small,0.9,sgd,2,1.0,8,2,plateau,0.0,0.1,False,10,1e-05,0.1,trivial_augment,,
19206971589168584,False,32,0.001,1.0,0.0,1.0,10.0,0.5,0.001,0.2,0.75,False,0.005,8.0,0.0,mobilevit_xs,0.9,sgd,10,0.4,8,2,multistep,0.0,0.0,False,10,0.0,0.001,trivial_augment,,
26513346246641099,True,512,0.1,,2.0,1.0,20.0,0.5,0.0001,0.3,0.65,True,0.001,2.0,0.0,edgenext_xx_small,0.9,sgd,10,0.4,8,2,multistep,0.0,0.001,True,10,1e-06,0.01,none,,
7868335176717465,True,4,0.1,1.0,0.0,0.25,0.0,0.1,0.001,0.1,,False,0.0005,0.4,0.5,edgenext_small,0.9,sgd,10,1.0,8,2,cosine,0.05,0.1,False,5,1e-05,0.0,none,,
116732920207145627,True,64,0.001,,4.0,0.0,0.0,0.1,0.001,0.0,,False,0.001,4.0,0.5,convnext_small_384_in22ft1k,0.9,adamp,10,1.0,17,3,cosine,0.1,0.0,False,5,1e-06,0.001,random_augment,"(0.9, 0.99)",
16365018176874650,False,4,0.0001,,4.0,2.0,0.0,0.1,0.0001,0.1,,False,5e-05,2.0,0.25,volo_d3_448,0.9,adamw,10,1.0,8,2,cosine,0.1,0.0,False,5,0.0,0.1,none,"(0.9, 0.99)",
66437652203731830,False,128,0.0001,,0.0,0.25,0.0,0.1,0.1,0.1,0.65,True,0.0001,0.4,0.25,mobilevit_xxs,0.9,adamp,10,0.0,9,3,cosine,0.05,0.01,True,5,0.0,0.01,random_augment,"(0.9, 0.999)",
8506956136574219,True,8,0.01,10.0,4.0,0.1,0.0,0.1,0.1,0.3,,True,0.0001,2.0,0.0,xcit_nano_12_p8_384_dist,0.9,sgd,10,0.4,8,2,cosine,0.0,0.001,True,10,0.0,0.1,auto_augment,,v0
27567377973328481,True,512,0.01,1.0,0.5,0.5,20.0,0.5,0.0,0.1,0.75,True,0.005,2.0,0.25,edgenext_xx_small,0.9,sgd,10,0.2,8,2,step,0.05,0.001,True,0,1e-06,0.001,none,,
386730785049125170,False,8,0.001,10.0,0.0,0.0,20.0,0.5,0.001,0.4,0.75,True,5e-05,8.0,0.0,edgenext_x_small,0.9,adam,10,0.0,8,2,multistep,0.0,0.001,True,0,1e-06,1e-05,auto_augment,"(0.0, 0.999)",original
19700623889504305,True,16,0.0001,10.0,0.0,0.5,0.0,0.1,0.001,0.0,0.65,False,1e-05,0.0,0.0,xcit_tiny_12_p8_384_dist,0.9,adam,10,1.0,8,2,cosine,0.0,0.01,False,10,1e-06,0.001,trivial_augment,"(0.9, 0.99)",
164085472731282004,False,64,0.01,,1.0,0.25,0.0,0.1,0.0001,0.3,0.65,False,0.0001,2.0,1.0,edgenext_xx_small,0.9,adamw,5,0.6,9,3,plateau,0.1,0.0001,True,5,1e-06,0.01,random_augment,"(0.9, 0.999)",
111343661473141018,False,64,0.0001,10.0,2.0,2.0,20.0,0.1,0.0001,0.4,0.65,True,0.0005,0.0,0.75,dla46x_c,0.95,momentum,10,0.8,8,2,step,0.05,0.0001,False,5,1e-06,1e-05,trivial_augment,,
1266434840282806,False,64,0.001,10.0,4.0,4.0,0.0,0.1,0.01,0.0,0.65,True,0.005,1.0,0.75,edgenext_xx_small,0.9,sgd,10,0.2,8,2,cosine,0.05,0.1,False,10,1e-05,0.1,none,,
10562472215861760,False,2,0.0,10.0,4.0,0.25,0.0,0.1,0.0001,0.0,0.75,False,0.0005,2.0,0.5,xcit_tiny_24_p8_384_dist,0.9,adamp,10,0.4,8,2,cosine,0.0,0.1,False,5,1e-05,0.01,none,"(0.0, 0.99)",
3858083713976044,False,8,0.0,,1.0,2.0,10.0,0.1,0.01,0.3,0.65,True,1e-05,2.0,0.0,mobilevitv2_075,0.9,sgd,10,0.4,8,2,step,0.0,0.001,True,5,1e-05,0.001,none,,
38837419904199529,True,2,0.0001,10.0,4.0,0.1,0.0,0.1,0.0,0.2,,False,0.01,1.0,0.25,xcit_tiny_24_p8_384_dist,0.9,adamw,10,0.0,17,2,cosine,0.1,0.01,True,0,1e-05,1e-05,random_augment,"(0.9, 0.999)",
45302089354810512,False,16,0.001,10.0,1.0,4.0,20.0,0.1,0.1,0.4,0.65,False,1e-05,8.0,0.25,beit_base_patch16_384,0.9,adam,10,0.6,8,2,multistep,0.05,0.1,True,5,1e-06,0.0001,trivial_augment,"(0.0, 0.99)",
76936191825699148,False,8,0.01,1.0,0.0,0.5,0.0,0.1,0.001,0.4,0.65,False,0.0001,8.0,1.0,edgenext_xx_small,0.95,momentum,10,0.8,8,2,cosine,0.0,0.01,True,10,1e-05,0.001,none,,
7392299147910468,False,2,0.0001,10.0,0.5,2.0,0.0,0.1,0.0001,0.4,0.75,False,0.001,4.0,1.0,volo_d3_448,0.9,adam,10,1.0,8,2,cosine,0.1,0.001,False,5,1e-06,0.0,trivial_augment,"(0.9, 0.999)",
7157202605750239,True,16,0.1,10.0,4.0,0.25,0.0,0.1,0.1,0.0,,True,0.01,0.4,0.25,xcit_nano_12_p8_384_dist,0.9,sgd,10,1.0,8,2,cosine,0.0,0.001,True,10,0.0,0.0,none,,
55059341881706049,True,4,0.001,,2.0,0.5,10.0,0.5,0.0001,0.0,0.65,False,0.001,2.0,0.75,mobilevitv2_075,0.9,adamp,10,1.0,8,2,multistep,0.1,0.1,True,0,1e-05,1e-05,none,"(0.9, 0.999)",
93925594766534029,True,16,0.1,,0.0,0.0,20.0,0.5,0.001,0.0,,False,1e-05,0.2,1.0,swinv2_base_window12to24_192to384_22kft1k,0.9,adamw,10,1.0,8,2,step,0.05,0.0,False,10,1e-06,0.0001,auto_augment,"(0.9, 0.999)",original
5480867712484765,True,2,0.01,10.0,4.0,0.0,0.0,0.1,0.0,0.1,,True,0.01,0.0,0.0,volo_d4_448,0.9,sgd,2,1.0,8,2,plateau,0.0,0.0,True,0,0.0,1e-05,trivial_augment,,
28183325069174451,True,256,0.001,10.0,0.5,0.5,20.0,0.5,0.0,0.4,,True,0.0005,0.4,1.0,edgenext_x_small,0.9,sgd,10,0.0,9,2,multistep,0.05,0.01,True,5,1e-05,0.001,random_augment,,
2325626643318297,True,256,0.1,10.0,4.0,4.0,0.0,0.1,0.01,0.4,,False,0.0001,0.2,0.5,edgenext_small,0.9,sgd,10,0.2,8,2,cosine,0.0,0.0,True,0,1e-05,0.01,trivial_augment,,
31451076474208174,False,64,0.01,,2.0,4.0,0.0,0.1,0.1,0.2,0.65,True,0.0005,0.2,0.75,mobilevit_xxs,0.9,adamp,10,0.0,8,2,cosine,0.05,0.0001,True,10,0.0,0.0,none,"(0.0, 0.999)",
3875744603460153,True,4,0.0,,0.0,4.0,0.0,0.1,0.001,0.3,,False,5e-05,8.0,0.5,xcit_small_12_p8_384_dist,0.9,sgd,10,0.0,8,2,cosine,0.05,0.01,True,5,1e-05,0.001,trivial_augment,,
58479764853174412,False,8,0.0001,10.0,2.0,2.0,20.0,0.5,0.1,0.4,0.75,False,0.0001,4.0,0.25,swinv2_base_window12to24_192to384_22kft1k,0.9,adamw,10,0.8,8,2,multistep,0.1,0.001,True,10,0.0,0.01,trivial_augment,"(0.0, 0.99)",
19963738647588565,True,2,0.01,1.0,0.5,2.0,0.0,0.1,0.01,0.2,0.75,False,0.0005,0.2,0.0,xcit_tiny_24_p8_384_dist,0.9,adamp,2,1.0,8,2,plateau,0.05,0.0,False,5,1e-05,0.001,none,"(0.9, 0.99)",
130939329720777238,False,64,0.0001,,2.0,0.25,0.0,0.1,0.0001,0.3,0.65,True,0.001,8.0,0.75,deit3_small_patch16_384_in21ft1k,0.8,momentum,5,0.8,17,2,plateau,0.05,0.001,True,10,1e-05,0.1,random_augment,,
10715705023924771,True,16,0.01,1.0,0.5,2.0,20.0,0.1,0.001,0.3,0.75,True,0.001,0.0,0.5,xcit_nano_12_p8_384_dist,0.9,sgd,10,0.8,8,2,multistep,0.0,0.1,False,10,1e-05,0.01,none,,
2332126513264507,True,16,0.0,1.0,2.0,0.5,0.0,0.1,0.1,0.0,0.65,True,0.0005,0.4,0.5,xcit_tiny_12_p8_384_dist,0.9,sgd,10,0.8,8,2,cosine,0.05,0.0,True,0,1e-05,0.01,none,,
19324761906363490,False,64,0.0,10.0,0.0,2.0,0.0,0.1,0.1,0.3,0.65,True,0.005,0.4,0.25,edgenext_xx_small,0.9,adamw,10,0.0,8,2,cosine,0.0,0.01,True,10,0.0,0.001,auto_augment,"(0.9, 0.999)",original
43152883277396998,False,8,0.01,10.0,2.0,2.0,0.0,0.1,0.1,0.2,0.75,False,1e-05,0.4,1.0,volo_d4_448,0.9,adamw,5,0.8,8,2,plateau,0.0,0.0001,True,10,1e-05,0.01,none,"(0.0, 0.99)",
331406097887838820,False,8,0.001,10.0,0.0,0.5,20.0,0.1,0.1,0.0,,True,0.001,8.0,0.75,volo_d4_448,0.9,adamp,10,0.8,8,2,multistep,0.05,0.1,True,0,1e-06,0.0,auto_augment,"(0.0, 0.999)",v0
296234490577846,False,8,0.1,10.0,1.0,0.5,0.0,0.1,0.0,0.2,0.75,True,1e-05,2.0,0.75,convnext_small_384_in22ft1k,0.9,sgd,10,0.2,8,2,cosine,0.1,0.1,True,5,0.0,0.1,none,,
110549183989934611,True,2,0.0,,2.0,0.1,20.0,0.1,0.0,0.2,0.65,False,0.005,4.0,0.25,volo_d4_448,0.9,adam,10,0.4,8,2,multistep,0.05,0.01,True,5,1e-05,0.0001,trivial_augment,"(0.0, 0.999)",
271929104526147373,True,2,0.1,1.0,2.0,0.5,20.0,0.5,0.0,0.1,0.65,False,1e-05,0.2,1.0,xcit_nano_12_p8_384_dist,0.9,adamp,10,1.0,8,2,step,0.0,0.0,True,0,1e-06,0.0001,none,"(0.9, 0.99)",
10956468411207561,True,4,0.0001,,1.0,1.0,0.0,0.1,0.001,0.4,0.75,False,0.001,0.4,0.5,volo_d3_448,0.9,adam,2,0.4,8,2,plateau,0.0,0.0,False,5,0.0,0.001,none,"(0.0, 0.99)",
5221346120982379,True,2,0.0001,1.0,0.5,2.0,0.0,0.1,0.0001,0.2,0.65,True,0.005,8.0,0.5,mobilevit_xxs,0.9,sgd,10,0.4,8,2,cosine,0.0,0.01,True,5,1e-05,0.0001,trivial_augment,,
21830045267285028,False,2,0.0001,,2.0,2.0,0.0,0.1,0.0,0.2,,False,0.005,0.2,0.25,volo_d3_448,0.9,adamw,10,1.0,8,2,cosine,0.0,0.0,True,5,0.0,1e-05,trivial_augment,"(0.9, 0.99)",
47770060140063977,True,8,0.1,1.0,2.0,0.25,0.0,0.1,0.01,0.2,0.75,False,0.0001,4.0,0.25,volo_d1_384,0.9,adam,10,0.0,17,2,cosine,0.0,0.1,False,0,1e-06,0.0,random_augment,"(0.0, 0.99)",
119224166978455483,True,128,0.0,1.0,4.0,0.0,0.0,0.1,0.01,0.3,0.65,False,0.0001,0.4,0.0,xcit_nano_12_p8_384_dist,0.9,adam,10,0.8,17,3,cosine,0.1,0.0001,True,10,0.0,1e-05,random_augment,"(0.9, 0.99)",
33895267018560154,False,64,0.01,,1.0,2.0,10.0,0.1,0.0001,0.0,0.75,True,5e-05,0.2,0.0,edgenext_xx_small,0.8,momentum,10,1.0,8,2,multistep,0.0,0.1,True,0,0.0,0.01,none,,
358340244629894428,False,8,0.01,,0.5,0.0,10.0,0.1,0.1,0.1,0.65,False,0.01,2.0,0.25,edgenext_small,0.8,momentum,10,1.0,9,3,step,0.1,0.1,False,0,1e-06,0.01,random_augment,,
64436828180851818,False,2,0.0001,,0.0,2.0,0.0,0.1,0.001,0.0,0.75,False,0.0001,4.0,0.75,xcit_small_12_p8_384_dist,0.9,momentum,5,0.8,8,2,plateau,0.1,0.1,False,0,1e-05,0.0,trivial_augment,,
32410053641720814,False,16,0.0001,,1.0,0.1,10.0,0.1,0.0,0.0,0.75,False,5e-05,0.0,0.5,mobilevit_xs,0.9,adamw,10,1.0,9,2,multistep,0.0,0.0,False,0,0.0,0.1,random_augment,"(0.0, 0.99)",
60740750101523955,True,256,0.0,1.0,0.0,4.0,0.0,0.1,0.01,0.1,0.75,True,0.005,4.0,0.75,dla46x_c,0.9,adamp,2,0.2,8,2,plateau,0.05,0.01,True,10,1e-05,0.001,auto_augment,"(0.9, 0.99)",v0
4337879829309833,True,8,0.0001,1.0,0.5,0.5,10.0,0.1,0.01,0.3,0.75,True,0.001,0.0,0.5,mobilevit_xxs,0.0,momentum,10,0.0,8,2,step,0.0,0.1,True,5,0.0,0.0001,none,,
3691267105677247,True,2,0.001,1.0,0.5,0.0,0.0,0.1,0.01,0.1,0.65,False,0.0001,4.0,0.75,swinv2_base_window12to24_192to384_22kft1k,0.9,adam,10,0.6,8,2,cosine,0.0,0.0001,True,0,1e-05,0.001,trivial_augment,"(0.9, 0.999)",
30291677738110630,False,64,0.0,1.0,4.0,0.25,0.0,0.1,0.01,0.0,0.75,True,0.01,0.4,0.5,deit3_small_patch16_384_in21ft1k,0.9,adamp,10,1.0,8,2,cosine,0.0,0.1,True,0,1e-06,1e-05,none,"(0.0, 0.99)",
16178673495477245,True,8,0.0,,1.0,0.25,0.0,0.1,0.0,0.1,0.75,True,0.001,8.0,0.25,dla46x_c,0.9,adamw,10,0.6,8,2,cosine,0.05,0.01,True,10,1e-05,0.0,none,"(0.0, 0.99)",
31772268497999006,False,32,0.0001,1.0,1.0,0.0,0.0,0.1,0.0,0.0,,False,0.005,0.2,0.5,edgenext_xx_small,0.9,adamw,10,0.2,8,2,cosine,0.1,0.001,True,5,1e-06,0.0,none,"(0.0, 0.99)",
10921915274328175,True,128,0.1,,1.0,1.0,0.0,0.1,0.0001,0.4,0.65,True,1e-05,0.4,1.0,mobilevit_xs,0.9,sgd,2,1.0,8,2,plateau,0.1,0.001,True,0,0.0,0.001,auto_augment,,v0
157363369622513778,False,128,0.001,,4.0,2.0,20.0,0.5,0.0,0.3,0.75,False,1e-05,0.0,0.5,xcit_nano_12_p8_384_dist,0.9,adamw,10,0.8,17,2,multistep,0.1,0.01,True,5,1e-06,0.001,random_augment,"(0.9, 0.999)",
68134898674605106,False,64,0.001,1.0,0.5,4.0,10.0,0.1,0.001,0.4,,True,0.001,0.2,0.0,mobilevitv2_075,0.9,adam,10,0.0,8,2,step,0.05,0.0001,False,5,1e-06,0.001,none,"(0.9, 0.99)",
68903880402603879,True,32,0.0,,0.5,0.5,0.0,0.1,0.1,0.0,0.75,False,0.0005,0.0,1.0,mobilevit_xs,0.9,adam,10,1.0,8,2,cosine,0.1,0.001,False,0,0.0,0.0001,auto_augment,"(0.9, 0.99)",original
17154082239835098,False,128,0.001,,0.0,0.1,0.0,0.1,0.0001,0.3,0.65,True,0.0005,0.4,0.75,xcit_nano_12_p8_384_dist,0.9,sgd,10,1.0,9,3,cosine,0.05,0.01,False,0,1e-05,0.1,random_augment,,
2427987738802014,False,2,0.01,,2.0,4.0,10.0,0.1,0.001,0.2,0.75,False,0.001,8.0,0.5,mobilevit_xxs,0.9,sgd,10,0.6,8,2,step,0.1,0.0001,False,5,1e-05,0.01,trivial_augment,,
251064954254198674,False,64,0.01,1.0,0.5,0.25,10.0,0.5,0.1,0.4,,False,0.0005,1.0,0.25,edgenext_xx_small,0.9,adam,10,0.8,8,2,step,0.05,0.1,False,10,1e-05,0.0,none,"(0.9, 0.99)",
297259130464768899,True,32,0.0,,1.0,0.5,10.0,0.1,0.01,0.3,0.75,True,0.0005,1.0,0.5,edgenext_small,0.9,adam,10,0.2,9,3,multistep,0.05,0.01,False,5,0.0,1e-05,random_augment,"(0.0, 0.99)",
74436783237694512,False,2,0.1,10.0,2.0,0.0,20.0,0.1,0.0,0.1,0.65,False,0.005,0.4,0.0,mobilevitv2_075,0.9,adamw,10,0.8,8,2,step,0.05,0.0001,False,5,0.0,0.01,trivial_augment,"(0.9, 0.99)",
36953678832198548,False,256,0.01,10.0,0.0,0.5,0.0,0.1,0.0001,0.3,,False,5e-05,0.2,0.75,dla46x_c,0.99,momentum,10,0.8,8,2,cosine,0.0,0.01,False,0,1e-06,0.0001,trivial_augment,,
405343753264836287,True,512,0.0,1.0,4.0,2.0,10.0,0.1,0.0,0.0,0.65,True,0.0001,2.0,0.25,edgenext_xx_small,0.99,momentum,10,0.6,8,2,step,0.1,0.001,True,5,0.0,0.1,auto_augment,,original
303005520888168124,False,64,0.01,,2.0,0.1,20.0,0.1,0.0,0.3,0.65,True,0.005,2.0,1.0,dla46x_c,0.99,momentum,10,0.6,17,2,multistep,0.05,0.0001,True,0,1e-06,0.001,random_augment,,
6088111862320982,False,4,0.0,10.0,0.0,0.5,0.0,0.1,0.01,0.0,0.65,False,0.001,0.0,0.75,beit_large_patch16_512,0.9,adamp,10,1.0,8,2,cosine,0.1,0.0,True,5,1e-06,1e-05,none,"(0.9, 0.999)",
30107689015062590,False,32,0.1,1.0,0.5,2.0,20.0,0.5,0.01,0.3,,True,5e-05,0.4,0.5,edgenext_xx_small,0.9,sgd,10,0.0,8,2,step,0.1,0.0001,True,10,0.0,1e-05,none,,
62269477738892247,True,4,0.01,1.0,0.0,0.25,20.0,0.5,0.01,0.4,,False,0.0001,4.0,0.75,swinv2_base_window12to24_192to384_22kft1k,0.9,adamw,10,0.8,8,2,step,0.05,0.0,False,5,0.0,1e-05,none,"(0.0, 0.99)",
9473771445457072,False,8,0.0001,10.0,0.5,2.0,0.0,0.1,0.01,0.3,0.75,False,1e-05,1.0,0.25,xcit_nano_12_p8_384_dist,0.9,adamp,10,1.0,8,2,cosine,0.05,0.0001,False,0,0.0,0.01,trivial_augment,"(0.0, 0.99)",
195887473478268,False,16,0.1,1.0,0.0,0.25,0.0,0.1,0.01,0.3,0.65,False,0.0005,0.4,0.5,deit3_small_patch16_384_in21ft1k,0.9,sgd,10,1.0,8,2,cosine,0.0,0.01,False,5,0.0,0.1,none,,
12299136518888344,False,64,0.01,,4.0,1.0,0.0,0.1,0.0001,0.1,0.75,True,5e-05,8.0,0.75,xcit_nano_12_p8_384_dist,0.9,adamp,10,0.8,8,2,cosine,0.1,0.1,True,0,0.0,0.0001,none,"(0.0, 0.99)",
84673879430342047,True,16,0.0,10.0,2.0,1.0,10.0,0.5,0.1,0.0,,True,0.01,1.0,1.0,edgenext_xx_small,0.9,adamw,10,1.0,8,2,step,0.1,0.01,False,0,1e-05,0.001,trivial_augment,"(0.9, 0.99)",
81520649430679616,False,256,0.1,,4.0,0.1,0.0,0.1,0.1,0.3,,False,0.01,0.2,0.0,edgenext_x_small,0.9,adamp,10,0.2,9,3,cosine,0.1,0.01,False,0,1e-06,0.1,random_augment,"(0.9, 0.99)",
171365164755621924,False,128,0.1,,1.0,2.0,20.0,0.5,0.1,0.0,0.75,True,5e-05,8.0,1.0,xcit_tiny_24_p8_384_dist,0.9,adamw,10,1.0,8,2,step,0.0,0.001,False,10,1e-05,0.1,none,"(0.0, 0.99)",
36562094816064887,True,64,0.001,1.0,0.0,2.0,0.0,0.1,0.0,0.2,0.75,False,0.001,4.0,0.0,edgenext_small,0.99,momentum,10,0.2,8,2,cosine,0.0,0.001,True,0,0.0,0.0001,none,,
7982926408620189,True,32,0.0,10.0,0.0,0.25,0.0,0.1,0.01,0.0,0.75,True,0.0001,0.2,0.75,mobilevitv2_075,0.9,adam,10,0.4,9,2,cosine,0.0,0.001,False,10,1e-05,0.0,random_augment,"(0.9, 0.999)",
275075656438102850,False,4,0.0001,,4.0,0.0,20.0,0.5,0.01,0.0,0.75,False,5e-05,8.0,0.25,tf_efficientnet_b4_ns,0.9,adamw,10,1.0,8,2,multistep,0.1,0.1,False,0,1e-05,0.0,none,"(0.9, 0.99)",
6752961629994230,False,32,0.1,1.0,2.0,0.0,0.0,0.1,0.0001,0.4,0.65,True,0.005,0.4,0.5,mobilevitv2_075,0.9,sgd,10,0.8,8,2,cosine,0.0,0.0,False,0,0.0,0.0,trivial_augment,,
6087504311434383,True,256,0.0001,10.0,0.5,0.25,0.0,0.1,0.1,0.0,0.75,False,1e-05,0.2,0.25,edgenext_x_small,0.9,sgd,10,0.4,8,2,cosine,0.1,0.0,True,5,1e-06,1e-05,none,,
39898565003128848,False,16,0.1,,0.5,0.5,0.0,0.1,0.0,0.0,0.65,False,0.005,4.0,0.0,dla46x_c,0.99,momentum,10,0.0,8,2,cosine,0.05,0.1,True,5,1e-06,0.0,trivial_augment,,
37080531810066818,False,4,0.001,1.0,1.0,0.0,20.0,0.1,0.0001,0.0,0.75,False,1e-05,0.0,0.75,mobilevit_xs,0.0,momentum,10,0.6,8,2,multistep,0.05,0.0001,False,5,1e-06,0.0001,auto_augment,,v0
474317921226024947,True,64,0.001,,0.0,1.0,10.0,0.5,0.001,0.0,0.75,True,0.0001,0.4,0.75,dla46x_c,0.9,adam,10,0.8,17,3,multistep,0.0,0.0,True,10,0.0,0.0001,random_augment,"(0.9, 0.99)",
53095233181360519,True,2,0.0001,10.0,0.5,2.0,0.0,0.1,0.01,0.4,0.65,False,0.0005,0.4,0.25,xcit_tiny_24_p8_384_dist,0.9,adam,10,0.2,17,2,cosine,0.0,0.1,True,10,0.0,0.0001,random_augment,"(0.9, 0.99)",
2752398831330977,True,8,0.1,,0.0,1.0,0.0,0.1,0.001,0.4,,True,0.005,0.4,0.75,volo_d1_384,0.0,momentum,10,1.0,9,2,cosine,0.05,0.01,False,0,0.0,0.001,random_augment,,
34678298935798959,True,4,0.001,10.0,1.0,0.5,0.0,0.1,0.0001,0.2,,False,0.005,0.4,0.0,volo_d1_384,0.9,adamw,10,0.8,8,2,cosine,0.05,0.0001,False,0,1e-05,0.01,auto_augment,"(0.0, 0.99)",v0
10840549758253766,False,32,0.0001,10.0,2.0,0.5,20.0,0.1,0.0001,0.3,,True,0.001,2.0,0.75,convnext_small_384_in22ft1k,0.9,sgd,10,0.6,9,2,multistep,0.05,0.001,False,0,0.0,0.001,random_augment,,
197839443713250970,False,64,0.0,,2.0,0.0,10.0,0.1,0.0001,0.1,0.65,False,0.0001,4.0,1.0,edgenext_small,0.9,adam,10,0.2,8,2,step,0.1,0.0001,True,5,1e-06,0.001,none,"(0.9, 0.99)",
7090349636317038,False,16,0.1,1.0,0.5,1.0,0.0,0.1,0.1,0.0,0.75,False,1e-05,4.0,0.0,deit3_small_patch16_384_in21ft1k,0.9,sgd,2,0.0,8,2,plateau,0.05,0.001,False,10,0.0,0.0,none,,
127566340993373977,True,2,0.001,10.0,2.0,0.5,20.0,0.5,0.0,0.0,0.75,False,0.001,8.0,0.25,edgenext_xx_small,0.9,sgd,10,0.4,17,3,step,0.1,0.001,False,5,1e-06,1e-05,random_augment,,
125227201611013505,True,512,0.0001,,0.5,0.1,20.0,0.5,0.01,0.1,,False,5e-05,8.0,0.5,edgenext_xx_small,0.9,adamp,10,0.6,8,2,multistep,0.1,0.0001,True,0,1e-05,0.001,trivial_augment,"(0.0, 0.999)",
400343748178493782,False,64,0.1,,0.0,0.0,20.0,0.1,0.0001,0.3,0.75,False,0.01,4.0,0.25,mobilevit_xxs,0.9,adamp,10,0.4,17,3,multistep,0.05,0.1,False,5,1e-06,0.001,random_augment,"(0.9, 0.999)",
650810393454230,False,32,0.1,,0.0,0.1,0.0,0.1,0.0001,0.0,,True,0.005,0.0,0.5,xcit_tiny_12_p8_384_dist,0.9,sgd,10,0.8,8,2,cosine,0.05,0.01,False,5,1e-06,0.1,none,,
49524551757647388,False,2,0.0001,1.0,4.0,0.5,0.0,0.1,0.0001,0.4,,False,1e-05,0.4,1.0,volo_d3_448,0.9,adam,10,0.2,8,2,cosine,0.0,0.0001,False,0,1e-05,0.1,none,"(0.9, 0.99)",
17773358401706693,True,8,0.0001,1.0,4.0,0.1,0.0,0.1,0.0001,0.2,0.75,False,0.0005,1.0,0.75,deit3_small_patch16_384_in21ft1k,0.9,sgd,10,0.0,8,2,cosine,0.1,0.1,False,5,0.0,0.01,auto_augment,,original
27355229427738855,True,4,0.1,10.0,0.0,1.0,0.0,0.1,0.1,0.3,,True,5e-05,0.4,0.0,xcit_tiny_12_p8_384_dist,0.9,adam,10,0.0,8,2,cosine,0.05,0.01,False,10,0.0,0.001,none,"(0.0, 0.999)",
74751993728726134,False,8,0.0,,4.0,1.0,20.0,0.1,0.1,0.1,0.75,False,0.0005,4.0,1.0,volo_d3_448,0.9,adamw,10,1.0,8,2,step,0.05,0.001,False,0,1e-06,0.01,trivial_augment,"(0.9, 0.99)",
21303228155795445,True,4,0.1,1.0,4.0,0.0,0.0,0.1,0.1,0.2,0.65,False,0.001,0.0,0.25,xcit_nano_12_p8_384_dist,0.9,momentum,2,0.2,8,2,plateau,0.1,0.1,True,0,1e-05,0.0001,none,,
6161124626266792,False,8,0.0001,1.0,4.0,0.25,0.0,0.1,0.0,0.1,0.75,True,0.01,2.0,1.0,dla46x_c,0.9,adamw,2,1.0,9,2,plateau,0.05,0.0,False,10,1e-06,1e-05,random_augment,"(0.9, 0.999)",
2066078754716742,False,2,0.1,10.0,1.0,2.0,0.0,0.1,0.1,0.2,0.75,False,0.005,1.0,0.0,xcit_nano_12_p8_384_dist,0.9,sgd,10,0.8,8,2,cosine,0.1,0.001,True,5,1e-06,0.01,none,,
35047018202757899,True,8,0.01,1.0,0.0,0.0,0.0,0.1,0.01,0.4,,False,0.005,0.2,0.0,mobilevit_xxs,0.9,adam,10,0.4,8,2,cosine,0.0,0.0001,True,10,1e-05,0.01,auto_augment,"(0.0, 0.99)",v0
5352439291673616,False,2,0.001,10.0,0.0,1.0,0.0,0.1,0.0,0.2,0.75,False,0.005,2.0,1.0,dla46x_c,0.9,adam,10,0.4,8,2,cosine,0.1,0.0001,True,10,1e-05,0.0001,none,"(0.9, 0.999)",
286185955477705819,True,16,0.1,,1.0,4.0,20.0,0.5,0.1,0.3,,False,0.001,1.0,0.0,edgenext_xx_small,0.9,adamp,10,0.0,9,3,step,0.05,0.0,True,10,1e-05,0.01,random_augment,"(0.9, 0.999)",
2562137224010846,False,32,0.0001,,0.5,0.5,0.0,0.1,0.001,0.3,,True,1e-05,0.2,0.0,edgenext_small,0.9,adamp,10,0.6,9,2,cosine,0.1,0.0,False,10,1e-05,0.01,random_augment,"(0.9, 0.999)",
19635656534809807,True,128,0.01,10.0,2.0,2.0,0.0,0.1,0.0,0.3,0.75,True,0.005,2.0,0.25,dla46x_c,0.9,adamw,10,1.0,8,2,cosine,0.1,0.01,True,5,1e-06,0.001,none,"(0.9, 0.99)",
47719930818363900,False,16,0.01,10.0,2.0,0.25,0.0,0.1,0.0001,0.1,0.65,False,0.005,0.2,0.0,mobilevit_xs,0.9,adamw,10,1.0,8,2,cosine,0.1,0.0,False,0,1e-06,0.0,auto_augment,"(0.0, 0.99)",original
113935506913732921,True,16,0.01,1.0,0.5,1.0,0.0,0.1,0.1,0.3,0.65,True,5e-05,4.0,0.5,xcit_nano_12_p8_384_dist,0.9,adam,5,0.0,17,2,plateau,0.0,0.1,False,0,1e-06,0.1,random_augment,"(0.9, 0.99)",
32228570650830090,False,16,0.01,10.0,0.0,1.0,20.0,0.5,0.0,0.0,0.65,False,0.01,0.2,0.25,tf_efficientnet_b6_ns,0.9,sgd,10,0.6,8,2,step,0.0,0.01,True,5,1e-05,0.0,trivial_augment,,
4822161427092258,False,2,0.0001,10.0,2.0,0.5,0.0,0.1,0.1,0.4,0.75,False,5e-05,0.0,0.75,xcit_tiny_12_p8_384_dist,0.9,adam,10,0.2,8,2,cosine,0.05,0.0001,False,10,1e-06,0.0001,none,"(0.9, 0.999)",
72163558988547490,False,64,0.0,,4.0,0.5,0.0,0.1,0.0,0.1,0.75,True,0.0001,0.2,0.25,mobilevit_xs,0.9,adamp,2,1.0,8,2,plateau,0.1,0.1,True,0,1e-06,0.0,auto_augment,"(0.9, 0.99)",original
1945889378025615,True,32,0.001,,0.5,4.0,0.0,0.1,0.1,0.4,0.75,False,0.005,0.0,0.0,xcit_nano_12_p8_384_dist,0.9,sgd,10,0.6,8,2,cosine,0.1,0.1,True,0,1e-06,0.01,none,,
28165709239298103,True,4,0.0,,0.0,4.0,0.0,0.1,0.0,0.0,0.75,False,0.01,0.4,1.0,volo_d1_384,0.9,adam,10,0.4,8,2,cosine,0.05,0.001,True,5,1e-05,0.001,none,"(0.0, 0.999)",
96930977930262661,True,128,0.0001,10.0,0.0,2.0,20.0,0.5,0.0001,0.1,0.65,True,1e-05,8.0,1.0,xcit_nano_12_p8_384_dist,0.9,adam,10,0.8,9,2,step,0.1,0.0,False,5,1e-05,0.0,random_augment,"(0.9, 0.99)",
7677135470051293,True,128,0.0,,4.0,0.0,0.0,0.1,0.1,0.1,0.75,False,0.0005,4.0,0.5,mobilevitv2_075,0.9,sgd,10,0.8,8,2,cosine,0.1,0.0001,False,0,1e-05,0.0,none,,
171394673677654617,True,32,0.0001,,1.0,4.0,20.0,0.5,0.001,0.3,0.65,False,1e-05,0.0,0.5,xcit_nano_12_p8_384_dist,0.9,adamw,10,0.4,8,2,step,0.0,0.1,False,10,1e-05,0.1,none,"(0.0, 0.99)",
41330562250786967,True,64,0.001,,0.5,2.0,20.0,0.1,0.0,0.4,0.75,True,5e-05,4.0,0.25,edgenext_x_small,0.9,adamw,10,0.8,9,2,step,0.1,0.1,False,10,1e-06,0.1,random_augment,"(0.0, 0.99)",
63985255249358818,False,64,0.0001,,1.0,1.0,20.0,0.5,0.01,0.0,,False,5e-05,4.0,0.25,mobilevit_xs,0.8,momentum,10,0.2,8,2,multistep,0.1,0.1,False,0,1e-06,0.0,trivial_augment,,
12877445362336515,True,32,0.001,10.0,1.0,0.0,0.0,0.1,0.01,0.1,0.75,True,0.001,1.0,1.0,xcit_nano_12_p8_384_dist,0.9,sgd,10,0.0,8,2,cosine,0.05,0.01,True,5,1e-06,0.0001,auto_augment,,v0
227826437197028779,True,2,0.0001,10.0,4.0,0.1,20.0,0.1,0.0001,0.0,,False,5e-05,8.0,1.0,tf_efficientnet_b6_ns,0.9,adamw,10,0.6,8,2,multistep,0.05,0.0,True,0,1e-05,0.1,auto_augment,"(0.9, 0.99)",v0
27664478890133226,False,16,0.0,1.0,4.0,4.0,0.0,0.1,0.001,0.0,,False,0.0005,0.2,1.0,convnext_small_384_in22ft1k,0.9,adamw,2,0.2,8,2,plateau,0.1,0.01,False,5,1e-06,0.001,none,"(0.0, 0.99)",
3146780944729936,False,64,0.001,1.0,0.0,0.0,0.0,0.1,0.0001,0.3,0.75,True,0.001,0.0,0.5,edgenext_small,0.9,sgd,10,0.2,8,2,cosine,0.1,0.1,True,10,0.0,0.001,none,,
7412065740603703,True,2,0.1,,4.0,0.1,0.0,0.1,0.1,0.0,,False,1e-05,0.0,0.25,swinv2_base_window12to24_192to384_22kft1k,0.9,sgd,10,0.8,8,2,cosine,0.0,0.1,False,5,1e-06,0.0,none,,
96599483003667049,True,16,0.1,1.0,4.0,0.5,0.0,0.1,0.01,0.0,,False,0.01,2.0,0.5,mobilevitv2_075,0.9,adamp,10,0.2,8,2,cosine,0.1,0.01,True,5,1e-06,0.0,auto_augment,"(0.0, 0.999)",original
161998847322918161,True,8,0.001,10.0,1.0,0.25,20.0,0.5,0.0001,0.2,0.75,False,0.01,0.2,0.0,mobilevit_xxs,0.99,momentum,10,0.4,9,2,multistep,0.1,0.001,True,10,1e-05,0.0,random_augment,,
5076473189021950,False,8,0.001,,2.0,0.1,0.0,0.1,0.01,0.2,,False,0.0001,0.4,0.75,tf_efficientnet_b4_ns,0.9,sgd,10,0.6,8,2,cosine,0.05,0.01,True,0,1e-05,0.0001,none,,
216128609651662403,True,8,0.0001,,4.0,0.1,10.0,0.1,0.001,0.4,0.75,False,5e-05,0.4,0.25,tf_efficientnet_b4_ns,0.9,adamp,10,1.0,8,2,step,0.1,0.0,True,0,0.0,1e-05,auto_augment,"(0.9, 0.99)",original
142471607572276335,True,32,0.001,1.0,0.0,4.0,0.0,0.1,0.1,0.2,0.75,False,0.005,2.0,0.0,mobilevit_xs,0.9,adamp,2,0.8,9,3,plateau,0.0,0.0001,True,5,1e-06,0.0001,random_augment,"(0.0, 0.99)",
300643936395586607,True,64,0.001,10.0,4.0,0.0,20.0,0.1,0.01,0.2,0.65,False,0.005,1.0,0.75,mobilevitv2_075,0.9,adam,10,0.4,9,3,step,0.0,0.1,True,10,1e-06,0.1,random_augment,"(0.0, 0.99)",
13452626297752273,True,2,0.1,10.0,0.5,0.5,0.0,0.1,0.0001,0.4,,True,0.0005,2.0,0.25,mobilevit_xxs,0.9,adam,10,0.0,9,2,cosine,0.1,0.0001,True,10,1e-05,0.0001,random_augment,"(0.0, 0.99)",
300634232576648118,False,16,0.1,,1.0,0.1,10.0,0.1,0.0001,0.0,0.75,False,1e-05,0.2,0.25,xcit_nano_12_p8_384_dist,0.95,momentum,10,0.8,8,2,step,0.05,0.01,True,10,1e-06,0.1,auto_augment,,v0
16472660753108335,True,128,0.1,10.0,0.5,1.0,0.0,0.1,0.01,0.1,0.75,False,5e-05,0.0,0.5,mobilevit_xxs,0.9,momentum,2,0.6,8,2,plateau,0.1,0.001,True,5,0.0,0.1,none,,
835714904077139,True,8,0.01,10.0,0.0,4.0,0.0,0.1,0.0001,0.4,0.65,False,0.01,0.2,0.75,xcit_nano_12_p8_384_dist,0.0,momentum,10,0.6,8,2,cosine,0.1,0.0,True,10,1e-06,0.1,none,,
3721290604016779,True,2,0.0001,10.0,4.0,0.25,0.0,0.1,0.0001,0.0,0.75,True,0.0005,0.0,0.75,xcit_nano_12_p8_384_dist,0.9,adam,10,0.6,8,2,cosine,0.0,0.01,True,0,1e-05,0.001,none,"(0.9, 0.999)",
16821523695339568,False,64,0.0001,10.0,2.0,0.1,10.0,0.5,0.1,0.4,,False,0.0005,2.0,0.5,mobilevit_xs,0.9,sgd,10,0.4,8,2,multistep,0.0,0.0001,False,5,1e-06,0.1,none,,
38626519249335450,False,128,0.0001,,0.5,0.0,0.0,0.1,0.0001,0.1,0.75,False,0.0005,4.0,0.25,mobilevitv2_075,0.9,adam,2,0.2,8,2,plateau,0.05,0.1,False,10,1e-06,1e-05,auto_augment,"(0.0, 0.99)",v0
58557759388687624,False,8,0.0,10.0,1.0,0.1,0.0,0.1,0.1,0.4,0.75,False,0.0005,0.4,1.0,tf_efficientnet_b4_ns,0.9,adam,10,0.8,8,2,cosine,0.0,0.01,False,0,1e-06,0.01,auto_augment,"(0.9, 0.99)",v0
13147978448072988,False,2,0.0001,1.0,4.0,0.5,0.0,0.1,0.01,0.4,,False,5e-05,1.0,0.0,beit_base_patch16_384,0.9,sgd,10,0.6,8,2,cosine,0.05,0.0001,True,0,1e-05,0.0001,auto_augment,,v0
29379605929870182,False,16,0.001,1.0,0.0,4.0,0.0,0.1,0.001,0.2,0.75,False,5e-05,8.0,0.0,deit3_small_patch16_384_in21ft1k,0.9,adam,2,0.0,8,2,plateau,0.0,0.01,True,0,1e-05,0.0001,none,"(0.0, 0.99)",
112860162215698110,False,16,0.01,10.0,0.5,0.5,10.0,0.1,0.1,0.1,0.65,False,0.01,2.0,1.0,volo_d1_384,0.9,adamw,10,1.0,8,2,multistep,0.05,0.001,False,10,1e-06,0.0,auto_augment,"(0.0, 0.99)",v0
68625817720768447,True,16,0.0,1.0,0.0,0.0,10.0,0.5,0.0,0.0,,False,0.01,2.0,0.25,tf_efficientnet_b4_ns,0.9,adam,10,1.0,8,2,step,0.0,0.1,False,5,1e-05,0.001,auto_augment,"(0.9, 0.999)",original
316902349376971941,True,4,0.0001,,0.5,0.25,20.0,0.1,0.001,0.0,,True,1e-05,1.0,0.75,xcit_small_12_p8_384_dist,0.9,adamw,10,0.8,8,2,step,0.1,0.001,False,0,1e-05,0.1,none,"(0.0, 0.999)",
48994775790263852,False,256,0.0001,10.0,1.0,0.0,0.0,0.1,0.1,0.2,0.65,False,1e-05,0.4,1.0,dla46x_c,0.8,momentum,10,0.6,17,2,cosine,0.1,0.0,True,10,0.0,0.1,random_augment,,
7872313589717801,True,8,0.001,10.0,4.0,4.0,0.0,0.1,0.01,0.0,0.65,False,0.0001,8.0,0.25,beit_large_patch16_512,0.9,sgd,10,1.0,8,2,cosine,0.1,0.1,False,5,1e-05,0.0,none,,
5284835387373169,True,2,0.0001,1.0,2.0,1.0,10.0,0.1,0.01,0.1,0.65,False,0.01,0.4,0.25,volo_d3_448,0.9,sgd,10,1.0,8,2,multistep,0.0,0.001,False,10,1e-05,0.0001,trivial_augment,,
6827474008471394,False,4,0.1,,0.5,0.5,0.0,0.1,0.0,0.3,0.65,True,0.005,1.0,0.25,xcit_nano_12_p8_384_dist,0.9,sgd,10,0.2,8,2,cosine,0.0,0.0,True,0,0.0,0.0,none,,
64495342994715291,True,4,0.0001,10.0,1.0,2.0,20.0,0.5,0.0001,0.0,0.75,False,5e-05,1.0,0.5,xcit_tiny_24_p8_384_dist,0.8,momentum,10,0.2,8,2,multistep,0.1,0.01,True,0,1e-05,0.0,none,,
14879223895206919,True,128,0.001,1.0,4.0,2.0,0.0,0.1,0.001,0.0,0.65,False,0.0001,2.0,0.5,edgenext_x_small,0.9,adam,10,0.4,8,2,cosine,0.1,0.0001,False,0,0.0,0.0,auto_augment,"(0.9, 0.999)",v0
23190937932011498,False,32,0.0,10.0,2.0,4.0,0.0,0.1,0.01,0.1,,False,0.005,8.0,0.75,convnext_small_384_in22ft1k,0.9,adam,10,0.6,8,2,cosine,0.1,0.0,True,5,0.0,0.0,none,"(0.9, 0.99)",
187769525150335405,True,128,0.1,10.0,1.0,0.5,0.0,0.1,0.1,0.4,,True,0.01,0.0,0.5,mobilevit_xxs,0.9,momentum,5,0.2,8,2,plateau,0.05,0.0,True,0,0.0,0.01,auto_augment,,original
34296296694394530,False,128,0.0001,,0.0,1.0,0.0,0.1,0.1,0.1,0.65,True,0.01,4.0,0.0,deit3_small_patch16_384_in21ft1k,0.9,sgd,2,1.0,9,3,plateau,0.1,0.0,True,0,1e-06,0.01,random_augment,,
36870472848441835,True,2,0.01,10.0,0.0,0.5,20.0,0.1,0.1,0.2,0.75,False,0.01,0.0,0.75,volo_d3_448,0.0,momentum,10,0.6,8,2,multistep,0.05,0.001,True,10,0.0,0.0001,auto_augment,,v0
86752026492106252,False,8,0.0001,10.0,0.0,0.25,0.0,0.1,0.0,0.0,0.65,False,0.0005,2.0,0.5,xcit_tiny_24_p8_384_dist,0.95,momentum,10,0.8,8,2,cosine,0.05,0.001,False,10,0.0,1e-05,auto_augment,,v0
11672469126606924,False,2,0.01,,0.5,0.5,0.0,0.1,0.1,0.2,0.65,False,1e-05,0.4,0.0,volo_d3_448,0.9,adamw,10,0.2,8,2,cosine,0.0,0.01,True,10,1e-06,0.001,auto_augment,"(0.9, 0.999)",v0
5976255648917274,False,16,0.0001,,0.0,0.5,0.0,0.1,0.1,0.3,0.75,True,0.0005,0.4,0.25,dla46x_c,0.9,adamw,10,0.0,8,2,cosine,0.05,0.01,True,0,1e-06,1e-05,none,"(0.9, 0.999)",
28497621669441495,True,256,0.0,1.0,1.0,1.0,20.0,0.5,0.0,0.4,0.65,True,0.01,1.0,1.0,mobilevit_xxs,0.9,adam,10,0.2,8,2,step,0.05,0.1,True,0,0.0,0.0001,trivial_augment,"(0.9, 0.999)",
3528604821813237,True,32,0.0001,1.0,0.5,1.0,10.0,0.1,0.0,0.2,0.65,True,0.0005,2.0,1.0,beit_base_patch16_384,0.9,adamw,10,1.0,8,2,step,0.0,0.0,True,10,1e-06,0.001,trivial_augment,"(0.9, 0.999)",
226260957014983568,False,4,0.001,,4.0,4.0,20.0,0.1,0.0,0.4,0.75,False,0.001,2.0,0.0,mobilevit_xs,0.9,adam,10,0.4,8,2,multistep,0.0,0.0001,False,10,1e-06,0.0,none,"(0.9, 0.99)",
3796381329652620,False,2,0.0,,0.5,0.25,0.0,0.1,0.1,0.1,,False,0.005,8.0,0.75,beit_large_patch16_512,0.9,sgd,10,0.8,8,2,cosine,0.0,0.01,False,5,1e-05,0.001,trivial_augment,,
44196606220476765,True,4,0.1,10.0,2.0,0.25,20.0,0.1,0.0,0.2,0.75,True,0.005,4.0,0.0,dla46x_c,0.9,adamw,10,0.2,8,2,multistep,0.1,0.0,True,0,1e-05,0.001,none,"(0.0, 0.99)",
94344561065319092,False,32,0.01,1.0,1.0,0.5,0.0,0.1,0.0,0.4,0.75,False,0.01,1.0,1.0,edgenext_x_small,0.9,adamp,10,0.8,8,2,cosine,0.05,0.01,True,5,1e-05,0.0001,auto_augment,"(0.0, 0.999)",original
470652188000257048,False,8,0.01,10.0,2.0,0.5,20.0,0.5,0.001,0.2,0.75,False,1e-05,0.2,1.0,xcit_tiny_12_p8_384_dist,0.99,momentum,10,0.8,8,2,multistep,0.1,0.0,False,10,1e-06,0.1,auto_augment,,v0
5591474272343088,False,2,0.0001,,0.5,2.0,0.0,0.1,0.001,0.4,0.65,False,0.0005,4.0,0.75,edgenext_small,0.9,adam,10,0.4,8,2,cosine,0.1,0.001,False,5,0.0,1e-05,trivial_augment,"(0.9, 0.999)",
60081204271627288,False,64,0.0001,10.0,4.0,4.0,0.0,0.1,0.0,0.1,,False,0.0005,0.0,0.0,convnext_small_384_in22ft1k,0.9,adam,5,1.0,9,2,plateau,0.05,0.1,False,5,1e-06,0.001,random_augment,"(0.0, 0.999)",
119970145958525973,True,32,0.01,1.0,0.5,2.0,10.0,0.5,0.0001,0.4,0.75,True,0.001,8.0,1.0,mobilevit_xs,0.9,adam,10,0.6,8,2,step,0.05,0.0001,True,5,1e-05,1e-05,none,"(0.0, 0.999)",
3335810406761757,True,4,0.01,10.0,0.5,0.25,0.0,0.1,0.1,0.1,0.75,False,0.0005,0.2,0.0,deit3_small_patch16_384_in21ft1k,0.9,sgd,10,0.2,8,2,cosine,0.05,0.001,False,5,1e-06,0.001,none,,
109588850000311377,True,4,0.01,10.0,1.0,1.0,20.0,0.1,0.1,0.1,0.65,False,0.0005,0.2,1.0,deit3_small_patch16_384_in21ft1k,0.9,adam,10,0.2,8,2,multistep,0.05,0.1,False,5,0.0,0.0001,none,"(0.0, 0.999)",
83844485861392552,False,8,0.0001,1.0,1.0,4.0,10.0,0.5,0.0001,0.4,,False,5e-05,4.0,0.75,mobilevitv2_075,0.9,momentum,10,0.8,8,2,multistep,0.05,0.01,True,0,0.0,0.001,none,,
67790569987439139,True,4,0.001,1.0,2.0,0.0,10.0,0.1,0.1,0.3,,False,0.0005,8.0,1.0,edgenext_x_small,0.9,adamp,10,0.8,8,2,step,0.05,0.01,True,5,0.0,0.001,none,"(0.9, 0.99)",
12393724830886072,False,64,0.1,,1.0,1.0,0.0,0.1,0.001,0.0,0.75,True,0.005,8.0,0.5,mobilevit_xs,0.8,momentum,10,0.4,8,2,cosine,0.0,0.0001,True,5,0.0,0.0001,trivial_augment,,
14201826902486843,True,8,0.0001,1.0,4.0,4.0,0.0,0.1,0.1,0.2,,False,0.01,8.0,0.25,xcit_nano_12_p8_384_dist,0.9,adamp,2,0.0,8,2,plateau,0.05,0.0001,True,5,1e-06,1e-05,auto_augment,"(0.9, 0.999)",v0
57138869631190072,False,8,0.0001,10.0,0.5,2.0,20.0,0.5,0.01,0.0,0.75,False,0.0005,0.4,0.25,edgenext_xx_small,0.9,adamw,10,0.0,8,2,multistep,0.05,0.01,True,10,0.0,0.1,trivial_augment,"(0.0, 0.99)",
23673581234363297,True,64,0.001,10.0,0.5,0.1,0.0,0.1,0.0,0.3,,True,0.005,0.2,0.75,mobilevit_xxs,0.9,adamw,2,0.0,8,2,plateau,0.1,0.001,True,5,1e-06,0.0,trivial_augment,"(0.9, 0.99)",
12772492211548118,False,4,0.001,1.0,1.0,0.5,0.0,0.1,0.01,0.0,,False,0.005,0.2,1.0,xcit_nano_12_p8_384_dist,0.9,adam,10,0.0,8,2,cosine,0.05,0.0001,False,5,1e-06,0.0001,none,"(0.0, 0.99)",
56283039569451229,True,16,0.1,1.0,2.0,0.5,10.0,0.5,0.1,0.0,0.65,False,5e-05,0.2,0.5,edgenext_x_small,0.9,adamw,10,0.4,8,2,step,0.05,0.0001,False,0,1e-05,0.0,none,"(0.0, 0.99)",
54925053185619797,True,8,0.1,10.0,1.0,0.1,0.0,0.1,0.1,0.3,0.65,True,0.005,0.2,0.0,edgenext_xx_small,0.8,momentum,5,0.8,8,2,plateau,0.1,0.0,False,0,1e-05,1e-05,trivial_augment,,
28222993628122600,False,64,0.0,10.0,2.0,0.0,20.0,0.5,0.001,0.4,,False,0.001,0.4,1.0,xcit_tiny_12_p8_384_dist,0.9,sgd,10,0.8,8,2,step,0.0,0.0001,False,10,1e-05,0.001,none,,
85498053415061410,False,64,0.0,,0.0,4.0,0.0,0.1,0.01,0.4,0.65,False,0.0001,0.0,0.75,xcit_small_12_p8_384_dist,0.9,adamp,10,1.0,9,3,cosine,0.1,0.01,True,10,0.0,0.0001,random_augment,"(0.9, 0.99)",
670820385579671,True,64,0.0,1.0,0.5,0.25,0.0,0.1,0.001,0.4,,True,0.005,1.0,1.0,edgenext_x_small,0.9,sgd,10,0.8,8,2,cosine,0.1,0.1,False,5,1e-06,0.1,none,,
123007504319528492,False,4,0.0,,1.0,1.0,0.0,0.1,0.1,0.2,0.65,False,0.01,4.0,1.0,xcit_small_12_p8_384_dist,0.0,momentum,5,0.4,8,2,plateau,0.1,0.01,True,0,0.0,0.01,none,,
128321102868247135,True,2,0.01,10.0,0.0,1.0,0.0,0.1,0.001,0.3,0.75,False,0.0005,8.0,0.75,xcit_small_12_p8_384_dist,0.9,adamp,10,1.0,17,3,cosine,0.0,0.01,False,0,0.0,0.0,random_augment,"(0.0, 0.999)",
78786193456510456,False,8,0.1,,4.0,0.1,0.0,0.1,0.001,0.1,,True,5e-05,8.0,0.75,deit3_small_patch16_384_in21ft1k,0.95,momentum,10,0.4,8,2,cosine,0.05,0.0001,False,0,1e-06,1e-05,none,,
27505611349750351,True,2,0.0,,0.0,0.25,0.0,0.1,0.1,0.3,0.75,False,1e-05,1.0,0.75,beit_base_patch16_384,0.9,adamw,10,0.4,8,2,cosine,0.05,0.01,False,0,1e-06,0.001,trivial_augment,"(0.0, 0.999)",
102425504037391305,True,32,0.001,10.0,4.0,0.25,0.0,0.1,0.01,0.0,0.65,False,1e-05,8.0,0.0,tf_efficientnet_b4_ns,0.9,adam,10,0.2,17,3,cosine,0.0,0.001,True,5,1e-05,0.0001,random_augment,"(0.9, 0.999)",
46591586507076608,False,4,0.001,,0.5,0.5,20.0,0.1,0.0001,0.0,0.65,False,0.005,0.2,1.0,mobilevit_xs,0.9,adamp,10,0.8,8,2,step,0.05,0.0,True,5,1e-06,1e-05,trivial_augment,"(0.0, 0.99)",
19208822650929780,False,16,0.01,,0.5,0.0,0.0,0.1,0.0,0.0,0.75,False,0.005,1.0,0.75,convnext_small_384_in22ft1k,0.9,momentum,10,0.2,8,2,cosine,0.05,0.0,False,10,0.0,0.001,trivial_augment,,
57040244982705834,False,2,0.01,,4.0,1.0,0.0,0.1,0.01,0.3,0.75,False,0.0005,0.4,1.0,edgenext_small,0.9,sgd,5,0.6,17,3,plateau,0.1,0.0001,False,10,0.0,0.1,random_augment,,
75122053196199552,False,2,0.1,10.0,0.0,0.5,20.0,0.1,0.0001,0.2,0.75,False,0.005,1.0,0.75,dla46x_c,0.9,adam,10,1.0,8,2,step,0.0,0.001,True,10,1e-06,0.01,trivial_augment,"(0.9, 0.99)",
73562739708242520,False,2,0.0,1.0,4.0,0.0,20.0,0.5,0.0,0.2,0.65,False,0.001,0.0,0.0,tf_efficientnet_b6_ns,0.9,adam,10,1.0,8,2,multistep,0.0,0.01,False,5,1e-06,0.1,none,"(0.9, 0.999)",
47043566078570693,True,512,0.001,,1.0,0.5,0.0,0.1,0.001,0.4,0.65,False,0.0005,4.0,1.0,edgenext_small,0.0,momentum,5,0.8,8,2,plateau,0.05,0.0,True,5,1e-05,1e-05,trivial_augment,,
88928214557534078,False,256,0.01,1.0,0.5,0.25,0.0,0.1,0.001,0.3,,False,5e-05,0.0,0.5,dla46x_c,0.9,adamp,10,0.4,8,2,cosine,0.05,0.001,True,5,1e-05,0.0,auto_augment,"(0.0, 0.999)",v0
28586303948160044,False,32,0.001,,0.0,0.0,0.0,0.1,0.0,0.0,0.75,False,0.0005,2.0,0.0,mobilevit_xxs,0.9,adam,10,1.0,8,2,cosine,0.05,0.0,True,5,0.0,0.0001,none,"(0.0, 0.999)",
60639606251326498,False,8,0.01,,1.0,4.0,20.0,0.5,0.0001,0.0,0.75,False,0.001,0.4,1.0,beit_base_patch16_384,0.8,momentum,10,0.2,8,2,multistep,0.1,0.0001,False,10,1e-05,0.001,none,,
87179140880678989,True,2,0.0001,10.0,1.0,0.25,20.0,0.5,0.1,0.4,0.75,False,1e-05,0.4,0.0,xcit_tiny_12_p8_384_dist,0.9,adam,10,0.8,8,2,step,0.1,0.0,False,10,1e-06,1e-05,auto_augment,"(0.9, 0.999)",v0
15634800813099488,False,256,0.01,,0.5,0.5,0.0,0.1,0.1,0.0,0.75,True,1e-05,0.2,0.75,mobilevit_xs,0.9,sgd,10,1.0,17,2,cosine,0.0,0.001,False,10,1e-06,0.0,random_augment,,
29405965859643780,False,2,0.0,1.0,1.0,4.0,0.0,0.1,0.001,0.0,,False,0.005,8.0,0.75,volo_d4_448,0.9,adamw,10,0.4,8,2,cosine,0.0,0.0,False,5,1e-05,0.0001,trivial_augment,"(0.0, 0.999)",
276120722489230792,False,64,0.1,1.0,0.5,0.5,10.0,0.5,0.01,0.1,,True,0.01,2.0,0.5,xcit_tiny_12_p8_384_dist,0.9,adamp,10,0.8,9,3,multistep,0.05,0.1,False,5,1e-06,0.1,random_augment,"(0.9, 0.999)",
25185626951285814,False,16,0.0001,,1.0,2.0,0.0,0.1,0.001,0.1,0.65,False,0.005,2.0,1.0,mobilevitv2_075,0.95,momentum,10,1.0,9,2,cosine,0.1,0.01,True,10,1e-06,0.1,random_augment,,
70495274574089698,False,8,0.01,1.0,0.0,1.0,10.0,0.5,0.0001,0.2,0.75,False,0.0001,0.2,0.25,xcit_nano_12_p8_384_dist,0.9,sgd,10,0.0,8,2,step,0.1,0.01,True,5,0.0,1e-05,auto_augment,,original
54866558448817094,False,4,0.1,1.0,4.0,2.0,0.0,0.1,0.1,0.1,0.65,True,1e-05,2.0,0.75,convnext_small_384_in22ft1k,0.9,adam,10,0.2,17,2,cosine,0.0,0.001,True,10,1e-06,1e-05,random_augment,"(0.9, 0.99)",
11434832326242512,False,32,0.01,,0.0,0.1,20.0,0.1,0.1,0.4,0.75,True,0.01,4.0,0.75,xcit_small_12_p8_384_dist,0.9,sgd,10,0.8,9,2,step,0.0,0.001,False,5,1e-06,0.001,random_augment,,
50938839671182824,False,128,0.1,10.0,2.0,4.0,0.0,0.1,0.1,0.2,,True,0.005,8.0,0.75,mobilevit_xxs,0.9,adam,5,0.2,8,2,plateau,0.0,0.0,True,0,1e-05,0.01,trivial_augment,"(0.9, 0.99)",
27286016048574827,True,8,0.1,,0.0,0.25,0.0,0.1,0.001,0.3,0.75,False,0.0005,0.0,1.0,xcit_tiny_24_p8_384_dist,0.95,momentum,10,1.0,8,2,cosine,0.1,0.01,True,5,0.0,0.001,trivial_augment,,
29508166461425154,False,16,0.0001,10.0,0.0,0.25,20.0,0.5,0.0001,0.0,,True,0.005,8.0,0.25,xcit_tiny_24_p8_384_dist,0.9,adamw,10,0.6,8,2,step,0.1,0.0001,True,5,1e-05,0.0001,trivial_augment,"(0.9, 0.999)",
10091952188143744,False,8,0.0,10.0,2.0,2.0,0.0,0.1,0.0,0.4,0.75,False,0.0005,8.0,0.75,xcit_tiny_12_p8_384_dist,0.8,momentum,10,0.0,8,2,cosine,0.1,0.001,False,5,1e-06,0.01,none,,
250971585831590203,True,2,0.1,1.0,1.0,1.0,0.0,0.1,0.1,0.1,0.65,False,0.0005,0.4,0.75,convnext_small_384_in22ft1k,0.9,adam,5,0.4,17,3,plateau,0.0,0.01,True,5,1e-05,0.0,random_augment,"(0.9, 0.99)",
7104650492660850,False,2,0.0,1.0,2.0,0.1,10.0,0.1,0.001,0.2,0.65,False,5e-05,0.2,1.0,volo_d1_384,0.9,adamp,10,0.2,8,2,multistep,0.05,0.01,False,10,0.0,0.0,none,"(0.9, 0.999)",
60135303177369766,False,64,0.001,1.0,4.0,0.25,20.0,0.5,0.01,0.2,0.65,False,0.0001,1.0,1.0,dla46x_c,0.9,adamp,10,1.0,8,2,multistep,0.0,0.01,True,5,1e-06,0.001,trivial_augment,"(0.0, 0.99)",
124487155700865513,True,32,0.01,,0.0,1.0,20.0,0.5,0.001,0.0,0.65,False,0.005,1.0,0.75,edgenext_small,0.9,adam,10,0.8,8,2,multistep,0.05,0.001,True,5,0.0,0.001,trivial_augment,"(0.0, 0.999)",
23540233305725626,False,8,0.1,,0.0,4.0,0.0,0.1,0.0,0.2,0.75,False,0.01,8.0,0.0,volo_d3_448,0.9,adamp,10,0.8,8,2,cosine,0.0,0.1,True,0,1e-06,0.0,trivial_augment,"(0.9, 0.99)",
21397963287912039,True,32,0.0,10.0,0.0,1.0,10.0,0.5,0.0,0.3,0.75,False,1e-05,0.4,0.75,beit_base_patch16_384,0.9,adamw,10,1.0,8,2,multistep,0.0,0.0001,True,5,1e-05,0.0001,trivial_augment,"(0.9, 0.999)",
47231227939982946,False,16,0.0,10.0,2.0,0.5,20.0,0.1,0.0,0.1,0.75,False,0.0005,1.0,0.0,deit3_small_patch16_384_in21ft1k,0.9,sgd,10,0.4,17,2,step,0.0,0.01,True,10,1e-05,1e-05,random_augment,,
54911252700207999,True,32,0.0,1.0,0.0,1.0,0.0,0.1,0.001,0.2,0.65,True,0.001,4.0,0.5,mobilevit_xxs,0.9,adam,10,1.0,17,2,cosine,0.0,0.0,False,0,1e-05,1e-05,random_augment,"(0.9, 0.99)",
2015222554759994,False,32,0.001,10.0,0.5,2.0,0.0,0.1,0.01,0.4,0.75,True,5e-05,1.0,0.5,tf_efficientnet_b7_ns,0.9,sgd,2,1.0,8,2,plateau,0.0,0.1,False,5,1e-06,0.01,none,,
7803227473203363,True,256,0.0001,10.0,0.0,2.0,0.0,0.1,0.01,0.2,0.75,True,0.0001,2.0,0.75,edgenext_x_small,0.9,adam,10,0.8,8,2,cosine,0.0,0.0,False,5,1e-05,0.0,none,"(0.9, 0.999)",
134009612455076203,True,128,0.0,10.0,2.0,0.5,0.0,0.1,0.0001,0.0,0.75,True,0.005,0.2,1.0,edgenext_small,0.9,adam,5,0.4,8,2,plateau,0.0,0.001,False,10,0.0,0.0001,auto_augment,"(0.0, 0.99)",v0
77568336577949115,True,4,0.1,1.0,0.0,0.1,20.0,0.1,0.001,0.3,,True,0.01,0.4,0.75,edgenext_small,0.9,adam,10,0.8,8,2,multistep,0.0,0.0,False,5,1e-06,0.0001,none,"(0.9, 0.99)",
298355613732184104,False,2,0.01,10.0,0.5,0.25,0.0,0.1,0.0,0.3,0.65,False,0.005,0.4,0.0,beit_large_patch16_512,0.8,momentum,5,0.6,17,3,plateau,0.05,0.0001,True,10,1e-05,1e-05,random_augment,,
19440438936447769,True,16,0.1,,1.0,0.1,0.0,0.1,0.0001,0.2,0.75,False,0.0005,0.4,0.0,tf_efficientnet_b4_ns,0.9,adamw,10,0.8,8,2,cosine,0.1,0.0,True,0,1e-06,0.001,none,"(0.9, 0.99)",
7358060581383766,False,8,0.1,,1.0,2.0,0.0,0.1,0.01,0.2,,True,0.0001,0.0,1.0,tf_efficientnet_b7_ns,0.9,sgd,10,0.8,8,2,cosine,0.05,0.0,False,5,1e-06,0.0,none,,
9688501783942474,False,8,0.0,10.0,1.0,0.0,0.0,0.1,0.01,0.0,0.75,False,0.001,1.0,0.0,volo_d1_384,0.9,sgd,10,0.8,8,2,cosine,0.1,0.0,True,5,0.0,0.01,auto_augment,,v0
106587909661883196,False,128,0.01,1.0,1.0,0.25,20.0,0.1,0.0001,0.3,,True,0.0005,2.0,1.0,beit_base_patch16_384,0.95,momentum,10,1.0,8,2,step,0.05,0.1,False,10,1e-05,0.1,none,,
183418522625744388,False,2,0.0001,,0.5,2.0,0.0,0.1,0.0,0.1,0.75,False,1e-05,0.0,0.5,tf_efficientnet_b6_ns,0.9,momentum,5,0.0,8,2,plateau,0.05,0.0,True,5,1e-05,0.0001,auto_augment,,v0
12435531426856341,True,32,0.1,1.0,0.5,0.1,10.0,0.1,0.1,0.0,0.65,False,0.0005,0.4,0.75,edgenext_x_small,0.9,sgd,10,0.2,8,2,multistep,0.1,0.01,True,5,0.0,0.0001,auto_augment,,v0
8968242350263709,True,64,0.0001,,4.0,0.1,0.0,0.1,0.0001,0.1,0.75,True,0.005,8.0,0.75,edgenext_small,0.8,momentum,10,0.6,8,2,cosine,0.1,0.001,True,10,1e-06,0.1,trivial_augment,,
75317040497971121,True,8,0.001,1.0,1.0,0.5,20.0,0.1,0.01,0.2,0.65,False,0.0001,4.0,0.0,deit3_small_patch16_384_in21ft1k,0.9,momentum,10,1.0,8,2,step,0.0,0.0,False,5,1e-05,0.01,none,,
172602333339386455,True,2,0.01,10.0,0.5,0.0,0.0,0.1,0.001,0.3,0.65,False,0.01,4.0,1.0,edgenext_small,0.9,momentum,5,1.0,8,2,plateau,0.05,0.1,False,5,1e-05,0.01,none,,
13372764896137776,False,16,0.0,1.0,4.0,1.0,0.0,0.1,0.1,0.0,0.75,False,0.0005,2.0,1.0,deit3_small_patch16_384_in21ft1k,0.9,adam,10,0.2,8,2,cosine,0.05,0.0001,False,10,1e-05,0.0001,none,"(0.0, 0.99)",
34855714954242850,False,8,0.001,10.0,4.0,0.25,0.0,0.1,0.01,0.4,,False,0.0005,8.0,0.5,edgenext_xx_small,0.9,adamp,5,0.0,8,2,plateau,0.0,0.01,False,5,1e-05,0.01,trivial_augment,"(0.9, 0.999)",
24810911607771559,True,2,0.0001,10.0,2.0,1.0,0.0,0.1,0.0001,0.1,,False,0.0005,8.0,0.5,volo_d1_384,0.9,adam,10,0.2,8,2,cosine,0.1,0.01,False,0,1e-06,0.1,none,"(0.0, 0.99)",
53872255569278814,False,16,0.0001,1.0,0.0,4.0,10.0,0.5,0.001,0.0,0.75,True,0.01,0.2,0.25,edgenext_xx_small,0.9,adamw,10,0.0,8,2,step,0.1,0.0,False,10,1e-05,0.0001,none,"(0.0, 0.99)",
296198832181622571,True,32,0.1,,1.0,0.0,10.0,0.1,0.001,0.2,,False,0.005,0.2,0.25,xcit_nano_12_p8_384_dist,0.9,adamp,10,0.0,8,2,multistep,0.1,0.001,False,0,1e-06,0.0001,none,"(0.0, 0.999)",
51567571096906487,True,8,0.1,1.0,0.5,0.5,10.0,0.5,0.0,0.3,0.65,False,0.01,2.0,0.25,convnext_small_384_in22ft1k,0.8,momentum,10,1.0,8,2,step,0.0,0.001,True,5,0.0,0.001,none,,
638966086583051,True,64,0.0,10.0,2.0,1.0,10.0,0.1,0.1,0.4,0.75,False,5e-05,1.0,0.0,tf_efficientnet_b6_ns,0.9,sgd,10,1.0,8,2,multistep,0.05,0.001,False,5,1e-06,0.1,trivial_augment,,
7851991993163413,True,16,0.001,,0.5,0.1,0.0,0.1,0.01,0.0,0.75,False,0.0001,8.0,0.5,xcit_small_12_p8_384_dist,0.9,sgd,10,0.6,8,2,cosine,0.05,0.01,False,5,1e-05,0.0,none,,
39495751300185969,True,4,0.001,,4.0,0.1,10.0,0.1,0.001,0.1,,False,1e-05,8.0,0.75,edgenext_x_small,0.9,adamp,10,0.2,9,2,multistep,0.05,0.001,False,10,0.0,0.0,random_augment,"(0.0, 0.99)",
31477508494108041,True,4,0.0001,10.0,1.0,2.0,0.0,0.1,0.1,0.4,,True,0.005,2.0,0.0,mobilevitv2_075,0.9,adam,10,0.6,8,2,cosine,0.0,0.01,True,10,0.0,0.0,none,"(0.0, 0.99)",
76037215149963787,True,128,0.01,,0.5,0.25,20.0,0.5,0.01,0.1,,False,0.0001,0.2,0.5,edgenext_small,0.9,adam,10,1.0,8,2,step,0.0,0.01,True,10,0.0,0.001,none,"(0.9, 0.999)",
304725233115051943,True,128,0.0,1.0,1.0,0.1,10.0,0.1,0.001,0.4,,False,0.0001,8.0,1.0,xcit_tiny_12_p8_384_dist,0.9,adamw,10,1.0,8,2,step,0.0,0.0001,False,0,1e-05,0.0001,auto_augment,"(0.0, 0.999)",v0
5309911477952019,True,32,0.0,10.0,4.0,0.1,10.0,0.1,0.01,0.4,,False,5e-05,0.2,0.75,tf_efficientnet_b6_ns,0.9,adam,10,1.0,8,2,multistep,0.1,0.01,False,10,1e-05,0.0001,none,"(0.9, 0.999)",
25049301806850847,True,16,0.0,1.0,0.0,2.0,0.0,0.1,0.0,0.1,0.75,True,0.005,0.4,0.25,edgenext_x_small,0.9,adam,2,0.6,8,2,plateau,0.05,0.1,True,5,1e-06,0.1,none,"(0.0, 0.999)",
335840714612115809,True,8,0.01,10.0,0.5,0.0,20.0,0.1,0.01,0.2,0.65,False,0.001,0.4,0.75,xcit_tiny_12_p8_384_dist,0.9,adam,10,0.6,9,3,step,0.0,0.0,True,0,1e-05,0.001,random_augment,"(0.9, 0.99)",
15053024814870482,False,32,0.01,1.0,4.0,0.1,0.0,0.1,0.0,0.1,0.65,True,0.0005,0.4,0.75,mobilevit_xs,0.9,sgd,10,0.2,17,2,cosine,0.05,0.01,False,5,0.0,0.0,random_augment,,
34186517966453645,True,64,0.01,1.0,1.0,0.0,0.0,0.1,0.001,0.1,,False,0.005,2.0,0.25,mobilevitv2_075,0.9,adam,10,0.0,8,2,cosine,0.1,0.01,True,10,0.0,0.01,auto_augment,"(0.0, 0.99)",v0
4202969069539839,True,4,0.001,10.0,0.5,0.25,10.0,0.1,0.1,0.4,,False,0.001,2.0,1.0,convnext_small_384_in22ft1k,0.9,sgd,10,0.2,8,2,step,0.0,0.0,False,5,0.0,0.0001,trivial_augment,,
168159523800880612,False,64,0.1,1.0,1.0,2.0,10.0,0.5,0.0001,0.3,0.65,True,1e-05,2.0,0.25,xcit_small_12_p8_384_dist,0.9,adam,10,1.0,8,2,step,0.05,0.01,True,5,1e-06,1e-05,auto_augment,"(0.0, 0.99)",original
81798231234671132,False,256,0.0001,1.0,2.0,0.25,10.0,0.5,0.001,0.2,,True,0.0001,4.0,0.25,edgenext_small,0.9,sgd,10,1.0,9,3,step,0.0,0.001,False,10,1e-06,0.1,random_augment,,
62221493818301705,True,512,0.0001,,0.5,2.0,0.0,0.1,0.1,0.1,,True,0.01,0.2,1.0,mobilevit_xxs,0.9,adamw,5,0.8,8,2,plateau,0.0,0.001,True,0,0.0,1e-05,trivial_augment,"(0.0, 0.999)",
22548999695892504,False,16,0.0001,10.0,0.0,4.0,0.0,0.1,0.1,0.2,0.75,True,0.005,2.0,0.0,mobilevit_xs,0.9,adam,2,0.8,8,2,plateau,0.1,0.001,False,0,1e-05,1e-05,none,"(0.9, 0.99)",
236237236760098576,False,64,0.001,10.0,0.0,0.0,20.0,0.1,0.0,0.0,0.75,False,0.005,0.0,0.5,dla46x_c,0.9,adamp,10,0.8,8,2,step,0.0,0.0001,True,10,1e-05,0.1,auto_augment,"(0.9, 0.99)",original
1707582781112590,False,64,0.0,1.0,1.0,4.0,10.0,0.1,0.01,0.4,0.65,False,5e-05,1.0,0.5,mobilevit_xs,0.9,adam,10,0.2,8,2,step,0.1,0.01,False,10,0.0,0.01,trivial_augment,"(0.9, 0.999)",
156039322914327322,False,64,0.1,,1.0,2.0,0.0,0.1,0.001,0.4,0.75,False,0.0005,8.0,1.0,mobilevitv2_075,0.9,adamp,5,1.0,8,2,plateau,0.05,0.0,False,10,1e-06,0.01,auto_augment,"(0.9, 0.99)",v0
7472075553711722,False,4,0.0,,0.5,1.0,0.0,0.1,0.001,0.4,0.65,False,1e-05,4.0,0.0,volo_d4_448,0.9,sgd,10,0.8,8,2,cosine,0.0,0.01,True,5,1e-06,0.0,trivial_augment,,
53304807120670898,False,32,0.0,1.0,0.0,2.0,0.0,0.1,0.001,0.1,0.75,False,0.01,4.0,0.0,xcit_tiny_12_p8_384_dist,0.9,adamw,5,0.8,8,2,plateau,0.1,0.001,False,5,1e-06,0.0001,trivial_augment,"(0.9, 0.99)",
108142411200261628,False,8,0.01,10.0,1.0,0.0,20.0,0.1,0.01,0.2,0.75,False,0.01,0.4,0.75,deit3_small_patch16_384_in21ft1k,0.9,adam,10,0.0,8,2,step,0.0,0.01,True,0,0.0,0.001,trivial_augment,"(0.0, 0.999)",
15376673890045119,True,4,0.001,,4.0,2.0,20.0,0.1,0.0001,0.0,0.75,False,0.005,0.0,0.25,deit3_small_patch16_384_in21ft1k,0.9,adamw,10,0.8,8,2,multistep,0.1,0.1,False,0,1e-06,0.0,trivial_augment,"(0.9, 0.999)",
69875621058025931,True,8,0.001,,1.0,4.0,10.0,0.1,0.0001,0.0,,False,0.005,8.0,0.5,xcit_tiny_24_p8_384_dist,0.9,adamp,10,0.4,8,2,step,0.05,0.001,True,0,1e-05,0.0001,trivial_augment,"(0.9, 0.99)",
64783571829353095,True,128,0.1,10.0,4.0,0.5,0.0,0.1,0.0001,0.4,0.75,True,0.01,0.4,0.25,mobilevit_xs,0.9,momentum,10,0.4,17,2,cosine,0.0,0.01,True,10,1e-05,0.0,random_augment,,
137426892698982204,False,2,0.01,10.0,0.5,1.0,0.0,0.1,0.01,0.1,0.65,False,5e-05,2.0,0.0,mobilevit_xs,0.8,momentum,10,0.0,17,3,cosine,0.0,0.0,False,5,1e-05,0.0,random_augment,,
14198114074227138,False,2,0.0001,10.0,1.0,1.0,0.0,0.1,0.0,0.4,0.65,False,0.001,0.2,0.75,convnext_small_384_in22ft1k,0.9,adamw,10,0.4,8,2,cosine,0.05,0.0001,True,5,1e-06,1e-05,none,"(0.0, 0.99)",
61606203061525640,False,32,0.1,10.0,4.0,0.5,0.0,0.1,0.0001,0.2,0.65,False,0.0005,4.0,0.75,edgenext_small,0.9,adamw,5,0.6,8,2,plateau,0.0,0.0001,True,10,1e-06,0.0001,trivial_augment,"(0.0, 0.999)",
5967811971245858,False,256,0.01,1.0,0.0,2.0,0.0,0.1,0.001,0.0,0.65,False,1e-05,4.0,1.0,edgenext_small,0.9,sgd,10,0.8,8,2,cosine,0.1,0.001,True,0,1e-06,1e-05,none,,
615269282716675,True,2,0.01,10.0,1.0,4.0,0.0,0.1,0.0001,0.0,,False,0.0001,0.0,0.75,xcit_tiny_24_p8_384_dist,0.9,adamp,10,0.0,8,2,cosine,0.0,0.0001,False,5,1e-06,0.1,none,"(0.9, 0.999)",
111281886620687038,False,8,0.01,,4.0,0.0,0.0,0.1,0.0,0.3,,False,1e-05,0.4,0.0,volo_d5_448,0.9,adamp,10,1.0,17,3,cosine,0.05,0.001,True,0,1e-06,1e-05,random_augment,"(0.0, 0.99)",
6651900111464971,True,16,0.01,10.0,4.0,4.0,0.0,0.1,0.1,0.4,0.65,True,0.0001,0.2,1.0,xcit_small_12_p8_384_dist,0.9,adamp,10,0.6,8,2,cosine,0.05,0.01,False,10,1e-05,1e-05,none,"(0.9, 0.999)",
142467173860279747,True,128,0.01,1.0,1.0,0.1,0.0,0.1,0.0001,0.4,,True,0.0001,0.2,0.5,mobilevit_xs,0.9,momentum,10,0.4,17,3,cosine,0.0,0.0001,True,5,1e-06,0.0001,random_augment,,
152358061427482460,False,256,0.001,,2.0,0.25,0.0,0.1,0.0,0.0,0.65,True,0.01,2.0,1.0,edgenext_small,0.9,adam,2,0.4,9,3,plateau,0.0,0.0,True,5,1e-05,1e-05,random_augment,"(0.9, 0.99)",
123783697511612903,True,64,0.1,1.0,4.0,2.0,0.0,0.1,0.0,0.4,,False,1e-05,8.0,1.0,edgenext_xx_small,0.9,adam,10,0.4,17,3,cosine,0.1,0.0,False,0,1e-05,0.01,random_augment,"(0.0, 0.999)",
61283416892631562,False,64,0.1,1.0,1.0,4.0,0.0,0.1,0.01,0.4,,True,1e-05,8.0,0.25,mobilevit_xxs,0.9,momentum,10,1.0,8,2,cosine,0.1,0.1,False,0,1e-06,0.0001,auto_augment,,v0
51360785310513052,False,64,0.1,10.0,1.0,0.1,0.0,0.1,0.0,0.3,0.75,True,0.0001,2.0,0.5,mobilevit_xxs,0.9,adamw,10,0.0,17,2,cosine,0.05,0.01,False,0,0.0,0.001,random_augment,"(0.9, 0.99)",
31697957820366164,False,4,0.1,10.0,2.0,0.25,0.0,0.1,0.01,0.1,0.75,False,0.01,0.0,1.0,dla46x_c,0.9,adamp,10,1.0,8,2,cosine,0.1,0.001,False,5,1e-06,0.0,none,"(0.0, 0.999)",
4882278260466065,True,64,0.01,,0.0,2.0,0.0,0.1,0.0001,0.3,,True,0.005,0.0,0.75,edgenext_x_small,0.9,sgd,10,0.4,8,2,cosine,0.05,0.0,True,10,1e-06,0.0001,trivial_augment,,
14012386646025051,True,32,0.1,,0.5,1.0,0.0,0.1,0.01,0.3,,False,1e-05,0.0,0.0,xcit_tiny_24_p8_384_dist,0.9,adam,2,0.8,9,2,plateau,0.1,0.01,False,0,1e-06,1e-05,random_augment,"(0.0, 0.99)",
5131646121576085,True,16,0.0001,,2.0,0.5,0.0,0.1,0.1,0.0,,False,0.005,2.0,0.75,volo_d1_384,0.9,sgd,10,0.8,8,2,cosine,0.0,0.001,False,5,1e-05,0.0001,none,,
55101280020551566,False,512,0.0,10.0,0.5,0.0,0.0,0.1,0.1,0.4,0.65,False,5e-05,1.0,0.5,edgenext_small,0.9,adam,10,1.0,17,2,cosine,0.1,0.001,False,5,1e-05,1e-05,random_augment,"(0.9, 0.99)",
59060544907130445,True,4,0.1,10.0,1.0,1.0,0.0,0.1,0.0001,0.3,,False,0.01,0.0,0.5,tf_efficientnet_b7_ns,0.9,adamw,5,0.4,8,2,plateau,0.05,0.0001,True,0,1e-05,0.01,trivial_augment,"(0.0, 0.999)",
68090548295970850,False,8,0.001,,2.0,1.0,10.0,0.1,0.001,0.1,0.75,False,1e-05,4.0,0.75,xcit_small_12_p8_384_dist,0.9,adam,10,0.8,8,2,step,0.05,0.01,True,0,1e-06,0.001,none,"(0.9, 0.99)",
65482534918983432,False,128,0.0,,0.5,1.0,0.0,0.1,0.01,0.4,0.75,False,0.005,1.0,0.0,edgenext_x_small,0.9,momentum,10,0.2,8,2,cosine,0.1,0.1,False,5,1e-06,0.1,auto_augment,,original
582592059729704295,True,32,0.001,,0.0,2.0,20.0,0.5,0.001,0.2,0.75,True,5e-05,4.0,0.0,xcit_tiny_24_p8_384_dist,0.9,momentum,10,0.6,17,3,step,0.0,0.001,False,5,1e-06,0.0,random_augment,,
6151631182874699,True,8,0.01,,1.0,0.0,0.0,0.1,0.1,0.1,0.65,False,0.001,2.0,1.0,beit_base_patch16_384,0.9,adamp,10,0.4,9,2,cosine,0.0,0.0,False,10,1e-06,1e-05,random_augment,"(0.9, 0.999)",
117733070127387909,True,4,0.001,1.0,4.0,0.0,0.0,0.1,0.0001,0.0,,False,1e-05,2.0,0.0,beit_base_patch16_384,0.9,adamw,10,1.0,17,3,cosine,0.05,0.001,True,5,0.0,0.0001,random_augment,"(0.9, 0.99)",
20180348976748955,True,8,0.0,1.0,2.0,0.1,0.0,0.1,0.0001,0.0,0.75,False,5e-05,4.0,0.0,edgenext_small,0.9,momentum,10,0.6,9,2,cosine,0.0,0.0,True,10,1e-05,0.001,random_augment,,
44032704209374344,False,16,0.0001,1.0,4.0,0.25,0.0,0.1,0.0,0.4,,True,1e-05,0.4,1.0,edgenext_x_small,0.9,adam,5,0.4,8,2,plateau,0.1,0.1,False,10,1e-06,0.001,trivial_augment,"(0.0, 0.99)",
55950249960160408,False,64,0.0001,,4.0,0.5,0.0,0.1,0.0001,0.2,0.75,False,1e-05,4.0,1.0,dla46x_c,0.8,momentum,5,0.8,8,2,plateau,0.0,0.1,True,0,1e-06,0.0,trivial_augment,,
29215209158712419,True,8,0.01,1.0,0.5,0.5,0.0,0.1,0.001,0.1,0.75,True,5e-05,4.0,0.75,deit3_small_patch16_384_in21ft1k,0.8,momentum,2,0.8,8,2,plateau,0.0,0.001,True,10,1e-06,0.0001,none,,
170370315719847559,True,2,0.0001,10.0,2.0,0.0,20.0,0.5,0.1,0.3,,False,0.0005,2.0,0.25,mobilevitv2_075,0.9,adamw,10,0.2,8,2,multistep,0.1,0.0,True,5,0.0,0.1,none,"(0.0, 0.99)",
150851615900677534,False,64,0.01,10.0,1.0,1.0,10.0,0.5,0.0,0.2,0.75,True,0.001,0.0,0.0,mobilevit_xs,0.9,adam,10,0.2,8,2,multistep,0.1,0.1,False,0,1e-05,0.0001,none,"(0.0, 0.99)",
141169622305749319,True,2,0.0001,10.0,0.5,2.0,20.0,0.1,0.1,0.3,0.65,False,0.0001,2.0,1.0,xcit_tiny_24_p8_384_dist,0.9,adam,10,0.0,17,2,multistep,0.05,0.1,True,5,1e-06,0.001,random_augment,"(0.9, 0.999)",
445906545207575216,False,256,0.1,,4.0,0.25,10.0,0.5,0.0,0.2,0.65,False,0.0005,8.0,1.0,edgenext_xx_small,0.99,momentum,10,0.8,8,2,step,0.05,0.0001,False,10,0.0,0.1,auto_augment,,v0
19908503993462403,True,4,0.0,10.0,0.5,0.1,0.0,0.1,0.001,0.0,0.75,True,5e-05,4.0,0.5,mobilevit_xs,0.9,adam,2,0.8,8,2,plateau,0.1,0.0001,True,0,1e-05,0.001,none,"(0.9, 0.99)",
256646383842134487,True,4,0.01,10.0,0.0,0.1,20.0,0.5,0.0,0.1,0.65,False,0.0005,0.2,0.25,tf_efficientnet_b7_ns,0.9,adamp,10,0.0,17,2,multistep,0.05,0.0001,True,0,0.0,1e-05,random_augment,"(0.0, 0.999)",
20892870055396433,True,64,0.1,10.0,0.5,2.0,10.0,0.1,0.0001,0.2,,True,1e-05,1.0,1.0,volo_d3_448,0.9,adamw,10,1.0,8,2,multistep,0.05,0.001,False,5,1e-06,0.0001,auto_augment,"(0.9, 0.999)",original
398412094533702282,False,2,0.1,,2.0,0.25,20.0,0.1,0.0001,0.3,0.65,False,1e-05,2.0,0.0,beit_base_patch16_384,0.9,momentum,10,0.2,9,3,step,0.1,0.0,True,0,0.0,0.01,random_augment,,
12478629013591743,True,32,0.01,,4.0,0.0,0.0,0.1,0.001,0.0,,True,0.0005,1.0,0.0,deit3_small_patch16_384_in21ft1k,0.9,adamw,10,0.2,8,2,cosine,0.1,0.0001,False,10,0.0,0.0001,none,"(0.0, 0.99)",
29901434912385720,False,16,0.01,,2.0,1.0,0.0,0.1,0.0,0.0,0.65,True,0.001,0.2,0.5,volo_d1_384,0.9,adamp,10,0.8,8,2,cosine,0.0,0.01,False,5,0.0,1e-05,trivial_augment,"(0.0, 0.999)",
19761737136193789,True,16,0.1,10.0,4.0,0.0,10.0,0.5,0.0,0.2,,True,0.005,1.0,0.25,edgenext_small,0.9,sgd,10,0.0,8,2,multistep,0.0,0.001,True,10,1e-06,0.001,trivial_augment,,
28576336118898290,False,256,0.001,1.0,0.0,2.0,0.0,0.1,0.01,0.2,0.65,True,0.001,0.2,0.75,mobilevit_xxs,0.9,adamw,10,1.0,8,2,cosine,0.1,0.1,False,5,0.0,0.0001,none,"(0.0, 0.999)",
240459514356903751,True,2,0.0,1.0,2.0,2.0,0.0,0.1,0.1,0.4,0.75,False,1e-05,0.2,1.0,xcit_small_12_p8_384_dist,0.9,adamp,5,0.2,17,3,plateau,0.05,0.001,True,0,0.0,1e-05,random_augment,"(0.0, 0.99)",
121419588924899015,True,8,0.0,10.0,4.0,0.5,0.0,0.1,0.0001,0.3,,False,0.0001,4.0,0.75,dla46x_c,0.9,adam,10,0.8,17,3,cosine,0.0,0.01,False,10,1e-05,0.0,random_augment,"(0.9, 0.99)",
22765193843404885,True,16,0.0001,1.0,0.5,0.25,0.0,0.1,0.0001,0.1,0.65,False,5e-05,0.2,0.75,volo_d1_384,0.9,adam,10,1.0,8,2,cosine,0.05,0.001,True,5,1e-05,1e-05,none,"(0.9, 0.99)",
192158873552103092,False,32,0.01,10.0,0.0,4.0,20.0,0.5,0.01,0.2,0.65,False,5e-05,0.0,0.25,xcit_tiny_12_p8_384_dist,0.9,adam,10,0.8,8,2,step,0.0,0.01,True,10,0.0,1e-05,auto_augment,"(0.0, 0.99)",original
271179462318873456,False,128,0.01,1.0,0.0,1.0,20.0,0.1,0.0,0.1,0.65,True,0.01,2.0,1.0,edgenext_small,0.9,adamp,10,0.4,9,3,multistep,0.0,0.0,True,5,1e-05,0.001,random_augment,"(0.9, 0.999)",
63495762759083537,True,512,0.0,1.0,4.0,0.5,20.0,0.5,0.01,0.4,0.65,True,0.0005,0.0,0.0,mobilevit_xs,0.9,adamp,10,0.8,9,2,multistep,0.0,0.001,False,0,0.0,0.0,random_augment,"(0.0, 0.99)",
94838280954197026,False,8,0.1,10.0,0.5,0.0,0.0,0.1,0.001,0.3,,True,0.0001,8.0,0.25,xcit_tiny_12_p8_384_dist,0.9,adamw,10,0.4,9,3,cosine,0.05,0.0001,False,10,0.0,1e-05,random_augment,"(0.0, 0.999)",
80399260701266653,True,2,0.1,10.0,0.0,0.25,0.0,0.1,0.0001,0.3,,False,5e-05,1.0,1.0,volo_d1_384,0.9,adamp,2,0.0,17,2,plateau,0.1,0.01,True,5,1e-06,0.0,random_augment,"(0.0, 0.99)",
9341598715295600,False,4,0.0001,,4.0,0.5,0.0,0.1,0.0,0.4,0.65,False,0.005,0.2,1.0,volo_d3_448,0.9,sgd,5,1.0,8,2,plateau,0.05,0.001,False,10,1e-05,0.1,trivial_augment,,
6276544797091560,False,16,0.01,,0.0,4.0,0.0,0.1,0.01,0.0,,False,5e-05,0.0,1.0,mobilevit_xxs,0.9,sgd,10,0.4,8,2,cosine,0.05,0.01,True,10,1e-06,1e-05,none,,
57348072864156702,False,128,0.0,,1.0,0.1,20.0,0.5,0.0001,0.3,,False,0.01,1.0,0.25,edgenext_x_small,0.9,adamw,10,0.2,8,2,step,0.05,0.001,False,5,1e-06,0.1,none,"(0.0, 0.99)",
103635374908230021,True,4,0.0001,1.0,2.0,0.1,0.0,0.1,0.01,0.4,,False,0.01,1.0,0.5,mobilevit_xs,0.99,momentum,10,1.0,8,2,cosine,0.1,0.001,True,0,1e-05,1e-05,none,,
8735606702806328,False,32,0.0,10.0,1.0,2.0,20.0,0.1,0.01,0.4,,False,1e-05,8.0,0.5,mobilevit_xxs,0.9,adamw,10,1.0,8,2,multistep,0.0,0.001,False,5,1e-06,0.1,trivial_augment,"(0.9, 0.999)",
96930009590345518,False,8,0.01,,2.0,0.1,0.0,0.1,0.01,0.4,,True,0.001,2.0,1.0,edgenext_small,0.9,adamw,10,0.8,9,3,cosine,0.1,0.0,False,5,1e-05,0.0,random_augment,"(0.0, 0.999)",
26181154093112162,False,32,0.01,10.0,0.5,1.0,0.0,0.1,0.0001,0.1,0.75,False,0.0001,2.0,0.75,dla46x_c,0.95,momentum,10,0.2,8,2,cosine,0.0,0.0,True,0,1e-06,0.01,trivial_augment,,
53434129301680957,True,16,0.0,1.0,2.0,0.0,0.0,0.1,0.001,0.0,0.65,False,0.0005,0.0,0.75,tf_efficientnet_b4_ns,0.9,adam,5,0.0,8,2,plateau,0.05,0.0001,False,10,1e-06,0.0001,trivial_augment,"(0.9, 0.99)",
115130570218448986,False,64,0.001,10.0,2.0,0.25,10.0,0.5,0.0001,0.2,,False,0.0005,0.0,0.5,edgenext_xx_small,0.9,adam,10,1.0,8,2,multistep,0.1,0.01,False,10,0.0,0.01,trivial_augment,"(0.0, 0.999)",
274869546391024168,False,8,0.01,,2.0,1.0,20.0,0.1,0.0,0.1,,False,1e-05,0.2,0.0,volo_d1_384,0.95,momentum,10,1.0,17,2,step,0.0,0.0001,False,10,1e-06,0.0,random_augment,,
2176259394361180,False,8,0.001,1.0,0.0,0.25,0.0,0.1,0.0,0.0,,False,0.0005,0.2,0.25,deit3_small_patch16_384_in21ft1k,0.9,sgd,10,1.0,8,2,cosine,0.0,0.0,True,10,1e-06,0.01,none,,
23448496776969656,False,4,0.01,10.0,0.5,0.25,0.0,0.1,0.0,0.3,0.75,False,0.01,1.0,0.25,edgenext_small,0.9,adam,2,0.0,8,2,plateau,0.1,0.001,False,0,1e-06,0.0,trivial_augment,"(0.9, 0.99)",
5196599971121181,True,4,0.0001,,2.0,2.0,0.0,0.1,0.001,0.2,0.75,False,0.0005,1.0,0.75,edgenext_small,0.9,adamw,10,0.6,8,2,cosine,0.05,0.0001,True,5,1e-05,0.0001,none,"(0.9, 0.999)",
7361401945072212,False,2,0.1,1.0,0.0,4.0,0.0,0.1,0.001,0.0,0.75,False,0.005,4.0,0.0,tf_efficientnet_b4_ns,0.9,sgd,10,0.0,8,2,cosine,0.1,0.0,False,5,1e-06,0.0,none,,
74675466660445350,False,16,0.01,10.0,2.0,0.0,0.0,0.1,0.01,0.3,0.75,True,5e-05,0.0,1.0,edgenext_xx_small,0.9,adam,10,0.4,9,3,cosine,0.05,0.001,True,10,0.0,0.01,random_augment,"(0.0, 0.99)",
31174056248760491,True,8,0.001,10.0,0.5,2.0,20.0,0.5,0.0001,0.4,,False,0.01,8.0,0.5,edgenext_xx_small,0.9,sgd,10,0.2,8,2,multistep,0.1,0.001,True,0,0.0,0.0,trivial_augment,,
3096603590868745,True,16,0.0001,10.0,1.0,1.0,0.0,0.1,0.001,0.3,0.75,False,5e-05,1.0,0.5,xcit_tiny_12_p8_384_dist,0.9,sgd,10,0.0,8,2,cosine,0.05,0.0001,True,10,0.0,0.001,none,,
20369655097908540,False,16,0.01,10.0,0.0,2.0,0.0,0.1,0.1,0.3,0.65,False,0.001,4.0,1.0,mobilevitv2_075,0.9,adamp,10,0.8,8,2,cosine,0.1,0.001,True,0,0.0,0.0001,auto_augment,"(0.9, 0.999)",original
44008145213787147,True,4,0.01,10.0,2.0,0.5,0.0,0.1,0.001,0.3,,False,0.0001,2.0,0.75,swinv2_base_window12to24_192to384_22kft1k,0.0,momentum,5,1.0,8,2,plateau,0.0,0.01,False,10,1e-06,0.001,trivial_augment,,
281815754563129303,True,2,0.1,10.0,0.0,0.25,20.0,0.5,0.0,0.2,0.75,False,0.0001,0.4,1.0,xcit_small_12_p8_384_dist,0.9,adamw,10,0.8,8,2,step,0.0,0.1,False,0,1e-05,1e-05,auto_augment,"(0.9, 0.99)",v0
490090572109335513,True,4,0.0,,2.0,0.0,10.0,0.1,0.0001,0.2,0.75,False,0.0005,2.0,0.75,tf_efficientnet_b4_ns,0.9,adamw,10,0.4,17,3,multistep,0.05,0.0001,True,10,1e-05,0.001,random_augment,"(0.0, 0.999)",
34951068904628425,True,128,0.1,1.0,0.0,1.0,0.0,0.1,0.01,0.0,0.75,False,0.001,2.0,0.5,dla46x_c,0.9,adamp,5,0.4,8,2,plateau,0.05,0.1,True,5,1e-05,0.01,trivial_augment,"(0.9, 0.999)",
4037450601451361,True,8,0.001,,0.5,0.0,0.0,0.1,0.001,0.4,0.75,False,1e-05,0.0,0.0,mobilevitv2_075,0.9,sgd,10,0.8,8,2,cosine,0.0,0.1,True,10,1e-05,0.001,trivial_augment,,
40398701267813835,True,4,0.1,1.0,0.5,4.0,0.0,0.1,0.01,0.2,0.65,False,0.01,8.0,0.5,beit_base_patch16_384,0.9,adamw,10,0.0,17,2,cosine,0.1,0.001,False,10,1e-05,0.0,random_augment,"(0.9, 0.999)",
6306174917987533,True,16,0.001,10.0,2.0,0.5,0.0,0.1,0.0,0.2,0.75,True,0.001,1.0,0.5,edgenext_small,0.9,adamp,2,1.0,8,2,plateau,0.0,0.0,False,0,1e-05,1e-05,trivial_augment,"(0.9, 0.999)",
48903616710005297,True,8,0.1,10.0,1.0,1.0,0.0,0.1,0.1,0.1,,False,1e-05,0.4,0.75,xcit_nano_12_p8_384_dist,0.9,adam,5,0.4,9,2,plateau,0.05,0.1,True,5,0.0,0.1,random_augment,"(0.9, 0.99)",
51302120752830259,True,2,0.0001,,1.0,0.25,10.0,0.5,0.0,0.3,,False,5e-05,8.0,1.0,tf_efficientnet_b7_ns,0.9,adamp,10,0.4,8,2,step,0.05,0.1,True,10,1e-05,0.01,none,"(0.0, 0.99)",
98082766227463271,True,512,0.01,,0.0,4.0,0.0,0.1,0.1,0.0,,True,0.001,1.0,0.75,edgenext_xx_small,0.9,adamp,5,0.2,17,2,plateau,0.05,0.001,True,10,1e-06,0.1,random_augment,"(0.9, 0.999)",
26588652880690352,False,4,0.0,,0.0,2.0,20.0,0.5,0.001,0.2,,False,1e-05,1.0,0.75,xcit_tiny_12_p8_384_dist,0.9,adamp,10,0.6,8,2,multistep,0.0,0.001,False,0,1e-05,0.01,none,"(0.9, 0.999)",
20419198263469310,False,256,0.001,1.0,0.5,0.0,0.0,0.1,0.0,0.0,,False,0.0005,2.0,0.25,edgenext_x_small,0.9,sgd,10,0.4,9,3,cosine,0.0,0.0001,False,5,0.0,0.0001,random_augment,,
121096559477936024,False,32,0.001,1.0,1.0,4.0,10.0,0.5,0.0001,0.0,0.75,False,0.0001,0.4,0.25,mobilevit_xxs,0.9,adamw,10,0.8,8,2,multistep,0.05,0.0001,False,0,1e-05,0.0,trivial_augment,"(0.0, 0.999)",
7756820457316670,False,4,0.0001,1.0,2.0,2.0,0.0,0.1,0.0,0.1,,False,5e-05,4.0,1.0,mobilevit_xs,0.9,sgd,10,0.4,8,2,cosine,0.0,0.001,True,0,1e-05,0.0,none,,
79061344273391697,True,32,0.0001,1.0,4.0,0.0,0.0,0.1,0.001,0.4,0.75,False,0.01,4.0,0.0,deit3_small_patch16_384_in21ft1k,0.9,adamp,10,0.4,9,3,cosine,0.1,0.1,True,5,1e-06,1e-05,random_augment,"(0.0, 0.99)",
23039820596756589,True,256,0.01,,0.5,0.0,0.0,0.1,0.0001,0.1,0.65,True,0.01,4.0,0.75,edgenext_small,0.9,adamp,10,0.4,8,2,cosine,0.1,0.0,True,0,0.0,0.0,trivial_augment,"(0.9, 0.99)",
363631114816177236,False,16,0.0,1.0,1.0,4.0,10.0,0.1,0.001,0.1,0.75,True,0.001,0.0,1.0,mobilevit_xxs,0.9,adam,10,0.8,9,3,step,0.05,0.001,True,10,0.0,0.0,random_augment,"(0.0, 0.999)",
373448012105939526,False,2,0.001,10.0,2.0,1.0,10.0,0.5,0.1,0.2,0.65,False,0.001,1.0,0.25,deit3_small_patch16_384_in21ft1k,0.9,adamp,10,0.8,9,3,step,0.1,0.0001,False,10,1e-06,0.1,random_augment,"(0.0, 0.999)",
21545813459156155,True,16,0.0001,10.0,0.0,0.1,0.0,0.1,0.001,0.1,0.75,False,1e-05,8.0,0.75,edgenext_xx_small,0.9,adam,10,0.8,8,2,cosine,0.0,0.0001,True,10,1e-05,0.0001,none,"(0.9, 0.99)",
113435194072314042,False,2,0.1,10.0,1.0,0.5,10.0,0.5,0.1,0.2,0.75,False,0.01,0.2,0.0,swinv2_base_window12to24_192to384_22kft1k,0.95,momentum,10,1.0,8,2,multistep,0.1,0.0,False,0,0.0,0.1,none,,
84524744705244569,True,512,0.1,,4.0,0.25,10.0,0.5,0.0001,0.1,0.75,True,0.001,0.4,0.0,xcit_nano_12_p8_384_dist,0.9,sgd,10,1.0,9,3,multistep,0.1,0.01,False,10,1e-06,0.001,random_augment,,
6484875648111859,True,128,0.001,10.0,4.0,0.25,10.0,0.1,0.01,0.0,,True,0.001,0.2,1.0,edgenext_small,0.9,adamp,10,0.6,8,2,multistep,0.0,0.001,False,5,1e-05,1e-05,trivial_augment,"(0.9, 0.999)",
51734274235827233,True,8,0.0001,1.0,0.5,1.0,0.0,0.1,0.0,0.3,,True,0.0005,0.0,0.0,deit3_small_patch16_384_in21ft1k,0.8,momentum,5,0.6,8,2,plateau,0.0,0.01,True,10,0.0,0.001,trivial_augment,,
50996230023175532,False,32,0.01,,0.5,4.0,0.0,0.1,0.1,0.3,0.65,True,0.005,0.4,0.0,convnext_small_384_in22ft1k,0.9,adamp,10,0.6,17,2,cosine,0.0,0.1,True,0,1e-05,0.01,random_augment,"(0.9, 0.99)",
24451511344137602,False,32,0.01,1.0,0.0,0.1,0.0,0.1,0.1,0.4,,False,0.005,0.2,0.0,xcit_small_12_p8_384_dist,0.9,adam,10,1.0,9,2,cosine,0.1,0.1,True,0,0.0,0.1,random_augment,"(0.0, 0.999)",
294122406935122445,True,64,0.01,10.0,0.0,4.0,10.0,0.1,0.1,0.1,,True,0.001,0.4,0.0,edgenext_small,0.9,adamw,10,0.0,9,3,step,0.05,0.1,False,5,1e-05,0.01,random_augment,"(0.0, 0.99)",
26358650828400774,False,128,0.1,1.0,0.0,1.0,20.0,0.5,0.1,0.1,0.65,False,0.0001,4.0,0.25,edgenext_xx_small,0.9,sgd,10,0.8,8,2,multistep,0.1,0.0001,True,5,1e-06,0.01,none,,
120801312129635284,False,8,0.0,1.0,1.0,1.0,10.0,0.5,0.0001,0.3,,True,1e-05,2.0,0.0,swinv2_base_window12to24_192to384_22kft1k,0.9,adamw,10,0.6,8,2,multistep,0.1,0.0001,False,5,1e-06,0.0,trivial_augment,"(0.0, 0.999)",
56095374132936408,False,128,0.001,1.0,0.5,2.0,0.0,0.1,0.0001,0.3,,True,0.0001,2.0,0.75,edgenext_xx_small,0.9,adamp,5,0.8,8,2,plateau,0.1,0.01,True,5,1e-06,0.0,trivial_augment,"(0.9, 0.99)",
50406306428299192,False,512,0.001,1.0,0.0,0.25,0.0,0.1,0.0,0.2,0.65,True,1e-05,1.0,1.0,mobilevit_xxs,0.9,adamp,10,0.8,8,2,cosine,0.1,0.1,True,10,0.0,0.01,none,"(0.9, 0.99)",
10208715206400496,False,64,0.001,10.0,0.5,1.0,0.0,0.1,0.001,0.1,0.75,False,0.0005,4.0,0.25,edgenext_xx_small,0.9,adamw,10,0.8,8,2,cosine,0.05,0.0,False,10,1e-06,0.01,none,"(0.0, 0.99)",
125387459427549945,True,4,0.1,1.0,4.0,0.5,20.0,0.5,0.1,0.1,0.65,False,0.0001,2.0,0.5,xcit_nano_12_p8_384_dist,0.95,momentum,10,1.0,8,2,multistep,0.05,0.001,True,5,1e-05,0.001,trivial_augment,,
14084174149252197,True,256,0.1,,2.0,1.0,0.0,0.1,0.0,0.3,0.75,False,1e-05,1.0,0.25,edgenext_x_small,0.9,sgd,10,0.6,17,2,cosine,0.1,0.01,True,0,1e-06,1e-05,random_augment,,
3842585570621918,False,4,0.001,10.0,0.0,0.0,0.0,0.1,0.0001,0.0,0.65,False,0.005,8.0,0.5,edgenext_xx_small,0.9,sgd,10,1.0,9,2,cosine,0.0,0.0001,True,5,1e-05,0.001,random_augment,,
26206815086956958,False,256,0.01,1.0,0.0,2.0,0.0,0.1,0.001,0.0,0.75,True,0.01,8.0,0.0,edgenext_small,0.95,momentum,10,1.0,8,2,cosine,0.1,0.0001,True,0,1e-06,0.01,trivial_augment,,
20987701833823384,False,8,0.0,10.0,0.0,0.0,10.0,0.5,0.1,0.3,0.75,True,0.0005,4.0,1.0,edgenext_small,0.9,adam,10,0.8,8,2,multistep,0.1,0.01,True,5,1e-06,0.0001,none,"(0.9, 0.999)",
6748108242781648,False,8,0.01,10.0,2.0,1.0,0.0,0.1,0.1,0.1,0.65,False,1e-05,0.4,0.75,swinv2_base_window12to24_192to384_22kft1k,0.9,sgd,10,1.0,8,2,cosine,0.1,0.1,True,10,1e-05,1e-05,none,,
29007304100265970,False,64,0.0,10.0,4.0,0.0,0.0,0.1,0.0001,0.2,,False,0.005,0.4,0.25,tf_efficientnet_b4_ns,0.9,sgd,10,1.0,17,3,cosine,0.05,0.01,False,5,1e-06,0.0001,random_augment,,
218680649173102286,False,4,0.01,,4.0,0.0,0.0,0.1,0.0001,0.0,0.65,False,0.0005,4.0,0.25,convnext_small_384_in22ft1k,0.95,momentum,5,0.6,8,2,plateau,0.1,0.0,True,10,1e-05,0.0,auto_augment,,original
8745832175532161,True,8,0.001,1.0,4.0,1.0,0.0,0.1,0.1,0.4,0.75,False,0.001,4.0,0.5,xcit_tiny_12_p8_384_dist,0.9,sgd,2,0.2,8,2,plateau,0.1,0.001,False,5,1e-06,0.1,auto_augment,,v0
217515599110097788,False,8,0.01,,4.0,0.1,0.0,0.1,0.01,0.2,,True,0.001,8.0,1.0,tf_efficientnet_b6_ns,0.8,momentum,5,0.8,9,3,plateau,0.0,0.01,True,0,0.0,0.0,random_augment,,
130746999604022046,False,2,0.001,,2.0,4.0,10.0,0.1,0.1,0.2,0.65,False,0.0005,2.0,0.0,xcit_nano_12_p8_384_dist,0.9,adam,10,0.4,17,2,step,0.1,0.1,False,5,1e-05,0.1,random_augment,"(0.9, 0.999)",
157009438843010183,True,64,0.1,10.0,0.5,2.0,0.0,0.1,0.0,0.1,0.65,False,5e-05,4.0,0.0,edgenext_x_small,0.9,adam,2,1.0,9,3,plateau,0.0,0.0,True,10,0.0,0.001,random_augment,"(0.0, 0.999)",
45009885042370628,False,32,0.0,,0.5,0.5,0.0,0.1,0.01,0.1,0.65,False,0.001,0.2,1.0,xcit_nano_12_p8_384_dist,0.9,adam,10,0.4,17,2,cosine,0.0,0.0,False,0,1e-06,0.0001,random_augment,"(0.0, 0.99)",
147303586017477700,False,512,0.01,,4.0,0.5,0.0,0.1,0.001,0.2,0.75,False,0.001,0.4,0.75,mobilevit_xxs,0.95,momentum,10,1.0,17,3,cosine,0.05,0.01,True,0,0.0,0.01,random_augment,,
1534816777666886,False,32,0.0001,1.0,0.5,0.1,0.0,0.1,0.0001,0.1,0.65,True,5e-05,4.0,0.25,mobilevit_xs,0.9,sgd,2,0.6,8,2,plateau,0.0,0.001,False,5,0.0,0.01,none,,
45206122763630746,False,64,0.001,1.0,2.0,0.0,20.0,0.1,0.0001,0.3,,True,0.001,0.2,0.5,mobilevitv2_075,0.9,adamw,10,0.6,8,2,step,0.0,0.01,False,5,1e-06,0.0001,none,"(0.0, 0.99)",
19069450602109565,True,8,0.0,,2.0,0.5,0.0,0.1,0.0001,0.2,,False,5e-05,0.4,0.75,dla46x_c,0.9,sgd,10,1.0,9,3,cosine,0.0,0.0001,False,5,0.0,0.001,random_augment,,
55614937396889762,False,32,0.01,,0.0,0.5,0.0,0.1,0.1,0.0,0.65,False,0.0001,1.0,0.25,deit3_small_patch16_384_in21ft1k,0.9,adamp,5,0.4,8,2,plateau,0.1,0.0001,True,5,0.0,0.0,trivial_augment,"(0.9, 0.99)",
183799327387624172,False,32,0.01,,2.0,1.0,0.0,0.1,0.0,0.1,,False,0.005,2.0,0.25,tf_efficientnet_b6_ns,0.9,adamw,5,0.8,9,3,plateau,0.1,0.0,False,5,0.0,1e-05,random_augment,"(0.9, 0.99)",
6795783858545572,False,8,0.0001,,0.0,4.0,0.0,0.1,0.0,0.2,,False,0.0001,0.4,0.75,swinv2_base_window12to24_192to384_22kft1k,0.9,sgd,2,0.6,8,2,plateau,0.1,0.001,False,0,0.0,0.0,trivial_augment,,
5501057252265313,True,16,0.001,,0.5,0.1,0.0,0.1,0.1,0.2,0.75,True,5e-05,2.0,0.75,edgenext_small,0.9,sgd,10,0.0,8,2,cosine,0.1,0.0001,True,0,0.0,1e-05,trivial_augment,,
29940856191513525,True,4,0.1,1.0,2.0,0.5,0.0,0.1,0.001,0.1,0.65,False,1e-05,0.0,0.5,mobilevit_xs,0.95,momentum,10,0.2,9,2,cosine,0.1,0.0,True,5,0.0,1e-05,random_augment,,
61911299181904482,False,128,0.0,10.0,1.0,0.25,0.0,0.1,0.001,0.4,0.65,True,0.0005,0.4,0.75,mobilevit_xs,0.9,adamp,5,0.6,8,2,plateau,0.05,0.0001,True,5,1e-05,0.0001,trivial_augment,"(0.0, 0.999)",
11203678544498535,True,4,0.1,10.0,4.0,0.1,0.0,0.1,0.01,0.2,0.65,False,5e-05,1.0,0.25,swinv2_base_window12to24_192to384_22kft1k,0.9,adam,10,0.6,8,2,cosine,0.1,0.0001,True,10,0.0,0.001,trivial_augment,"(0.0, 0.99)",
33907176633651375,True,4,0.1,,0.0,0.0,0.0,0.1,0.01,0.1,,False,5e-05,4.0,0.25,volo_d5_448,0.9,adamp,10,0.8,17,2,cosine,0.0,0.0,False,5,0.0,0.01,random_augment,"(0.9, 0.999)",
6645911376686852,False,4,0.0,10.0,0.5,0.0,0.0,0.1,0.01,0.2,,True,1e-05,4.0,0.75,mobilevit_xs,0.9,adamp,2,0.6,8,2,plateau,0.1,0.001,False,10,1e-05,1e-05,none,"(0.9, 0.999)",
31681409000999635,True,2,0.01,,4.0,2.0,0.0,0.1,0.01,0.0,0.75,False,0.005,1.0,1.0,xcit_tiny_24_p8_384_dist,0.9,adamw,10,0.4,8,2,cosine,0.1,0.0001,False,5,1e-06,0.0,none,"(0.0, 0.99)",
42167807730612973,True,2,0.1,10.0,0.5,0.25,0.0,0.1,0.01,0.2,,False,0.005,0.0,1.0,volo_d1_384,0.8,momentum,2,1.0,8,2,plateau,0.05,0.0,False,10,0.0,0.01,auto_augment,,original
17293032270485972,False,32,0.01,1.0,0.5,0.25,0.0,0.1,0.01,0.0,,False,0.005,1.0,1.0,volo_d1_384,0.9,adamw,2,0.8,8,2,plateau,0.05,0.001,False,5,1e-05,0.1,trivial_augment,"(0.9, 0.99)",
239613844026664316,False,4,0.01,,2.0,4.0,20.0,0.1,0.0,0.3,,False,0.001,0.4,0.75,volo_d4_448,0.9,adamp,10,0.8,8,2,multistep,0.0,0.0001,False,5,1e-06,0.0001,auto_augment,"(0.9, 0.99)",original
51115160351953552,False,8,0.0001,,4.0,0.25,0.0,0.1,0.01,0.2,0.75,False,0.005,0.0,1.0,tf_efficientnet_b4_ns,0.9,momentum,10,0.6,8,2,cosine,0.0,0.001,True,5,1e-05,0.01,none,,
73332655677224972,False,32,0.01,1.0,0.5,0.25,20.0,0.1,0.01,0.1,,False,0.0001,0.2,0.75,volo_d4_448,0.9,momentum,10,1.0,8,2,multistep,0.1,0.001,True,10,0.0,0.1,trivial_augment,,
64181950567005649,True,128,0.001,10.0,0.5,0.25,0.0,0.1,0.0,0.2,0.65,False,0.01,8.0,0.25,xcit_tiny_24_p8_384_dist,0.9,momentum,5,1.0,8,2,plateau,0.1,0.001,True,5,1e-06,0.0,trivial_augment,,
235153935353244600,False,2,0.0,1.0,2.0,1.0,0.0,0.1,0.01,0.4,,False,0.01,0.0,0.0,volo_d5_512,0.9,adam,5,0.8,17,3,plateau,0.1,0.01,False,5,0.0,0.1,random_augment,"(0.0, 0.99)",
165630405185164,False,64,0.01,,0.0,2.0,0.0,0.1,0.0,0.0,0.65,True,0.0001,0.4,0.5,dla46x_c,0.9,adam,10,0.6,8,2,cosine,0.0,0.0001,False,5,0.0,0.1,none,"(0.9, 0.999)",
115552641658819,True,128,0.001,1.0,4.0,0.0,0.0,0.1,0.001,0.3,,True,0.005,0.4,0.25,mobilevit_xxs,0.9,sgd,10,0.6,8,2,cosine,0.1,0.001,True,0,0.0,0.1,none,,
107944118162646236,False,32,0.0001,,2.0,0.1,20.0,0.1,0.001,0.1,0.75,False,5e-05,1.0,0.5,mobilevit_xs,0.9,adamp,10,0.8,8,2,multistep,0.1,0.1,False,10,1e-05,0.01,trivial_augment,"(0.0, 0.999)",
153736826283947562,False,16,0.001,1.0,4.0,0.5,10.0,0.5,0.01,0.0,0.65,True,0.0001,0.0,0.0,edgenext_xx_small,0.9,adam,10,1.0,17,2,step,0.0,0.001,True,5,1e-05,0.0,random_augment,"(0.9, 0.999)",
179537471779707980,False,32,0.1,1.0,2.0,4.0,10.0,0.5,0.0,0.0,,False,0.01,0.4,0.0,mobilevitv2_075,0.0,momentum,10,0.8,17,2,multistep,0.1,0.0001,True,10,1e-05,0.1,random_augment,,
46876305324375829,True,2,0.0001,1.0,0.5,0.0,20.0,0.1,0.0,0.4,,False,5e-05,0.2,1.0,edgenext_x_small,0.9,adamp,10,0.4,8,2,step,0.05,0.1,False,0,1e-05,1e-05,trivial_augment,"(0.0, 0.99)",
85779373221504957,True,4,0.01,,0.0,0.0,10.0,0.5,0.0,0.4,0.75,False,0.005,0.0,1.0,xcit_small_12_p8_384_dist,0.9,adam,10,0.2,9,2,multistep,0.05,0.001,True,5,1e-06,0.0001,random_augment,"(0.9, 0.99)",
35161442557007748,False,16,0.1,1.0,4.0,0.0,0.0,0.1,0.001,0.3,0.65,False,1e-05,0.4,0.0,beit_large_patch16_512,0.9,sgd,2,1.0,9,3,plateau,0.05,0.01,False,0,0.0,0.001,random_augment,,
64964638363027066,False,512,0.0,,0.0,0.5,10.0,0.1,0.0,0.2,0.75,True,0.01,0.4,0.75,edgenext_x_small,0.9,adam,10,0.4,8,2,step,0.0,0.0,False,5,0.0,0.1,none,"(0.9, 0.99)",
37942089392023642,False,64,0.1,10.0,4.0,2.0,0.0,0.1,0.1,0.4,,False,0.01,1.0,0.5,xcit_nano_12_p8_384_dist,0.9,adamw,2,1.0,8,2,plateau,0.1,0.01,True,0,0.0,1e-05,auto_augment,"(0.0, 0.99)",v0
25630941828803042,False,4,0.0,,1.0,4.0,0.0,0.1,0.01,0.4,0.65,False,5e-05,4.0,0.25,xcit_nano_12_p8_384_dist,0.9,adamw,10,0.0,8,2,cosine,0.05,0.01,True,10,1e-05,0.1,none,"(0.0, 0.999)",
343247670962263945,True,2,0.01,,1.0,1.0,10.0,0.5,0.001,0.1,0.65,False,5e-05,0.0,1.0,tf_efficientnet_b4_ns,0.9,adamp,10,0.0,8,2,multistep,0.1,0.01,True,5,0.0,0.001,none,"(0.0, 0.999)",
406454856396466759,True,16,0.1,10.0,0.0,0.0,10.0,0.5,0.001,0.3,0.65,False,0.0001,0.0,0.25,xcit_nano_12_p8_384_dist,0.9,adamw,10,0.4,17,3,multistep,0.1,0.0001,False,0,0.0,0.01,random_augment,"(0.9, 0.999)",
29538519148884374,False,32,0.001,10.0,0.0,0.1,20.0,0.5,0.0001,0.0,0.65,False,0.005,0.0,0.25,beit_large_patch16_512,0.9,adamp,10,1.0,8,2,step,0.1,0.01,True,5,1e-05,0.0001,none,"(0.9, 0.999)",
3226614042643938,False,2,0.0001,10.0,1.0,0.1,0.0,0.1,0.01,0.1,0.75,False,0.001,0.2,0.5,beit_base_patch16_384,0.9,sgd,10,0.0,8,2,cosine,0.0,0.0,True,0,1e-06,0.001,trivial_augment,,
376933446844667961,True,256,0.001,10.0,4.0,4.0,20.0,0.5,0.1,0.1,0.65,True,0.005,0.0,0.75,edgenext_xx_small,0.9,adam,10,0.6,8,2,step,0.0,0.1,False,5,0.0,0.0001,auto_augment,"(0.0, 0.999)",v0
66109742943223,True,128,0.0,10.0,4.0,4.0,0.0,0.1,0.01,0.4,,True,0.001,0.4,0.0,mobilevit_xxs,0.9,adam,10,0.0,8,2,cosine,0.05,0.1,False,0,0.0,0.1,trivial_augment,"(0.9, 0.999)",
26296490186965423,True,2,0.1,10.0,0.5,0.0,0.0,0.1,0.0,0.4,,False,1e-05,1.0,0.0,volo_d1_384,0.95,momentum,10,0.6,9,2,cosine,0.1,0.001,False,5,1e-06,0.01,random_augment,,
88433916799653525,True,4,0.1,10.0,0.5,2.0,10.0,0.5,0.0001,0.1,,False,0.0001,2.0,1.0,edgenext_x_small,0.9,adamw,10,0.2,8,2,step,0.05,0.1,False,5,1e-06,0.0,trivial_augment,"(0.9, 0.99)",
98261094348242903,True,64,0.1,,0.5,0.5,10.0,0.1,0.001,0.1,0.65,False,0.001,0.0,1.0,xcit_nano_12_p8_384_dist,0.9,adamw,10,0.6,9,2,step,0.05,0.1,True,0,1e-05,0.1,random_augment,"(0.0, 0.999)",
57181293622085748,False,16,0.1,10.0,1.0,1.0,0.0,0.1,0.1,0.0,0.65,True,0.01,0.0,1.0,convnext_small_384_in22ft1k,0.9,momentum,10,0.6,8,2,cosine,0.05,0.0001,False,0,1e-06,0.1,auto_augment,,v0
5047276259368891,True,2,0.0,1.0,0.0,2.0,0.0,0.1,0.001,0.3,0.65,True,0.005,0.2,1.0,edgenext_x_small,0.9,adamp,10,0.2,8,2,cosine,0.05,0.0001,True,0,1e-05,0.0001,trivial_augment,"(0.9, 0.999)",
61698423927246286,False,8,0.1,,2.0,4.0,0.0,0.1,0.01,0.0,0.65,False,0.0005,1.0,0.25,edgenext_x_small,0.9,adamp,10,0.8,17,2,cosine,0.05,0.001,False,0,1e-05,0.0001,random_augment,"(0.0, 0.999)",
77933401457993741,True,64,0.0,,4.0,1.0,20.0,0.1,0.0001,0.0,,False,1e-05,4.0,1.0,tf_efficientnet_b4_ns,0.9,adam,10,0.8,8,2,multistep,0.05,0.1,False,0,1e-05,0.0001,trivial_augment,"(0.9, 0.99)",
42586329114772221,True,4,0.0001,10.0,0.5,0.0,20.0,0.1,0.01,0.0,0.75,False,0.0001,4.0,0.5,xcit_nano_12_p8_384_dist,0.9,adamp,10,0.2,8,2,multistep,0.05,0.01,True,5,1e-06,0.01,auto_augment,"(0.9, 0.999)",original
92126410457577963,True,256,0.0001,,4.0,0.25,0.0,0.1,0.0001,0.2,0.75,False,0.0005,0.2,0.75,edgenext_x_small,0.9,adam,2,0.0,8,2,plateau,0.05,0.0,False,10,0.0,0.001,auto_augment,"(0.0, 0.999)",original
59113726645161294,False,2,0.01,,1.0,2.0,10.0,0.5,0.001,0.0,0.75,False,1e-05,0.2,0.0,xcit_small_12_p8_384_dist,0.9,adamw,10,0.6,8,2,step,0.0,0.0,False,5,1e-05,0.01,auto_augment,"(0.9, 0.999)",v0
1454291831413840,False,8,0.001,1.0,2.0,0.5,0.0,0.1,0.01,0.4,,False,0.0001,1.0,0.25,tf_efficientnet_b4_ns,0.9,sgd,2,0.0,8,2,plateau,0.1,0.0001,True,0,0.0,0.01,trivial_augment,,
29697071936579133,True,256,0.0001,1.0,2.0,0.0,0.0,0.1,0.1,0.3,0.65,True,0.001,4.0,0.75,edgenext_small,0.9,adamp,10,0.4,8,2,cosine,0.05,0.1,True,10,1e-05,0.0001,none,"(0.0, 0.999)",
4906905858061330,False,8,0.001,,1.0,0.25,0.0,0.1,0.001,0.2,0.65,False,0.01,4.0,0.0,deit3_small_patch16_384_in21ft1k,0.9,adamp,10,1.0,8,2,cosine,0.0,0.001,True,10,1e-06,0.0001,trivial_augment,"(0.9, 0.999)",
53256293809261957,True,2,0.001,,0.5,2.0,0.0,0.1,0.0,0.4,0.65,True,0.001,2.0,0.0,deit3_small_patch16_384_in21ft1k,0.9,adamw,10,0.2,17,2,cosine,0.1,0.1,True,0,1e-06,0.0001,random_augment,"(0.9, 0.99)",
25745636425233743,True,512,0.001,,1.0,0.1,0.0,0.1,0.0001,0.1,0.65,False,0.001,4.0,1.0,edgenext_xx_small,0.9,adamw,10,0.8,8,2,cosine,0.0,0.0001,True,0,0.0,0.01,none,"(0.0, 0.999)",
30080435679673714,False,64,0.01,1.0,2.0,4.0,0.0,0.1,0.1,0.1,0.75,True,5e-05,4.0,0.75,volo_d1_384,0.9,adamw,2,0.8,8,2,plateau,0.1,0.1,False,10,0.0,1e-05,trivial_augment,"(0.0, 0.999)",
106539816034583373,True,4,0.0,10.0,1.0,0.1,0.0,0.1,0.01,0.1,0.75,False,1e-05,0.0,0.0,xcit_nano_12_p8_384_dist,0.9,adamw,5,0.8,17,2,plateau,0.0,0.0001,False,10,1e-05,0.1,random_augment,"(0.0, 0.99)",
19708355188706624,False,32,0.001,10.0,0.0,0.1,0.0,0.1,0.001,0.0,,False,0.01,2.0,0.5,deit3_small_patch16_384_in21ft1k,0.9,adamp,2,0.6,8,2,plateau,0.05,0.01,False,10,1e-06,0.001,trivial_augment,"(0.9, 0.99)",
14964004722271377,True,4,0.01,,0.5,0.25,0.0,0.1,0.0,0.0,,False,1e-05,0.2,0.25,mobilevitv2_075,0.9,sgd,10,0.2,8,2,cosine,0.05,0.001,True,0,0.0,0.0,auto_augment,,v0
766060773680942,False,32,0.01,,4.0,0.5,0.0,0.1,0.01,0.1,0.65,False,1e-05,0.4,0.0,deit3_small_patch16_384_in21ft1k,0.9,adam,10,1.0,8,2,cosine,0.0,0.0001,False,10,1e-06,0.1,none,"(0.9, 0.999)",
57556616818903484,False,256,0.0,10.0,1.0,1.0,0.0,0.1,0.0,0.1,,False,1e-05,1.0,0.75,mobilevit_xxs,0.9,adamw,10,0.8,8,2,cosine,0.05,0.0001,True,10,1e-06,0.1,auto_augment,"(0.9, 0.99)",v0
42242472987899951,True,64,0.0,10.0,2.0,0.5,0.0,0.1,0.0,0.4,0.65,True,1e-05,0.4,0.75,dla46x_c,0.9,sgd,5,0.6,9,3,plateau,0.05,0.0,True,10,0.0,0.01,random_augment,,
29594416017822076,False,64,0.001,10.0,0.0,0.1,20.0,0.5,0.001,0.4,0.75,False,0.0005,8.0,0.25,xcit_tiny_24_p8_384_dist,0.9,sgd,10,1.0,9,2,multistep,0.05,0.001,False,10,1e-05,0.0001,random_augment,,
18077216797102980,False,128,0.0001,,0.0,0.5,10.0,0.5,0.0,0.0,0.75,False,5e-05,0.0,0.75,tf_efficientnet_b4_ns,0.9,adamp,10,0.8,9,2,multistep,0.1,0.1,False,0,1e-06,0.01,random_augment,"(0.9, 0.999)",
110670553241518307,True,8,0.1,,4.0,0.0,0.0,0.1,0.0001,0.4,0.75,True,0.001,8.0,0.75,deit3_small_patch16_384_in21ft1k,0.9,adam,5,0.8,8,2,plateau,0.05,0.0001,True,10,1e-05,0.0001,auto_augment,"(0.9, 0.999)",v0
19670314671516877,True,16,0.0,1.0,4.0,1.0,0.0,0.1,0.01,0.2,,False,0.005,1.0,0.5,deit3_small_patch16_384_in21ft1k,0.9,adamw,10,0.6,9,2,cosine,0.0,0.0001,False,10,1e-06,0.001,random_augment,"(0.9, 0.99)",
26652517523542442,False,4,0.0,,1.0,0.5,20.0,0.5,0.01,0.0,,True,0.001,0.0,0.75,beit_base_patch16_384,0.9,sgd,10,0.6,8,2,step,0.05,0.0001,True,0,1e-05,0.01,trivial_augment,,
28211945593070035,True,2,0.01,10.0,0.0,2.0,0.0,0.1,0.001,0.2,,False,0.005,8.0,0.75,volo_d3_448,0.9,adamp,10,0.6,8,2,cosine,0.05,0.0,False,10,1e-05,0.001,trivial_augment,"(0.0, 0.999)",
10270277859437503,True,16,0.001,10.0,4.0,0.5,10.0,0.1,0.0001,0.4,,False,5e-05,2.0,0.0,volo_d1_384,0.9,sgd,10,0.4,8,2,multistep,0.05,0.1,False,10,1e-06,0.01,auto_augment,,v0
80166365224515595,True,2,0.01,,1.0,0.5,0.0,0.1,0.001,0.3,,False,1e-05,0.4,0.75,edgenext_xx_small,0.9,adamw,10,0.2,8,2,cosine,0.05,0.01,False,0,1e-06,0.0,none,"(0.0, 0.999)",
25801080534443999,True,64,0.0001,10.0,1.0,4.0,0.0,0.1,0.0001,0.1,0.65,True,0.005,0.0,0.25,mobilevit_xxs,0.8,momentum,10,0.2,8,2,cosine,0.1,0.1,True,0,0.0,0.01,none,,
25881287439626156,False,4,0.01,1.0,2.0,2.0,0.0,0.1,0.0,0.1,0.75,False,0.001,2.0,0.25,edgenext_small,0.9,adam,10,0.4,8,2,cosine,0.0,0.0,True,5,0.0,0.01,trivial_augment,"(0.0, 0.999)",
353410309479103174,False,64,0.01,1.0,0.5,0.0,10.0,0.5,0.01,0.4,0.65,False,1e-05,8.0,0.0,volo_d1_384,0.95,momentum,10,1.0,8,2,multistep,0.0,0.0001,True,0,1e-05,0.0001,auto_augment,,v0
319807440046394562,False,128,0.0,10.0,0.5,1.0,20.0,0.5,0.0001,0.3,,True,0.005,0.2,1.0,edgenext_x_small,0.9,adamp,10,0.2,9,3,step,0.05,0.0001,True,5,1e-05,0.001,random_augment,"(0.0, 0.99)",
22624426913700425,True,8,0.0,,0.5,0.0,0.0,0.1,0.0001,0.1,0.65,False,1e-05,1.0,0.5,beit_base_patch16_384,0.9,sgd,10,0.2,8,2,cosine,0.0,0.01,True,0,1e-05,1e-05,auto_augment,,original
50914461057468612,False,16,0.001,1.0,4.0,4.0,0.0,0.1,0.01,0.3,0.75,False,0.0001,0.4,0.5,xcit_nano_12_p8_384_dist,0.8,momentum,5,1.0,9,2,plateau,0.05,0.01,False,0,1e-05,0.01,random_augment,,
456863660970382375,True,16,0.0001,1.0,2.0,2.0,10.0,0.1,0.0001,0.2,,False,0.01,0.4,0.5,xcit_tiny_24_p8_384_dist,0.9,adamw,10,0.8,17,3,step,0.1,0.0001,False,0,1e-06,0.001,random_augment,"(0.9, 0.99)",
745837207799414,False,256,0.0,10.0,0.5,4.0,0.0,0.1,0.01,0.2,0.65,True,5e-05,0.2,1.0,edgenext_xx_small,0.9,sgd,10,0.8,8,2,cosine,0.1,0.1,True,5,1e-06,0.1,trivial_augment,,
451707178974077520,False,2,0.0,10.0,1.0,0.25,20.0,0.5,0.1,0.1,0.65,False,0.0005,0.4,0.25,beit_base_patch16_384,0.9,adamw,10,0.2,17,3,step,0.0,0.01,True,5,1e-06,1e-05,random_augment,"(0.0, 0.99)",
82410990273550290,False,128,0.0001,,2.0,2.0,0.0,0.1,0.0001,0.4,0.65,True,1e-05,2.0,1.0,dla46x_c,0.9,adamp,10,0.4,9,3,cosine,0.0,0.01,False,0,0.0,0.01,random_augment,"(0.9, 0.99)",
190569705746183162,False,32,0.01,1.0,2.0,0.5,20.0,0.5,0.0001,0.3,0.65,False,0.0005,0.4,0.5,tf_efficientnet_b4_ns,0.8,momentum,10,1.0,8,2,multistep,0.0,0.001,False,5,0.0,0.0001,auto_augment,,original
168785385862054799,True,64,0.0001,,0.5,0.0,10.0,0.1,0.001,0.0,0.65,True,0.001,2.0,0.25,edgenext_x_small,0.9,adamp,10,0.6,17,2,multistep,0.0,0.0,False,0,0.0,0.0,random_augment,"(0.0, 0.99)",
10382896212225275,True,64,0.01,10.0,4.0,2.0,0.0,0.1,0.1,0.4,0.75,False,5e-05,1.0,0.0,convnext_small_384_in22ft1k,0.9,adamw,10,1.0,8,2,cosine,0.0,0.001,False,0,1e-05,0.01,none,"(0.0, 0.99)",
76799139954300254,False,4,0.1,10.0,0.0,0.1,0.0,0.1,0.1,0.2,0.75,False,0.0001,8.0,0.0,volo_d4_448,0.99,momentum,5,0.8,8,2,plateau,0.1,0.01,True,5,1e-05,0.001,trivial_augment,,
29406475025933798,False,4,0.001,1.0,0.5,1.0,0.0,0.1,0.0,0.2,,False,5e-05,1.0,0.25,volo_d1_384,0.9,adamw,10,1.0,8,2,cosine,0.0,0.0,False,5,1e-05,0.0001,none,"(0.0, 0.999)",
85444421461544891,True,64,0.0,,4.0,0.25,10.0,0.5,0.1,0.4,0.75,True,0.001,0.4,1.0,edgenext_x_small,0.9,sgd,10,0.4,9,3,multistep,0.0,0.0,True,10,0.0,0.0001,random_augment,,
118649434961947072,False,8,0.0001,,0.0,0.0,10.0,0.5,0.001,0.3,0.75,True,0.01,0.0,1.0,dla46x_c,0.9,adamw,10,0.0,8,2,step,0.05,0.01,True,5,1e-05,0.0001,trivial_augment,"(0.0, 0.999)",
57595568847593404,False,8,0.0,1.0,2.0,0.5,0.0,0.1,0.0,0.1,0.75,False,0.0005,1.0,1.0,volo_d3_448,0.9,adam,5,0.8,8,2,plateau,0.1,0.01,True,10,1e-06,0.1,trivial_augment,"(0.0, 0.999)",
31311605449559305,True,2,0.01,10.0,0.5,2.0,0.0,0.1,0.001,0.3,0.75,False,0.001,8.0,0.25,xcit_tiny_24_p8_384_dist,0.95,momentum,10,0.8,8,2,cosine,0.0,0.001,True,5,0.0,0.0,trivial_augment,,
4717582861365778,False,8,0.01,1.0,4.0,2.0,0.0,0.1,0.0001,0.0,,False,0.001,0.0,0.25,edgenext_xx_small,0.9,sgd,10,0.8,8,2,cosine,0.05,0.1,False,5,1e-06,0.0001,none,,
29923562532365964,False,2,0.01,,2.0,0.5,20.0,0.5,0.001,0.4,,False,0.0001,2.0,0.25,volo_d4_448,0.9,adamw,10,1.0,8,2,step,0.05,0.1,False,5,0.0,1e-05,trivial_augment,"(0.9, 0.999)",
14738192821090280,False,4,0.0001,1.0,0.5,4.0,0.0,0.1,0.0001,0.1,0.75,True,0.0005,0.2,0.25,edgenext_small,0.9,adam,10,0.4,8,2,cosine,0.05,0.001,False,10,1e-05,1e-05,none,"(0.0, 0.99)",
87039946111079924,False,32,0.001,1.0,1.0,2.0,10.0,0.5,0.001,0.2,0.75,False,0.01,1.0,0.75,tf_efficientnet_b4_ns,0.9,adam,10,0.6,9,2,multistep,0.05,0.0001,False,5,1e-06,1e-05,random_augment,"(0.9, 0.99)",
2052241062232576,False,8,0.1,1.0,2.0,2.0,0.0,0.1,0.01,0.3,0.65,False,1e-05,0.0,1.0,xcit_tiny_12_p8_384_dist,0.9,sgd,10,1.0,8,2,cosine,0.1,0.0001,True,5,1e-06,0.01,trivial_augment,,
5502623315597886,False,128,0.01,,0.5,2.0,0.0,0.1,0.0001,0.2,,True,0.005,1.0,0.0,edgenext_small,0.9,adam,10,0.6,8,2,cosine,0.1,0.0001,True,0,0.0,1e-05,none,"(0.9, 0.999)",
17172389346368436,False,2,0.001,10.0,0.5,2.0,0.0,0.1,0.1,0.0,0.75,False,1e-05,1.0,0.25,mobilevit_xs,0.9,adamp,2,0.0,8,2,plateau,0.05,0.1,False,0,1e-05,0.1,none,"(0.9, 0.99)",
4611699761346482,False,256,0.0001,1.0,2.0,0.1,0.0,0.1,0.1,0.2,0.75,True,0.0001,1.0,0.75,dla46x_c,0.9,adamp,10,0.8,8,2,cosine,0.05,0.001,True,0,1e-06,0.0001,none,"(0.9, 0.999)",
17019040165399628,False,32,0.0,10.0,1.0,0.1,0.0,0.1,0.1,0.2,0.75,False,1e-05,0.2,0.75,beit_base_patch16_384,0.9,sgd,10,1.0,8,2,cosine,0.05,0.1,False,10,1e-06,0.1,auto_augment,,original
95384486062928495,True,64,0.01,1.0,1.0,0.5,0.0,0.1,0.01,0.3,0.65,False,0.005,4.0,0.0,xcit_nano_12_p8_384_dist,0.95,momentum,10,0.6,8,2,cosine,0.1,0.001,True,10,1e-06,1e-05,auto_augment,,original
83526660054689111,True,512,0.01,,1.0,0.1,0.0,0.1,0.0001,0.4,0.75,True,5e-05,8.0,0.0,edgenext_x_small,0.9,adamw,10,1.0,8,2,cosine,0.05,0.001,True,5,1e-05,0.01,auto_augment,"(0.0, 0.999)",v0
46091375605236606,False,16,0.0,1.0,2.0,0.25,20.0,0.1,0.0,0.2,,True,5e-05,0.4,0.75,convnext_small_384_in22ft1k,0.8,momentum,10,0.8,8,2,step,0.0,0.001,False,5,0.0,1e-05,none,,
8578583007426450,False,2,0.0,,0.0,0.5,0.0,0.1,0.01,0.1,0.65,True,0.0005,8.0,0.75,volo_d5_448,0.9,adamp,10,1.0,8,2,cosine,0.1,0.0001,False,0,1e-06,0.1,none,"(0.0, 0.99)",
52692000194902746,False,128,0.01,1.0,1.0,1.0,10.0,0.5,0.1,0.4,0.75,False,0.005,1.0,0.0,edgenext_xx_small,0.9,adam,10,0.0,8,2,step,0.0,0.001,False,0,0.0,0.0001,trivial_augment,"(0.0, 0.99)",
133220872189155,True,4,0.1,1.0,1.0,0.5,10.0,0.1,0.01,0.4,,True,1e-05,8.0,1.0,mobilevit_xs,0.9,sgd,10,0.2,8,2,multistep,0.1,0.01,True,0,0.0,0.1,none,,
139413934241790055,True,16,0.0001,1.0,1.0,0.5,20.0,0.1,0.0,0.3,,False,0.0001,2.0,0.0,edgenext_xx_small,0.8,momentum,10,0.8,8,2,step,0.05,0.001,False,10,0.0,0.01,auto_augment,,original
150742308830242512,False,128,0.0,10.0,0.5,0.25,10.0,0.5,0.0,0.4,0.75,True,1e-05,1.0,0.75,beit_base_patch16_384,0.9,adamp,10,1.0,8,2,multistep,0.05,0.001,True,10,1e-06,0.0001,none,"(0.0, 0.99)",
208852350965352439,True,16,0.1,1.0,0.5,0.5,10.0,0.1,0.001,0.1,0.75,True,0.001,4.0,0.75,edgenext_x_small,0.9,adam,10,0.0,8,2,multistep,0.1,0.0,False,0,1e-05,1e-05,auto_augment,"(0.9, 0.99)",v0
20214428310103763,True,64,0.1,,4.0,0.0,0.0,0.1,0.001,0.3,0.65,True,0.0005,0.4,0.75,mobilevit_xs,0.9,adamw,10,0.6,8,2,cosine,0.05,0.001,True,10,1e-05,0.001,none,"(0.9, 0.99)",
41598037080995060,False,4,0.0001,1.0,0.0,1.0,0.0,0.1,0.1,0.0,0.75,False,0.0001,0.2,0.0,tf_efficientnet_b4_ns,0.8,momentum,10,0.2,8,2,cosine,0.1,0.001,False,5,1e-05,0.1,auto_augment,,original
28005554469252159,True,32,0.0,,0.0,0.0,0.0,0.1,0.0001,0.4,,False,0.0005,1.0,0.0,xcit_nano_12_p8_384_dist,0.9,adamw,10,0.2,8,2,cosine,0.1,0.0001,True,0,1e-05,0.001,none,"(0.0, 0.99)",
110139593816235,True,4,0.1,1.0,0.5,1.0,0.0,0.1,0.01,0.3,0.75,False,0.01,0.0,0.75,tf_efficientnet_b4_ns,0.9,adamw,10,0.0,8,2,cosine,0.05,0.001,True,0,0.0,0.1,none,"(0.9, 0.999)",
5222587264597155,True,4,0.1,,4.0,0.25,0.0,0.1,0.01,0.4,0.65,False,0.005,0.2,0.0,swinv2_base_window12to24_192to384_22kft1k,0.9,adamw,10,0.6,9,2,cosine,0.0,0.01,True,5,1e-05,0.0001,random_augment,"(0.9, 0.999)",
109448135422636623,True,256,0.0001,10.0,2.0,1.0,20.0,0.1,0.1,0.1,0.75,False,0.0001,8.0,0.25,edgenext_xx_small,0.95,momentum,10,0.6,8,2,step,0.0,0.0,True,0,0.0,0.0001,none,,
194589075015860546,False,4,0.01,1.0,0.0,4.0,10.0,0.1,0.01,0.0,0.75,False,0.0005,8.0,0.25,dla46x_c,0.9,adamp,10,0.4,17,2,step,0.0,0.0,False,5,0.0,0.1,random_augment,"(0.9, 0.99)",
167529461863935258,False,2,0.0001,1.0,0.0,0.0,10.0,0.5,0.0001,0.1,,False,0.0001,0.0,0.0,swinv2_base_window12to24_192to384_22kft1k,0.9,adamp,10,1.0,8,2,step,0.05,0.0001,True,0,0.0,1e-05,auto_augment,"(0.0, 0.99)",original
50562832280477752,False,64,0.1,1.0,4.0,0.25,10.0,0.5,0.0001,0.4,,False,0.01,4.0,0.25,mobilevit_xs,0.9,adamp,10,0.2,8,2,multistep,0.0,0.0,False,5,1e-06,0.01,none,"(0.0, 0.99)",
123475236714496459,True,2,0.0001,,1.0,1.0,20.0,0.5,0.001,0.4,,False,1e-05,4.0,1.0,edgenext_x_small,0.9,sgd,10,0.0,17,3,step,0.0,0.0,False,5,1e-06,0.01,random_augment,,
308040500024118277,True,16,0.0,10.0,1.0,0.5,10.0,0.5,0.001,0.1,0.65,True,0.005,1.0,0.5,dla46x_c,0.9,adam,10,0.6,9,3,step,0.0,0.001,False,5,0.0,0.1,random_augment,"(0.0, 0.99)",
3401995095790254,False,2,0.01,,0.0,0.0,0.0,0.1,0.1,0.1,,False,0.005,0.4,0.0,edgenext_small,0.9,sgd,10,0.4,8,2,cosine,0.1,0.0001,True,5,1e-06,0.001,none,,
57348907466275174,False,8,0.0,1.0,4.0,1.0,20.0,0.5,0.001,0.2,0.65,False,0.01,1.0,0.0,mobilevit_xs,0.9,adamw,10,0.0,8,2,multistep,0.05,0.001,False,5,1e-06,0.1,none,"(0.0, 0.99)",
227340287957034317,True,64,0.001,1.0,4.0,1.0,10.0,0.1,0.0001,0.4,0.65,False,0.0001,2.0,0.25,edgenext_small,0.9,momentum,10,0.6,17,2,step,0.0,0.01,False,0,1e-06,0.1,random_augment,,
34072193615836489,True,16,0.1,,2.0,4.0,0.0,0.1,0.001,0.2,0.65,False,0.01,0.4,0.25,edgenext_small,0.9,adamw,10,0.8,17,2,cosine,0.0,0.0001,False,10,0.0,0.01,random_augment,"(0.9, 0.999)",
20905880227653488,False,256,0.01,,0.5,2.0,0.0,0.1,0.01,0.2,,True,0.0001,0.4,0.5,deit3_small_patch16_384_in21ft1k,0.9,adamw,10,1.0,8,2,cosine,0.05,0.01,False,5,1e-06,0.0001,none,"(0.9, 0.99)",
55720937248146935,True,512,0.0001,1.0,2.0,0.25,0.0,0.1,0.01,0.4,0.65,False,5e-05,0.2,1.0,edgenext_xx_small,0.9,adamw,10,0.4,17,2,cosine,0.0,0.1,False,10,0.0,0.0,random_augment,"(0.9, 0.99)",
29241774370853051,True,8,0.001,1.0,0.5,0.25,0.0,0.1,0.001,0.4,0.75,False,0.001,2.0,0.0,convnext_small_384_in22ft1k,0.9,adamw,10,0.2,8,2,cosine,0.0,0.1,True,10,1e-06,0.0001,none,"(0.0, 0.99)",
183662978292987414,False,16,0.0001,1.0,0.0,2.0,20.0,0.5,0.1,0.4,,True,5e-05,0.0,0.5,edgenext_small,0.9,adamw,10,0.4,8,2,multistep,0.1,0.0001,False,0,0.0,1e-05,auto_augment,"(0.0, 0.99)",v0
22092035263894217,True,64,0.001,10.0,1.0,2.0,10.0,0.5,0.0001,0.0,0.65,True,0.01,8.0,0.5,xcit_small_12_p8_384_dist,0.0,momentum,10,1.0,9,2,step,0.05,0.001,False,0,1e-06,1e-05,random_augment,,
45735157550055557,True,64,0.001,,2.0,0.0,0.0,0.1,0.0001,0.2,0.65,True,0.01,1.0,1.0,edgenext_x_small,0.0,momentum,10,0.6,17,2,cosine,0.05,0.01,True,5,1e-05,0.0001,random_augment,,
226225303171514435,True,64,0.01,,0.5,0.1,20.0,0.1,0.01,0.4,,True,0.001,8.0,0.0,volo_d1_384,0.9,adamw,10,0.8,8,2,step,0.1,0.01,True,5,1e-06,0.0,none,"(0.9, 0.99)",
20792836575925751,True,64,0.0,,1.0,1.0,10.0,0.5,0.0001,0.3,,True,0.01,4.0,0.25,mobilevit_xs,0.9,adam,10,1.0,8,2,multistep,0.1,0.0,True,0,1e-06,0.0001,none,"(0.9, 0.999)",
454713801956714473,True,16,0.001,10.0,0.0,0.1,10.0,0.1,0.0,0.1,0.75,True,0.01,2.0,1.0,mobilevit_xxs,0.9,adamp,10,0.2,17,3,multistep,0.05,0.01,True,0,1e-05,0.1,random_augment,"(0.9, 0.99)",
378488937406156367,True,8,0.1,1.0,0.0,4.0,10.0,0.5,0.1,0.2,0.75,False,0.0005,1.0,0.25,mobilevit_xs,0.9,adamw,10,0.8,9,3,step,0.1,0.001,True,10,0.0,1e-05,random_augment,"(0.0, 0.999)",
31791405240098441,True,512,0.01,10.0,1.0,0.0,0.0,0.1,0.1,0.3,0.65,True,0.001,1.0,0.25,edgenext_xx_small,0.9,adam,10,0.4,8,2,cosine,0.0,0.1,True,5,1e-06,0.0,trivial_augment,"(0.0, 0.999)",
229226551345494643,True,128,0.0,10.0,0.0,0.1,10.0,0.1,0.1,0.2,0.65,False,0.001,1.0,0.75,mobilevit_xxs,0.9,adamw,10,0.4,17,2,multistep,0.1,0.01,True,0,1e-05,0.01,random_augment,"(0.0, 0.999)",
14801655966424008,False,16,0.1,1.0,1.0,2.0,10.0,0.1,0.1,0.3,0.75,False,0.005,2.0,0.0,beit_base_patch16_384,0.0,momentum,10,1.0,8,2,multistep,0.05,0.0001,True,10,1e-05,1e-05,auto_augment,,v0
1002708974288113,True,16,0.001,10.0,1.0,4.0,10.0,0.1,0.0001,0.3,0.65,False,0.0001,4.0,0.75,xcit_tiny_24_p8_384_dist,0.9,sgd,10,0.6,8,2,step,0.1,0.0001,True,0,1e-05,0.1,trivial_augment,,
230301406290369263,True,8,0.0001,,1.0,0.0,10.0,0.1,0.0001,0.3,,True,0.0001,8.0,0.75,deit3_small_patch16_384_in21ft1k,0.9,adamw,10,0.0,17,2,multistep,0.05,0.0,False,10,1e-06,0.001,random_augment,"(0.0, 0.999)",
1417262647090020,False,16,0.01,,2.0,4.0,0.0,0.1,0.001,0.4,0.65,True,0.0005,1.0,0.25,edgenext_xx_small,0.9,adamp,10,1.0,8,2,cosine,0.05,0.1,False,0,0.0,0.01,trivial_augment,"(0.9, 0.999)",
13444221437895675,True,4,0.1,10.0,0.5,0.0,0.0,0.1,0.0001,0.1,,False,1e-05,4.0,1.0,edgenext_x_small,0.9,sgd,10,0.8,8,2,cosine,0.0,0.0001,True,10,1e-05,0.0001,auto_augment,,v0
3514671758126178,False,2,0.0001,10.0,4.0,2.0,0.0,0.1,0.0001,0.3,0.65,False,0.001,0.0,0.0,convnext_small_384_in22ft1k,0.9,sgd,2,0.0,8,2,plateau,0.0,0.1,False,10,1e-06,0.001,none,,
317396792491140855,True,4,0.1,,4.0,1.0,20.0,0.5,0.01,0.3,,True,0.001,0.2,1.0,dla46x_c,0.9,adamw,10,0.0,9,3,step,0.1,0.0,True,0,0.0,0.01,random_augment,"(0.0, 0.99)",
21324458745616004,False,32,0.001,10.0,4.0,0.5,0.0,0.1,0.1,0.0,0.75,False,0.0001,4.0,0.25,deit3_small_patch16_384_in21ft1k,0.9,adamw,10,0.4,8,2,cosine,0.05,0.0001,False,5,1e-05,0.0001,trivial_augment,"(0.9, 0.99)",
27906163207635367,True,2,0.001,,4.0,0.0,0.0,0.1,0.0001,0.3,,False,0.0005,0.2,1.0,deit3_small_patch16_384_in21ft1k,0.9,adam,10,1.0,8,2,cosine,0.0,0.0,False,0,1e-05,0.001,trivial_augment,"(0.0, 0.999)",
7417744354966595,True,8,0.0,,1.0,0.0,0.0,0.1,0.001,0.4,0.65,False,0.01,0.4,0.0,deit3_small_patch16_384_in21ft1k,0.9,sgd,10,0.4,8,2,cosine,0.05,0.1,False,5,1e-06,0.0,trivial_augment,,
28852618773821176,False,64,0.001,1.0,1.0,4.0,20.0,0.5,0.01,0.1,0.75,False,0.0001,4.0,0.75,mobilevit_xs,0.9,sgd,10,0.2,8,2,step,0.0,0.01,False,0,1e-06,0.0001,none,,
24850130966228819,True,64,0.0001,10.0,2.0,2.0,0.0,0.1,0.001,0.4,0.75,False,0.0005,0.0,0.25,edgenext_x_small,0.9,adamw,10,0.4,8,2,cosine,0.05,0.0001,True,0,1e-06,0.1,trivial_augment,"(0.0, 0.999)",
121746334650785660,False,4,0.0001,1.0,0.0,0.1,20.0,0.5,0.1,0.2,0.65,False,0.005,0.4,0.5,deit3_small_patch16_384_in21ft1k,0.9,adamw,10,0.4,8,2,multistep,0.1,0.1,False,5,0.0,0.1,none,"(0.0, 0.999)",
223810523732876671,True,2,0.0,,0.5,0.25,20.0,0.5,0.0001,0.3,0.75,False,0.0001,8.0,0.75,xcit_tiny_12_p8_384_dist,0.9,adamw,10,0.4,17,2,multistep,0.1,0.001,True,0,1e-05,0.0001,random_augment,"(0.9, 0.99)",
88375278205263618,False,2,0.0001,,0.0,0.25,10.0,0.5,0.0,0.3,0.65,False,5e-05,0.4,0.0,beit_large_patch16_512,0.9,sgd,10,0.8,9,3,multistep,0.05,0.0,False,5,1e-06,0.0,random_augment,,
61309306797455433,True,4,0.0,1.0,1.0,0.0,20.0,0.5,0.0001,0.3,0.75,False,1e-05,0.0,0.75,xcit_small_12_p8_384_dist,0.9,adamw,10,0.8,8,2,step,0.05,0.0001,True,0,1e-06,0.0001,none,"(0.0, 0.99)",
50411969981678402,False,32,0.01,,1.0,0.1,10.0,0.5,0.0,0.3,0.65,True,0.0001,1.0,1.0,edgenext_x_small,0.9,adamp,10,0.4,8,2,step,0.0,0.0,False,0,1e-06,0.01,trivial_augment,"(0.0, 0.99)",
137760784964305991,True,512,0.01,1.0,4.0,1.0,0.0,0.1,0.0,0.4,0.75,True,0.005,8.0,0.25,xcit_nano_12_p8_384_dist,0.0,momentum,5,1.0,8,2,plateau,0.0,0.001,False,0,0.0,0.1,auto_augment,,original
9100369197111611,True,64,0.0,1.0,2.0,0.25,20.0,0.1,0.0,0.2,0.65,True,1e-05,0.0,0.25,mobilevitv2_075,0.9,adamp,10,0.6,8,2,multistep,0.05,0.0001,True,0,1e-05,0.1,none,"(0.9, 0.999)",
5819024362649236,False,512,0.0,,0.5,0.25,10.0,0.1,0.0001,0.1,0.75,False,1e-05,0.0,0.0,mobilevit_xxs,0.9,adam,10,1.0,8,2,step,0.1,0.001,True,10,0.0,1e-05,trivial_augment,"(0.9, 0.999)",
105615943518052860,False,16,0.01,1.0,2.0,1.0,0.0,0.1,0.001,0.3,0.65,False,0.0001,0.2,1.0,xcit_nano_12_p8_384_dist,0.9,adam,10,0.0,17,3,cosine,0.1,0.1,True,5,0.0,0.1,random_augment,"(0.0, 0.99)",
16457743621478798,False,32,0.0,,1.0,0.0,0.0,0.1,0.0001,0.4,0.75,True,0.0001,1.0,0.0,deit3_small_patch16_384_in21ft1k,0.9,adamp,2,0.6,8,2,plateau,0.1,0.0001,True,5,0.0,0.1,trivial_augment,"(0.9, 0.99)",
25190952009732816,False,16,0.0,10.0,4.0,0.0,0.0,0.1,0.1,0.3,0.75,True,0.001,0.2,0.25,deit3_small_patch16_384_in21ft1k,0.8,momentum,10,0.2,8,2,cosine,0.0,0.1,True,10,1e-06,0.1,none,,
3545546627396470,False,8,0.001,1.0,1.0,0.1,0.0,0.1,0.0,0.0,,True,5e-05,2.0,0.75,tf_efficientnet_b6_ns,0.0,momentum,2,1.0,8,2,plateau,0.0,0.0001,True,10,1e-06,0.001,trivial_augment,,
51503071529426805,True,32,0.001,10.0,4.0,0.25,10.0,0.5,0.0001,0.0,0.65,False,0.0005,4.0,0.25,xcit_nano_12_p8_384_dist,0.8,momentum,10,0.4,8,2,multistep,0.1,0.001,False,5,0.0,0.001,none,,
73159078959865951,True,16,0.01,,1.0,0.5,0.0,0.1,0.01,0.1,0.75,False,0.0005,1.0,1.0,edgenext_x_small,0.9,adamp,10,0.2,9,3,cosine,0.05,0.0001,True,5,0.0,0.1,random_augment,"(0.0, 0.99)",
33934035367994130,False,2,0.0,1.0,1.0,0.25,10.0,0.1,0.0001,0.2,0.65,False,0.0001,0.0,0.0,xcit_nano_12_p8_384_dist,0.9,adamp,10,0.6,8,2,step,0.1,0.0001,False,5,0.0,0.01,none,"(0.0, 0.99)",
11068657774286551,True,16,0.01,10.0,2.0,0.5,0.0,0.1,0.0,0.3,0.65,False,1e-05,0.0,0.75,tf_efficientnet_b7_ns,0.9,adam,10,0.6,8,2,cosine,0.1,0.001,True,5,0.0,0.001,trivial_augment,"(0.0, 0.99)",
45203012296272093,True,4,0.0,,1.0,0.0,0.0,0.1,0.1,0.3,0.65,False,0.001,2.0,0.25,xcit_small_12_p8_384_dist,0.9,sgd,5,0.6,8,2,plateau,0.1,0.001,False,5,1e-06,0.0001,auto_augment,,original
22495454140672867,True,128,0.01,10.0,0.5,0.25,0.0,0.1,0.1,0.1,0.75,False,1e-05,4.0,0.5,mobilevitv2_075,0.9,momentum,10,0.2,8,2,cosine,0.05,0.1,True,10,1e-06,1e-05,trivial_augment,,
138210952030170087,True,4,0.01,10.0,0.0,0.1,0.0,0.1,0.001,0.1,0.65,False,0.01,4.0,0.75,swinv2_base_window12to24_192to384_22kft1k,0.9,adamp,2,1.0,9,3,plateau,0.0,0.001,False,0,1e-06,0.1,random_augment,"(0.0, 0.99)",
15702012353854170,False,2,0.0,,0.5,0.5,0.0,0.1,0.01,0.3,,False,0.0005,0.4,1.0,edgenext_x_small,0.8,momentum,2,0.0,8,2,plateau,0.05,0.0001,True,10,1e-06,0.0,trivial_augment,,
6282855525281876,False,32,0.0001,10.0,0.5,2.0,0.0,0.1,0.1,0.1,0.65,False,0.005,1.0,0.75,beit_base_patch16_384,0.9,sgd,10,0.8,8,2,cosine,0.1,0.01,True,10,1e-06,1e-05,trivial_augment,,
604240806506488436,False,4,0.01,,4.0,1.0,10.0,0.5,0.0,0.2,,True,5e-05,0.0,0.0,mobilevit_xxs,0.95,momentum,10,0.2,17,3,step,0.0,0.0,True,5,1e-06,0.0001,random_augment,,
141190268280982457,True,8,0.1,,4.0,1.0,20.0,0.1,0.0,0.3,0.65,True,0.001,0.2,0.25,edgenext_xx_small,0.99,momentum,10,0.8,9,2,multistep,0.1,0.0,False,10,1e-06,0.001,random_augment,,
11837556118057288,False,8,0.01,,4.0,0.1,0.0,0.1,0.0001,0.3,0.65,True,0.01,8.0,0.25,mobilevit_xxs,0.9,adamp,10,0.2,8,2,cosine,0.0,0.1,True,0,1e-05,0.001,none,"(0.0, 0.99)",
1305775083116499,True,256,0.01,1.0,1.0,1.0,0.0,0.1,0.01,0.3,,False,0.01,4.0,0.25,edgenext_xx_small,0.9,sgd,10,0.6,8,2,cosine,0.0,0.001,True,10,1e-05,0.1,none,,
116115272792911841,True,8,0.001,1.0,2.0,0.25,10.0,0.5,0.1,0.3,0.75,False,0.01,0.0,0.0,volo_d1_384,0.9,adamw,10,0.4,8,2,multistep,0.05,0.1,True,10,1e-05,0.01,none,"(0.0, 0.999)",
2752374304368782,False,32,0.01,1.0,4.0,2.0,0.0,0.1,0.0001,0.2,0.75,True,0.005,0.0,0.0,xcit_nano_12_p8_384_dist,0.9,sgd,10,1.0,8,2,cosine,0.05,0.01,False,0,0.0,0.001,none,,
1141563768087603,True,4,0.0,,0.0,0.5,0.0,0.1,0.1,0.1,0.75,True,0.0001,0.0,0.5,xcit_small_12_p8_384_dist,0.9,sgd,10,0.4,8,2,cosine,0.0,0.0001,True,5,1e-05,0.1,none,,
114324295060135697,True,8,0.1,1.0,4.0,0.5,10.0,0.5,0.01,0.3,0.65,True,0.0005,0.0,0.5,swinv2_base_window12to24_192to384_22kft1k,0.9,adamp,10,0.8,8,2,step,0.0,0.0,False,0,1e-05,0.1,none,"(0.0, 0.999)",
1852145287390567,True,2,0.001,10.0,0.0,4.0,0.0,0.1,0.0001,0.0,0.65,False,0.005,4.0,1.0,edgenext_xx_small,0.9,adamw,10,0.8,8,2,cosine,0.05,0.01,False,0,1e-06,0.01,trivial_augment,"(0.9, 0.999)",
32931944488540279,True,2,0.0001,1.0,0.5,0.1,0.0,0.1,0.1,0.1,0.75,False,0.01,0.0,0.25,xcit_tiny_12_p8_384_dist,0.9,adam,10,0.8,8,2,cosine,0.0,0.0,True,0,1e-06,0.1,auto_augment,"(0.0, 0.99)",v0
60388308075307366,False,64,0.001,,0.5,0.1,0.0,0.1,0.0001,0.1,0.75,False,0.0001,8.0,0.0,xcit_nano_12_p8_384_dist,0.9,adamw,10,1.0,17,2,cosine,0.0,0.0,True,0,1e-05,0.001,random_augment,"(0.0, 0.999)",
199509559766519049,True,32,0.0,,1.0,2.0,10.0,0.1,0.01,0.0,,False,0.001,1.0,0.5,mobilevitv2_075,0.9,momentum,10,0.0,8,2,step,0.0,0.01,True,0,1e-05,0.0001,none,,
71985752063407584,False,2,0.01,,4.0,1.0,10.0,0.1,0.001,0.4,0.65,True,0.001,2.0,0.25,xcit_tiny_12_p8_384_dist,0.9,momentum,10,0.2,8,2,step,0.0,0.01,True,10,0.0,0.0,trivial_augment,,
152008405260499828,False,64,0.0001,10.0,0.5,1.0,0.0,0.1,0.001,0.0,0.75,False,1e-05,8.0,0.75,dla46x_c,0.9,adamp,5,0.8,8,2,plateau,0.1,0.0001,False,10,1e-06,1e-05,none,"(0.9, 0.99)",
397193483108765916,False,2,0.001,10.0,0.0,0.0,20.0,0.1,0.0001,0.1,0.75,False,0.005,0.2,1.0,xcit_nano_12_p8_384_dist,0.9,adamp,10,0.8,17,3,multistep,0.05,0.1,False,5,0.0,0.1,random_augment,"(0.9, 0.999)",
13486116344092029,True,32,0.0,10.0,1.0,0.0,20.0,0.1,0.01,0.1,0.75,False,0.01,0.2,0.75,volo_d1_384,0.9,adam,10,0.6,9,2,multistep,0.1,0.01,True,10,1e-05,0.0001,random_augment,"(0.9, 0.999)",
61965426699090434,False,4,0.1,1.0,0.5,2.0,20.0,0.5,0.0001,0.4,,False,0.0001,4.0,0.0,tf_efficientnet_b6_ns,0.9,adamw,10,0.8,8,2,multistep,0.0,0.0,False,10,1e-05,0.0001,trivial_augment,"(0.0, 0.99)",
7101197551768090,False,8,0.001,,0.0,1.0,0.0,0.1,0.1,0.3,0.75,True,1e-05,8.0,0.0,edgenext_xx_small,0.9,sgd,2,1.0,8,2,plateau,0.0,0.01,False,10,0.0,0.0,trivial_augment,,
34969414622187731,True,8,0.001,,1.0,0.0,20.0,0.1,0.0001,0.4,,True,0.0005,4.0,1.0,beit_base_patch16_384,0.9,sgd,10,1.0,8,2,step,0.1,0.0,False,10,1e-05,0.01,auto_augment,,v0
250570322182661796,False,2,0.001,10.0,4.0,0.1,10.0,0.5,0.0001,0.2,0.65,False,0.005,4.0,0.0,xcit_nano_12_p8_384_dist,0.9,momentum,10,0.2,8,2,multistep,0.05,0.0001,False,10,1e-06,0.0,none,,
6787031158506412,False,64,0.1,1.0,1.0,0.5,0.0,0.1,0.1,0.4,0.75,True,1e-05,1.0,1.0,xcit_tiny_12_p8_384_dist,0.9,adam,10,0.8,8,2,cosine,0.05,0.001,False,0,0.0,0.0,trivial_augment,"(0.9, 0.999)",
26021812202737312,False,8,0.0001,1.0,0.0,1.0,0.0,0.1,0.0001,0.1,0.65,False,5e-05,2.0,0.0,xcit_tiny_12_p8_384_dist,0.9,adam,10,1.0,8,2,cosine,0.05,0.1,False,10,0.0,0.01,none,"(0.0, 0.999)",
10709773431630304,False,8,0.0,10.0,0.5,0.5,20.0,0.1,0.0001,0.2,0.65,True,0.001,0.4,0.5,edgenext_x_small,0.9,adam,10,0.8,8,2,step,0.1,0.01,False,10,1e-05,0.01,none,"(0.9, 0.999)",
48289654877884418,False,4,0.001,,4.0,0.0,0.0,0.1,0.01,0.4,0.75,True,5e-05,0.2,0.25,convnext_small_384_in22ft1k,0.9,adam,10,0.6,17,2,cosine,0.1,0.01,True,0,1e-05,0.0,random_augment,"(0.0, 0.99)",
40204271251344863,True,64,0.1,,4.0,0.5,0.0,0.1,0.1,0.1,,False,0.0001,0.4,0.25,volo_d1_384,0.99,momentum,10,0.8,8,2,cosine,0.1,0.1,True,0,1e-05,0.0,trivial_augment,,
22575655009116494,False,32,0.001,10.0,0.5,4.0,0.0,0.1,0.0,0.1,0.75,False,1e-05,2.0,0.25,convnext_small_384_in22ft1k,0.9,adam,10,0.4,9,2,cosine,0.1,0.1,False,0,1e-05,1e-05,random_augment,"(0.9, 0.99)",
6983110563057696,False,128,0.01,,4.0,0.1,0.0,0.1,0.1,0.1,,True,0.005,4.0,0.5,mobilevit_xxs,0.9,adamw,10,0.8,8,2,cosine,0.05,0.0,True,5,0.0,0.0,none,"(0.9, 0.999)",
16289253747382995,True,32,0.001,10.0,0.5,1.0,0.0,0.1,0.1,0.3,0.65,True,1e-05,8.0,0.0,mobilevitv2_075,0.9,sgd,10,0.2,9,3,cosine,0.1,0.0,True,0,0.0,0.1,random_augment,,
18898179004341974,False,4,0.1,10.0,0.5,2.0,0.0,0.1,0.0001,0.2,,False,5e-05,1.0,0.25,edgenext_x_small,0.9,adamw,2,0.6,9,2,plateau,0.05,0.1,True,10,1e-05,0.01,random_augment,"(0.9, 0.99)",
72722256432750941,True,8,0.001,,0.0,1.0,10.0,0.1,0.001,0.4,0.65,False,1e-05,8.0,0.75,xcit_tiny_24_p8_384_dist,0.9,adam,10,0.6,9,2,multistep,0.0,0.001,True,5,1e-05,0.0,random_augment,"(0.9, 0.99)",
13829383840809478,False,8,0.01,,0.5,0.25,0.0,0.1,0.0,0.3,,False,0.01,8.0,0.75,deit3_small_patch16_384_in21ft1k,0.9,adamw,10,0.8,8,2,cosine,0.1,0.0001,False,10,0.0,1e-05,trivial_augment,"(0.0, 0.99)",
6081504537692018,False,4,0.001,10.0,0.0,0.0,0.0,0.1,0.0001,0.1,0.65,False,0.01,0.2,0.25,mobilevit_xs,0.9,sgd,10,0.4,8,2,cosine,0.05,0.0,True,5,1e-06,1e-05,none,,
31917626844991807,True,128,0.01,10.0,2.0,1.0,0.0,0.1,0.0,0.3,0.65,True,1e-05,4.0,0.75,edgenext_x_small,0.9,adamw,10,0.6,8,2,cosine,0.05,0.001,True,10,1e-06,0.0,none,"(0.0, 0.99)",
29154173344874185,True,128,0.1,,0.0,0.25,20.0,0.5,0.01,0.2,,False,0.0005,0.2,0.25,edgenext_x_small,0.9,sgd,10,0.8,8,2,multistep,0.0,0.01,False,10,1e-06,0.0001,none,,
156384401101441,True,16,0.01,10.0,0.0,0.1,0.0,0.1,0.01,0.3,,False,0.005,0.0,0.75,xcit_tiny_12_p8_384_dist,0.9,sgd,10,0.4,8,2,cosine,0.05,0.0,False,5,0.0,0.1,trivial_augment,,
87314283805050329,True,8,0.01,,0.5,0.1,10.0,0.5,0.1,0.2,0.75,False,0.0005,1.0,0.75,volo_d4_448,0.9,momentum,10,1.0,8,2,step,0.1,0.1,True,10,1e-06,1e-05,trivial_augment,,
40596749968238066,False,4,0.01,1.0,0.5,0.25,0.0,0.1,0.001,0.4,0.65,False,0.005,0.2,1.0,tf_efficientnet_b4_ns,0.9,adamw,2,0.0,8,2,plateau,0.1,0.0,True,0,0.0,0.1,auto_augment,"(0.0, 0.99)",original
50506418001483159,True,256,0.01,1.0,0.0,0.5,0.0,0.1,0.001,0.0,0.75,True,0.001,1.0,0.75,xcit_nano_12_p8_384_dist,0.9,adam,10,1.0,8,2,cosine,0.05,0.0001,True,0,1e-06,0.01,none,"(0.9, 0.99)",
38425273475211797,True,8,0.1,1.0,4.0,0.25,10.0,0.1,0.01,0.0,,True,0.005,0.2,0.75,deit3_small_patch16_384_in21ft1k,0.8,momentum,10,0.0,8,2,multistep,0.0,0.0001,False,5,1e-06,1e-05,trivial_augment,,
629623046555444,False,4,0.1,1.0,4.0,0.1,0.0,0.1,0.01,0.0,,False,0.0005,8.0,0.25,volo_d4_448,0.9,sgd,2,0.6,8,2,plateau,0.1,0.0001,False,5,1e-06,0.1,trivial_augment,,
38979225093778425,True,32,0.001,1.0,1.0,0.25,0.0,0.1,0.001,0.0,0.65,True,0.01,0.2,1.0,mobilevit_xxs,0.99,momentum,10,1.0,8,2,cosine,0.0,0.01,True,5,1e-05,1e-05,trivial_augment,,
746595170716002,False,16,0.001,,2.0,4.0,0.0,0.1,0.001,0.3,0.65,False,1e-05,0.4,0.5,xcit_tiny_12_p8_384_dist,0.9,adamw,10,0.4,8,2,cosine,0.1,0.1,True,5,1e-06,0.1,trivial_augment,"(0.9, 0.999)",
2332281583801172,False,4,0.0,1.0,4.0,0.0,0.0,0.1,0.0,0.0,,False,0.0001,1.0,0.0,tf_efficientnet_b7_ns,0.9,sgd,10,1.0,8,2,cosine,0.05,0.0,True,0,1e-05,0.01,none,,
38170471520035532,False,4,0.0,1.0,1.0,0.5,10.0,0.1,0.01,0.2,,False,1e-05,1.0,0.75,edgenext_xx_small,0.9,adamw,10,0.2,8,2,multistep,0.0,0.1,False,10,0.0,1e-05,trivial_augment,"(0.0, 0.99)",
81060997442777826,False,16,0.0,10.0,1.0,0.0,0.0,0.1,0.1,0.3,,False,0.005,0.0,1.0,edgenext_x_small,0.9,adam,10,0.8,9,3,cosine,0.0,0.01,False,0,0.0,0.1,random_augment,"(0.9, 0.99)",
24588304759445761,True,2,0.0,10.0,4.0,0.5,20.0,0.5,0.0,0.4,0.75,True,0.005,8.0,0.75,xcit_small_12_p8_384_dist,0.9,sgd,10,0.8,8,2,multistep,0.1,0.01,True,5,0.0,0.1,trivial_augment,,
90426829193713976,False,256,0.1,1.0,0.0,0.5,0.0,0.1,0.01,0.2,0.75,False,0.01,4.0,0.0,dla46x_c,0.9,adamp,2,0.8,8,2,plateau,0.0,0.001,True,10,1e-05,0.1,auto_augment,"(0.0, 0.999)",original
26955299428442165,True,64,0.01,1.0,2.0,0.25,0.0,0.1,0.001,0.1,0.65,False,0.005,0.0,0.75,dla46x_c,0.95,momentum,10,0.2,9,2,cosine,0.1,0.0001,True,10,1e-05,0.01,random_augment,,
4886784871232613,True,256,0.0001,1.0,1.0,4.0,0.0,0.1,0.01,0.4,0.65,False,0.0005,4.0,0.75,dla46x_c,0.9,sgd,10,1.0,8,2,cosine,0.1,0.0,True,10,1e-06,0.0001,trivial_augment,,
78047901523766623,True,128,0.0,1.0,0.5,0.1,20.0,0.1,0.0,0.4,,False,0.005,2.0,0.5,mobilevit_xxs,0.9,momentum,10,0.2,9,2,multistep,0.0,0.001,False,5,1e-05,0.0001,random_augment,,
30906392356414482,False,16,0.001,,1.0,0.5,0.0,0.1,0.01,0.3,0.75,False,5e-05,8.0,0.75,xcit_small_12_p8_384_dist,0.9,adam,10,0.6,8,2,cosine,0.0,0.0,False,10,1e-05,1e-05,trivial_augment,"(0.0, 0.999)",
33907595841608166,False,2,0.001,1.0,1.0,0.25,0.0,0.1,0.0001,0.3,0.75,False,5e-05,2.0,0.0,edgenext_small,0.99,momentum,10,0.2,8,2,cosine,0.0,0.0,False,5,0.0,0.01,none,,
79055810248166594,False,32,0.001,10.0,0.5,0.1,0.0,0.1,0.01,0.2,0.75,True,5e-05,8.0,0.25,deit3_small_patch16_384_in21ft1k,0.9,adamw,10,1.0,8,2,cosine,0.05,0.1,True,5,1e-06,1e-05,none,"(0.0, 0.999)",
102093278245291803,True,4,0.0,,0.0,0.25,0.0,0.1,0.1,0.1,,False,0.0001,8.0,0.5,xcit_tiny_12_p8_384_dist,0.9,adam,5,0.0,17,2,plateau,0.1,0.1,False,10,1e-06,0.0001,random_augment,"(0.9, 0.999)",
12299144165041688,False,32,0.0,10.0,0.0,0.5,0.0,0.1,0.0,0.2,0.75,False,0.0005,1.0,0.25,dla46x_c,0.9,adamp,10,0.8,8,2,cosine,0.1,0.1,True,0,0.0,0.0001,trivial_augment,"(0.0, 0.99)",
28856187332068404,False,128,0.1,1.0,4.0,0.1,0.0,0.1,0.0001,0.2,0.65,True,0.001,0.2,0.75,edgenext_xx_small,0.9,adam,10,0.8,8,2,cosine,0.05,0.01,False,0,1e-06,0.0001,none,"(0.0, 0.999)",
113558971390759268,False,32,0.0,,2.0,0.5,10.0,0.5,0.01,0.4,0.65,False,0.005,4.0,1.0,mobilevitv2_075,0.9,adamw,10,0.6,8,2,step,0.0,0.1,True,0,0.0,0.1,none,"(0.0, 0.999)",
11729798440259203,True,2,0.1,10.0,0.0,2.0,20.0,0.1,0.1,0.4,0.65,False,0.01,0.2,0.5,edgenext_x_small,0.9,adam,10,0.6,8,2,step,0.1,0.0001,False,0,1e-05,0.001,none,"(0.9, 0.999)",
4524074147335557,True,4,0.01,10.0,0.5,0.0,10.0,0.1,0.001,0.0,,False,0.001,2.0,0.0,xcit_nano_12_p8_384_dist,0.0,momentum,10,0.2,8,2,multistep,0.05,0.0001,False,0,1e-06,0.0001,trivial_augment,,
665961596084652,False,16,0.001,,2.0,2.0,0.0,0.1,0.001,0.3,0.65,False,5e-05,0.0,0.25,volo_d5_448,0.9,sgd,10,1.0,8,2,cosine,0.05,0.1,False,5,1e-06,0.1,trivial_augment,,
115254082436966082,False,2,0.1,,2.0,4.0,10.0,0.5,0.1,0.3,,False,0.001,1.0,0.5,tf_efficientnet_b4_ns,0.9,adam,10,0.4,9,2,step,0.0,0.001,False,0,1e-06,0.01,random_augment,"(0.0, 0.999)",
13477230329603555,True,64,0.01,1.0,0.0,1.0,0.0,0.1,0.0,0.2,,False,0.0001,1.0,1.0,edgenext_xx_small,0.9,sgd,5,0.8,8,2,plateau,0.0,0.01,True,10,1e-05,0.0001,none,,
399959156499509110,False,8,0.001,,0.5,0.25,20.0,0.1,0.1,0.4,,False,0.0005,8.0,0.25,convnext_small_384_in22ft1k,0.9,adamp,10,1.0,17,3,multistep,0.1,0.01,True,5,0.0,0.001,random_augment,"(0.9, 0.999)",
36273379152341271,True,4,0.0001,,0.0,1.0,0.0,0.1,0.01,0.2,0.65,False,0.005,4.0,1.0,edgenext_x_small,0.99,momentum,10,0.6,8,2,cosine,0.1,0.001,True,5,1e-05,0.001,trivial_augment,,
128124062178275559,True,4,0.001,10.0,1.0,4.0,0.0,0.1,0.0001,0.0,,False,0.0005,4.0,0.0,tf_efficientnet_b6_ns,0.9,adamp,5,1.0,17,2,plateau,0.1,0.1,True,5,1e-05,1e-05,random_augment,"(0.0, 0.999)",
31088373182030838,False,128,0.001,1.0,0.0,0.5,20.0,0.5,0.1,0.4,,False,0.0001,4.0,0.25,edgenext_xx_small,0.9,sgd,10,0.6,8,2,step,0.0,0.001,False,0,0.0,0.0,trivial_augment,,
36971921247213136,False,8,0.1,10.0,4.0,1.0,0.0,0.1,0.01,0.2,0.65,False,0.005,2.0,0.75,volo_d4_448,0.9,adamp,5,1.0,8,2,plateau,0.0,0.1,False,0,1e-06,0.0001,none,"(0.9, 0.999)",
96369672042349283,True,64,0.1,,0.0,0.25,0.0,0.1,0.001,0.3,0.65,False,0.001,2.0,0.75,xcit_nano_12_p8_384_dist,0.8,momentum,10,0.6,9,3,cosine,0.05,0.01,False,0,1e-06,0.0,random_augment,,
14968473050840535,True,32,0.001,,1.0,0.25,0.0,0.1,0.0001,0.0,,False,0.0001,0.2,1.0,mobilevitv2_075,0.9,adamp,10,0.6,8,2,cosine,0.1,0.001,True,0,0.0,0.0,trivial_augment,"(0.0, 0.99)",
49434758296190740,False,64,0.0,,4.0,0.1,0.0,0.1,0.01,0.4,0.65,True,1e-05,2.0,0.75,dla46x_c,0.9,adamw,10,0.4,17,2,cosine,0.0,0.0,True,10,1e-06,0.1,random_augment,"(0.9, 0.99)",
24369747008017722,False,16,0.001,1.0,1.0,1.0,0.0,0.1,0.1,0.4,0.65,False,0.005,8.0,0.75,dla46x_c,0.9,adamp,10,0.0,8,2,cosine,0.05,0.1,False,0,0.0,0.1,trivial_augment,"(0.0, 0.999)",
19290137820099825,True,4,0.1,1.0,2.0,0.25,0.0,0.1,0.0001,0.0,,False,0.001,0.0,0.75,convnext_small_384_in22ft1k,0.9,sgd,10,0.6,8,2,cosine,0.1,0.0,True,10,0.0,0.001,auto_augment,,original
22725594478480450,False,8,0.001,1.0,0.5,1.0,0.0,0.1,0.1,0.1,0.65,False,0.001,0.4,0.5,edgenext_small,0.9,adamp,10,0.2,8,2,cosine,0.1,0.1,False,5,1e-05,1e-05,trivial_augment,"(0.9, 0.99)",
6762175677577083,True,4,0.0,1.0,1.0,0.25,0.0,0.1,0.01,0.3,0.65,False,0.0001,2.0,0.25,volo_d4_448,0.9,adam,10,1.0,8,2,cosine,0.1,0.0,False,0,0.0,0.0,none,"(0.9, 0.999)",
64994183526057914,False,4,0.1,10.0,2.0,2.0,0.0,0.1,0.1,0.0,,False,0.001,8.0,0.0,beit_large_patch16_512,0.9,adamp,10,1.0,9,3,cosine,0.0,0.001,False,5,0.0,0.1,random_augment,"(0.9, 0.999)",
120016432636149648,False,128,0.001,1.0,2.0,4.0,10.0,0.5,0.001,0.0,0.65,False,0.0005,2.0,0.0,beit_base_patch16_384,0.95,momentum,10,1.0,8,2,multistep,0.05,0.1,True,5,1e-05,1e-05,none,,
204754494600297,True,32,0.0001,,0.5,2.0,0.0,0.1,0.0001,0.4,0.65,True,0.001,2.0,0.5,xcit_small_12_p8_384_dist,0.0,momentum,2,0.8,8,2,plateau,0.05,0.01,False,5,0.0,0.1,trivial_augment,,
62356046687479010,False,4,0.0001,,1.0,0.5,0.0,0.1,0.01,0.4,0.65,False,0.01,1.0,0.75,mobilevitv2_075,0.9,adamp,5,0.2,8,2,plateau,0.0,0.0001,True,5,0.0,1e-05,none,"(0.0, 0.999)",
15202706194089619,True,16,0.1,10.0,2.0,0.5,0.0,0.1,0.001,0.0,,False,0.001,0.0,0.0,xcit_small_12_p8_384_dist,0.9,sgd,5,1.0,9,2,plateau,0.0,0.01,False,10,0.0,0.0,random_augment,,
2834850693977012,False,4,0.0,10.0,4.0,2.0,0.0,0.1,0.0,0.1,0.75,False,0.0001,0.2,1.0,deit3_small_patch16_384_in21ft1k,0.9,adamp,2,0.2,8,2,plateau,0.1,0.01,True,0,0.0,0.001,none,"(0.9, 0.999)",
34040527012881689,True,8,0.01,10.0,0.0,0.25,0.0,0.1,0.01,0.3,0.75,False,0.0001,8.0,0.5,mobilevit_xs,0.9,adamw,2,0.0,8,2,plateau,0.1,0.01,True,5,0.0,0.01,auto_augment,"(0.0, 0.99)",v0
23109507143762763,True,4,0.0,1.0,0.5,0.5,0.0,0.1,0.0,0.0,,False,0.01,0.2,0.75,edgenext_xx_small,0.9,adamp,10,0.0,8,2,cosine,0.05,0.0,False,5,0.0,0.0,auto_augment,"(0.9, 0.999)",original
46718484232405647,True,4,0.01,10.0,2.0,0.0,0.0,0.1,0.001,0.1,0.75,False,5e-05,0.0,0.0,volo_d5_448,0.0,momentum,5,0.8,8,2,plateau,0.1,0.01,False,10,1e-06,1e-05,none,,
285147396648295210,False,64,0.0,,0.0,0.25,20.0,0.5,0.001,0.2,,False,0.005,1.0,0.25,dla46x_c,0.9,adamw,10,0.8,9,3,multistep,0.0,0.0001,True,5,0.0,0.01,random_augment,"(0.9, 0.999)",
364087065154932391,True,128,0.0001,10.0,4.0,1.0,10.0,0.1,0.0001,0.1,0.65,True,0.005,4.0,0.25,edgenext_xx_small,0.9,adamw,10,0.6,9,3,multistep,0.1,0.001,True,10,1e-06,0.0,random_augment,"(0.0, 0.999)",
151386951492156571,True,16,0.01,,2.0,0.1,10.0,0.5,0.0,0.4,,False,0.0001,8.0,0.0,edgenext_xx_small,0.9,adamp,10,0.4,8,2,multistep,0.05,0.0,False,5,0.0,1e-05,none,"(0.0, 0.99)",
210819615259693815,True,32,0.001,10.0,1.0,2.0,0.0,0.1,0.01,0.1,0.75,True,0.005,0.0,1.0,xcit_tiny_12_p8_384_dist,0.9,adamp,2,1.0,17,3,plateau,0.1,0.0001,False,5,0.0,0.1,random_augment,"(0.9, 0.99)",
118127833500988595,True,64,0.01,10.0,0.0,0.5,0.0,0.1,0.01,0.3,0.75,True,1e-05,2.0,0.25,edgenext_xx_small,0.9,adamw,10,0.6,17,3,cosine,0.1,0.01,False,5,1e-06,0.0001,random_augment,"(0.9, 0.99)",
5417367827809716,False,2,0.001,,4.0,0.1,0.0,0.1,0.0001,0.0,0.75,False,5e-05,0.4,0.75,xcit_small_12_p8_384_dist,0.9,sgd,10,0.4,8,2,cosine,0.0,0.0001,False,0,0.0,1e-05,trivial_augment,,
90294960941214436,False,64,0.001,,1.0,1.0,20.0,0.5,0.0,0.1,,False,5e-05,0.2,1.0,xcit_tiny_12_p8_384_dist,0.9,adamp,10,1.0,8,2,step,0.05,0.01,True,5,1e-05,0.1,trivial_augment,"(0.9, 0.99)",
34572097120100139,True,32,0.0,,4.0,4.0,0.0,0.1,0.001,0.3,,False,0.0005,2.0,0.0,dla46x_c,0.9,adam,10,0.6,8,2,cosine,0.05,0.1,False,10,1e-06,0.01,auto_augment,"(0.0, 0.99)",v0
3127419771908286,False,128,0.01,10.0,1.0,0.1,0.0,0.1,0.0001,0.0,,False,0.0001,8.0,1.0,mobilevit_xxs,0.9,adamp,10,0.8,8,2,cosine,0.05,0.01,True,10,0.0,0.001,none,"(0.9, 0.999)",
129588213710115579,True,4,0.001,,1.0,4.0,20.0,0.5,0.0,0.2,0.75,False,5e-05,1.0,0.0,edgenext_small,0.9,sgd,10,1.0,17,3,multistep,0.05,0.001,True,10,1e-05,0.0,random_augment,,
841658147133105,True,4,0.1,,4.0,4.0,0.0,0.1,0.01,0.4,0.65,False,0.0001,4.0,1.0,dla46x_c,0.9,adamp,10,0.4,8,2,cosine,0.0,0.0001,True,10,1e-06,0.1,trivial_augment,"(0.9, 0.999)",
19090786550902590,False,128,0.0001,10.0,4.0,0.5,10.0,0.5,0.0001,0.0,,False,0.0001,0.4,0.75,mobilevit_xxs,0.9,sgd,10,0.2,8,2,step,0.05,0.001,False,5,0.0,0.001,trivial_augment,,
123737752010629375,True,16,0.0001,1.0,2.0,2.0,0.0,0.1,0.0001,0.0,0.65,False,1e-05,0.2,0.5,edgenext_x_small,0.9,adamp,5,0.4,17,2,plateau,0.05,0.001,True,10,1e-06,0.01,random_augment,"(0.0, 0.999)",
403889805804511552,False,8,0.0001,,4.0,0.25,10.0,0.1,0.01,0.4,,False,0.0001,2.0,1.0,xcit_tiny_12_p8_384_dist,0.99,momentum,10,1.0,8,2,multistep,0.1,0.0,False,5,0.0,0.0,auto_augment,,v0
85204481842640527,True,16,0.0,10.0,1.0,0.5,20.0,0.5,0.01,0.1,0.75,True,0.0005,0.0,1.0,dla46x_c,0.9,adamw,10,0.4,8,2,multistep,0.0,0.1,True,0,0.0,0.0001,auto_augment,"(0.9, 0.999)",v0
28421639403157239,True,256,0.01,1.0,4.0,4.0,0.0,0.1,0.0,0.1,0.75,False,1e-05,2.0,1.0,edgenext_xx_small,0.9,adamw,10,0.2,9,2,cosine,0.05,0.1,False,0,0.0,0.0001,random_augment,"(0.0, 0.999)",
241072391318164567,True,16,0.0,10.0,4.0,0.0,20.0,0.1,0.01,0.4,0.65,False,0.001,2.0,0.25,convnext_small_384_in22ft1k,0.9,adam,10,0.0,17,2,step,0.05,0.01,True,5,1e-06,1e-05,random_augment,"(0.0, 0.999)",
89885304610958702,False,4,0.0,1.0,2.0,0.0,20.0,0.5,0.0001,0.0,0.75,False,0.0001,2.0,0.75,volo_d3_448,0.9,adam,10,0.4,8,2,multistep,0.0,0.0001,False,10,1e-06,0.1,none,"(0.9, 0.99)",
25282616568434952,False,16,0.001,,2.0,4.0,20.0,0.5,0.0,0.4,0.65,True,0.01,2.0,0.25,mobilevit_xxs,0.9,sgd,10,1.0,8,2,step,0.0,0.0,True,0,1e-05,0.1,none,,
88970152027870592,False,32,0.01,10.0,0.0,0.1,10.0,0.5,0.0,0.1,0.75,False,0.001,2.0,0.75,mobilevit_xs,0.9,adam,10,0.4,8,2,multistep,0.0,0.0,False,10,1e-05,0.0,none,"(0.9, 0.99)",
39785975615977,True,16,0.0,1.0,4.0,2.0,0.0,0.1,0.001,0.2,0.75,True,0.01,2.0,0.5,convnext_small_384_in22ft1k,0.9,adamw,2,0.8,8,2,plateau,0.05,0.001,False,0,0.0,0.1,trivial_augment,"(0.9, 0.999)",
11147084090794173,True,4,0.0,,0.5,0.5,0.0,0.1,0.01,0.3,,False,0.0001,4.0,1.0,xcit_tiny_12_p8_384_dist,0.9,adamp,2,1.0,8,2,plateau,0.1,0.001,False,10,0.0,0.001,trivial_augment,"(0.0, 0.99)",
20711910636392207,True,8,0.1,10.0,0.0,1.0,10.0,0.1,0.1,0.3,,False,5e-05,0.0,0.75,deit3_small_patch16_384_in21ft1k,0.9,sgd,10,0.0,8,2,multistep,0.05,0.0,False,0,1e-06,0.0001,auto_augment,,original
110146918342916921,True,8,0.001,10.0,0.0,0.0,0.0,0.1,0.0001,0.0,,False,0.001,2.0,0.5,volo_d1_384,0.95,momentum,10,0.2,9,3,cosine,0.1,0.0001,False,10,1e-06,0.0001,random_augment,,
14193983298474563,True,8,0.0001,10.0,2.0,0.25,0.0,0.1,0.01,0.2,0.75,False,0.001,0.2,0.0,xcit_small_12_p8_384_dist,0.9,adamp,10,0.2,8,2,cosine,0.0,0.0001,True,5,1e-06,1e-05,trivial_augment,"(0.0, 0.99)",
15733689266526277,True,128,0.01,1.0,0.5,0.5,0.0,0.1,0.0001,0.1,0.65,False,0.0001,4.0,1.0,mobilevit_xxs,0.8,momentum,10,0.8,8,2,cosine,0.1,0.01,True,10,1e-06,0.0,none,,
4305001559483785,True,128,0.1,,0.0,0.25,0.0,0.1,0.0,0.4,0.65,False,5e-05,1.0,0.5,mobilevitv2_075,0.9,sgd,2,0.2,8,2,plateau,0.1,0.0001,True,5,0.0,0.0001,none,,
24554092974203018,False,4,0.001,10.0,0.0,4.0,0.0,0.1,0.0001,0.2,0.75,False,0.001,2.0,1.0,tf_efficientnet_b7_ns,0.9,adamp,2,0.4,9,2,plateau,0.05,0.0001,True,5,0.0,0.1,random_augment,"(0.0, 0.999)",
5531860013934194,False,32,0.001,1.0,2.0,0.5,0.0,0.1,0.1,0.2,0.65,True,0.0005,4.0,0.5,xcit_tiny_24_p8_384_dist,0.9,adamp,10,0.8,8,2,cosine,0.1,0.01,True,0,0.0,1e-05,none,"(0.9, 0.999)",
147570471320524305,True,256,0.0,,1.0,2.0,10.0,0.5,0.0,0.3,0.65,True,5e-05,4.0,1.0,dla46x_c,0.99,momentum,10,0.8,8,2,step,0.0,0.0001,True,10,0.0,0.01,none,,
118624947963034034,False,4,0.1,,2.0,2.0,10.0,0.5,0.01,0.2,0.65,False,5e-05,0.4,0.5,deit3_small_patch16_384_in21ft1k,0.9,adamp,10,0.6,8,2,step,0.1,0.0001,True,5,1e-05,0.0001,none,"(0.0, 0.999)",
78750617220944839,True,2,0.0001,,0.5,0.0,0.0,0.1,0.1,0.0,0.65,False,0.005,2.0,0.75,volo_d1_384,0.9,adamp,10,0.8,8,2,cosine,0.0,0.1,True,10,0.0,1e-05,none,"(0.0, 0.999)",
229180783867997941,True,2,0.0,,1.0,0.25,10.0,0.1,0.0001,0.2,0.65,True,0.0001,1.0,0.25,swinv2_base_window12to24_192to384_22kft1k,0.9,momentum,10,0.8,17,2,step,0.1,0.0,True,0,1e-05,0.01,random_augment,,
57938202126509009,True,8,0.01,,0.0,4.0,20.0,0.5,0.01,0.2,,False,0.005,1.0,0.5,convnext_small_384_in22ft1k,0.9,adamp,10,0.2,8,2,step,0.1,0.0001,False,10,1e-05,0.1,trivial_augment,"(0.0, 0.99)",
51324721708137678,False,2,0.0001,1.0,0.5,1.0,0.0,0.1,0.0,0.2,0.65,False,5e-05,0.0,0.75,beit_base_patch16_384,0.9,adam,10,0.0,17,2,cosine,0.0,0.0001,False,0,0.0,0.001,random_augment,"(0.9, 0.99)",
24130695578079751,True,16,0.01,1.0,0.0,0.1,0.0,0.1,0.0001,0.4,0.65,False,0.0005,1.0,0.0,edgenext_x_small,0.9,adamp,10,0.0,8,2,cosine,0.05,0.01,True,5,1e-05,0.0,trivial_augment,"(0.9, 0.99)",
25179259164648256,False,64,0.001,,2.0,4.0,0.0,0.1,0.01,0.3,0.65,True,0.01,8.0,1.0,mobilevitv2_075,0.9,sgd,5,0.6,17,2,plateau,0.0,0.01,True,10,1e-06,0.1,random_augment,,
95737647972735378,False,2,0.0001,1.0,0.5,4.0,0.0,0.1,0.0,0.2,0.75,False,0.0005,2.0,1.0,tf_efficientnet_b4_ns,0.9,adamp,2,0.6,17,2,plateau,0.0,0.0001,False,10,1e-05,1e-05,random_augment,"(0.0, 0.999)",
18089389076700812,False,256,0.0001,,4.0,0.5,0.0,0.1,0.1,0.0,0.75,True,0.0005,0.0,0.0,edgenext_small,0.9,adamp,10,1.0,8,2,cosine,0.1,0.0,True,0,1e-06,0.01,trivial_augment,"(0.9, 0.99)",
4237652724982431,True,256,0.001,1.0,1.0,0.5,0.0,0.1,0.0001,0.4,0.75,True,0.01,0.4,0.5,edgenext_small,0.9,sgd,10,1.0,9,2,cosine,0.05,0.001,False,5,0.0,0.0001,random_augment,,
109698446346167133,True,32,0.01,,0.5,1.0,20.0,0.1,0.01,0.2,0.65,True,0.005,8.0,0.25,edgenext_x_small,0.9,adamp,10,0.8,8,2,step,0.1,0.0001,False,10,0.0,0.0001,none,"(0.0, 0.999)",
133714432642110834,False,128,0.1,,0.0,1.0,0.0,0.1,0.0,0.3,,False,0.005,2.0,0.25,dla46x_c,0.9,adamw,5,0.2,8,2,plateau,0.05,0.001,False,0,0.0,0.0001,auto_augment,"(0.0, 0.99)",v0
7193211068009038,False,8,0.01,1.0,1.0,0.0,0.0,0.1,0.0,0.0,0.75,False,5e-05,0.4,0.5,mobilevitv2_075,0.9,sgd,10,1.0,8,2,cosine,0.05,0.1,True,10,0.0,0.0,none,,
24887567010857414,False,256,0.0,10.0,0.5,4.0,20.0,0.5,0.01,0.4,0.75,False,0.0005,1.0,0.0,edgenext_small,0.0,momentum,10,1.0,8,2,step,0.1,0.01,True,0,1e-06,0.1,trivial_augment,,
53859417261532241,True,8,0.001,,0.0,1.0,0.0,0.1,0.0001,0.1,,False,0.0001,8.0,0.25,edgenext_x_small,0.9,adamw,5,0.2,8,2,plateau,0.1,0.1,True,5,1e-05,0.0001,none,"(0.9, 0.99)",
7498333154241186,False,16,0.0,1.0,1.0,0.1,0.0,0.1,0.1,0.2,0.75,False,0.01,1.0,0.0,xcit_nano_12_p8_384_dist,0.9,adam,10,1.0,8,2,cosine,0.1,0.1,True,5,1e-06,0.0,none,"(0.9, 0.999)",
93235291216485496,False,512,0.0,10.0,0.0,4.0,20.0,0.5,0.1,0.4,,False,0.005,2.0,0.75,dla46x_c,0.9,adam,10,0.8,8,2,step,0.05,0.1,False,0,0.0,0.0001,none,"(0.9, 0.99)",
517619717111223645,True,256,0.0,1.0,1.0,4.0,20.0,0.5,0.0,0.4,0.65,True,1e-05,0.4,0.5,edgenext_small,0.9,adam,10,0.4,17,3,step,0.05,0.0001,False,0,1e-06,0.0,random_augment,"(0.0, 0.999)",
43110354161197265,True,8,0.0,10.0,4.0,0.0,20.0,0.1,0.0,0.4,0.75,False,0.0001,0.4,0.75,deit3_small_patch16_384_in21ft1k,0.9,adam,10,0.2,8,2,step,0.05,0.01,False,10,1e-05,0.01,none,"(0.0, 0.99)",
13798916167247700,False,16,0.01,,1.0,4.0,0.0,0.1,0.0,0.1,0.65,True,1e-05,4.0,0.0,edgenext_small,0.9,adamp,10,0.2,8,2,cosine,0.1,0.1,True,5,0.0,1e-05,none,"(0.0, 0.99)",
23277983295725717,True,8,0.1,,1.0,0.25,10.0,0.5,0.01,0.1,,False,0.01,0.4,0.75,beit_base_patch16_384,0.9,adamw,10,0.6,8,2,multistep,0.05,0.0001,False,10,0.0,0.0,none,"(0.9, 0.999)",
33919139790977132,False,4,0.0,10.0,0.0,0.1,10.0,0.1,0.001,0.0,0.75,False,0.0001,0.0,0.25,mobilevit_xxs,0.9,adam,10,0.8,8,2,step,0.1,0.0,False,5,0.0,0.01,none,"(0.0, 0.99)",
39656885203827643,True,128,0.0,,4.0,2.0,0.0,0.1,0.0001,0.3,0.75,True,1e-05,8.0,0.25,mobilevit_xxs,0.9,adam,5,0.4,8,2,plateau,0.0,0.01,False,0,1e-06,0.0,none,"(0.9, 0.999)",
2312154056209295,True,64,0.01,10.0,0.0,0.5,0.0,0.1,0.0,0.0,,True,0.005,0.0,0.0,xcit_tiny_24_p8_384_dist,0.0,momentum,10,0.8,8,2,cosine,0.0,0.1,False,0,1e-05,0.01,none,,
89518635355051807,True,16,0.0,10.0,0.5,0.0,0.0,0.1,0.0,0.2,0.65,False,0.005,1.0,0.5,volo_d3_448,0.9,adamp,10,0.8,8,2,cosine,0.1,0.0001,True,10,0.0,0.1,auto_augment,"(0.0, 0.999)",original
120180652669595238,False,16,0.1,,2.0,4.0,10.0,0.5,0.0001,0.1,,False,0.0005,2.0,0.25,edgenext_xx_small,0.95,momentum,10,0.0,8,2,multistep,0.05,0.0,False,0,0.0,0.0,trivial_augment,,
96474761455132880,False,32,0.1,10.0,0.5,1.0,0.0,0.1,0.001,0.2,0.65,False,5e-05,0.4,1.0,edgenext_x_small,0.9,adamw,10,0.6,8,2,cosine,0.05,0.0,False,5,1e-06,0.0,auto_augment,"(0.0, 0.999)",original
77639476314247173,True,32,0.01,,2.0,0.1,0.0,0.1,0.001,0.4,0.65,False,0.0005,0.2,0.75,xcit_small_12_p8_384_dist,0.95,momentum,2,1.0,8,2,plateau,0.1,0.1,False,5,1e-06,0.0001,none,,
12696398640204194,False,4,0.1,10.0,1.0,1.0,0.0,0.1,0.0,0.2,,False,0.0001,4.0,0.75,convnext_small_384_in22ft1k,0.9,sgd,5,0.0,8,2,plateau,0.0,0.0001,True,0,1e-06,0.0001,none,,
196149325552907587,True,16,0.0,1.0,1.0,0.0,10.0,0.1,0.001,0.2,0.75,True,0.0005,0.0,0.75,edgenext_small,0.9,adamw,10,0.4,8,2,step,0.0,0.1,False,10,0.0,0.01,none,"(0.9, 0.99)",
18939079867430880,False,2,0.0,,4.0,4.0,0.0,0.1,0.0001,0.0,0.65,False,5e-05,8.0,0.25,xcit_tiny_24_p8_384_dist,0.9,sgd,10,0.6,9,3,cosine,0.05,0.001,False,0,0.0,0.001,random_augment,,
86134012721286843,True,4,0.0,,1.0,4.0,10.0,0.5,0.1,0.3,0.75,False,5e-05,0.2,0.25,edgenext_small,0.9,adamp,10,0.8,8,2,step,0.0,0.0001,False,5,1e-05,0.0001,none,"(0.9, 0.99)",
115466965154529974,False,32,0.001,,4.0,2.0,0.0,0.1,0.1,0.3,0.75,True,0.001,0.2,0.25,mobilevit_xs,0.9,adam,10,0.2,17,3,cosine,0.05,0.0001,True,5,1e-06,0.01,random_augment,"(0.9, 0.99)",
197200545535215578,False,4,0.001,10.0,2.0,0.0,10.0,0.1,0.1,0.0,,True,5e-05,2.0,0.75,convnext_small_384_in22ft1k,0.9,adamp,10,0.4,8,2,multistep,0.0,0.1,False,0,0.0,0.001,none,"(0.9, 0.99)",
3751235787729252,False,128,0.0,10.0,2.0,1.0,0.0,0.1,0.01,0.0,0.75,False,0.001,1.0,0.0,mobilevit_xxs,0.9,sgd,10,0.6,8,2,cosine,0.0,0.0,False,5,1e-05,0.001,trivial_augment,,
261351747855506619,True,32,0.0,1.0,0.5,0.25,10.0,0.5,0.1,0.1,,True,0.0001,2.0,0.5,edgenext_small,0.9,adamw,10,0.6,8,2,step,0.0,0.0,False,10,1e-06,0.01,auto_augment,"(0.9, 0.99)",original
116554933688034,False,128,0.1,,0.0,2.0,0.0,0.1,0.1,0.0,0.65,True,0.005,8.0,0.75,dla46x_c,0.9,sgd,10,0.6,8,2,cosine,0.1,0.001,True,0,0.0,0.1,none,,
47116637070601682,False,4,0.0,10.0,0.0,1.0,20.0,0.1,0.1,0.4,0.75,False,0.001,8.0,0.0,volo_d1_384,0.9,adamw,10,0.8,9,2,step,0.05,0.0,False,10,1e-05,1e-05,random_augment,"(0.0, 0.99)",
101144993567270338,False,64,0.0001,1.0,0.5,0.5,0.0,0.1,0.0,0.3,,False,0.0005,4.0,1.0,volo_d1_384,0.9,adamp,10,1.0,17,3,cosine,0.1,0.0001,False,10,1e-05,0.001,random_augment,"(0.9, 0.999)",
64231807307282136,False,2,0.001,1.0,2.0,0.1,0.0,0.1,0.01,0.3,,False,5e-05,0.4,0.5,beit_large_patch16_512,0.9,adam,5,0.8,8,2,plateau,0.0,0.0001,False,10,1e-06,0.0,trivial_augment,"(0.0, 0.999)",
343781850047319238,False,8,0.01,1.0,1.0,0.0,10.0,0.5,0.1,0.1,,False,0.0005,0.4,0.5,mobilevit_xxs,0.95,momentum,10,0.2,8,2,step,0.05,0.1,False,10,1e-06,0.001,none,,
11854593273020364,False,2,0.01,1.0,0.5,0.25,20.0,0.1,0.0001,0.0,,False,5e-05,0.0,1.0,mobilevit_xxs,0.9,sgd,10,0.4,8,2,step,0.0,0.0,False,5,1e-05,0.001,trivial_augment,,
14467245515807401,True,2,0.0,10.0,0.5,0.1,0.0,0.1,0.001,0.0,,False,1e-05,0.2,1.0,mobilevitv2_075,0.9,sgd,5,0.6,8,2,plateau,0.0,0.1,False,0,1e-05,1e-05,none,,
34606061704115105,True,8,0.0,,0.0,1.0,0.0,0.1,0.0001,0.2,,True,0.01,0.2,0.0,xcit_nano_12_p8_384_dist,0.99,momentum,2,0.6,9,2,plateau,0.05,0.0001,True,10,1e-06,0.01,random_augment,,
33537366642385620,False,2,0.0,10.0,1.0,4.0,0.0,0.1,0.0001,0.1,0.75,False,0.0001,0.0,0.25,edgenext_xx_small,0.99,momentum,10,0.0,8,2,cosine,0.05,0.0,True,5,1e-05,0.1,none,,
14903485292369252,False,4,0.0,10.0,0.5,4.0,0.0,0.1,0.0001,0.1,0.65,False,1e-05,0.2,0.5,deit3_small_patch16_384_in21ft1k,0.9,sgd,10,0.8,17,2,cosine,0.05,0.01,False,0,0.0,0.0,random_augment,,
30190148558919114,False,16,0.0001,10.0,2.0,0.5,0.0,0.1,0.001,0.1,,False,5e-05,8.0,0.0,beit_base_patch16_384,0.9,adamp,2,0.4,8,2,plateau,0.0,0.001,False,0,1e-06,1e-05,trivial_augment,"(0.0, 0.999)",
84593510924571651,True,4,0.0001,10.0,0.0,0.5,10.0,0.5,0.01,0.1,0.75,True,0.001,0.2,0.5,tf_efficientnet_b7_ns,0.9,adamw,10,0.6,8,2,step,0.05,0.01,True,10,1e-06,0.001,none,"(0.9, 0.99)",
20003007542516664,False,16,0.0001,,1.0,0.5,0.0,0.1,0.001,0.3,0.75,False,0.0001,2.0,0.25,volo_d1_384,0.9,adam,2,0.2,8,2,plateau,0.0,0.01,False,5,1e-05,0.001,trivial_augment,"(0.9, 0.99)",
38712774583529444,False,4,0.1,1.0,4.0,4.0,0.0,0.1,0.1,0.0,0.75,False,0.001,2.0,0.5,mobilevit_xxs,0.9,adamp,10,0.4,17,2,cosine,0.05,0.0,False,0,1e-05,1e-05,random_augment,"(0.9, 0.999)",
51629789134198806,False,16,0.0,1.0,2.0,1.0,0.0,0.1,0.001,0.2,,False,1e-05,0.4,1.0,deit3_small_patch16_384_in21ft1k,0.9,adam,10,0.0,17,2,cosine,0.05,0.0001,False,10,0.0,0.001,random_augment,"(0.9, 0.99)",
7102191945583683,True,32,0.01,10.0,1.0,0.25,0.0,0.1,0.1,0.1,,False,0.01,0.2,0.0,xcit_nano_12_p8_384_dist,0.9,sgd,10,1.0,8,2,cosine,0.05,0.01,False,10,0.0,0.0,none,,
96374003995188980,False,32,0.1,10.0,0.5,0.1,0.0,0.1,0.1,0.3,,False,0.01,4.0,0.0,edgenext_small,0.8,momentum,10,1.0,9,3,cosine,0.1,0.01,False,0,1e-06,0.0,random_augment,,
73066249140628052,False,4,0.0,10.0,0.5,0.5,20.0,0.5,0.1,0.1,0.65,False,5e-05,8.0,1.0,volo_d1_384,0.9,sgd,10,0.6,8,2,step,0.0,0.0,False,5,0.0,0.1,none,,
149021552730947133,True,4,0.0,10.0,0.0,0.25,10.0,0.5,0.0001,0.3,,False,0.01,0.0,0.25,volo_d3_448,0.99,momentum,10,0.6,8,2,multistep,0.1,0.001,False,0,1e-06,0.001,trivial_augment,,
1666769292066738,False,128,0.001,,1.0,0.1,0.0,0.1,0.0001,0.3,,False,0.005,2.0,0.25,edgenext_small,0.9,adamw,10,0.4,8,2,cosine,0.0,0.0001,False,10,0.0,0.01,none,"(0.9, 0.999)",
23044087994048768,False,4,0.001,1.0,1.0,0.0,0.0,0.1,0.1,0.2,,False,0.001,1.0,0.75,edgenext_small,0.9,adam,2,0.8,9,2,plateau,0.1,0.0,True,0,0.0,0.0,random_augment,"(0.9, 0.99)",
24245405397768431,True,64,0.0,10.0,1.0,0.1,0.0,0.1,0.0,0.2,,False,0.0001,0.2,0.75,volo_d1_384,0.9,sgd,10,1.0,8,2,cosine,0.0,0.0001,True,10,1e-05,0.0,auto_augment,,original
52241081276462010,False,16,0.01,1.0,2.0,4.0,0.0,0.1,0.001,0.1,0.75,False,0.001,1.0,0.5,mobilevit_xs,0.9,adam,10,0.2,8,2,cosine,0.0,0.001,False,0,1e-05,0.001,none,"(0.9, 0.99)",
30625221558544266,False,128,0.01,10.0,0.5,0.25,0.0,0.1,0.001,0.4,0.75,False,0.0005,0.4,1.0,mobilevit_xxs,0.9,adamw,2,0.4,8,2,plateau,0.0,0.0001,False,0,1e-05,1e-05,trivial_augment,"(0.0, 0.999)",
100275752935581594,False,16,0.0001,,0.5,0.0,0.0,0.1,0.01,0.1,,False,1e-05,2.0,0.25,volo_d4_448,0.9,adam,10,1.0,17,3,cosine,0.1,0.01,False,10,0.0,0.001,random_augment,"(0.9, 0.999)",
1125957839845668,False,16,0.1,1.0,0.0,0.5,0.0,0.1,0.0,0.3,,True,0.005,0.4,0.25,tf_efficientnet_b6_ns,0.9,adam,10,0.8,8,2,cosine,0.0,0.0,True,5,1e-05,0.1,trivial_augment,"(0.9, 0.999)",
31281840075428108,False,32,0.0,,0.0,0.5,0.0,0.1,0.001,0.1,0.75,False,1e-05,2.0,0.25,edgenext_x_small,0.9,adamw,10,1.0,8,2,cosine,0.0,0.0,True,5,0.0,0.0,trivial_augment,"(0.0, 0.999)",
37092203476651682,False,32,0.01,,0.5,0.1,0.0,0.1,0.0,0.0,0.75,False,0.0001,0.2,0.75,mobilevit_xxs,0.99,momentum,10,0.2,8,2,cosine,0.05,0.001,False,5,1e-06,0.0001,none,,
37841840673188779,True,2,0.0001,10.0,4.0,0.25,0.0,0.1,0.0001,0.3,,False,0.005,8.0,1.0,edgenext_x_small,0.99,momentum,2,0.8,8,2,plateau,0.0,0.001,False,0,0.0,1e-05,none,,
2455855208151142,False,8,0.0001,1.0,4.0,0.25,0.0,0.1,0.0001,0.0,,False,0.0001,8.0,0.25,edgenext_x_small,0.0,momentum,10,0.4,8,2,cosine,0.1,0.01,False,5,1e-05,0.01,trivial_augment,,
471471175957981122,False,2,0.1,,0.0,0.25,20.0,0.5,0.0,0.0,,False,0.005,4.0,0.25,edgenext_small,0.99,momentum,10,0.6,8,2,step,0.05,0.0,True,5,0.0,0.01,auto_augment,,v0
48014311152714593,True,8,0.0001,,0.5,2.0,0.0,0.1,0.1,0.2,0.75,False,0.005,0.2,0.0,xcit_tiny_24_p8_384_dist,0.9,adamw,10,0.2,8,2,cosine,0.05,0.0,False,10,1e-06,0.0,auto_augment,"(0.0, 0.99)",original
1995074924263391,True,64,0.0,10.0,0.0,1.0,0.0,0.1,0.0001,0.0,,False,0.01,4.0,1.0,dla46x_c,0.9,sgd,2,0.8,8,2,plateau,0.1,0.001,False,5,1e-06,0.01,none,,
36751053156137679,True,4,0.001,10.0,2.0,2.0,0.0,0.1,0.0,0.4,0.65,False,0.0005,8.0,0.5,convnext_small_384_in22ft1k,0.9,adamp,5,0.0,9,2,plateau,0.05,0.1,True,5,0.0,0.0001,random_augment,"(0.9, 0.999)",
23219930133039116,False,4,0.01,,2.0,1.0,0.0,0.1,0.01,0.0,,False,0.001,0.2,0.25,dla46x_c,0.9,momentum,10,0.6,8,2,cosine,0.1,0.001,True,5,0.0,0.0,trivial_augment,,
80628348488279,True,8,0.01,1.0,4.0,0.0,0.0,0.1,0.001,0.3,0.65,False,0.0005,1.0,0.5,tf_efficientnet_b6_ns,0.9,adamw,10,0.6,8,2,cosine,0.05,0.0,True,0,0.0,0.1,trivial_augment,"(0.9, 0.999)",
127101445685125185,True,4,0.1,,2.0,0.25,20.0,0.5,0.001,0.4,0.75,False,0.0001,0.4,0.75,xcit_tiny_12_p8_384_dist,0.95,momentum,10,0.6,8,2,step,0.1,0.0001,False,5,0.0,1e-05,none,,
65898103245529950,False,2,0.0,1.0,2.0,0.1,0.0,0.1,0.0001,0.4,0.65,False,0.0001,0.2,0.0,deit3_small_patch16_384_in21ft1k,0.95,momentum,10,0.8,17,2,cosine,0.05,0.001,False,5,1e-05,0.1,random_augment,,
37866929357004781,True,128,0.0001,,0.0,2.0,0.0,0.1,0.0,0.2,,False,0.005,0.2,0.5,convnext_small_384_in22ft1k,0.9,adamp,5,0.8,8,2,plateau,0.1,0.01,False,0,0.0,1e-05,none,"(0.9, 0.999)",
43008539359512717,True,32,0.0001,10.0,2.0,2.0,0.0,0.1,0.001,0.4,0.65,False,1e-05,8.0,0.75,xcit_tiny_12_p8_384_dist,0.9,adamw,10,0.4,8,2,cosine,0.1,0.0001,True,5,1e-05,0.01,auto_augment,"(0.0, 0.99)",original
162050904397837,True,2,0.001,10.0,0.5,1.0,10.0,0.1,0.001,0.2,0.75,False,0.005,2.0,0.75,xcit_tiny_24_p8_384_dist,0.9,sgd,10,0.0,8,2,step,0.1,0.0,False,5,0.0,0.1,none,,
67420253453506155,True,32,0.001,,2.0,0.25,10.0,0.1,0.001,0.3,,False,1e-05,8.0,0.0,volo_d1_384,0.9,adam,10,0.6,8,2,step,0.1,0.01,False,10,1e-05,0.01,none,"(0.9, 0.99)",
93015729934515023,True,8,0.0001,10.0,0.5,2.0,20.0,0.5,0.0001,0.0,,False,1e-05,1.0,0.25,tf_efficientnet_b6_ns,0.9,adam,10,0.2,8,2,multistep,0.1,0.1,True,5,1e-05,0.001,none,"(0.9, 0.99)",
31411465876159406,False,32,0.0001,,4.0,2.0,0.0,0.1,0.1,0.3,,True,0.01,8.0,0.25,mobilevit_xs,0.8,momentum,10,0.6,8,2,cosine,0.1,0.01,False,10,0.0,0.0,none,,
276770413059082192,False,64,0.1,1.0,0.5,0.5,10.0,0.5,0.0001,0.4,0.65,False,0.01,0.0,1.0,edgenext_small,0.95,momentum,10,0.4,17,2,multistep,0.1,0.001,True,10,1e-05,0.1,random_augment,,
117790790996214776,False,4,0.01,1.0,4.0,0.25,10.0,0.5,0.01,0.2,0.75,False,0.001,4.0,0.25,deit3_small_patch16_384_in21ft1k,0.9,adamp,10,0.6,8,2,multistep,0.0,0.0001,False,10,0.0,0.0001,trivial_augment,"(0.0, 0.999)",
67258528670717129,True,64,0.0001,10.0,0.5,4.0,0.0,0.1,0.1,0.1,0.65,True,0.001,0.2,0.25,xcit_tiny_24_p8_384_dist,0.9,momentum,10,1.0,8,2,cosine,0.0,0.01,False,5,1e-05,0.01,auto_augment,,original
172642001970637199,True,64,0.0001,,0.5,2.0,0.0,0.1,0.0001,0.1,,True,0.0001,8.0,1.0,deit3_small_patch16_384_in21ft1k,0.9,momentum,5,0.6,8,2,plateau,0.0,0.001,True,5,1e-05,0.01,none,,
127965013303380334,False,512,0.0001,1.0,2.0,4.0,0.0,0.1,0.01,0.1,,False,0.005,1.0,0.5,edgenext_x_small,0.9,adamw,10,1.0,17,3,cosine,0.05,0.1,True,0,1e-05,1e-05,random_augment,"(0.0, 0.999)",
229742166487757646,False,128,0.01,10.0,0.0,4.0,10.0,0.1,0.01,0.3,,False,0.0001,0.0,1.0,xcit_small_12_p8_384_dist,0.9,adamp,10,1.0,17,2,multistep,0.0,0.01,False,5,0.0,0.001,random_augment,"(0.0, 0.999)",
87364397560565348,False,32,0.0,10.0,2.0,2.0,10.0,0.5,0.001,0.3,0.65,False,5e-05,0.0,1.0,volo_d3_448,0.9,adamp,10,1.0,8,2,step,0.0,0.01,False,0,1e-05,1e-05,none,"(0.9, 0.99)",
634947737484763581,True,256,0.001,10.0,0.0,0.5,10.0,0.5,0.01,0.3,0.75,False,0.0001,0.0,0.75,edgenext_small,0.99,momentum,10,0.4,17,3,multistep,0.1,0.0001,False,10,0.0,0.001,random_augment,,
78909729408670249,True,2,0.0001,,4.0,0.25,0.0,0.1,0.0,0.3,0.75,False,0.0001,4.0,1.0,edgenext_xx_small,0.99,momentum,5,1.0,8,2,plateau,0.05,0.1,True,0,1e-06,1e-05,trivial_augment,,
484705064559491328,False,128,0.001,10.0,0.0,1.0,20.0,0.5,0.0001,0.1,0.65,True,5e-05,2.0,0.0,xcit_nano_12_p8_384_dist,0.9,adamw,10,1.0,17,3,multistep,0.05,0.001,True,10,1e-05,1e-05,random_augment,"(0.9, 0.99)",
32150871555508893,True,4,0.0,1.0,0.0,1.0,0.0,0.1,0.01,0.0,,False,1e-05,8.0,0.25,mobilevit_xs,0.9,adamp,2,0.8,8,2,plateau,0.1,0.001,False,5,1e-05,0.0,none,"(0.0, 0.999)",
512739033224267285,True,512,0.0001,,0.0,2.0,20.0,0.5,0.001,0.4,0.65,True,0.001,0.0,0.75,edgenext_small,0.9,adamp,10,0.6,17,3,step,0.0,0.0001,True,0,1e-05,0.01,random_augment,"(0.0, 0.999)",
152755975939753416,False,128,0.01,1.0,2.0,0.1,10.0,0.5,0.1,0.4,0.75,True,1e-05,1.0,0.5,edgenext_xx_small,0.9,adam,10,0.2,17,2,step,0.1,0.0001,False,5,0.0,0.0,random_augment,"(0.9, 0.999)",
44377188481913085,True,32,0.001,10.0,2.0,2.0,20.0,0.1,0.01,0.2,0.65,False,1e-05,2.0,1.0,tf_efficientnet_b6_ns,0.9,sgd,10,1.0,17,2,multistep,0.1,0.001,True,5,1e-05,0.001,random_augment,,
37683310322145358,False,64,0.0001,10.0,0.0,0.25,0.0,0.1,0.0,0.2,,True,0.005,8.0,0.5,edgenext_x_small,0.99,momentum,10,0.2,8,2,cosine,0.1,0.0001,False,10,1e-05,0.0001,trivial_augment,,
7051056822584774,False,32,0.001,1.0,1.0,0.5,0.0,0.1,0.001,0.0,0.75,True,0.01,0.4,0.75,mobilevit_xxs,0.0,momentum,2,0.8,8,2,plateau,0.1,0.1,True,5,0.0,0.0,trivial_augment,,
97708290519232214,False,32,0.001,10.0,1.0,2.0,0.0,0.1,0.0001,0.2,,False,0.001,0.4,1.0,xcit_nano_12_p8_384_dist,0.9,adam,5,1.0,17,2,plateau,0.05,0.001,False,0,1e-06,0.1,random_augment,"(0.9, 0.999)",
38962321696332051,True,256,0.001,,0.0,4.0,0.0,0.1,0.0,0.0,0.75,True,0.0005,0.4,0.75,mobilevit_xxs,0.9,adamp,5,1.0,9,2,plateau,0.1,0.0001,True,5,1e-05,1e-05,random_augment,"(0.9, 0.999)",
23863277365590358,False,64,0.0001,10.0,0.0,0.25,10.0,0.5,0.0,0.2,0.75,False,0.005,8.0,0.0,mobilevitv2_075,0.9,adamw,10,0.8,8,2,multistep,0.05,0.0,False,0,1e-05,0.0,trivial_augment,"(0.9, 0.999)",
79320643107619752,False,2,0.1,10.0,0.0,0.1,0.0,0.1,0.0001,0.3,0.65,False,0.0005,0.0,0.25,beit_large_patch16_512,0.9,adam,10,0.8,8,2,cosine,0.0,0.001,True,0,1e-05,1e-05,none,"(0.0, 0.999)",
157883552205310824,False,16,0.0001,10.0,0.5,0.1,20.0,0.5,0.0,0.1,0.75,False,0.01,1.0,0.5,volo_d3_448,0.99,momentum,10,1.0,8,2,multistep,0.05,0.01,False,10,1e-05,0.001,none,,
54787258868622053,True,8,0.0001,,4.0,0.0,0.0,0.1,0.001,0.3,,False,0.005,8.0,0.75,edgenext_x_small,0.9,adamw,10,1.0,8,2,cosine,0.1,0.0001,False,10,1e-06,1e-05,none,"(0.9, 0.99)",
83364579570782761,True,16,0.01,,0.0,4.0,10.0,0.5,0.001,0.1,0.65,True,0.001,8.0,0.0,tf_efficientnet_b7_ns,0.9,adam,10,1.0,8,2,multistep,0.05,0.0001,True,0,1e-05,0.01,none,"(0.9, 0.99)",
27103625427894795,True,32,0.001,10.0,0.5,0.25,20.0,0.5,0.001,0.4,0.75,False,5e-05,0.2,0.25,mobilevit_xxs,0.9,sgd,10,0.6,8,2,multistep,0.05,0.0001,True,0,0.0,0.001,none,,
7264561594073134,False,8,0.0,1.0,1.0,0.5,10.0,0.1,0.0,0.1,0.75,False,0.01,0.0,0.25,edgenext_xx_small,0.9,sgd,10,0.2,8,2,multistep,0.0,0.1,False,0,1e-06,0.0,trivial_augment,,
30621152594475733,True,128,0.0,,0.5,0.0,0.0,0.1,0.0,0.4,,False,1e-05,4.0,0.75,edgenext_xx_small,0.95,momentum,10,0.4,8,2,cosine,0.0,0.0001,False,0,1e-05,1e-05,trivial_augment,,
97081980515921624,False,256,0.0,10.0,4.0,0.1,20.0,0.5,0.0,0.1,,False,1e-05,0.0,0.5,dla46x_c,0.9,momentum,10,0.8,8,2,multistep,0.1,0.0,False,10,1e-05,0.0,none,,
11296240121495131,True,16,0.01,10.0,1.0,4.0,0.0,0.1,0.0001,0.1,0.75,False,0.01,2.0,0.0,deit3_small_patch16_384_in21ft1k,0.9,adamw,2,0.0,8,2,plateau,0.1,0.001,False,0,1e-06,0.001,trivial_augment,"(0.0, 0.99)",
37818606653212777,True,16,0.0,10.0,1.0,4.0,0.0,0.1,0.001,0.0,0.75,False,1e-05,0.0,0.75,mobilevit_xxs,0.9,adamp,10,0.4,8,2,cosine,0.1,0.0,False,0,0.0,1e-05,auto_augment,"(0.0, 0.99)",v0
5758752143354923,True,2,0.1,,0.0,1.0,10.0,0.1,0.0,0.0,0.75,False,0.0005,8.0,0.0,volo_d5_448,0.9,sgd,10,0.8,8,2,step,0.1,0.01,False,10,0.0,1e-05,trivial_augment,,
35332369571239392,False,128,0.0,1.0,1.0,1.0,0.0,0.1,0.0,0.0,0.65,False,0.01,0.0,0.5,mobilevit_xs,0.8,momentum,10,0.8,8,2,cosine,0.0,0.0,True,5,0.0,0.001,auto_augment,,v0
13586599271081149,True,16,0.1,,0.5,0.1,0.0,0.1,0.0,0.0,,False,1e-05,2.0,0.75,convnext_small_384_in22ft1k,0.8,momentum,2,0.0,8,2,plateau,0.05,0.0,True,0,0.0,1e-05,trivial_augment,,
127509728319232324,False,512,0.0001,10.0,2.0,0.0,0.0,0.1,0.01,0.1,0.65,True,0.01,2.0,1.0,edgenext_x_small,0.9,adam,10,0.8,17,3,cosine,0.0,0.1,True,0,1e-06,1e-05,random_augment,"(0.0, 0.999)",
56159706076083363,True,4,0.0,1.0,0.5,0.1,0.0,0.1,0.1,0.4,0.65,False,1e-05,0.0,0.0,deit3_small_patch16_384_in21ft1k,0.9,adamp,5,0.0,8,2,plateau,0.0,0.01,False,10,1e-06,0.0,trivial_augment,"(0.9, 0.99)",
7345742123077102,False,64,0.1,10.0,1.0,0.1,0.0,0.1,0.001,0.4,0.75,True,5e-05,8.0,0.0,mobilevit_xs,0.9,sgd,2,0.4,8,2,plateau,0.05,0.1,True,0,1e-06,0.0,none,,
2395602365884434,False,2,0.01,1.0,1.0,2.0,0.0,0.1,0.0,0.3,0.75,False,0.001,1.0,0.5,tf_efficientnet_b4_ns,0.9,adamp,10,0.0,8,2,cosine,0.1,0.1,True,0,1e-05,0.01,none,"(0.9, 0.999)",
48674611725411088,False,64,0.0001,10.0,4.0,0.5,0.0,0.1,0.01,0.1,0.75,True,1e-05,0.4,0.0,edgenext_xx_small,0.9,adamw,10,0.4,8,2,cosine,0.05,0.1,False,0,0.0,0.1,none,"(0.9, 0.99)",
150786434943257045,True,8,0.0,10.0,2.0,4.0,10.0,0.5,0.001,0.1,0.65,False,0.01,4.0,0.5,mobilevitv2_075,0.9,adam,10,0.0,8,2,multistep,0.05,0.0,False,0,1e-05,0.0001,none,"(0.0, 0.99)",
13058977095335012,False,256,0.0001,,4.0,1.0,0.0,0.1,0.001,0.1,,True,0.005,8.0,0.0,edgenext_small,0.9,sgd,10,0.6,17,2,cosine,0.05,0.0,False,0,1e-05,0.0001,random_augment,,
300820135929274572,False,16,0.001,10.0,0.0,0.5,20.0,0.1,0.01,0.2,0.65,True,5e-05,1.0,0.5,mobilevitv2_075,0.9,adam,10,0.6,9,3,multistep,0.1,0.0,False,5,1e-05,0.1,random_augment,"(0.0, 0.99)",
3783397043339144,False,32,0.001,10.0,0.5,1.0,10.0,0.1,0.0001,0.4,0.75,False,0.0001,0.2,1.0,tf_efficientnet_b4_ns,0.9,sgd,10,0.8,8,2,step,0.0,0.001,False,5,1e-05,0.001,trivial_augment,,
152251577369200183,True,128,0.0,10.0,1.0,2.0,10.0,0.5,0.0001,0.4,0.75,False,0.005,0.0,1.0,mobilevitv2_075,0.9,adamw,10,1.0,17,2,step,0.0,0.01,True,0,1e-05,1e-05,random_augment,"(0.9, 0.999)",
2815225462077417,True,32,0.0001,,1.0,0.5,0.0,0.1,0.0001,0.0,0.65,False,5e-05,2.0,0.25,edgenext_xx_small,0.9,sgd,2,0.8,8,2,plateau,0.05,0.001,True,0,0.0,0.001,none,,
19460627224142769,True,32,0.0,10.0,4.0,0.25,0.0,0.1,0.0001,0.4,0.75,True,0.0001,1.0,1.0,volo_d5_512,0.9,adamp,10,1.0,8,2,cosine,0.0,0.001,True,0,1e-06,0.001,none,"(0.9, 0.99)",
37828757988615050,False,32,0.1,1.0,4.0,0.25,0.0,0.1,0.1,0.4,0.65,False,0.0005,0.0,0.25,volo_d1_384,0.9,adamp,10,0.6,17,2,cosine,0.05,0.0001,False,0,0.0,1e-05,random_augment,"(0.9, 0.999)",
16303725466068183,True,256,0.0001,,0.0,0.25,0.0,0.1,0.0,0.4,,False,5e-05,0.4,1.0,edgenext_x_small,0.9,adamp,10,0.6,8,2,cosine,0.1,0.0001,True,0,0.0,0.1,trivial_augment,"(0.9, 0.99)",
1150831543444999,True,16,0.1,,0.5,0.5,0.0,0.1,0.001,0.0,0.65,False,5e-05,4.0,1.0,volo_d1_384,0.9,adamw,10,0.6,8,2,cosine,0.1,0.0001,True,5,1e-05,0.1,none,"(0.9, 0.999)",
2761746767943451,True,16,0.01,10.0,2.0,0.0,0.0,0.1,0.01,0.1,0.65,True,1e-05,1.0,1.0,edgenext_x_small,0.0,momentum,10,0.2,8,2,cosine,0.0,0.1,False,0,0.0,0.001,none,,
11306157442012267,True,16,0.0,,2.0,0.5,0.0,0.1,0.01,0.1,0.75,True,0.0005,0.2,0.25,dla46x_c,0.9,sgd,5,0.0,8,2,plateau,0.05,0.01,False,0,1e-06,0.001,none,,
18450893943387517,True,128,0.01,1.0,2.0,2.0,10.0,0.5,0.0001,0.3,0.75,True,5e-05,8.0,0.5,mobilevitv2_075,0.9,adam,10,0.4,8,2,step,0.1,0.1,True,10,1e-06,0.01,none,"(0.9, 0.999)",
74787457042637988,False,16,0.1,10.0,4.0,0.5,20.0,0.1,0.001,0.3,,False,0.01,4.0,0.75,dla46x_c,0.9,momentum,10,0.4,8,2,multistep,0.1,0.1,False,0,1e-06,0.01,none,,
37803769141187916,False,2,0.001,1.0,1.0,0.25,0.0,0.1,0.1,0.0,0.65,False,1e-05,0.0,0.75,edgenext_xx_small,0.9,adamp,10,0.6,8,2,cosine,0.1,0.1,True,10,1e-05,0.0001,auto_augment,"(0.0, 0.99)",v0
69005118216320446,False,8,0.1,10.0,1.0,4.0,10.0,0.5,0.1,0.3,0.75,True,5e-05,2.0,0.25,volo_d1_384,0.9,adamp,10,0.0,8,2,step,0.05,0.1,True,0,0.0,0.0001,auto_augment,"(0.9, 0.999)",original
35917377921804138,False,16,0.1,1.0,0.5,0.0,0.0,0.1,0.0001,0.3,,False,0.0005,0.2,0.25,edgenext_x_small,0.9,adamw,10,0.6,17,2,cosine,0.0,0.1,False,10,1e-06,0.001,random_augment,"(0.9, 0.999)",
282131809466546402,False,32,0.01,1.0,0.0,4.0,20.0,0.5,0.0001,0.3,0.75,True,0.01,0.2,0.75,convnext_small_384_in22ft1k,0.9,adamw,10,0.8,8,2,multistep,0.0,0.0,True,10,1e-05,1e-05,auto_augment,"(0.9, 0.99)",v0
360236323990603551,True,4,0.0001,10.0,0.0,1.0,10.0,0.5,0.001,0.1,0.65,False,5e-05,0.2,1.0,convnext_small_384_in22ft1k,0.9,adamw,10,0.6,8,2,multistep,0.0,0.0001,False,5,1e-05,0.001,auto_augment,"(0.0, 0.999)",original
60500679581525400,False,2,0.0,10.0,0.5,0.25,0.0,0.1,0.0001,0.0,0.65,False,0.001,0.4,0.5,beit_base_patch16_384,0.9,adamp,5,0.2,8,2,plateau,0.05,0.001,False,5,1e-05,0.001,trivial_augment,"(0.0, 0.999)",
77846340678916181,True,8,0.001,,1.0,4.0,0.0,0.1,0.001,0.2,0.65,False,0.0001,8.0,1.0,beit_base_patch16_384,0.99,momentum,10,0.8,17,2,cosine,0.1,0.01,True,10,1e-06,0.0001,random_augment,,
24220436623860395,True,64,0.01,1.0,1.0,0.0,0.0,0.1,0.0001,0.2,0.65,False,5e-05,1.0,0.5,deit3_small_patch16_384_in21ft1k,0.9,momentum,10,1.0,9,2,cosine,0.05,0.1,False,10,1e-05,0.0,random_augment,,
7658941650152292,False,2,0.1,1.0,4.0,0.0,10.0,0.1,0.001,0.4,0.65,True,0.001,0.4,0.5,volo_d5_512,0.9,sgd,10,0.6,8,2,step,0.05,0.0,False,0,1e-05,0.0,trivial_augment,,
87866911608712499,True,64,0.0001,1.0,4.0,2.0,0.0,0.1,0.1,0.0,,True,0.0005,2.0,1.0,mobilevit_xs,0.95,momentum,10,0.4,8,2,cosine,0.1,0.0001,True,0,0.0,0.0,auto_augment,,v0
19182820416066169,True,16,0.1,,1.0,0.1,0.0,0.1,0.1,0.2,0.65,False,0.01,0.0,0.75,volo_d1_384,0.9,momentum,2,0.2,8,2,plateau,0.05,0.01,True,5,0.0,0.001,none,,
82442674466208207,True,32,0.0001,,4.0,1.0,10.0,0.5,0.0001,0.0,0.75,True,0.0005,0.4,0.25,convnext_small_384_in22ft1k,0.9,sgd,10,0.2,9,3,step,0.0,0.0,True,0,0.0,0.01,random_augment,,
97522126578677476,False,64,0.001,,4.0,0.25,10.0,0.1,0.1,0.2,,True,5e-05,0.0,0.0,edgenext_xx_small,0.9,adamw,10,0.8,8,2,multistep,0.0,0.0,False,10,0.0,0.1,trivial_augment,"(0.0, 0.999)",
71132096155973058,False,2,0.0001,1.0,0.0,0.0,10.0,0.5,0.001,0.1,0.75,False,0.01,0.0,0.75,mobilevitv2_075,0.0,momentum,10,0.8,8,2,multistep,0.0,0.0001,False,0,1e-05,1e-05,auto_augment,,original
23438626382696042,False,4,0.0,10.0,2.0,2.0,0.0,0.1,0.01,0.4,,False,1e-05,2.0,1.0,xcit_tiny_24_p8_384_dist,0.9,momentum,2,0.2,9,2,plateau,0.0,0.001,False,0,1e-06,0.0,random_augment,,
19643268323525708,False,4,0.001,10.0,1.0,0.1,0.0,0.1,0.001,0.2,,False,0.001,8.0,0.75,volo_d3_448,0.9,adam,2,0.6,8,2,plateau,0.0,0.1,True,5,1e-06,0.001,none,"(0.9, 0.99)",
266243333649083823,True,4,0.0,10.0,1.0,2.0,10.0,0.5,0.0,0.2,0.75,False,0.0001,1.0,0.25,edgenext_small,0.9,adamw,10,0.2,8,2,multistep,0.0,0.0001,True,5,0.0,0.0,auto_augment,"(0.9, 0.99)",original
80943744326660225,True,512,0.0001,,1.0,2.0,20.0,0.1,0.0,0.1,0.65,False,0.01,0.2,0.5,edgenext_xx_small,0.9,sgd,10,0.6,9,3,multistep,0.0,0.0,True,10,1e-05,0.0,random_augment,,
23399958920917284,False,2,0.01,10.0,0.0,1.0,0.0,0.1,0.1,0.4,0.75,True,1e-05,8.0,0.5,edgenext_x_small,0.9,momentum,10,0.6,8,2,cosine,0.1,0.1,True,10,0.0,0.0,trivial_augment,,
127441583411737294,False,64,0.01,10.0,0.0,4.0,20.0,0.1,0.001,0.0,,True,0.005,0.0,1.0,mobilevit_xs,0.9,adamw,10,0.6,8,2,step,0.05,0.1,False,0,1e-06,1e-05,none,"(0.0, 0.99)",
497330699425171292,False,4,0.0,1.0,0.0,4.0,20.0,0.1,0.1,0.2,0.65,False,0.0005,4.0,0.5,tf_efficientnet_b4_ns,0.0,momentum,10,0.2,17,3,step,0.0,0.1,True,10,0.0,0.001,random_augment,,
89459245585466603,True,512,0.001,10.0,0.5,4.0,20.0,0.5,0.0,0.2,,False,0.001,1.0,1.0,edgenext_xx_small,0.9,adam,10,0.4,8,2,step,0.1,0.001,False,10,0.0,0.1,none,"(0.9, 0.99)",
12109239581746601,True,64,0.0,1.0,0.0,0.5,0.0,0.1,0.0,0.2,,True,0.0005,1.0,0.75,edgenext_xx_small,0.9,adamw,10,1.0,8,2,cosine,0.0,0.001,True,10,1e-05,0.001,trivial_augment,"(0.0, 0.99)",
24778515825708045,True,256,0.0,10.0,0.0,1.0,20.0,0.5,0.0,0.2,0.65,False,0.005,0.0,0.0,mobilevitv2_075,0.9,sgd,10,1.0,8,2,multistep,0.05,0.0001,False,0,1e-06,0.1,trivial_augment,,
86661883359424191,True,4,0.0001,10.0,1.0,4.0,0.0,0.1,0.0,0.3,0.75,False,0.0005,0.4,0.75,edgenext_x_small,0.9,adam,10,0.6,8,2,cosine,0.05,0.0001,True,5,0.0,1e-05,auto_augment,"(0.0, 0.999)",v0
29754842866217626,False,8,0.1,10.0,0.5,2.0,0.0,0.1,0.0,0.3,0.65,False,0.005,0.0,0.0,deit3_small_patch16_384_in21ft1k,0.9,adam,2,0.2,8,2,plateau,0.0,0.01,False,0,0.0,1e-05,none,"(0.0, 0.99)",
17144898742346527,True,2,0.001,10.0,2.0,0.0,0.0,0.1,0.001,0.4,0.65,False,1e-05,8.0,0.75,volo_d3_448,0.9,sgd,10,0.8,9,3,cosine,0.1,0.001,False,0,1e-05,0.1,random_augment,,
381195613444515130,False,64,0.0,,0.5,2.0,20.0,0.5,0.1,0.2,0.75,False,1e-05,2.0,0.75,mobilevit_xs,0.9,adamw,10,1.0,9,3,multistep,0.0,0.01,True,10,0.0,0.1,random_augment,"(0.0, 0.999)",
271648968277798152,False,2,0.1,10.0,0.0,0.1,20.0,0.5,0.1,0.3,0.75,False,0.001,0.4,0.75,beit_base_patch16_384,0.9,adam,10,1.0,8,2,step,0.05,0.0001,True,5,0.0,0.0001,none,"(0.9, 0.99)",
11150609871613574,False,4,0.1,,0.0,4.0,20.0,0.1,0.01,0.3,0.75,True,0.0005,0.2,0.0,volo_d1_384,0.9,sgd,10,0.6,8,2,multistep,0.0,0.01,False,10,0.0,0.001,none,,
121693703336288030,False,4,0.0001,10.0,4.0,0.5,0.0,0.1,0.0001,0.4,0.75,False,0.001,0.2,0.0,edgenext_xx_small,0.9,adamp,10,0.8,17,3,cosine,0.05,0.0001,False,5,0.0,0.1,random_augment,"(0.0, 0.999)",
8332856409767549,True,8,0.01,,1.0,0.25,0.0,0.1,0.0001,0.3,0.75,False,0.005,1.0,1.0,edgenext_small,0.9,adamw,10,0.2,8,2,cosine,0.05,0.0,True,5,0.0,0.1,trivial_augment,"(0.0, 0.99)",
191268341043453578,False,4,0.001,,1.0,0.25,20.0,0.5,0.01,0.2,,False,5e-05,2.0,0.25,edgenext_small,0.0,momentum,10,0.4,17,2,step,0.1,0.01,True,10,1e-06,0.0001,random_augment,,
84506009118836224,False,8,0.0,10.0,1.0,0.0,0.0,0.1,0.001,0.4,,True,0.001,8.0,1.0,xcit_nano_12_p8_384_dist,0.9,adamw,10,0.0,9,3,cosine,0.1,0.001,False,10,1e-06,0.001,random_augment,"(0.9, 0.99)",
167078657464959243,True,4,0.0,,1.0,0.1,10.0,0.5,0.0,0.1,0.75,False,0.01,0.4,1.0,tf_efficientnet_b4_ns,0.9,adam,10,0.2,8,2,step,0.05,0.0001,True,0,1e-05,0.0001,auto_augment,"(0.0, 0.99)",original
19250400474930789,True,32,0.0,10.0,0.0,1.0,0.0,0.1,0.1,0.1,0.75,True,0.001,1.0,0.0,xcit_small_12_p8_384_dist,0.9,adamw,10,0.8,8,2,cosine,0.0,0.01,False,10,0.0,0.001,none,"(0.9, 0.99)",
33257160837683208,False,2,0.0001,,1.0,4.0,0.0,0.1,0.1,0.0,0.65,False,0.0001,4.0,1.0,volo_d3_448,0.9,adam,10,1.0,8,2,cosine,0.1,0.0001,True,10,1e-06,0.1,auto_augment,"(0.0, 0.99)",v0
4208643726515072,False,32,0.01,,2.0,4.0,10.0,0.1,0.1,0.4,0.75,False,5e-05,1.0,1.0,tf_efficientnet_b4_ns,0.9,sgd,10,1.0,9,2,step,0.05,0.0,False,5,0.0,0.0001,random_augment,,
14931170727231589,True,16,0.1,10.0,4.0,1.0,20.0,0.1,0.01,0.3,0.75,True,0.0001,0.0,0.25,mobilevit_xxs,0.9,sgd,10,0.4,8,2,multistep,0.0,0.0,True,0,0.0,0.0,trivial_augment,,
1001816747909208,False,2,0.0001,10.0,2.0,0.0,0.0,0.1,0.1,0.3,,False,5e-05,0.4,0.5,mobilevit_xs,0.9,adamw,10,0.6,8,2,cosine,0.1,0.0001,True,0,1e-05,0.1,none,"(0.9, 0.999)",
141344979601610043,True,32,0.01,1.0,1.0,0.0,20.0,0.1,0.0,0.4,0.75,True,5e-05,0.2,0.5,convnext_small_384_in22ft1k,0.9,adam,10,0.4,8,2,multistep,0.0,0.0001,False,0,1e-05,0.001,auto_augment,"(0.0, 0.99)",original
80441280597414306,False,128,0.01,,1.0,0.1,0.0,0.1,0.0,0.1,,True,0.01,4.0,0.5,edgenext_x_small,0.9,adamp,10,0.0,8,2,cosine,0.1,0.0001,False,10,1e-06,0.0,none,"(0.0, 0.999)",
18455998592333931,True,256,0.001,1.0,1.0,0.5,10.0,0.5,0.1,0.2,0.65,True,5e-05,0.2,0.25,edgenext_xx_small,0.9,sgd,10,0.6,8,2,step,0.0,0.0,False,0,1e-05,0.01,none,,
8175397635950720,False,256,0.001,,0.5,2.0,20.0,0.1,0.1,0.2,,True,1e-05,0.4,1.0,edgenext_x_small,0.9,sgd,10,1.0,8,2,multistep,0.1,0.1,False,0,0.0,0.1,trivial_augment,,
41087804745678827,True,8,0.1,,0.0,1.0,0.0,0.1,0.0,0.0,0.65,False,0.0001,0.0,1.0,volo_d1_384,0.9,adam,10,0.0,8,2,cosine,0.1,0.01,True,0,1e-06,0.1,auto_augment,"(0.0, 0.99)",original
30151666883530914,False,16,0.0001,10.0,2.0,2.0,0.0,0.1,0.0001,0.3,0.75,False,5e-05,8.0,0.5,dla46x_c,0.9,adamp,10,1.0,8,2,cosine,0.1,0.1,True,10,0.0,1e-05,none,"(0.0, 0.99)",
4180616623592063,True,512,0.001,,2.0,2.0,0.0,0.1,0.0,0.0,0.75,True,0.0005,8.0,0.0,mobilevit_xxs,0.9,adamp,2,0.8,8,2,plateau,0.05,0.01,True,0,0.0,0.0001,trivial_augment,"(0.9, 0.999)",
78152513151969898,False,512,0.1,,2.0,1.0,20.0,0.1,0.001,0.2,0.65,True,0.0001,2.0,0.75,edgenext_small,0.9,adamp,10,0.8,8,2,step,0.0,0.1,True,5,1e-05,0.0001,none,"(0.9, 0.99)",
2865102732497120,False,256,0.001,,0.5,0.25,0.0,0.1,0.1,0.1,0.75,True,0.0001,0.0,0.25,mobilevit_xxs,0.0,momentum,2,0.6,9,2,plateau,0.1,0.0,False,5,0.0,0.001,random_augment,,
6558923878943509,True,2,0.0001,10.0,2.0,2.0,10.0,0.1,0.01,0.1,0.65,False,0.01,4.0,0.5,xcit_nano_12_p8_384_dist,0.9,sgd,10,0.8,8,2,step,0.0,0.001,True,5,1e-05,1e-05,none,,
26946810875963706,False,16,0.0,,0.0,4.0,0.0,0.1,0.001,0.0,,False,1e-05,8.0,1.0,convnext_small_384_in22ft1k,0.9,adam,10,0.8,8,2,cosine,0.0,0.0001,True,10,1e-05,0.01,none,"(0.0, 0.999)",
40045424893342053,True,256,0.0001,1.0,4.0,0.5,10.0,0.1,0.0001,0.1,0.75,False,5e-05,8.0,0.25,mobilevit_xxs,0.8,momentum,10,1.0,8,2,step,0.0,0.1,True,10,1e-06,0.0,none,,
484539134542579587,True,4,0.01,,4.0,0.1,20.0,0.5,0.1,0.3,0.75,False,0.001,8.0,1.0,xcit_nano_12_p8_384_dist,0.99,momentum,10,0.0,9,3,multistep,0.05,0.0001,True,5,1e-05,1e-05,random_augment,,
183387217432366514,False,4,0.1,,1.0,2.0,20.0,0.5,0.0001,0.2,0.65,False,0.001,2.0,1.0,tf_efficientnet_b6_ns,0.9,adam,10,0.8,8,2,step,0.05,0.01,False,5,1e-05,0.0001,auto_augment,"(0.0, 0.99)",v0
23568096051438388,False,512,0.1,10.0,0.5,1.0,10.0,0.5,0.0,0.2,0.75,True,0.005,8.0,0.5,dla46x_c,0.9,adamp,10,0.6,8,2,multistep,0.1,0.0,False,5,1e-06,0.0,trivial_augment,"(0.9, 0.999)",
8604871433235255,True,4,0.1,1.0,1.0,0.25,20.0,0.1,0.01,0.1,0.75,False,0.001,1.0,1.0,xcit_tiny_24_p8_384_dist,0.9,adam,10,0.2,8,2,multistep,0.05,0.01,False,0,1e-06,0.1,trivial_augment,"(0.9, 0.999)",
4647134120052813,True,256,0.0001,1.0,1.0,0.1,0.0,0.1,0.0001,0.2,0.75,True,0.0001,0.2,0.75,edgenext_x_small,0.9,adam,10,0.2,8,2,cosine,0.1,0.1,True,0,1e-06,0.0001,none,"(0.9, 0.999)",
50640313008119983,True,16,0.001,10.0,2.0,0.5,0.0,0.1,0.0,0.4,0.75,False,0.001,8.0,1.0,edgenext_x_small,0.9,adamw,10,0.8,17,2,cosine,0.05,0.0,True,5,1e-06,0.01,random_augment,"(0.9, 0.99)",
11636851433576661,True,32,0.1,1.0,1.0,4.0,0.0,0.1,0.01,0.0,0.65,False,5e-05,4.0,0.0,mobilevit_xxs,0.9,adamp,2,0.6,8,2,plateau,0.05,0.0,True,10,1e-06,0.001,trivial_augment,"(0.0, 0.99)",
31849934482983014,False,32,0.001,1.0,4.0,1.0,20.0,0.5,0.01,0.2,,True,0.01,0.2,0.5,volo_d1_384,0.9,adamw,10,1.0,8,2,multistep,0.1,0.001,False,10,1e-06,0.0,none,"(0.9, 0.999)",
187168793148597151,True,2,0.0,10.0,0.5,0.0,20.0,0.5,0.0001,0.0,,False,0.005,0.4,0.75,convnext_small_384_in22ft1k,0.9,adamw,10,0.6,17,2,multistep,0.05,0.0,True,10,1e-06,0.1,random_augment,"(0.0, 0.99)",
50583417027609409,True,16,0.1,10.0,0.0,0.1,10.0,0.5,0.0001,0.0,,False,0.005,8.0,0.5,volo_d3_448,0.9,adam,10,1.0,8,2,multistep,0.05,0.0001,False,5,1e-06,0.01,none,"(0.0, 0.99)",
211969793877187547,True,64,0.001,,0.0,0.0,0.0,0.1,0.001,0.2,,True,0.001,4.0,0.75,deit3_small_patch16_384_in21ft1k,0.9,adamw,2,1.0,17,3,plateau,0.05,0.01,True,10,1e-05,0.1,random_augment,"(0.9, 0.99)",
65974704747476,False,256,0.1,10.0,2.0,2.0,0.0,0.1,0.1,0.1,0.75,False,0.01,0.4,1.0,mobilevit_xs,0.9,adamw,10,1.0,8,2,cosine,0.05,0.1,False,0,0.0,0.1,trivial_augment,"(0.9, 0.999)",
189238567631875350,False,16,0.01,1.0,0.0,0.25,20.0,0.5,0.001,0.2,0.75,False,0.005,8.0,0.0,mobilevit_xxs,0.9,adamp,10,1.0,17,2,step,0.05,0.01,False,5,0.0,0.001,random_augment,"(0.0, 0.99)",
72690161378146085,True,64,0.01,1.0,4.0,4.0,0.0,0.1,0.01,0.0,0.75,True,0.0005,1.0,0.75,mobilevit_xxs,0.9,adamp,10,0.4,8,2,cosine,0.0,0.0,True,5,1e-05,0.0,auto_augment,"(0.9, 0.99)",original
10442278341623844,False,2,0.01,,1.0,1.0,0.0,0.1,0.01,0.0,0.65,False,0.005,0.0,0.25,xcit_small_12_p8_384_dist,0.9,adamp,10,0.2,8,2,cosine,0.0,0.0001,True,0,1e-05,0.01,trivial_augment,"(0.0, 0.99)",
41257278699621324,False,16,0.0001,1.0,2.0,0.5,0.0,0.1,0.0,0.2,0.75,False,0.0005,2.0,0.0,xcit_nano_12_p8_384_dist,0.9,sgd,5,0.6,8,2,plateau,0.1,0.1,True,5,1e-06,0.1,auto_augment,,original
195600575478263911,True,16,0.01,10.0,0.5,0.5,10.0,0.1,0.0,0.4,,True,1e-05,0.0,1.0,volo_d3_448,0.9,adamp,10,0.8,8,2,multistep,0.05,0.001,True,5,1e-05,0.1,none,"(0.9, 0.99)",
14143281299585933,True,8,0.0001,10.0,4.0,1.0,0.0,0.1,0.0001,0.3,0.75,True,0.01,0.4,0.5,edgenext_small,0.9,adamw,10,0.6,8,2,cosine,0.1,0.001,False,5,1e-06,1e-05,trivial_augment,"(0.0, 0.99)",
39301511925249690,False,16,0.01,1.0,1.0,0.0,0.0,0.1,0.0,0.1,0.65,True,0.0001,2.0,0.75,xcit_nano_12_p8_384_dist,0.9,adamw,5,0.0,8,2,plateau,0.05,0.1,True,0,0.0,0.0,none,"(0.9, 0.999)",
72795343679078346,False,2,0.001,1.0,0.5,0.0,0.0,0.1,0.001,0.1,0.65,False,0.001,2.0,0.75,edgenext_x_small,0.9,adamp,10,0.6,8,2,cosine,0.0,0.001,False,10,1e-05,0.0,auto_augment,"(0.9, 0.99)",original
10932572116202886,False,2,0.001,1.0,2.0,0.5,0.0,0.1,0.0,0.1,0.75,False,1e-05,4.0,0.25,deit3_small_patch16_384_in21ft1k,0.9,sgd,10,0.6,17,2,cosine,0.1,0.01,True,0,0.0,0.001,random_augment,,
17480093697029412,False,2,0.1,1.0,0.0,0.0,0.0,0.1,0.0001,0.3,0.65,False,0.01,0.0,1.0,beit_base_patch16_384,0.9,adamp,10,0.8,8,2,cosine,0.0,0.0,True,10,1e-05,0.1,trivial_augment,"(0.9, 0.99)",
14234605544829489,True,256,0.01,,0.5,0.25,0.0,0.1,0.0,0.3,0.65,True,0.0005,4.0,0.5,edgenext_xx_small,0.9,adam,10,1.0,8,2,cosine,0.1,0.01,True,5,1e-06,1e-05,trivial_augment,"(0.0, 0.99)",
31433472220011313,True,128,0.0,1.0,2.0,4.0,20.0,0.5,0.01,0.0,,False,5e-05,4.0,1.0,edgenext_xx_small,0.0,momentum,10,0.6,9,2,step,0.0,0.0,True,10,0.0,0.0,random_augment,,
117980116194089146,False,8,0.1,,0.5,4.0,10.0,0.5,0.0001,0.1,0.75,True,0.0005,0.4,1.0,swinv2_base_window12to24_192to384_22kft1k,0.9,adamw,10,1.0,9,2,step,0.1,0.01,False,0,1e-06,0.0001,random_augment,"(0.0, 0.999)",
132852892789408866,False,16,0.0,10.0,4.0,0.25,10.0,0.1,0.0,0.4,,False,5e-05,0.0,0.25,xcit_tiny_12_p8_384_dist,0.9,adam,10,1.0,17,2,step,0.0,0.0,True,0,1e-06,0.001,random_augment,"(0.9, 0.999)",
4567217387052434,False,256,0.0,,0.5,0.25,0.0,0.1,0.0,0.0,,False,0.0001,0.0,0.5,mobilevitv2_075,0.9,sgd,10,0.4,8,2,cosine,0.05,0.1,False,0,1e-06,0.0001,trivial_augment,,
21924149202038702,False,4,0.0,1.0,2.0,0.5,0.0,0.1,0.01,0.3,0.75,True,0.0005,2.0,0.25,mobilevit_xs,0.9,sgd,10,0.0,8,2,cosine,0.05,0.0001,False,10,0.0,1e-05,auto_augment,,original
430199746496016941,True,64,0.0,1.0,1.0,0.1,20.0,0.1,0.001,0.4,0.65,False,0.0005,8.0,0.5,deit3_small_patch16_384_in21ft1k,0.99,momentum,10,1.0,8,2,multistep,0.05,0.1,False,10,1e-06,0.1,auto_augment,,original
57539465921343336,False,16,0.0,1.0,1.0,4.0,20.0,0.5,0.001,0.1,0.75,False,0.0005,8.0,0.25,deit3_small_patch16_384_in21ft1k,0.9,adamp,10,0.6,8,2,multistep,0.0,0.0,True,10,1e-06,0.1,none,"(0.0, 0.99)",
457793593308346646,False,4,0.01,1.0,0.0,2.0,10.0,0.5,0.01,0.2,0.65,True,0.01,1.0,1.0,tf_efficientnet_b7_ns,0.99,momentum,10,0.6,8,2,step,0.1,0.01,False,0,0.0,0.0001,auto_augment,,original
80343664586528448,False,128,0.001,1.0,2.0,0.5,20.0,0.1,0.0,0.1,0.75,True,1e-05,0.0,0.25,edgenext_xx_small,0.9,momentum,10,0.6,8,2,multistep,0.0,0.0,True,5,1e-06,0.0,trivial_augment,,
79389300181368119,True,8,0.01,,2.0,0.5,0.0,0.1,0.1,0.3,,True,0.0005,0.0,0.0,convnext_small_384_in22ft1k,0.99,momentum,5,0.4,8,2,plateau,0.05,0.0001,False,5,1e-05,1e-05,none,,
75082538420769978,False,2,0.0001,1.0,0.5,0.0,20.0,0.1,0.001,0.1,0.65,False,0.01,0.0,0.5,mobilevitv2_075,0.9,adam,10,0.4,8,2,multistep,0.05,0.1,False,10,1e-06,0.01,none,"(0.9, 0.99)",
96330081057974832,False,128,0.0,1.0,4.0,0.1,0.0,0.1,0.01,0.0,0.75,False,0.01,8.0,0.5,beit_base_patch16_384,0.9,adamp,10,1.0,9,3,cosine,0.1,0.0,False,0,1e-06,0.0,random_augment,"(0.0, 0.999)",
93940061742182647,True,2,0.001,1.0,0.5,0.0,20.0,0.5,0.0001,0.0,0.75,True,0.01,2.0,0.0,volo_d4_448,0.9,adam,10,0.4,8,2,step,0.05,0.0001,False,10,1e-06,0.0001,trivial_augment,"(0.9, 0.99)",
5853715337759887,True,2,0.001,1.0,2.0,0.5,10.0,0.1,0.0,0.4,,False,0.005,0.2,1.0,volo_d1_384,0.9,adamw,10,0.6,9,2,step,0.0,0.0,False,0,1e-06,1e-05,random_augment,"(0.9, 0.999)",
8235800179122781,True,2,0.0,10.0,0.0,0.0,0.0,0.1,0.001,0.3,0.75,False,1e-05,2.0,0.5,tf_efficientnet_b4_ns,0.9,adam,2,0.2,8,2,plateau,0.1,0.01,True,0,0.0,0.1,none,"(0.0, 0.99)",
34837144132074154,False,512,0.0001,10.0,1.0,0.25,0.0,0.1,0.0001,0.1,0.75,True,0.0001,1.0,0.0,edgenext_xx_small,0.9,adam,10,0.6,17,2,cosine,0.0,0.001,False,5,1e-05,0.01,random_augment,"(0.9, 0.999)",
33992288799746520,False,128,0.0001,,1.0,2.0,0.0,0.1,0.1,0.2,,False,0.005,0.0,0.75,dla46x_c,0.99,momentum,10,1.0,8,2,cosine,0.1,0.0,True,5,0.0,0.01,none,,
42781664877200920,False,64,0.0,10.0,4.0,1.0,20.0,0.1,0.0001,0.3,,False,0.0001,0.4,1.0,edgenext_small,0.9,adamw,10,0.6,8,2,multistep,0.05,0.0001,False,0,1e-05,0.01,trivial_augment,"(0.0, 0.99)",
50903948563654055,True,8,0.0,1.0,2.0,0.0,0.0,0.1,0.0001,0.3,,False,0.0001,1.0,1.0,tf_efficientnet_b6_ns,0.9,momentum,2,0.4,8,2,plateau,0.1,0.001,False,0,1e-05,0.01,none,,
8122453242168792,False,128,0.0,10.0,0.0,0.1,0.0,0.1,0.0001,0.0,,False,0.01,1.0,0.0,edgenext_x_small,0.9,adam,10,1.0,8,2,cosine,0.05,0.0001,False,0,0.0,0.1,trivial_augment,"(0.0, 0.99)",
6822738845625469,True,128,0.001,,0.5,0.0,0.0,0.1,0.0001,0.1,,False,0.0001,0.0,0.75,edgenext_small,0.9,adamw,10,0.4,8,2,cosine,0.1,0.1,False,0,0.0,0.0,none,"(0.9, 0.999)",
8458182409212470,False,4,0.0001,10.0,0.5,1.0,0.0,0.1,0.001,0.4,0.65,False,5e-05,0.2,0.75,mobilevitv2_075,0.9,adam,10,0.6,8,2,cosine,0.1,0.01,False,10,0.0,0.1,none,"(0.0, 0.99)",
94988847582541324,False,64,0.01,10.0,4.0,0.25,0.0,0.1,0.01,0.0,,True,0.0005,8.0,1.0,mobilevitv2_075,0.9,adamp,10,1.0,9,3,cosine,0.05,0.0001,False,0,1e-06,1e-05,random_augment,"(0.0, 0.999)",
3887579873258290,False,64,0.0,10.0,0.0,0.25,0.0,0.1,0.01,0.3,0.65,False,0.0005,8.0,0.25,xcit_small_12_p8_384_dist,0.9,sgd,10,1.0,8,2,cosine,0.0,0.1,True,5,1e-05,0.001,none,,
85801023853920428,False,256,0.01,10.0,4.0,0.1,0.0,0.1,0.01,0.4,,False,0.0001,2.0,0.25,edgenext_xx_small,0.95,momentum,2,1.0,8,2,plateau,0.1,0.01,True,5,1e-06,0.0001,auto_augment,,v0
39331217188156340,False,4,0.0001,1.0,4.0,0.1,10.0,0.1,0.0001,0.4,,False,0.0001,1.0,0.5,xcit_nano_12_p8_384_dist,0.9,adamp,10,0.8,8,2,multistep,0.05,0.0001,False,5,0.0,0.0,none,"(0.0, 0.99)",
69151541122449598,False,8,0.01,1.0,0.0,0.0,10.0,0.1,0.0,0.0,0.65,True,0.0005,0.0,0.0,tf_efficientnet_b7_ns,0.9,momentum,10,0.6,8,2,multistep,0.0,0.1,True,5,0.0,0.0001,trivial_augment,,
33936631181600407,True,16,0.0,,0.0,4.0,0.0,0.1,0.01,0.0,0.65,True,5e-05,0.2,0.75,tf_efficientnet_b4_ns,0.9,adam,10,0.2,17,2,cosine,0.0,0.001,False,5,0.0,0.01,random_augment,"(0.9, 0.999)",
75306063758869667,True,64,0.001,10.0,1.0,0.1,0.0,0.1,0.1,0.2,0.75,False,5e-05,8.0,0.25,volo_d3_448,0.9,adam,10,1.0,8,2,cosine,0.05,0.1,True,0,1e-05,0.01,none,"(0.0, 0.999)",
9600002706214433,True,64,0.1,10.0,0.5,4.0,20.0,0.1,0.0001,0.2,0.75,False,5e-05,2.0,0.75,mobilevit_xxs,0.9,sgd,10,0.2,8,2,multistep,0.1,0.1,True,0,0.0,0.01,none,,
71952511372276835,True,64,0.01,1.0,4.0,1.0,10.0,0.1,0.1,0.1,,False,0.0005,2.0,0.5,xcit_tiny_24_p8_384_dist,0.9,adamp,10,1.0,8,2,multistep,0.1,0.0,True,10,0.0,0.0,none,"(0.9, 0.99)",
79602508481527948,False,8,0.01,1.0,0.0,0.1,20.0,0.1,0.0,0.3,0.75,False,5e-05,2.0,0.0,tf_efficientnet_b6_ns,0.9,momentum,10,0.6,8,2,step,0.1,0.0,True,10,1e-05,1e-05,trivial_augment,,
33715936138831063,True,16,0.001,,0.5,0.0,0.0,0.1,0.01,0.1,0.65,True,0.01,1.0,0.0,dla46x_c,0.9,adam,2,0.6,8,2,plateau,0.0,0.001,True,10,1e-05,0.1,auto_augment,"(0.0, 0.99)",v0
84617235404335974,False,128,0.1,,1.0,1.0,0.0,0.1,0.001,0.4,0.75,False,1e-05,0.2,1.0,edgenext_xx_small,0.9,adamp,10,0.2,8,2,cosine,0.0,0.0,False,0,1e-05,0.001,auto_augment,"(0.0, 0.999)",v0
359895098424318752,False,4,0.0,1.0,2.0,2.0,10.0,0.1,0.1,0.4,0.65,False,5e-05,0.0,0.75,deit3_small_patch16_384_in21ft1k,0.9,adamw,10,0.4,9,3,step,0.05,0.01,True,5,1e-06,0.001,random_augment,"(0.0, 0.999)",
4756501392057491,True,8,0.001,,0.0,0.0,0.0,0.1,0.0,0.2,0.75,False,1e-05,0.4,0.25,beit_base_patch16_384,0.9,adamw,10,0.6,8,2,cosine,0.0,0.001,True,5,1e-06,0.0001,trivial_augment,"(0.9, 0.999)",
40210737190566788,False,4,0.001,1.0,2.0,0.1,10.0,0.1,0.001,0.0,0.75,False,0.0001,0.4,1.0,convnext_small_384_in22ft1k,0.9,sgd,10,0.2,17,2,multistep,0.0,0.0,False,5,1e-05,0.0,random_augment,,
299448407969886062,False,4,0.0,10.0,4.0,0.5,10.0,0.1,0.01,0.1,,False,5e-05,0.0,0.0,edgenext_small,0.9,adamw,10,0.0,8,2,step,0.05,0.1,True,0,1e-05,0.0,none,"(0.0, 0.999)",
467196623815970565,True,32,0.001,,0.5,0.1,20.0,0.1,0.0,0.0,0.75,False,0.0005,1.0,0.25,beit_base_patch16_384,0.9,adamp,10,0.8,17,3,multistep,0.05,0.0,False,0,0.0,1e-05,random_augment,"(0.9, 0.99)",
6088022888763523,True,128,0.0,1.0,0.5,0.1,0.0,0.1,0.0001,0.1,0.65,False,0.0001,4.0,0.5,convnext_small_384_in22ft1k,0.0,momentum,10,1.0,8,2,cosine,0.1,0.0,True,5,1e-06,1e-05,none,,
32764090449337878,False,128,0.001,10.0,0.0,0.5,10.0,0.1,0.001,0.2,0.75,False,0.001,0.0,0.0,dla46x_c,0.9,adam,10,1.0,8,2,step,0.1,0.01,False,10,0.0,0.1,none,"(0.0, 0.99)",
6435550815184029,True,4,0.001,1.0,0.0,0.5,0.0,0.1,0.01,0.3,0.75,False,0.005,0.2,0.75,beit_base_patch16_384,0.9,sgd,2,0.4,8,2,plateau,0.1,0.01,True,0,1e-05,1e-05,trivial_augment,,
301429567467222182,False,32,0.01,,0.5,0.1,20.0,0.1,0.001,0.4,,False,1e-05,2.0,0.75,volo_d3_448,0.9,adam,10,1.0,9,3,step,0.05,0.0001,False,10,0.0,0.01,random_augment,"(0.0, 0.99)",
586897711993124863,True,16,0.001,,0.5,0.5,10.0,0.1,0.001,0.4,0.65,True,0.005,1.0,0.0,edgenext_xx_small,0.95,momentum,10,0.4,17,3,step,0.0,0.1,True,10,1e-06,0.001,random_augment,,
6056750800286468,False,32,0.0,1.0,0.5,0.25,0.0,0.1,0.01,0.0,0.65,True,0.01,1.0,1.0,convnext_small_384_in22ft1k,0.9,adamw,10,0.6,8,2,cosine,0.1,0.01,False,5,1e-06,1e-05,none,"(0.9, 0.999)",
7012283266327517,True,512,0.0,10.0,0.5,0.25,0.0,0.1,0.0,0.4,,False,0.005,4.0,1.0,mobilevit_xxs,0.9,adamw,10,1.0,8,2,cosine,0.05,0.001,True,5,0.0,0.0,none,"(0.9, 0.999)",
333645264625523997,True,4,0.01,1.0,0.0,0.1,20.0,0.1,0.001,0.2,,False,1e-05,8.0,0.75,deit3_small_patch16_384_in21ft1k,0.0,momentum,10,0.6,9,3,step,0.1,0.01,True,0,0.0,0.01,random_augment,,
81708185957240429,True,512,0.1,,1.0,0.0,10.0,0.5,0.0001,0.3,0.65,False,0.005,4.0,1.0,edgenext_x_small,0.9,adamp,10,0.8,8,2,step,0.0,0.0001,True,5,1e-06,0.1,none,"(0.9, 0.99)",
33446735377000687,True,2,0.001,,0.0,0.25,0.0,0.1,0.001,0.1,0.65,False,0.01,8.0,1.0,volo_d1_384,0.9,adamw,10,0.4,8,2,cosine,0.05,0.1,True,0,1e-05,0.1,auto_augment,"(0.0, 0.99)",v0
44378232799144849,True,16,0.1,10.0,1.0,2.0,0.0,0.1,0.01,0.0,0.65,False,5e-05,1.0,0.75,xcit_nano_12_p8_384_dist,0.0,momentum,5,1.0,9,2,plateau,0.1,0.001,True,5,1e-05,0.001,random_augment,,
91283144934025523,True,64,0.1,,1.0,1.0,0.0,0.1,0.001,0.0,0.65,False,0.0001,8.0,0.5,xcit_tiny_24_p8_384_dist,0.9,adamp,10,1.0,9,3,cosine,0.05,0.1,False,10,1e-06,0.01,random_augment,"(0.0, 0.999)",
488343951715384414,False,64,0.01,10.0,0.5,1.0,10.0,0.1,0.001,0.1,,True,5e-05,0.0,0.5,edgenext_x_small,0.9,adamp,10,0.0,17,3,step,0.0,0.0,False,0,1e-05,0.01,random_augment,"(0.0, 0.999)",
489250752467021753,True,8,0.0001,1.0,1.0,1.0,10.0,0.1,0.0001,0.1,0.75,False,0.0005,0.2,0.25,xcit_nano_12_p8_384_dist,0.9,adamw,10,0.8,17,3,multistep,0.05,0.0,False,0,1e-06,0.001,random_augment,"(0.0, 0.999)",
8733441569854244,False,256,0.0,,4.0,1.0,0.0,0.1,0.01,0.4,0.75,False,5e-05,8.0,1.0,dla46x_c,0.9,adamw,10,0.8,8,2,cosine,0.0,0.001,False,5,1e-06,0.1,auto_augment,"(0.9, 0.999)",v0
44314121615397092,False,32,0.01,1.0,1.0,0.25,0.0,0.1,0.0001,0.3,,False,0.0001,2.0,0.25,mobilevitv2_075,0.9,adamw,10,0.8,17,2,cosine,0.1,0.01,False,5,1e-05,0.001,random_augment,"(0.0, 0.99)",
6412891791412555,True,16,0.0001,10.0,0.0,0.1,0.0,0.1,0.0,0.4,0.75,True,0.01,0.0,0.25,xcit_tiny_24_p8_384_dist,0.9,sgd,10,0.8,8,2,cosine,0.05,0.001,True,0,1e-05,1e-05,none,,
45829873042654170,False,128,0.0001,10.0,2.0,1.0,0.0,0.1,0.01,0.4,,False,1e-05,0.0,0.25,mobilevitv2_075,0.9,adam,10,0.2,8,2,cosine,0.1,0.1,False,10,1e-05,0.0001,auto_augment,"(0.0, 0.99)",original
40905627664827946,False,8,0.1,10.0,1.0,4.0,20.0,0.1,0.001,0.1,,True,0.01,8.0,1.0,volo_d4_448,0.9,adamw,10,1.0,8,2,step,0.05,0.0001,True,10,0.0,0.1,trivial_augment,"(0.0, 0.99)",
53062163953088649,True,256,0.01,1.0,1.0,1.0,10.0,0.5,0.1,0.2,0.75,True,0.0005,1.0,1.0,edgenext_small,0.9,sgd,10,0.2,8,2,step,0.1,0.0001,True,10,0.0,0.0001,none,,
63629451574037284,False,8,0.0,1.0,1.0,4.0,10.0,0.5,0.1,0.1,,False,0.0005,0.4,1.0,xcit_nano_12_p8_384_dist,0.9,adamp,10,0.4,8,2,step,0.0,0.0001,False,5,0.0,0.0,auto_augment,"(0.9, 0.999)",v0
88061374134290293,True,16,0.001,1.0,2.0,0.5,0.0,0.1,0.01,0.2,0.65,False,0.01,0.2,0.75,xcit_tiny_12_p8_384_dist,0.9,adamp,2,0.8,17,2,plateau,0.05,0.1,True,5,0.0,0.0,random_augment,"(0.9, 0.99)",
35701823091067274,False,4,0.1,,0.0,0.5,0.0,0.1,0.0001,0.3,,False,5e-05,2.0,1.0,convnext_small_384_in22ft1k,0.9,adamw,10,0.0,8,2,cosine,0.1,0.1,True,0,1e-06,0.001,auto_augment,"(0.0, 0.99)",v0
47886844201617876,False,16,0.0,1.0,4.0,0.0,20.0,0.1,0.0001,0.0,0.65,True,5e-05,0.4,0.0,tf_efficientnet_b7_ns,0.9,sgd,10,1.0,17,2,step,0.1,0.0001,False,5,1e-06,0.0,random_augment,,
45951612888603998,False,4,0.001,1.0,0.5,1.0,20.0,0.1,0.1,0.3,0.75,False,0.001,0.2,0.5,volo_d3_448,0.9,adamp,10,1.0,8,2,step,0.1,0.001,False,0,0.0,1e-05,none,"(0.0, 0.99)",
9729519624553670,False,32,0.1,,1.0,0.0,20.0,0.1,0.001,0.2,0.75,False,0.0001,8.0,0.25,xcit_nano_12_p8_384_dist,0.9,sgd,10,0.8,8,2,step,0.05,0.01,True,5,0.0,0.01,trivial_augment,,
94257324904585581,True,32,0.1,10.0,0.5,0.25,0.0,0.1,0.0,0.1,0.65,False,0.01,0.4,0.75,beit_base_patch16_384,0.9,adamw,2,0.6,8,2,plateau,0.05,0.001,False,5,1e-05,0.0001,auto_augment,"(0.0, 0.999)",original
31683133197441745,True,16,0.0001,10.0,1.0,2.0,20.0,0.5,0.0001,0.3,0.75,False,5e-05,0.4,0.0,convnext_small_384_in22ft1k,0.9,sgd,10,0.2,8,2,step,0.1,0.0001,False,5,1e-06,0.0,trivial_augment,,
91176037280324856,False,2,0.001,,0.5,4.0,20.0,0.5,0.0,0.3,0.75,False,0.01,8.0,0.5,dla46x_c,0.9,momentum,10,1.0,8,2,multistep,0.0,0.001,True,5,1e-06,0.01,trivial_augment,,
96865890917858269,True,16,0.1,1.0,0.0,1.0,20.0,0.5,0.0001,0.4,0.65,True,0.0005,4.0,0.0,deit3_small_patch16_384_in21ft1k,0.9,sgd,10,0.8,9,3,step,0.05,0.0001,True,0,1e-05,0.0,random_augment,,
871594652472616,False,64,0.001,,0.5,4.0,0.0,0.1,0.1,0.2,0.65,False,5e-05,8.0,0.0,mobilevit_xxs,0.9,adam,10,0.4,8,2,cosine,0.0,0.01,True,10,1e-06,0.1,none,"(0.9, 0.999)",
3731551867135607,True,8,0.1,1.0,1.0,0.5,0.0,0.1,0.01,0.2,0.75,False,5e-05,2.0,0.25,deit3_small_patch16_384_in21ft1k,0.9,sgd,10,1.0,8,2,cosine,0.1,0.01,True,0,1e-05,0.001,trivial_augment,,
95261688904992878,False,4,0.001,,1.0,0.25,20.0,0.5,0.001,0.1,0.65,False,0.0005,0.0,1.0,xcit_small_12_p8_384_dist,0.9,adamw,10,0.8,8,2,multistep,0.05,0.1,True,5,1e-06,1e-05,none,"(0.9, 0.99)",
8887057995110424,False,16,0.0001,,0.0,0.0,0.0,0.1,0.01,0.3,0.75,False,0.01,0.2,0.0,xcit_tiny_12_p8_384_dist,0.8,momentum,10,0.4,8,2,cosine,0.05,0.001,False,10,1e-06,0.1,none,,
501522900951125762,False,32,0.01,,0.0,1.0,20.0,0.1,0.01,0.2,0.65,True,0.0001,1.0,0.25,dla46x_c,0.9,adamw,10,0.6,17,3,multistep,0.05,0.01,True,0,1e-06,0.0,random_augment,"(0.0, 0.999)",
31410793084624141,True,128,0.0001,,2.0,0.25,0.0,0.1,0.001,0.0,,True,1e-05,0.2,0.0,edgenext_small,0.95,momentum,2,1.0,8,2,plateau,0.05,0.01,False,10,0.0,0.0,none,,
3611184419185115,True,8,0.0,,2.0,0.0,0.0,0.1,0.01,0.3,,True,0.005,0.4,0.0,swinv2_base_window12to24_192to384_22kft1k,0.9,sgd,10,0.6,9,2,cosine,0.1,0.0,False,0,1e-05,0.001,random_augment,,
5176669074978752,False,32,0.01,,1.0,4.0,0.0,0.1,0.001,0.0,0.65,False,0.001,4.0,0.0,edgenext_xx_small,0.9,sgd,10,0.8,8,2,cosine,0.0,0.0,True,5,1e-05,0.0001,trivial_augment,,
41293009236602988,False,2,0.0001,10.0,1.0,4.0,0.0,0.1,0.0001,0.2,0.75,False,5e-05,0.4,0.25,volo_d1_384,0.9,adam,10,0.2,8,2,cosine,0.05,0.001,False,10,1e-06,0.1,auto_augment,"(0.0, 0.99)",original
7827086785424364,False,2,0.01,1.0,0.5,2.0,0.0,0.1,0.1,0.4,0.75,False,0.001,0.0,0.25,xcit_small_12_p8_384_dist,0.9,adamw,10,0.6,8,2,cosine,0.1,0.0001,False,5,1e-05,0.0,none,"(0.9, 0.999)",
304050037391150355,True,32,0.001,,2.0,1.0,20.0,0.1,0.1,0.1,0.75,True,0.0005,0.2,0.5,xcit_tiny_24_p8_384_dist,0.99,momentum,10,1.0,17,2,step,0.0,0.0001,True,5,0.0,0.0001,random_augment,,
82961544536497532,False,4,0.0,10.0,0.0,1.0,0.0,0.1,0.001,0.2,,False,0.0001,1.0,0.5,deit3_small_patch16_384_in21ft1k,0.9,adamw,10,1.0,8,2,cosine,0.1,0.1,True,0,1e-06,0.01,auto_augment,"(0.0, 0.999)",v0
85163794530863387,True,8,0.1,10.0,4.0,1.0,10.0,0.5,0.1,0.4,,False,0.01,0.4,0.5,xcit_tiny_24_p8_384_dist,0.9,adamw,10,0.8,8,2,step,0.05,0.0001,True,0,0.0,0.0001,trivial_augment,"(0.9, 0.99)",
35450762789053118,False,4,0.001,1.0,1.0,0.0,0.0,0.1,0.0,0.2,0.65,False,0.001,1.0,0.5,dla46x_c,0.9,adam,5,0.0,8,2,plateau,0.1,0.001,False,10,0.0,0.001,trivial_augment,"(0.9, 0.999)",
98868375550261285,True,16,0.0001,1.0,0.5,1.0,0.0,0.1,0.001,0.4,,True,0.01,1.0,0.0,mobilevitv2_075,0.9,adamw,5,0.8,17,2,plateau,0.1,0.1,True,5,0.0,0.01,random_augment,"(0.9, 0.999)",
50504589758861354,False,4,0.1,10.0,0.0,2.0,0.0,0.1,0.0,0.4,0.75,False,0.001,0.0,0.75,edgenext_xx_small,0.9,adam,10,0.0,8,2,cosine,0.05,0.0001,True,0,1e-06,0.01,none,"(0.9, 0.99)",
4442522586225565,True,128,0.1,10.0,0.0,1.0,0.0,0.1,0.0,0.4,,True,0.005,0.2,0.0,xcit_tiny_12_p8_384_dist,0.9,sgd,10,0.8,9,2,cosine,0.0,0.0001,True,10,0.0,0.0001,random_augment,,
31273807247354535,True,256,0.0,10.0,1.0,1.0,20.0,0.5,0.01,0.0,0.75,True,0.0001,8.0,0.75,mobilevit_xs,0.9,adam,10,1.0,8,2,step,0.05,0.1,False,5,0.0,0.0,none,"(0.9, 0.999)",
33675759789754401,True,32,0.1,1.0,4.0,0.1,0.0,0.1,0.0001,0.1,0.75,True,0.001,4.0,0.5,edgenext_xx_small,0.9,adam,5,0.4,8,2,plateau,0.05,0.1,False,10,1e-05,0.1,none,"(0.9, 0.999)",
4334855414525749,True,2,0.0001,,4.0,4.0,0.0,0.1,0.1,0.3,0.75,False,0.0005,0.2,0.25,beit_base_patch16_384,0.0,momentum,2,0.0,8,2,plateau,0.1,0.01,True,5,0.0,0.0001,none,,
38960549715250126,False,64,0.001,,4.0,0.1,10.0,0.1,0.1,0.3,,False,0.01,1.0,0.0,edgenext_x_small,0.8,momentum,10,0.2,8,2,multistep,0.1,0.0001,True,5,1e-05,1e-05,trivial_augment,,
42616618847839442,False,4,0.0,,1.0,0.5,20.0,0.1,0.01,0.3,0.75,True,0.001,0.4,0.0,volo_d3_448,0.9,adamw,10,0.6,8,2,multistep,0.05,0.0,False,10,1e-06,0.01,trivial_augment,"(0.0, 0.99)",
46486628922863448,False,2,0.0001,,4.0,0.25,20.0,0.1,0.1,0.1,0.75,False,0.005,8.0,0.5,xcit_nano_12_p8_384_dist,0.8,momentum,10,1.0,8,2,step,0.05,0.01,True,0,1e-06,1e-05,trivial_augment,,
84968528638737151,True,2,0.0,,0.0,4.0,10.0,0.5,0.001,0.1,0.65,False,0.0005,0.2,0.5,xcit_nano_12_p8_384_dist,0.9,momentum,10,0.6,8,2,step,0.05,0.01,False,10,1e-05,0.001,trivial_augment,,
4303590471089251,True,16,0.01,,1.0,0.0,10.0,0.1,0.1,0.2,,False,0.01,2.0,0.75,volo_d1_384,0.9,adamw,10,0.8,8,2,step,0.1,0.0001,True,5,0.0,0.0001,trivial_augment,"(0.9, 0.999)",
30030872380714468,False,64,0.0001,1.0,0.0,0.25,0.0,0.1,0.1,0.4,0.65,False,0.0005,1.0,1.0,edgenext_x_small,0.95,momentum,10,0.2,8,2,cosine,0.1,0.0001,False,10,0.0,1e-05,trivial_augment,,
4658823800760752,False,32,0.01,1.0,0.0,2.0,10.0,0.1,0.01,0.4,0.75,True,0.005,0.2,0.75,volo_d1_384,0.9,adamw,10,1.0,8,2,step,0.05,0.0,False,5,1e-06,0.0001,trivial_augment,"(0.9, 0.999)",
70413991627063380,False,16,0.01,,0.5,4.0,0.0,0.1,0.001,0.4,,True,0.001,2.0,0.5,edgenext_small,0.9,adam,10,0.8,8,2,cosine,0.05,0.01,False,5,0.0,1e-05,auto_augment,"(0.9, 0.99)",original
74306514559351489,True,16,0.1,,2.0,2.0,20.0,0.1,0.01,0.4,,True,0.0005,0.2,0.25,volo_d1_384,0.9,momentum,10,0.6,8,2,step,0.1,0.001,False,0,0.0,0.01,trivial_augment,,
3921408293761910,False,4,0.0001,1.0,0.0,2.0,0.0,0.1,0.001,0.0,,False,0.0005,0.4,0.25,volo_d4_448,0.9,sgd,10,0.8,8,2,cosine,0.05,0.0001,False,10,1e-05,0.001,trivial_augment,,
62135309294876,False,4,0.01,,0.5,2.0,10.0,0.1,0.0001,0.0,0.75,False,0.0005,0.0,0.0,xcit_nano_12_p8_384_dist,0.9,adamw,10,0.0,8,2,step,0.0,0.1,False,0,0.0,0.1,none,"(0.9, 0.999)",
32960511001116793,True,2,0.1,10.0,1.0,4.0,0.0,0.1,0.0,0.1,,False,1e-05,0.0,0.25,xcit_small_12_p8_384_dist,0.9,adamp,5,0.2,9,2,plateau,0.1,0.0001,True,0,1e-06,0.1,random_augment,"(0.9, 0.999)",
66080781203358161,True,64,0.0,10.0,0.5,1.0,10.0,0.1,0.01,0.0,,False,1e-05,0.2,0.5,edgenext_x_small,0.9,sgd,10,0.4,9,3,multistep,0.05,0.1,False,10,1e-05,0.1,random_augment,,
439586502128083161,True,32,0.1,1.0,1.0,4.0,10.0,0.5,0.0,0.4,0.75,False,0.01,1.0,0.25,volo_d3_448,0.99,momentum,10,1.0,8,2,multistep,0.0,0.0,False,10,1e-06,0.01,none,,
94941344404937632,False,8,0.0001,1.0,0.5,1.0,20.0,0.5,0.01,0.1,,False,0.0005,2.0,0.0,dla46x_c,0.9,adamp,10,0.4,8,2,multistep,0.0,0.01,True,10,0.0,1e-05,trivial_augment,"(0.9, 0.99)",
53037567251271882,False,2,0.1,10.0,4.0,0.5,10.0,0.5,0.001,0.3,0.65,False,0.005,0.0,0.75,mobilevit_xxs,0.9,adam,10,0.6,9,2,step,0.0,0.0,True,10,0.0,0.0001,random_augment,"(0.0, 0.99)",
33917524551347277,True,4,0.01,,0.5,1.0,0.0,0.1,0.1,0.3,,True,0.005,0.4,0.5,xcit_small_12_p8_384_dist,0.9,adamp,10,0.0,8,2,cosine,0.1,0.0,False,5,0.0,0.01,auto_augment,"(0.0, 0.99)",v0
345053837497757459,True,8,0.01,,0.0,0.25,10.0,0.5,0.0001,0.2,,False,0.005,1.0,0.25,tf_efficientnet_b6_ns,0.9,adamp,10,1.0,9,3,multistep,0.0,0.1,True,5,1e-06,0.0001,random_augment,"(0.9, 0.99)",
84462768524352215,True,64,0.01,10.0,0.5,0.0,0.0,0.1,0.0001,0.0,,True,0.005,0.0,0.75,mobilevitv2_075,0.0,momentum,10,1.0,9,3,cosine,0.1,0.1,True,5,1e-06,0.001,random_augment,,
3710729319386710,False,8,0.001,1.0,4.0,0.1,0.0,0.1,0.0001,0.2,0.75,False,0.005,2.0,1.0,mobilevit_xxs,0.9,sgd,10,0.0,8,2,cosine,0.05,0.001,True,0,1e-05,0.001,none,,
9936527579279500,False,8,0.001,1.0,0.5,2.0,0.0,0.1,0.0,0.1,0.75,True,0.0005,1.0,0.0,edgenext_x_small,0.9,adamp,2,0.6,8,2,plateau,0.0,0.001,False,0,1e-06,0.01,auto_augment,"(0.9, 0.999)",v0
31001583870843397,True,16,0.0,10.0,2.0,0.5,0.0,0.1,0.0,0.0,0.75,False,0.01,0.0,1.0,edgenext_small,0.9,adam,10,0.8,8,2,cosine,0.05,0.0001,True,10,1e-05,1e-05,none,"(0.0, 0.99)",
64066968706438904,False,256,0.0,,1.0,2.0,0.0,0.1,0.001,0.4,0.75,False,5e-05,8.0,1.0,mobilevitv2_075,0.9,adam,5,1.0,8,2,plateau,0.0,0.0,False,5,1e-06,0.0,none,"(0.0, 0.999)",
643251855672234,False,2,0.01,1.0,1.0,0.1,10.0,0.1,0.1,0.1,,False,1e-05,0.4,0.25,mobilevit_xxs,0.9,adamw,10,0.0,8,2,multistep,0.1,0.001,False,5,1e-06,0.1,none,"(0.9, 0.999)",
87147301018237761,True,4,0.0001,10.0,2.0,0.5,0.0,0.1,0.0001,0.4,0.75,False,0.005,1.0,0.75,xcit_tiny_24_p8_384_dist,0.9,adam,10,1.0,9,3,cosine,0.1,0.01,True,5,1e-06,1e-05,random_augment,"(0.9, 0.99)",
9448437369955224,False,128,0.1,1.0,0.0,0.25,0.0,0.1,0.0,0.1,,True,0.005,0.0,0.25,mobilevit_xs,0.9,adamp,10,0.6,8,2,cosine,0.1,0.1,True,10,1e-05,0.1,auto_augment,"(0.9, 0.999)",v0
31150388280792805,True,16,0.0001,10.0,0.0,4.0,0.0,0.1,0.001,0.0,0.75,False,0.001,0.2,1.0,dla46x_c,0.9,sgd,5,0.6,17,2,plateau,0.0,0.0001,True,0,0.0,0.0,random_augment,,
379519764204964181,True,8,0.001,,1.0,4.0,10.0,0.5,0.001,0.4,,True,0.01,1.0,0.0,mobilevit_xs,0.9,adam,10,0.4,9,3,multistep,0.05,0.0001,True,0,0.0,0.0,random_augment,"(0.0, 0.999)",
6326196982415033,True,8,0.0001,10.0,4.0,4.0,0.0,0.1,0.1,0.0,0.65,False,0.0001,0.4,0.75,beit_base_patch16_384,0.9,sgd,10,0.0,8,2,cosine,0.1,0.0001,False,0,1e-05,1e-05,trivial_augment,,
7717411186831353,True,4,0.0,10.0,0.5,2.0,0.0,0.1,0.0001,0.2,0.75,False,5e-05,0.0,0.75,edgenext_x_small,0.9,adamw,10,1.0,8,2,cosine,0.05,0.1,False,0,1e-05,0.0,none,"(0.9, 0.999)",
9283939873655699,True,64,0.0001,,0.5,2.0,20.0,0.1,0.1,0.2,0.75,False,0.0005,0.4,0.25,mobilevit_xs,0.9,sgd,10,0.2,8,2,step,0.1,0.01,True,5,1e-05,0.1,trivial_augment,,
5191161267626263,True,2,0.1,1.0,0.0,0.5,0.0,0.1,0.001,0.3,0.75,False,1e-05,4.0,0.5,tf_efficientnet_b4_ns,0.9,sgd,10,0.2,8,2,cosine,0.0,0.0001,True,5,1e-05,0.0001,trivial_augment,,
77977682472437196,False,16,0.0,,1.0,4.0,20.0,0.5,0.1,0.1,0.65,True,0.0001,1.0,0.25,mobilevitv2_075,0.9,sgd,10,0.0,8,2,multistep,0.05,0.001,True,0,1e-05,0.0001,none,,
63996327587865929,True,8,0.01,1.0,4.0,0.0,0.0,0.1,0.0001,0.2,0.75,False,0.005,4.0,1.0,mobilevit_xxs,0.9,adamw,5,0.2,9,2,plateau,0.05,0.0,True,0,1e-06,0.0,random_augment,"(0.0, 0.999)",
44720135348954864,False,256,0.0,,0.0,4.0,0.0,0.1,0.01,0.0,,True,0.0005,0.4,0.25,edgenext_xx_small,0.8,momentum,10,0.8,8,2,cosine,0.1,0.0,False,5,0.0,0.0001,auto_augment,,original
6705783188917448,False,256,0.01,1.0,1.0,4.0,0.0,0.1,0.1,0.2,,False,0.01,8.0,0.25,edgenext_small,0.9,sgd,2,0.6,8,2,plateau,0.1,0.0001,True,10,1e-05,1e-05,trivial_augment,,
52499658311353373,True,8,0.0001,1.0,2.0,2.0,0.0,0.1,0.0001,0.1,0.65,True,5e-05,4.0,1.0,edgenext_small,0.9,adamw,5,0.8,9,2,plateau,0.0,0.1,True,5,1e-05,0.001,random_augment,"(0.9, 0.99)",
40308498314582411,True,64,0.0,1.0,2.0,1.0,0.0,0.1,0.1,0.4,,False,1e-05,0.2,0.75,xcit_tiny_12_p8_384_dist,0.9,adam,10,1.0,17,2,cosine,0.1,0.0001,True,5,1e-05,0.0,random_augment,"(0.9, 0.999)",
46815731239550968,False,64,0.0001,,1.0,4.0,0.0,0.1,0.01,0.0,,False,5e-05,1.0,0.75,mobilevit_xxs,0.9,adam,10,1.0,17,2,cosine,0.05,0.0,False,0,1e-05,1e-05,random_augment,"(0.0, 0.99)",
58074514851582182,False,4,0.0,10.0,0.0,2.0,20.0,0.5,0.0001,0.2,,False,0.005,0.0,0.25,dla46x_c,0.9,adam,10,0.6,8,2,multistep,0.1,0.0,False,0,0.0,0.01,trivial_augment,"(0.0, 0.99)",
36382741772383388,False,4,0.001,10.0,0.5,0.1,0.0,0.1,0.1,0.3,0.65,False,0.005,0.2,0.25,volo_d5_448,0.9,adam,10,1.0,8,2,cosine,0.0,0.0,True,10,1e-05,0.001,auto_augment,"(0.0, 0.99)",v0
60301123895914955,True,512,0.0001,,0.5,0.0,0.0,0.1,0.1,0.1,0.75,True,0.005,8.0,0.25,edgenext_small,0.9,adamw,5,0.8,8,2,plateau,0.0,0.1,True,10,1e-06,0.001,trivial_augment,"(0.0, 0.999)",
84437602600332675,True,4,0.1,1.0,2.0,0.1,0.0,0.1,0.0,0.3,0.75,True,0.01,4.0,0.5,mobilevit_xxs,0.95,momentum,10,0.8,8,2,cosine,0.0,0.01,True,5,1e-06,0.001,auto_augment,,v0
76080184854972201,True,32,0.1,10.0,1.0,0.25,0.0,0.1,0.0001,0.3,0.65,False,0.0001,0.0,1.0,deit3_small_patch16_384_in21ft1k,0.99,momentum,10,1.0,17,2,cosine,0.0,0.0001,False,0,1e-06,0.001,random_augment,,
4571252434791323,True,512,0.001,,0.5,0.0,0.0,0.1,0.0,0.4,,True,0.0001,1.0,0.0,edgenext_x_small,0.0,momentum,10,0.4,8,2,cosine,0.1,0.1,False,0,1e-06,0.0001,none,,
85987711258921157,True,8,0.1,10.0,0.0,2.0,0.0,0.1,0.0001,0.2,0.75,False,1e-05,8.0,1.0,volo_d1_384,0.95,momentum,10,0.6,8,2,cosine,0.05,0.0001,False,0,1e-05,0.0001,auto_augment,,v0
55470082432731624,False,2,0.01,10.0,1.0,1.0,0.0,0.1,0.0,0.4,0.75,False,0.0001,2.0,0.25,edgenext_small,0.9,adamp,5,0.6,8,2,plateau,0.0,0.001,True,0,0.0,0.0,trivial_augment,"(0.9, 0.99)",
98546654538003318,False,16,0.1,,1.0,4.0,10.0,0.1,0.001,0.1,0.75,False,0.0005,1.0,0.5,mobilevit_xxs,0.9,adamw,10,0.0,8,2,multistep,0.05,0.01,True,10,1e-05,0.1,none,"(0.0, 0.999)",
84971777540057413,True,16,0.001,10.0,1.0,0.25,0.0,0.1,0.001,0.0,0.65,True,0.001,0.0,0.25,swinv2_base_window12to24_192to384_22kft1k,0.9,adamp,10,0.8,8,2,cosine,0.1,0.01,False,10,1e-05,0.001,auto_augment,"(0.0, 0.999)",v0
37018515233035916,False,32,0.0001,,1.0,0.0,0.0,0.1,0.0,0.3,0.75,False,1e-05,0.4,0.0,xcit_nano_12_p8_384_dist,0.8,momentum,10,0.6,8,2,cosine,0.05,0.001,True,0,1e-06,0.0001,auto_augment,,v0
57008005333083635,True,8,0.0,1.0,1.0,0.0,20.0,0.5,0.0,0.2,0.65,False,0.01,1.0,0.75,edgenext_small,0.9,adamw,10,0.2,8,2,step,0.1,0.1,True,5,0.0,0.1,none,"(0.0, 0.99)",
82473365155569740,False,32,0.1,1.0,0.5,1.0,10.0,0.5,0.0,0.0,0.75,True,0.0005,0.0,0.5,edgenext_xx_small,0.9,sgd,10,1.0,9,3,step,0.0,0.001,True,0,0.0,0.01,random_augment,,
77292488409049977,True,256,0.1,10.0,2.0,4.0,20.0,0.1,0.0001,0.2,0.75,True,5e-05,1.0,0.25,edgenext_x_small,0.9,adamw,10,1.0,8,2,step,0.1,0.0001,False,10,0.0,0.0001,none,"(0.9, 0.99)",
464385075908602079,True,64,0.0001,,0.0,0.1,20.0,0.1,0.0001,0.1,0.75,True,0.0001,1.0,0.25,xcit_tiny_12_p8_384_dist,0.9,adamw,10,0.8,17,3,step,0.0,0.01,False,10,1e-05,0.01,random_augment,"(0.9, 0.99)",
2992318192704038,False,256,0.01,10.0,1.0,0.25,0.0,0.1,0.1,0.4,0.75,True,0.0001,2.0,0.0,edgenext_small,0.9,adam,10,0.8,8,2,cosine,0.05,0.1,True,5,0.0,0.001,none,"(0.9, 0.999)",
8062360831806978,False,128,0.001,,4.0,1.0,0.0,0.1,0.0,0.4,0.65,False,1e-05,0.4,0.75,convnext_small_384_in22ft1k,0.9,sgd,10,1.0,8,2,cosine,0.05,0.001,True,10,1e-05,0.0,trivial_augment,,
325318973122005180,False,16,0.01,,0.5,2.0,10.0,0.1,0.1,0.2,0.75,False,0.005,4.0,0.75,xcit_nano_12_p8_384_dist,0.9,adamp,10,0.8,9,3,step,0.1,0.01,False,10,1e-05,0.1,random_augment,"(0.9, 0.99)",
61181617160822785,True,16,0.0001,1.0,0.5,0.5,0.0,0.1,0.0,0.0,0.75,False,1e-05,4.0,0.25,deit3_small_patch16_384_in21ft1k,0.9,adamw,10,0.0,8,2,cosine,0.0,0.01,True,10,0.0,0.0001,auto_augment,"(0.9, 0.99)",v0
634641426260343,True,32,0.01,,4.0,1.0,0.0,0.1,0.0001,0.4,0.65,True,5e-05,2.0,1.0,xcit_tiny_12_p8_384_dist,0.9,sgd,2,0.6,8,2,plateau,0.0,0.001,False,5,1e-06,0.1,none,,
65052343705243287,True,4,0.01,10.0,0.0,2.0,0.0,0.1,0.01,0.1,0.65,False,0.001,0.2,0.75,xcit_small_12_p8_384_dist,0.9,adamw,10,0.0,9,3,cosine,0.0,0.0001,True,5,0.0,0.1,random_augment,"(0.9, 0.999)",
745568944559725,True,128,0.1,,1.0,0.5,0.0,0.1,0.001,0.0,,False,1e-05,2.0,0.75,mobilevit_xs,0.9,adam,10,0.4,8,2,cosine,0.1,0.1,True,5,1e-06,0.1,trivial_augment,"(0.9, 0.999)",
3441996261057241,True,2,0.0,,1.0,0.5,0.0,0.1,0.1,0.3,0.65,False,0.01,1.0,0.5,xcit_small_12_p8_384_dist,0.9,sgd,10,0.4,8,2,cosine,0.05,0.1,True,5,1e-06,0.001,trivial_augment,,
95576868565814619,True,32,0.0,10.0,4.0,2.0,20.0,0.5,0.001,0.4,0.75,True,1e-05,1.0,0.5,volo_d5_448,0.9,adam,10,1.0,8,2,multistep,0.05,0.0,False,5,1e-05,1e-05,none,"(0.9, 0.99)",
45602489894422016,False,4,0.01,1.0,0.5,0.0,20.0,0.1,0.001,0.4,,False,0.0001,2.0,0.0,tf_efficientnet_b4_ns,0.9,adam,10,1.0,8,2,multistep,0.05,0.1,True,0,1e-05,0.0001,none,"(0.0, 0.99)",
37229797836167174,False,32,0.001,1.0,1.0,0.25,10.0,0.1,0.0001,0.4,,False,5e-05,4.0,1.0,dla46x_c,0.9,adamw,10,0.8,8,2,step,0.05,0.0001,False,10,1e-06,0.0001,none,"(0.0, 0.99)",
44861056924531160,False,4,0.0001,10.0,2.0,1.0,20.0,0.1,0.01,0.2,0.75,True,0.0001,2.0,0.75,xcit_nano_12_p8_384_dist,0.9,adamw,10,0.6,8,2,step,0.0,0.0,False,10,0.0,0.0001,auto_augment,"(0.9, 0.999)",original
59052648152200545,True,32,0.001,10.0,0.5,0.25,0.0,0.1,0.0,0.1,0.75,False,0.005,0.0,1.0,volo_d1_384,0.9,momentum,10,0.6,8,2,cosine,0.0,0.0001,True,0,1e-05,0.01,auto_augment,,v0
36234581349038310,False,2,0.0,1.0,0.5,0.5,10.0,0.1,0.0,0.0,0.65,False,0.001,8.0,0.75,volo_d5_448,0.9,adamw,10,0.8,9,2,step,0.0,0.0,True,5,1e-05,0.001,random_augment,"(0.0, 0.99)",
395264339631190,False,64,0.0,,4.0,1.0,0.0,0.1,0.0001,0.2,0.65,True,0.01,0.2,1.0,edgenext_small,0.9,sgd,10,0.2,9,2,cosine,0.05,0.0001,True,10,0.0,0.1,random_augment,,
78907225142421850,False,8,0.001,10.0,4.0,4.0,20.0,0.1,0.0,0.2,0.75,True,1e-05,0.0,0.25,edgenext_x_small,0.9,momentum,10,0.4,8,2,step,0.05,0.1,True,0,1e-06,1e-05,trivial_augment,,
30048408945335949,True,256,0.01,,4.0,0.1,20.0,0.5,0.0,0.1,0.75,True,5e-05,0.2,1.0,edgenext_x_small,0.9,adam,10,0.8,8,2,step,0.1,0.001,False,10,0.0,1e-05,trivial_augment,"(0.9, 0.999)",
46882579082639060,False,4,0.0001,,1.0,0.25,20.0,0.1,0.0001,0.2,,False,5e-05,1.0,0.0,beit_large_patch16_512,0.9,adamw,10,0.8,8,2,multistep,0.1,0.1,False,0,1e-05,1e-05,none,"(0.0, 0.99)",
9044489934612196,False,512,0.0,,4.0,0.5,20.0,0.1,0.001,0.3,,True,0.005,2.0,0.75,edgenext_small,0.9,adamw,10,0.8,8,2,step,0.1,0.001,False,0,1e-05,0.1,trivial_augment,"(0.9, 0.999)",
409645896188679193,True,128,0.0,,4.0,0.0,10.0,0.5,0.1,0.2,0.75,False,0.001,0.0,0.0,mobilevit_xxs,0.9,momentum,10,1.0,9,3,multistep,0.05,0.1,False,0,1e-06,0.0001,random_augment,,
3712060162533591,True,32,0.1,1.0,0.5,4.0,0.0,0.1,0.001,0.0,,False,0.005,4.0,1.0,mobilevit_xs,0.9,sgd,10,0.4,8,2,cosine,0.05,0.001,True,0,1e-05,0.001,trivial_augment,,
53027892622799706,False,128,0.01,1.0,0.0,4.0,10.0,0.5,0.0,0.3,,True,0.001,8.0,0.0,mobilevitv2_075,0.9,adam,10,1.0,8,2,step,0.05,0.1,False,10,0.0,0.0001,trivial_augment,"(0.0, 0.99)",
45622273264270824,False,128,0.1,,1.0,4.0,20.0,0.1,0.1,0.3,,True,5e-05,0.4,0.5,mobilevit_xxs,0.9,sgd,10,0.8,17,2,multistep,0.1,0.0,False,5,1e-05,0.0001,random_augment,,
4327407373148446,False,8,0.1,1.0,4.0,0.1,0.0,0.1,0.01,0.2,0.75,True,0.01,0.4,0.75,edgenext_x_small,0.9,adam,10,0.6,8,2,cosine,0.05,0.01,True,5,0.0,0.0001,trivial_augment,"(0.9, 0.999)",
35010965734201514,False,4,0.1,1.0,0.0,0.25,0.0,0.1,0.1,0.2,,False,5e-05,2.0,0.0,tf_efficientnet_b4_ns,0.99,momentum,2,0.4,8,2,plateau,0.05,0.01,False,10,1e-05,0.01,trivial_augment,,
3852348941616847,True,16,0.0,1.0,0.0,4.0,0.0,0.1,0.1,0.2,,False,1e-05,0.4,1.0,xcit_nano_12_p8_384_dist,0.9,adamw,10,0.6,8,2,cosine,0.1,0.0001,True,5,1e-05,0.001,trivial_augment,"(0.9, 0.999)",
82142653171400676,False,2,0.001,1.0,0.0,4.0,10.0,0.5,0.0,0.2,0.65,False,0.01,4.0,0.5,tf_efficientnet_b6_ns,0.9,momentum,10,0.2,8,2,step,0.0,0.0,True,5,1e-05,0.1,trivial_augment,,
50969482044280167,True,4,0.01,10.0,4.0,1.0,0.0,0.1,0.0,0.1,0.65,False,1e-05,2.0,0.0,volo_d5_512,0.9,adam,5,1.0,8,2,plateau,0.0,0.001,True,0,1e-05,0.01,trivial_augment,"(0.9, 0.99)",
427163024136905008,False,512,0.1,1.0,4.0,1.0,20.0,0.1,0.0,0.0,0.65,True,0.01,0.4,0.5,dla46x_c,0.99,momentum,10,0.8,8,2,step,0.0,0.001,False,0,1e-06,1e-05,auto_augment,,v0
77237983229647993,True,16,0.001,10.0,0.5,4.0,20.0,0.1,0.01,0.4,0.75,False,0.0005,4.0,1.0,mobilevit_xxs,0.9,adamw,10,0.4,8,2,multistep,0.0,0.01,True,5,0.0,0.0001,none,"(0.9, 0.99)",
3839559347875884,False,16,0.0001,,2.0,2.0,10.0,0.1,0.01,0.4,0.65,True,0.0001,1.0,0.0,volo_d4_448,0.9,sgd,10,1.0,9,2,multistep,0.1,0.0,True,5,1e-05,0.001,random_augment,,
77484854648614945,True,128,0.1,,2.0,4.0,0.0,0.1,0.001,0.3,0.65,False,1e-05,4.0,1.0,edgenext_small,0.9,adamw,10,0.2,8,2,cosine,0.1,0.1,False,0,1e-06,0.0001,none,"(0.0, 0.999)",
7068210855643651,True,128,0.0001,,0.5,0.0,0.0,0.1,0.0,0.0,,True,0.0005,0.2,0.25,xcit_small_12_p8_384_dist,0.0,momentum,10,1.0,8,2,cosine,0.0,0.0001,False,10,0.0,0.0,none,,
365012324997958350,False,2,0.0,1.0,2.0,2.0,20.0,0.1,0.0001,0.1,0.65,False,0.0001,0.0,0.25,xcit_small_12_p8_384_dist,0.8,momentum,10,0.8,9,3,multistep,0.05,0.1,True,10,0.0,0.1,random_augment,,
440221466802954388,False,8,0.01,,4.0,2.0,10.0,0.5,0.001,0.3,,True,0.005,2.0,1.0,xcit_tiny_24_p8_384_dist,0.95,momentum,10,0.8,9,3,multistep,0.05,0.001,False,0,0.0,0.001,random_augment,,
64444571240853172,False,8,0.0001,,0.0,0.5,20.0,0.5,0.1,0.1,0.75,False,0.01,2.0,0.75,xcit_nano_12_p8_384_dist,0.9,adamw,10,0.4,9,2,step,0.05,0.0,True,0,1e-05,0.0,random_augment,"(0.0, 0.99)",
63472314571867140,False,16,0.01,10.0,0.0,0.0,0.0,0.1,0.0,0.2,,False,0.001,1.0,0.5,deit3_small_patch16_384_in21ft1k,0.9,momentum,10,0.4,17,2,cosine,0.1,0.0,False,0,0.0,0.0,random_augment,,
2911164204145021,True,16,0.01,1.0,0.5,0.25,0.0,0.1,0.0,0.2,0.65,False,0.0001,0.2,0.25,deit3_small_patch16_384_in21ft1k,0.9,adamw,10,0.6,9,2,cosine,0.0,0.1,False,5,0.0,0.001,random_augment,"(0.9, 0.999)",
74432898796864184,False,32,0.001,10.0,2.0,0.25,20.0,0.1,0.0,0.4,,True,0.0001,8.0,0.75,beit_base_patch16_384,0.9,adam,10,1.0,8,2,multistep,0.0,0.0001,False,5,0.0,0.01,trivial_augment,"(0.9, 0.99)",
310366434395783864,False,4,0.1,,1.0,2.0,10.0,0.5,0.001,0.3,0.75,True,0.01,0.4,0.5,edgenext_xx_small,0.9,adam,10,0.0,9,3,multistep,0.0,0.001,True,5,1e-05,0.01,random_augment,"(0.0, 0.99)",
4641229118211225,True,256,0.0,1.0,0.5,0.5,0.0,0.1,0.0001,0.1,0.75,False,0.0001,0.2,1.0,edgenext_small,0.9,sgd,10,0.4,8,2,cosine,0.05,0.1,True,0,1e-06,0.0001,none,,
94850790104676214,False,64,0.01,10.0,0.5,0.5,20.0,0.5,0.1,0.4,0.75,True,1e-05,0.4,0.25,mobilevit_xs,0.9,adamw,10,1.0,8,2,step,0.0,0.001,False,10,0.0,1e-05,trivial_augment,"(0.9, 0.99)",
31300622762615750,False,4,0.0001,1.0,1.0,0.1,0.0,0.1,0.01,0.3,,True,0.0001,2.0,0.25,swinv2_base_window12to24_192to384_22kft1k,0.9,adam,2,0.8,8,2,plateau,0.0,0.0001,True,5,0.0,0.0,none,"(0.0, 0.99)",
342683137880363948,False,256,0.01,10.0,0.0,0.0,10.0,0.5,0.0001,0.3,0.65,True,0.01,0.0,0.5,mobilevitv2_075,0.0,momentum,10,0.8,9,3,multistep,0.0,0.0001,False,5,1e-05,0.01,random_augment,,
56350124594922575,True,64,0.01,10.0,4.0,2.0,0.0,0.1,0.001,0.0,0.75,False,0.0001,8.0,0.5,dla46x_c,0.9,sgd,2,0.6,17,3,plateau,0.1,0.0,True,0,1e-05,0.0,random_augment,,
36898487042015542,False,8,0.0001,,0.5,4.0,0.0,0.1,0.0001,0.4,0.65,False,0.01,0.2,0.0,tf_efficientnet_b4_ns,0.8,momentum,10,0.6,8,2,cosine,0.05,0.1,True,10,0.0,0.0001,auto_augment,,v0
44110624479623844,False,16,0.0001,,0.5,2.0,20.0,0.1,0.0001,0.1,0.65,True,0.0001,2.0,1.0,dla46x_c,0.9,adamp,10,0.2,8,2,step,0.0,0.0,False,0,1e-05,0.001,none,"(0.0, 0.99)",
45633138868852206,False,16,0.0,1.0,2.0,0.5,0.0,0.1,0.0001,0.0,,False,0.0001,0.2,0.25,mobilevit_xs,0.0,momentum,5,0.6,8,2,plateau,0.05,0.0001,False,5,1e-05,0.0001,trivial_augment,,
34962794528753962,False,64,0.1,1.0,1.0,0.25,0.0,0.1,0.1,0.4,,True,0.0005,8.0,0.25,edgenext_small,0.8,momentum,10,0.2,8,2,cosine,0.05,0.0,False,10,1e-05,0.01,auto_augment,,v0
76408975295678437,True,16,0.0,,4.0,0.5,0.0,0.1,0.01,0.4,0.65,False,0.001,0.2,0.5,tf_efficientnet_b6_ns,0.9,adamw,2,0.6,17,2,plateau,0.1,0.001,False,10,1e-06,0.001,random_augment,"(0.0, 0.99)",
34783266830386143,True,4,0.0,1.0,0.0,0.5,0.0,0.1,0.0,0.3,0.65,False,1e-05,2.0,0.75,mobilevit_xs,0.99,momentum,10,0.8,8,2,cosine,0.05,0.01,True,0,1e-05,0.01,none,,
3030297293194724,False,4,0.1,1.0,2.0,0.1,0.0,0.1,0.01,0.1,,False,0.005,4.0,1.0,edgenext_x_small,0.0,momentum,2,0.8,8,2,plateau,0.1,0.0001,False,10,0.0,0.001,none,,
59881060857757087,True,2,0.001,10.0,0.5,0.0,0.0,0.1,0.001,0.4,0.75,True,0.001,0.2,1.0,volo_d4_448,0.9,adamp,5,0.8,8,2,plateau,0.0,0.0001,False,0,1e-06,0.001,none,"(0.0, 0.999)",
383165787735659891,True,64,0.0,10.0,0.0,2.0,20.0,0.5,0.001,0.1,0.75,False,1e-05,8.0,0.5,dla46x_c,0.9,adam,10,0.8,8,2,multistep,0.05,0.1,True,0,1e-05,0.01,auto_augment,"(0.0, 0.999)",original
29897819468855126,False,32,0.0001,1.0,2.0,1.0,20.0,0.5,0.0001,0.4,0.65,False,0.001,0.0,1.0,dla46x_c,0.9,sgd,10,0.2,8,2,step,0.1,0.001,False,5,0.0,1e-05,none,,
802829941067238,False,16,0.1,10.0,4.0,0.1,10.0,0.1,0.1,0.0,0.65,False,5e-05,1.0,1.0,convnext_small_384_in22ft1k,0.9,sgd,10,0.8,8,2,step,0.05,0.01,False,10,1e-06,0.1,none,,
42105896310143363,True,8,0.0001,,1.0,2.0,20.0,0.1,0.001,0.4,0.65,False,0.0001,4.0,1.0,volo_d1_384,0.9,adamp,10,1.0,8,2,step,0.05,0.0001,True,5,0.0,0.01,trivial_augment,"(0.0, 0.99)",
31254531093508700,False,4,0.0001,10.0,0.0,4.0,20.0,0.5,0.01,0.3,0.75,False,1e-05,4.0,0.5,edgenext_small,0.9,adamp,10,0.6,8,2,multistep,0.0,0.01,False,5,0.0,0.0,none,"(0.9, 0.999)",
55291357831950361,True,2,0.0,1.0,0.5,0.25,0.0,0.1,0.01,0.0,0.75,True,0.005,0.0,1.0,mobilevit_xxs,0.9,adamw,10,1.0,17,2,cosine,0.05,0.0,True,10,1e-05,1e-05,random_augment,"(0.9, 0.99)",
40033744784549191,True,2,0.0,10.0,2.0,0.0,0.0,0.1,0.1,0.3,0.75,False,0.001,1.0,0.25,xcit_tiny_24_p8_384_dist,0.99,momentum,10,0.2,8,2,cosine,0.05,0.01,True,10,1e-06,0.0,none,,
344366787337111692,False,2,0.1,,0.5,0.0,10.0,0.5,0.0,0.2,0.65,False,0.0005,4.0,0.0,mobilevitv2_075,0.95,momentum,10,0.0,8,2,step,0.05,0.01,False,0,0.0,0.0001,none,,
4119619258960875,True,32,0.001,1.0,1.0,2.0,10.0,0.1,0.0,0.1,0.65,False,1e-05,2.0,0.25,convnext_small_384_in22ft1k,0.9,sgd,10,1.0,8,2,multistep,0.05,0.1,False,0,0.0,0.0001,trivial_augment,,
71179304111115506,False,32,0.0001,10.0,0.0,2.0,0.0,0.1,0.1,0.1,0.75,False,1e-05,2.0,1.0,xcit_nano_12_p8_384_dist,0.9,adam,10,1.0,8,2,cosine,0.05,0.1,False,0,1e-05,1e-05,auto_augment,"(0.9, 0.99)",original
91395343821433868,False,32,0.0,,2.0,0.0,20.0,0.5,0.001,0.2,0.65,True,0.01,0.0,0.75,mobilevit_xxs,0.9,adamp,10,0.0,8,2,multistep,0.1,0.0001,False,0,1e-05,0.01,trivial_augment,"(0.9, 0.99)",
9971402021902989,True,32,0.0,10.0,0.0,1.0,0.0,0.1,0.01,0.1,0.65,False,0.001,8.0,1.0,edgenext_x_small,0.9,sgd,5,0.6,8,2,plateau,0.05,0.1,False,0,1e-06,0.01,none,,
4135284078718973,True,8,0.0001,1.0,2.0,0.1,0.0,0.1,0.0001,0.0,,False,0.005,1.0,1.0,swinv2_base_window12to24_192to384_22kft1k,0.9,sgd,2,0.6,9,2,plateau,0.05,0.0,True,0,0.0,0.0001,random_augment,,
31884855391106165,True,64,0.01,10.0,0.5,1.0,20.0,0.5,0.0001,0.2,0.75,True,0.0005,4.0,0.75,mobilevit_xs,0.9,sgd,10,1.0,8,2,multistep,0.0,0.0,True,10,1e-06,0.0,trivial_augment,,
72271845604104911,True,512,0.01,1.0,0.0,2.0,10.0,0.1,0.0,0.2,0.75,False,0.0005,4.0,1.0,edgenext_x_small,0.9,adam,10,0.2,8,2,multistep,0.0,0.001,True,5,1e-06,0.0,none,"(0.9, 0.99)",
65180932775940946,False,8,0.1,1.0,4.0,0.1,10.0,0.5,0.0,0.0,0.65,True,5e-05,4.0,0.25,volo_d1_384,0.9,sgd,10,0.8,8,2,multistep,0.05,0.1,False,10,0.0,0.1,auto_augment,,original
56153629596962070,False,2,0.0,1.0,4.0,0.5,10.0,0.5,0.01,0.1,0.75,True,0.001,8.0,0.75,beit_base_patch16_384,0.9,adam,10,0.0,8,2,multistep,0.1,0.001,False,10,1e-06,0.0,trivial_augment,"(0.0, 0.99)",
4912638164780743,True,2,0.1,1.0,4.0,4.0,0.0,0.1,0.01,0.2,,False,0.01,0.2,0.75,volo_d1_384,0.0,momentum,10,0.8,8,2,cosine,0.05,0.001,True,10,1e-06,0.0001,none,,
306600423743196309,True,4,0.001,,0.5,0.25,20.0,0.1,0.01,0.4,0.65,False,0.005,0.4,0.5,edgenext_x_small,0.9,adamw,10,0.8,9,3,step,0.0,0.0001,True,0,0.0,0.0,random_augment,"(0.0, 0.99)",
87657141818597390,False,32,0.1,10.0,4.0,4.0,0.0,0.1,0.001,0.1,0.75,True,0.001,0.4,0.0,dla46x_c,0.9,adamp,10,0.6,8,2,cosine,0.1,0.001,False,10,1e-05,1e-05,auto_augment,"(0.0, 0.999)",v0
45798404480069198,False,256,0.01,1.0,1.0,4.0,0.0,0.1,0.01,0.3,,False,0.005,2.0,0.0,edgenext_xx_small,0.9,adamw,5,0.8,8,2,plateau,0.05,0.001,False,10,1e-05,0.0001,none,"(0.0, 0.99)",
335841685292230025,True,8,0.0,,0.5,0.5,20.0,0.1,0.0001,0.1,,False,1e-05,0.0,0.5,mobilevitv2_075,0.0,momentum,10,0.6,9,3,multistep,0.0,0.0,True,0,1e-05,0.001,random_augment,,
6847566550654986,False,2,0.001,1.0,2.0,0.5,0.0,0.1,0.0,0.0,,False,0.005,0.0,0.25,tf_efficientnet_b6_ns,0.9,adamw,10,0.2,8,2,cosine,0.05,0.0001,True,0,0.0,0.0,none,"(0.9, 0.999)",
3600871869189253,True,128,0.0,10.0,2.0,0.1,0.0,0.1,0.0,0.2,0.65,True,5e-05,0.0,0.5,mobilevit_xs,0.9,sgd,10,0.2,9,2,cosine,0.0,0.0,False,0,1e-05,0.001,random_augment,,
75706929878098434,False,16,0.0001,10.0,4.0,1.0,20.0,0.5,0.01,0.0,0.75,False,0.005,4.0,0.75,dla46x_c,0.9,sgd,10,0.8,8,2,step,0.0,0.0001,True,0,0.0,0.001,none,,
65563194839972171,True,8,0.001,1.0,1.0,0.0,0.0,0.1,0.001,0.3,,False,0.005,2.0,0.25,volo_d4_448,0.95,momentum,10,1.0,17,2,cosine,0.0,0.0,False,10,1e-06,0.1,random_augment,,
41530626482018031,True,32,0.1,,0.0,0.5,20.0,0.1,0.0,0.0,0.75,True,5e-05,2.0,0.5,xcit_tiny_24_p8_384_dist,0.9,adamp,10,0.8,9,2,step,0.0,0.01,True,0,1e-05,0.1,random_augment,"(0.0, 0.99)",
5975813887617883,True,128,0.0,1.0,4.0,4.0,0.0,0.1,0.001,0.2,0.75,True,0.005,0.4,0.25,xcit_nano_12_p8_384_dist,0.9,sgd,2,0.8,8,2,plateau,0.0,0.01,True,0,1e-06,1e-05,none,,
81472503958334284,False,8,0.0,1.0,1.0,4.0,20.0,0.5,0.1,0.4,,False,0.005,0.0,1.0,edgenext_small,0.9,sgd,10,0.2,8,2,step,0.05,0.0,False,0,1e-06,0.1,auto_augment,,v0
8247440365039655,True,512,0.0001,10.0,1.0,0.5,0.0,0.1,0.01,0.3,0.65,False,0.0005,1.0,1.0,edgenext_small,0.8,momentum,10,1.0,8,2,cosine,0.1,0.1,True,0,0.0,0.1,trivial_augment,,
5405546405407257,True,32,0.0001,,4.0,1.0,0.0,0.1,0.01,0.1,0.75,False,1e-05,0.2,1.0,edgenext_xx_small,0.9,sgd,2,0.6,8,2,plateau,0.0,0.0,False,0,0.0,1e-05,none,,
502618439303477112,False,128,0.0,1.0,2.0,0.25,10.0,0.5,0.001,0.1,0.75,False,1e-05,0.2,0.75,mobilevit_xxs,0.9,adamw,10,1.0,17,3,multistep,0.05,0.0001,False,10,0.0,0.1,random_augment,"(0.0, 0.999)",
456488367397232814,False,2,0.01,,2.0,0.5,10.0,0.1,0.0,0.1,0.75,False,0.0001,0.4,1.0,edgenext_xx_small,0.99,momentum,10,0.6,9,3,step,0.1,0.0001,True,0,0.0,0.001,random_augment,,
71422416772963256,False,4,0.01,1.0,2.0,1.0,10.0,0.1,0.0,0.2,,False,0.0005,4.0,0.0,mobilevitv2_075,0.9,adamp,10,1.0,9,2,multistep,0.05,0.0,False,10,1e-05,1e-05,random_augment,"(0.9, 0.99)",
79587357121985428,False,64,0.0001,10.0,0.5,0.0,20.0,0.5,0.001,0.4,0.75,True,0.005,0.0,0.25,mobilevit_xxs,0.0,momentum,10,0.4,8,2,step,0.1,0.1,False,10,1e-05,1e-05,none,,
54195041812600392,False,16,0.001,,0.0,0.5,0.0,0.1,0.01,0.1,,True,0.0005,0.2,0.75,xcit_tiny_12_p8_384_dist,0.9,sgd,2,1.0,17,3,plateau,0.0,0.001,False,5,0.0,1e-05,random_augment,,
60155231965179791,True,8,0.001,10.0,0.5,0.25,20.0,0.5,0.001,0.4,,True,0.0001,2.0,1.0,xcit_nano_12_p8_384_dist,0.9,adam,10,1.0,8,2,multistep,0.05,0.1,True,5,1e-06,0.001,none,"(0.0, 0.99)",
79690108494641654,False,4,0.1,,4.0,1.0,0.0,0.1,0.1,0.0,0.65,False,0.005,1.0,0.25,edgenext_xx_small,0.9,adamw,10,0.0,9,3,cosine,0.1,0.0001,False,0,0.0,0.0,random_augment,"(0.0, 0.99)",
502682786071300704,False,128,0.1,10.0,1.0,1.0,10.0,0.5,0.001,0.0,0.65,True,0.0001,0.0,0.75,dla46x_c,0.9,adamw,10,0.2,17,3,multistep,0.1,0.0,True,10,0.0,0.1,random_augment,"(0.0, 0.999)",
32694407343368452,False,64,0.1,,0.5,4.0,10.0,0.1,0.0,0.0,,False,0.005,0.0,0.75,mobilevit_xs,0.9,adam,10,0.2,8,2,multistep,0.0,0.1,True,5,0.0,0.1,none,"(0.0, 0.99)",
9230347137607349,True,8,0.01,,1.0,4.0,20.0,0.1,0.1,0.2,0.65,True,0.001,4.0,0.75,convnext_small_384_in22ft1k,0.9,adamw,10,0.6,8,2,multistep,0.0,0.0,True,5,1e-05,0.1,trivial_augment,"(0.9, 0.999)",
3791072729460488,False,256,0.01,10.0,1.0,0.1,0.0,0.1,0.0,0.0,,False,0.0001,1.0,0.25,edgenext_x_small,0.9,sgd,10,0.4,8,2,cosine,0.1,0.001,False,5,1e-05,0.001,none,,
83554670074742236,False,64,0.001,10.0,2.0,0.1,10.0,0.5,0.01,0.3,0.65,True,0.0001,0.0,0.75,mobilevit_xxs,0.9,adamw,10,1.0,8,2,multistep,0.0,0.1,True,5,1e-05,0.01,trivial_augment,"(0.9, 0.99)",
827086451735117,True,64,0.001,1.0,4.0,4.0,0.0,0.1,0.0001,0.2,0.75,False,1e-05,1.0,0.25,mobilevit_xxs,0.9,adam,10,1.0,8,2,cosine,0.0,0.0,True,10,1e-06,0.1,none,"(0.9, 0.999)",
50851657338278102,False,32,0.01,,1.0,0.25,10.0,0.5,0.0001,0.3,0.65,True,0.001,1.0,0.25,dla46x_c,0.9,adam,10,0.0,8,2,step,0.05,0.1,True,10,1e-06,0.01,none,"(0.0, 0.99)",
2995875834860291,True,8,0.001,1.0,2.0,2.0,0.0,0.1,0.001,0.3,,False,0.0005,4.0,0.0,tf_efficientnet_b6_ns,0.9,adamp,10,0.2,8,2,cosine,0.1,0.1,True,5,0.0,0.001,none,"(0.9, 0.999)",
6052061234172125,True,64,0.01,10.0,4.0,2.0,0.0,0.1,0.001,0.1,0.65,True,0.005,0.2,0.0,xcit_nano_12_p8_384_dist,0.9,adam,10,1.0,8,2,cosine,0.05,0.01,False,5,1e-06,1e-05,trivial_augment,"(0.9, 0.999)",
48488210551921699,True,2,0.0001,1.0,1.0,4.0,0.0,0.1,0.001,0.1,0.75,False,0.001,0.4,0.5,edgenext_xx_small,0.9,adam,2,0.0,8,2,plateau,0.1,0.0001,False,10,1e-05,0.0,auto_augment,"(0.0, 0.99)",original
52224112220462041,True,128,0.0001,,2.0,0.25,0.0,0.1,0.001,0.1,,True,0.0005,0.4,0.0,edgenext_xx_small,0.9,adamw,5,0.2,9,2,plateau,0.1,0.0,False,0,1e-05,0.001,random_augment,"(0.9, 0.99)",
91382639390682290,False,32,0.1,10.0,4.0,0.5,0.0,0.1,0.0,0.2,0.75,False,0.0001,2.0,0.0,edgenext_xx_small,0.9,adamw,10,0.4,9,3,cosine,0.0,0.0001,False,0,1e-05,0.01,random_augment,"(0.0, 0.999)",
87713817521348696,False,256,0.1,10.0,4.0,0.5,10.0,0.5,0.01,0.4,,True,0.0001,1.0,1.0,edgenext_xx_small,0.9,adamp,10,0.2,9,2,step,0.05,0.0001,True,10,1e-05,1e-05,random_augment,"(0.9, 0.99)",
9339780005218392,False,16,0.001,,0.0,2.0,20.0,0.1,0.001,0.4,,False,0.001,0.0,0.75,xcit_nano_12_p8_384_dist,0.9,sgd,10,0.0,8,2,multistep,0.05,0.001,False,10,1e-05,0.1,none,,
66299270894157655,True,2,0.01,10.0,0.5,1.0,0.0,0.1,0.01,0.0,,False,0.005,0.4,0.5,volo_d3_448,0.9,adamp,10,0.8,8,2,cosine,0.0,0.1,True,0,0.0,0.01,auto_augment,"(0.9, 0.99)",original
428538507615618356,False,4,0.01,1.0,2.0,4.0,10.0,0.1,0.01,0.3,0.75,False,0.0005,0.0,0.5,xcit_nano_12_p8_384_dist,0.9,adamw,10,1.0,17,3,step,0.1,0.01,False,0,1e-06,0.0,random_augment,"(0.0, 0.99)",
50471119976745590,False,32,0.1,1.0,0.5,0.5,0.0,0.1,0.1,0.4,,True,0.001,1.0,1.0,dla46x_c,0.9,adamw,10,0.6,17,2,cosine,0.0,0.1,False,0,1e-06,0.01,random_augment,"(0.9, 0.99)",
68895280181176284,False,128,0.1,10.0,0.5,4.0,10.0,0.1,0.1,0.3,0.75,False,0.0001,0.0,1.0,edgenext_xx_small,0.9,adamp,10,0.2,8,2,step,0.0,0.001,False,0,0.0,0.0001,trivial_augment,"(0.9, 0.99)",
55005586408568795,True,8,0.0,1.0,0.0,2.0,0.0,0.1,0.001,0.2,,False,0.01,0.4,0.0,volo_d1_384,0.9,adam,10,0.2,8,2,cosine,0.05,0.0001,True,0,1e-05,1e-05,none,"(0.9, 0.99)",
3882518543075334,False,16,0.0001,1.0,0.5,2.0,0.0,0.1,0.1,0.3,0.75,False,1e-05,1.0,1.0,xcit_tiny_12_p8_384_dist,0.9,adamw,10,0.8,8,2,cosine,0.1,0.01,True,5,1e-05,0.001,none,"(0.9, 0.999)",
4886578463803865,True,512,0.0001,,4.0,4.0,0.0,0.1,0.1,0.1,0.75,True,1e-05,4.0,0.0,edgenext_x_small,0.9,adamp,10,0.6,8,2,cosine,0.1,0.0,True,10,1e-06,0.0001,trivial_augment,"(0.9, 0.999)",
34662480892148440,False,64,0.0,,4.0,0.5,0.0,0.1,0.01,0.4,,True,0.001,0.0,0.25,dla46x_c,0.9,adamw,10,1.0,17,2,cosine,0.05,0.0,False,0,1e-05,0.01,random_augment,"(0.9, 0.999)",
4600052784309677,True,8,0.1,,0.0,2.0,0.0,0.1,0.01,0.0,0.75,False,0.01,0.4,0.5,xcit_tiny_12_p8_384_dist,0.9,sgd,2,0.2,8,2,plateau,0.05,0.0001,True,0,1e-06,0.0001,trivial_augment,,
5357194363072316,False,4,0.01,1.0,0.5,0.1,0.0,0.1,0.1,0.4,0.65,False,0.0005,2.0,1.0,xcit_tiny_24_p8_384_dist,0.9,sgd,10,0.2,8,2,cosine,0.0,0.001,True,10,1e-05,0.0001,none,,
9833672296632591,True,32,0.1,1.0,0.5,4.0,0.0,0.1,0.001,0.1,0.75,False,0.0001,0.0,0.25,xcit_nano_12_p8_384_dist,0.9,adamp,10,0.8,8,2,cosine,0.05,0.0,True,10,0.0,0.01,trivial_augment,"(0.0, 0.99)",
51494634937684571,True,8,0.001,1.0,1.0,0.5,0.0,0.1,0.01,0.3,,False,0.001,4.0,0.0,edgenext_small,0.9,adamw,5,1.0,8,2,plateau,0.0,0.001,False,5,0.0,0.001,trivial_augment,"(0.9, 0.99)",
30395673693139426,False,512,0.0,10.0,4.0,0.25,0.0,0.1,0.0,0.4,,False,0.0001,0.4,0.5,edgenext_x_small,0.9,adamw,2,1.0,8,2,plateau,0.1,0.0,True,5,1e-06,1e-05,trivial_augment,"(0.0, 0.999)",
67661447910870066,False,16,0.0,10.0,4.0,2.0,10.0,0.1,0.001,0.3,,False,5e-05,4.0,0.5,edgenext_xx_small,0.9,momentum,10,0.8,8,2,multistep,0.1,0.1,True,0,0.0,0.001,trivial_augment,,
4798529346253262,False,256,0.0001,,4.0,0.25,10.0,0.1,0.0,0.0,,False,0.001,2.0,0.75,edgenext_x_small,0.9,adamw,10,0.6,8,2,step,0.1,0.1,True,5,1e-06,0.0001,trivial_augment,"(0.9, 0.999)",
56320848365798260,False,64,0.0,10.0,0.5,4.0,0.0,0.1,0.0001,0.2,0.65,False,0.001,0.4,0.75,mobilevit_xs,0.9,adam,10,0.2,17,2,cosine,0.0,0.1,False,0,1e-05,0.0,random_augment,"(0.9, 0.99)",
38273784141176276,False,256,0.1,1.0,0.0,0.1,0.0,0.1,0.01,0.2,0.75,True,0.0005,0.0,1.0,edgenext_small,0.9,adam,10,0.6,8,2,cosine,0.0,0.0001,False,0,1e-06,1e-05,auto_augment,"(0.0, 0.99)",v0
92422197056100197,True,64,0.001,10.0,0.5,0.1,0.0,0.1,0.0,0.0,,False,5e-05,4.0,1.0,xcit_nano_12_p8_384_dist,0.9,adamp,2,0.8,8,2,plateau,0.0,0.0,False,5,1e-06,0.001,auto_augment,"(0.0, 0.999)",original
4096544775955111,True,2,0.0,,2.0,0.25,0.0,0.1,0.001,0.4,0.75,False,0.005,0.2,1.0,beit_base_patch16_384,0.9,adamw,10,0.8,8,2,cosine,0.0,0.01,False,0,0.0,0.0001,none,"(0.9, 0.999)",
52304813194809843,True,32,0.01,1.0,1.0,1.0,0.0,0.1,0.01,0.3,,True,5e-05,0.2,1.0,volo_d1_384,0.9,adamp,2,1.0,8,2,plateau,0.0,0.0001,True,0,1e-05,0.001,none,"(0.9, 0.99)",
95304846292967032,False,512,0.001,,4.0,1.0,0.0,0.1,0.001,0.4,0.75,False,0.005,1.0,0.25,dla46x_c,0.9,adam,10,1.0,9,3,cosine,0.05,0.001,False,10,1e-06,1e-05,random_augment,"(0.0, 0.999)",
398267815867776164,False,4,0.1,,1.0,0.5,20.0,0.1,0.001,0.3,0.75,False,1e-05,0.0,0.0,edgenext_small,0.9,adamw,10,1.0,17,3,step,0.0,0.0001,True,10,1e-05,0.1,random_augment,"(0.9, 0.999)",
64501512420069020,False,4,0.0001,,0.0,1.0,0.0,0.1,0.001,0.2,0.75,False,0.01,0.4,0.75,xcit_tiny_12_p8_384_dist,0.9,momentum,5,0.4,8,2,plateau,0.0,0.1,True,0,1e-05,0.0,none,,
99131717235154754,False,4,0.1,10.0,0.0,4.0,10.0,0.1,0.01,0.2,0.65,False,0.005,0.4,0.5,deit3_small_patch16_384_in21ft1k,0.9,adam,10,0.0,8,2,multistep,0.05,0.001,True,0,1e-06,0.01,none,"(0.0, 0.999)",
4792928981796265,True,128,0.1,1.0,1.0,4.0,10.0,0.1,0.0,0.2,0.75,False,0.0001,0.0,0.25,mobilevit_xs,0.9,sgd,10,0.0,8,2,step,0.05,0.1,True,5,1e-06,0.0001,trivial_augment,,
56494594438479470,False,4,0.0001,,0.0,4.0,10.0,0.5,0.0,0.2,,True,0.001,2.0,0.25,volo_d3_448,0.9,adamp,10,1.0,8,2,multistep,0.05,0.0,True,5,1e-05,0.0,none,"(0.9, 0.999)",
38491294336153564,False,8,0.0,1.0,0.5,1.0,0.0,0.1,0.0001,0.0,0.75,False,0.005,2.0,0.75,mobilevitv2_075,0.99,momentum,2,0.0,8,2,plateau,0.05,0.0,True,5,1e-06,1e-05,none,,
4530650481681654,False,128,0.1,,0.5,0.5,0.0,0.1,0.0001,0.0,0.75,False,5e-05,8.0,0.0,dla46x_c,0.9,adamw,2,0.8,8,2,plateau,0.1,0.0001,False,0,1e-06,0.0001,trivial_augment,"(0.9, 0.999)",
92560295537468325,True,32,0.001,10.0,0.0,0.1,20.0,0.5,0.01,0.0,0.65,False,0.001,8.0,0.0,mobilevit_xxs,0.0,momentum,10,1.0,8,2,step,0.05,0.1,True,5,1e-06,0.001,auto_augment,,original
85429983171270336,False,16,0.0,,4.0,1.0,10.0,0.5,0.01,0.4,0.65,False,1e-05,0.2,0.25,mobilevitv2_075,0.9,adam,10,1.0,8,2,multistep,0.0,0.1,False,10,0.0,0.0001,trivial_augment,"(0.9, 0.99)",
5727175545252064,False,8,0.0,1.0,0.5,4.0,0.0,0.1,0.001,0.2,0.75,False,5e-05,1.0,0.25,dla46x_c,0.9,adam,10,0.0,8,2,cosine,0.1,0.0001,False,10,0.0,1e-05,none,"(0.9, 0.999)",
79198461350534562,False,16,0.001,1.0,4.0,0.0,20.0,0.5,0.0,0.0,,True,1e-05,0.4,1.0,beit_base_patch16_384,0.9,adam,10,0.6,8,2,multistep,0.1,0.01,True,10,1e-06,1e-05,none,"(0.9, 0.999)",
375498498051485454,False,128,0.1,1.0,4.0,4.0,10.0,0.5,0.1,0.4,,False,0.0001,0.4,0.75,deit3_small_patch16_384_in21ft1k,0.9,adam,10,1.0,9,3,step,0.05,0.01,True,0,0.0,0.001,random_augment,"(0.0, 0.999)",
90527442608886314,False,256,0.0,10.0,0.5,4.0,0.0,0.1,0.01,0.4,0.65,True,0.0005,8.0,0.0,edgenext_x_small,0.9,adam,10,0.4,8,2,cosine,0.0,0.1,False,0,0.0,0.01,auto_augment,"(0.0, 0.999)",original
3882588390069601,True,128,0.0001,10.0,1.0,0.0,0.0,0.1,0.01,0.4,,False,5e-05,8.0,0.0,mobilevitv2_075,0.9,sgd,10,1.0,8,2,cosine,0.1,0.01,True,5,1e-05,0.001,trivial_augment,,
98299393921590266,False,4,0.01,,2.0,4.0,0.0,0.1,0.01,0.1,,False,0.005,2.0,0.25,deit3_small_patch16_384_in21ft1k,0.9,adam,10,1.0,17,3,cosine,0.0,0.001,False,5,1e-05,0.1,random_augment,"(0.9, 0.999)",
567198831333947006,False,4,0.01,10.0,0.5,1.0,10.0,0.5,0.1,0.4,,True,0.0005,4.0,1.0,deit3_small_patch16_384_in21ft1k,0.9,momentum,10,0.2,17,3,step,0.0,0.0001,True,0,0.0,0.1,random_augment,,
96120475169216439,True,4,0.001,10.0,0.5,0.25,20.0,0.5,0.0001,0.4,0.75,False,0.0005,1.0,0.75,beit_base_patch16_384,0.9,adam,10,0.4,8,2,step,0.1,0.0001,True,5,0.0,0.0,trivial_augment,"(0.9, 0.99)",
8699728447737141,True,256,0.001,1.0,0.0,2.0,20.0,0.1,0.0001,0.2,,True,5e-05,1.0,0.0,edgenext_x_small,0.9,adam,10,0.0,8,2,multistep,0.1,0.1,True,0,1e-06,0.1,trivial_augment,"(0.9, 0.999)",
5896499854016920,False,8,0.001,10.0,0.0,0.25,0.0,0.1,0.0,0.1,0.65,False,0.001,1.0,1.0,xcit_nano_12_p8_384_dist,0.0,momentum,10,0.4,8,2,cosine,0.0,0.01,False,0,1e-06,1e-05,none,,
7946684943681314,False,4,0.1,10.0,2.0,0.25,0.0,0.1,0.1,0.2,,False,0.0005,1.0,0.75,xcit_nano_12_p8_384_dist,0.9,sgd,10,0.2,8,2,cosine,0.1,0.1,True,5,1e-05,0.0,none,,
73781734407978255,True,256,0.0,,1.0,0.1,20.0,0.5,0.0,0.2,,False,0.0005,4.0,0.5,dla46x_c,0.9,sgd,10,1.0,8,2,step,0.1,0.001,True,10,1e-06,0.1,none,,
40341237506314776,False,2,0.001,10.0,2.0,0.1,10.0,0.1,0.01,0.1,,False,0.0005,0.2,0.5,xcit_tiny_12_p8_384_dist,0.9,adamp,10,0.6,8,2,multistep,0.1,0.01,True,5,1e-05,0.0,none,"(0.0, 0.99)",
461659733527198854,False,128,0.1,,0.5,0.0,10.0,0.1,0.001,0.1,0.75,True,5e-05,0.0,0.75,xcit_nano_12_p8_384_dist,0.9,adamw,10,1.0,17,3,step,0.05,0.0001,False,10,1e-05,0.0,random_augment,"(0.9, 0.99)",
50373732728666607,True,256,0.1,10.0,1.0,0.1,0.0,0.1,0.0,0.0,0.65,False,0.01,0.4,0.25,mobilevit_xxs,0.9,adam,5,0.2,8,2,plateau,0.05,0.001,True,10,0.0,0.01,trivial_augment,"(0.9, 0.99)",
7909014395193053,True,8,0.0001,1.0,1.0,0.0,10.0,0.1,0.01,0.1,0.75,False,0.01,0.0,0.0,mobilevit_xs,0.9,sgd,10,0.6,8,2,step,0.0,0.001,True,5,1e-05,0.0,none,,
32307365751316984,False,64,0.01,10.0,1.0,0.1,0.0,0.1,0.01,0.3,0.65,False,0.001,0.2,0.0,edgenext_x_small,0.9,adamw,10,0.2,8,2,cosine,0.05,0.01,False,10,1e-05,0.0,trivial_augment,"(0.0, 0.999)",
437485191960665725,True,16,0.0001,1.0,2.0,4.0,10.0,0.5,0.0001,0.0,,False,0.005,4.0,0.25,edgenext_x_small,0.9,adamw,10,1.0,17,3,step,0.0,0.0,False,0,0.0,0.1,random_augment,"(0.0, 0.99)",
3890643185898221,True,8,0.001,10.0,0.0,0.0,0.0,0.1,0.0,0.2,,False,0.0005,4.0,0.5,convnext_small_384_in22ft1k,0.9,adam,2,1.0,8,2,plateau,0.0,0.1,True,5,1e-05,0.001,none,"(0.9, 0.999)",
9331610362926325,True,16,0.0001,,0.0,4.0,0.0,0.1,0.1,0.3,,False,0.01,8.0,0.5,edgenext_small,0.9,sgd,5,1.0,8,2,plateau,0.1,0.0001,False,10,1e-05,0.1,none,,
55265984912520177,True,256,0.1,10.0,2.0,0.1,0.0,0.1,0.01,0.4,,False,1e-05,2.0,0.75,edgenext_xx_small,0.9,adam,10,0.6,8,2,cosine,0.1,0.01,False,10,1e-05,1e-05,none,"(0.9, 0.99)",
90941708929897896,False,16,0.0,,1.0,0.0,0.0,0.1,0.0,0.1,,False,0.0001,0.4,1.0,volo_d1_384,0.9,adamw,2,0.6,8,2,plateau,0.05,0.0001,False,0,1e-06,0.01,auto_augment,"(0.0, 0.999)",original
375629095917261566,False,32,0.0001,1.0,0.0,0.25,20.0,0.5,0.01,0.3,0.75,False,0.005,0.4,0.5,xcit_nano_12_p8_384_dist,0.9,adamp,10,0.4,8,2,multistep,0.0,0.001,True,5,0.0,0.001,auto_augment,"(0.0, 0.999)",v0
55475219885111581,True,128,0.0001,,0.0,0.1,0.0,0.1,0.1,0.1,0.65,True,0.01,0.0,0.75,mobilevitv2_075,0.9,adamw,5,0.8,8,2,plateau,0.05,0.001,True,0,0.0,0.0,none,"(0.9, 0.99)",
72689472198893162,False,4,0.0,,2.0,0.5,0.0,0.1,0.01,0.4,0.75,False,0.0005,8.0,0.5,volo_d3_448,0.9,adamp,10,0.8,9,3,cosine,0.0,0.0,True,5,1e-05,0.0,random_augment,"(0.9, 0.999)",
31850610754367598,False,16,0.1,,0.5,0.1,0.0,0.1,0.0,0.3,0.75,False,1e-05,0.2,0.25,xcit_nano_12_p8_384_dist,0.9,adamw,2,0.6,9,2,plateau,0.1,0.001,False,10,1e-06,0.0,random_augment,"(0.0, 0.999)",
56640902986319475,True,4,0.1,1.0,2.0,1.0,0.0,0.1,0.1,0.2,0.65,False,5e-05,0.4,0.75,edgenext_small,0.9,adam,10,0.2,17,2,cosine,0.05,0.0,True,10,1e-05,0.0,random_augment,"(0.9, 0.99)",
367927954068713587,True,16,0.0,10.0,0.0,0.25,20.0,0.1,0.0001,0.1,0.75,True,0.0001,4.0,0.5,edgenext_xx_small,0.9,adamw,10,0.8,9,3,multistep,0.1,0.01,False,5,1e-06,0.001,random_augment,"(0.0, 0.999)",
30976662422311039,True,2,0.0001,10.0,1.0,1.0,0.0,0.1,0.0,0.4,,False,0.0001,2.0,0.75,swinv2_base_window12to24_192to384_22kft1k,0.9,sgd,10,1.0,17,3,cosine,0.1,0.1,False,10,1e-05,1e-05,random_augment,,
54927315200199782,False,4,0.0,10.0,0.0,0.5,0.0,0.1,0.1,0.4,,False,0.001,8.0,0.25,xcit_nano_12_p8_384_dist,0.9,adamp,10,1.0,8,2,cosine,0.0,0.0001,False,0,1e-05,1e-05,none,"(0.9, 0.99)",
3551198614103642,False,256,0.0001,,2.0,1.0,0.0,0.1,0.01,0.1,,True,0.01,0.0,0.5,mobilevit_xxs,0.9,sgd,10,0.6,8,2,cosine,0.1,0.0001,True,10,1e-06,0.001,none,,
29820583925078241,True,4,0.0001,1.0,4.0,0.0,0.0,0.1,0.001,0.3,0.65,False,0.0005,0.4,0.75,convnext_small_384_in22ft1k,0.9,adamp,2,1.0,8,2,plateau,0.05,0.001,True,0,0.0,1e-05,trivial_augment,"(0.0, 0.999)",
62889512366842149,True,4,0.001,,2.0,0.0,20.0,0.5,0.01,0.1,,False,0.001,8.0,0.75,xcit_nano_12_p8_384_dist,0.9,sgd,10,0.8,17,2,step,0.1,0.0001,False,10,1e-06,1e-05,random_augment,,
29909476191418910,False,32,0.1,10.0,0.0,4.0,20.0,0.1,0.1,0.4,,True,0.0005,0.4,0.0,xcit_tiny_12_p8_384_dist,0.9,sgd,10,1.0,8,2,multistep,0.05,0.01,False,5,0.0,1e-05,none,,
37641998595620627,True,512,0.0,10.0,4.0,2.0,0.0,0.1,0.001,0.3,0.65,True,0.001,2.0,0.75,edgenext_small,0.9,adam,5,1.0,8,2,plateau,0.1,0.01,True,5,1e-05,0.0001,none,"(0.9, 0.999)",
391327115226372948,False,128,0.001,1.0,2.0,0.5,10.0,0.1,0.001,0.1,0.75,True,5e-05,0.4,1.0,mobilevitv2_075,0.99,momentum,10,0.6,8,2,multistep,0.05,0.01,False,5,1e-05,0.01,none,,
31145884047836769,True,4,0.001,,4.0,2.0,0.0,0.1,0.0,0.0,,False,0.01,0.0,0.5,edgenext_xx_small,0.9,sgd,10,0.0,17,3,cosine,0.0,0.0001,True,0,0.0,0.0,random_augment,,
39409157968040430,False,2,0.0,10.0,0.0,0.25,0.0,0.1,0.1,0.2,0.75,False,0.01,2.0,0.25,deit3_small_patch16_384_in21ft1k,0.9,adam,10,0.8,8,2,cosine,0.1,0.0001,True,5,0.0,0.0,auto_augment,"(0.0, 0.99)",v0
75443915174289374,False,4,0.1,1.0,2.0,0.25,0.0,0.1,0.0001,0.1,0.75,False,0.0005,4.0,0.75,beit_large_patch16_512,0.9,adam,2,0.8,17,2,plateau,0.05,0.01,True,5,1e-05,0.01,random_augment,"(0.0, 0.99)",
36366750773868302,False,32,0.01,1.0,0.0,0.1,0.0,0.1,0.0001,0.1,0.75,False,5e-05,0.4,1.0,volo_d1_384,0.9,adam,5,1.0,8,2,plateau,0.1,0.01,False,10,1e-05,0.001,none,"(0.9, 0.999)",
67323649318682047,True,16,0.0,,1.0,1.0,0.0,0.1,0.1,0.4,0.65,True,0.005,1.0,0.25,mobilevit_xs,0.9,adamp,10,1.0,9,3,cosine,0.05,0.001,True,5,1e-05,0.01,random_augment,"(0.9, 0.999)",
64207353757903029,True,32,0.0,1.0,4.0,0.1,0.0,0.1,0.001,0.4,0.65,True,0.01,0.2,0.25,tf_efficientnet_b4_ns,0.9,adamw,10,0.2,17,2,cosine,0.1,0.1,True,5,1e-06,0.0,random_augment,"(0.0, 0.999)",
7611453594965911,True,128,0.0001,,4.0,0.0,0.0,0.1,0.0001,0.3,0.75,False,0.001,1.0,0.5,edgenext_small,0.9,sgd,10,0.0,8,2,cosine,0.05,0.001,True,10,1e-06,0.0,none,,
73514378502216032,False,256,0.0001,1.0,2.0,2.0,0.0,0.1,0.0,0.0,,False,0.01,1.0,0.5,edgenext_x_small,0.95,momentum,10,0.6,8,2,cosine,0.0,0.0,False,5,1e-06,0.1,none,,
411975007500822,False,16,0.001,,4.0,4.0,0.0,0.1,0.001,0.4,0.75,False,5e-05,0.2,0.25,mobilevit_xxs,0.0,momentum,10,1.0,8,2,cosine,0.05,0.001,True,10,0.0,0.1,none,,
30981620132343160,False,512,0.01,1.0,0.0,4.0,0.0,0.1,0.0,0.4,0.65,True,0.001,0.0,0.75,edgenext_xx_small,0.9,adamw,10,0.8,9,2,cosine,0.0,0.0,True,10,1e-05,1e-05,random_augment,"(0.0, 0.999)",
31372302617510169,True,4,0.001,10.0,0.0,0.25,0.0,0.1,0.0001,0.0,0.75,False,0.0005,2.0,0.0,swinv2_base_window12to24_192to384_22kft1k,0.9,adam,10,0.4,8,2,cosine,0.0,0.0001,False,10,0.0,0.0,trivial_augment,"(0.0, 0.999)",
3591638783378312,False,256,0.0001,,4.0,1.0,0.0,0.1,0.0001,0.1,,True,5e-05,0.2,1.0,edgenext_xx_small,0.9,adamw,10,1.0,8,2,cosine,0.05,0.1,True,10,1e-06,0.001,none,"(0.9, 0.999)",
326405069532117062,False,32,0.01,10.0,0.5,1.0,20.0,0.1,0.0001,0.0,,True,0.005,8.0,0.0,deit3_small_patch16_384_in21ft1k,0.95,momentum,10,0.8,8,2,multistep,0.0,0.0001,True,0,1e-05,0.01,auto_augment,,v0
8027359248122960,False,256,0.001,,2.0,0.25,0.0,0.1,0.01,0.4,0.75,False,5e-05,0.4,0.25,deit3_small_patch16_384_in21ft1k,0.9,sgd,10,1.0,8,2,cosine,0.0,0.0,True,10,1e-05,0.0,none,,
66287357227347708,False,128,0.001,,2.0,0.0,0.0,0.1,0.01,0.1,0.65,False,0.005,0.2,0.25,mobilevit_xxs,0.95,momentum,5,1.0,8,2,plateau,0.0,0.01,True,0,0.0,0.01,trivial_augment,,
57182195441598734,False,4,0.1,,2.0,4.0,0.0,0.1,0.01,0.2,0.65,True,0.0001,8.0,1.0,tf_efficientnet_b6_ns,0.9,adamw,10,0.4,8,2,cosine,0.05,0.0001,False,0,1e-06,0.1,auto_augment,"(0.9, 0.99)",v0
46172773257907726,False,64,0.001,,4.0,0.5,0.0,0.1,0.1,0.2,,True,0.01,8.0,1.0,edgenext_x_small,0.9,adam,2,0.0,8,2,plateau,0.05,0.001,True,5,0.0,1e-05,auto_augment,"(0.0, 0.99)",original
67447468226611209,True,4,0.001,10.0,1.0,0.1,0.0,0.1,0.1,0.1,0.65,True,0.005,4.0,0.0,xcit_nano_12_p8_384_dist,0.9,adamw,2,0.8,17,2,plateau,0.05,0.0,True,10,1e-05,0.01,random_augment,"(0.9, 0.999)",
60493851891891618,False,16,0.1,,1.0,2.0,20.0,0.5,0.0001,0.3,,False,1e-05,0.2,0.5,volo_d1_384,0.9,adamp,10,0.4,8,2,step,0.0,0.001,False,5,1e-05,0.001,trivial_augment,"(0.0, 0.99)",
36905459160983593,True,128,0.0,10.0,0.0,4.0,10.0,0.1,0.01,0.2,0.75,True,0.001,0.0,0.0,edgenext_small,0.9,sgd,10,0.6,17,2,multistep,0.1,0.1,True,10,0.0,0.0001,random_augment,,
79501743153743000,False,256,0.001,1.0,2.0,4.0,0.0,0.1,0.001,0.0,0.65,True,5e-05,2.0,0.75,dla46x_c,0.9,adamw,10,0.8,8,2,cosine,0.0,0.1,True,5,1e-05,1e-05,none,"(0.0, 0.999)",
6212024673019593,True,256,0.0001,1.0,0.5,0.0,0.0,0.1,0.1,0.2,0.75,False,0.005,0.4,0.0,xcit_nano_12_p8_384_dist,0.9,sgd,10,1.0,8,2,cosine,0.0,0.1,False,10,1e-06,1e-05,none,,
98658521970031244,False,4,0.1,10.0,1.0,4.0,0.0,0.1,0.0,0.1,0.65,False,1e-05,1.0,1.0,tf_efficientnet_b7_ns,0.9,adamp,5,1.0,8,2,plateau,0.1,0.0,True,0,0.0,0.01,none,"(0.9, 0.999)",
853508649912881,True,8,0.001,1.0,0.0,0.1,10.0,0.1,0.01,0.2,,False,0.005,2.0,0.75,volo_d1_384,0.9,sgd,10,0.4,8,2,multistep,0.1,0.0001,True,10,1e-06,0.1,none,,
33581705253450912,False,2,0.1,,1.0,2.0,0.0,0.1,0.1,0.1,0.65,False,0.0001,0.0,0.0,edgenext_x_small,0.8,momentum,10,0.4,8,2,cosine,0.05,0.01,True,5,1e-05,0.1,auto_augment,,v0
65632065625226318,False,256,0.01,,0.0,1.0,0.0,0.1,0.01,0.2,,False,5e-05,4.0,1.0,mobilevit_xs,0.95,momentum,5,0.8,8,2,plateau,0.05,0.1,False,10,1e-06,0.1,trivial_augment,,
79841924524604012,False,256,0.0001,1.0,1.0,0.5,0.0,0.1,0.01,0.3,,False,0.01,1.0,0.25,deit3_small_patch16_384_in21ft1k,0.9,adam,10,1.0,9,3,cosine,0.1,0.0001,False,5,0.0,0.0,random_augment,"(0.0, 0.99)",
8953139994728346,False,2,0.001,,2.0,0.25,0.0,0.1,0.0001,0.3,,False,0.0005,2.0,0.0,xcit_nano_12_p8_384_dist,0.9,adamw,10,0.4,8,2,cosine,0.1,0.0001,True,10,1e-06,0.1,none,"(0.0, 0.99)",
3896430075285517,True,2,0.001,1.0,1.0,0.25,0.0,0.1,0.0001,0.4,0.75,False,0.0001,2.0,0.25,mobilevit_xxs,0.9,sgd,10,0.8,8,2,cosine,0.1,0.1,True,5,1e-05,0.001,none,,
6601421737040133,True,4,0.0,10.0,0.0,2.0,0.0,0.1,0.1,0.3,0.65,False,5e-05,0.2,0.25,volo_d1_384,0.9,sgd,10,0.2,8,2,cosine,0.0,0.0,False,10,1e-05,1e-05,none,,
82129042834742631,True,4,0.0001,1.0,0.5,0.5,10.0,0.5,0.1,0.3,,False,0.01,4.0,1.0,volo_d4_448,0.9,adamw,10,0.6,8,2,multistep,0.0,0.1,False,5,1e-05,0.1,none,"(0.9, 0.99)",
49006373038990133,True,8,0.0001,,2.0,0.5,10.0,0.5,0.0001,0.2,0.75,False,0.0001,2.0,0.25,mobilevit_xs,0.9,adamp,10,0.0,8,2,step,0.05,0.0001,True,10,0.0,0.1,trivial_augment,"(0.0, 0.99)",
49431955072455994,False,8,0.0,1.0,0.0,0.0,10.0,0.5,0.0,0.3,,False,0.01,0.0,1.0,edgenext_xx_small,0.9,adamp,10,0.6,9,2,step,0.1,0.1,False,10,1e-06,0.1,random_augment,"(0.0, 0.99)",
36193351308046441,True,16,0.01,10.0,0.0,2.0,0.0,0.1,0.0,0.0,,False,0.0001,2.0,0.75,volo_d1_384,0.99,momentum,10,0.6,8,2,cosine,0.05,0.001,False,5,1e-05,0.001,trivial_augment,,
76910383815745510,False,64,0.0,,0.0,0.1,0.0,0.1,0.0001,0.2,,False,0.01,2.0,0.75,edgenext_x_small,0.9,adam,10,1.0,8,2,cosine,0.05,0.0001,True,10,1e-05,0.001,none,"(0.0, 0.999)",
3869881644136536,False,2,0.001,1.0,2.0,2.0,0.0,0.1,0.01,0.4,0.75,False,1e-05,0.2,0.0,xcit_tiny_12_p8_384_dist,0.9,adamp,2,0.0,8,2,plateau,0.1,0.001,True,5,1e-05,0.001,trivial_augment,"(0.9, 0.999)",
80040040908577102,False,64,0.1,10.0,1.0,0.1,0.0,0.1,0.001,0.4,0.65,False,0.0005,0.4,0.25,edgenext_xx_small,0.9,adamp,2,1.0,8,2,plateau,0.1,0.1,False,10,0.0,0.0,none,"(0.0, 0.999)",
8790174862111931,True,8,0.001,,1.0,4.0,20.0,0.1,0.0001,0.4,,False,0.01,1.0,0.25,edgenext_small,0.9,sgd,10,0.6,8,2,multistep,0.1,0.0,True,5,1e-06,0.1,trivial_augment,,
3491004060771069,True,4,0.001,1.0,1.0,0.1,0.0,0.1,0.001,0.1,0.65,False,0.0005,0.4,0.5,volo_d1_384,0.9,sgd,10,0.4,8,2,cosine,0.1,0.001,False,10,1e-06,0.001,trivial_augment,,
83837086729140808,False,64,0.0001,1.0,1.0,0.0,0.0,0.1,0.0001,0.1,,True,0.0001,8.0,0.25,mobilevit_xs,0.9,adamp,10,0.2,8,2,cosine,0.0,0.01,True,0,0.0,0.001,auto_augment,"(0.0, 0.999)",v0
311041121039526485,True,64,0.01,,0.5,0.0,10.0,0.1,0.0001,0.0,0.75,False,5e-05,2.0,0.5,edgenext_small,0.9,adamp,10,0.6,8,2,step,0.0,0.001,False,0,1e-06,0.001,auto_augment,"(0.0, 0.999)",original
643343143652722980,False,2,0.0,,4.0,1.0,20.0,0.5,0.001,0.3,0.65,False,0.0005,0.4,1.0,deit3_small_patch16_384_in21ft1k,0.99,momentum,10,0.2,17,3,step,0.05,0.0001,False,5,1e-06,0.001,random_augment,,
3140549191720765,True,2,0.01,10.0,4.0,0.0,0.0,0.1,0.0,0.0,0.75,False,5e-05,8.0,0.25,mobilevitv2_075,0.9,adamw,2,1.0,8,2,plateau,0.0,0.1,True,10,0.0,0.001,trivial_augment,"(0.9, 0.999)",
47518230904602304,False,8,0.0,1.0,2.0,0.1,0.0,0.1,0.001,0.0,0.65,False,5e-05,8.0,0.25,dla46x_c,0.9,adamw,5,0.2,8,2,plateau,0.0,0.001,True,5,0.0,0.0,trivial_augment,"(0.0, 0.99)",
59819362969019099,True,8,0.01,,1.0,4.0,20.0,0.5,0.01,0.3,,False,1e-05,1.0,0.75,tf_efficientnet_b4_ns,0.9,adamw,10,0.0,8,2,multistep,0.0,0.001,True,10,0.0,0.001,none,"(0.0, 0.99)",
59568937479098749,True,2,0.0001,1.0,1.0,0.5,20.0,0.5,0.001,0.1,,False,5e-05,0.2,0.25,beit_base_patch16_384,0.9,adam,10,0.8,8,2,step,0.05,0.0,False,5,0.0,0.001,trivial_augment,"(0.0, 0.99)",
63851559423296408,False,32,0.0,,0.0,0.0,0.0,0.1,0.01,0.2,0.65,False,0.005,0.4,0.5,xcit_nano_12_p8_384_dist,0.9,momentum,5,0.6,8,2,plateau,0.1,0.0,True,10,0.0,0.0,none,,
70045451880208566,False,16,0.0,,2.0,2.0,10.0,0.1,0.0,0.4,0.75,True,0.001,8.0,0.75,tf_efficientnet_b4_ns,0.9,adamw,10,0.2,8,2,step,0.1,0.01,True,5,1e-05,0.0001,none,"(0.9, 0.99)",
9563457463048222,False,512,0.001,1.0,4.0,2.0,0.0,0.1,0.0001,0.2,0.65,False,5e-05,1.0,0.0,edgenext_x_small,0.9,adamp,10,0.6,8,2,cosine,0.05,0.001,True,0,0.0,0.01,trivial_augment,"(0.0, 0.99)",
348963989800988314,False,64,0.01,10.0,0.5,4.0,20.0,0.5,0.0001,0.2,,True,1e-05,4.0,0.75,edgenext_xx_small,0.0,momentum,10,0.4,9,3,multistep,0.1,0.1,True,0,1e-06,0.1,random_augment,,
46528661852997994,False,64,0.01,10.0,0.0,0.1,0.0,0.1,0.01,0.2,,True,1e-05,8.0,0.5,xcit_small_12_p8_384_dist,0.9,adam,5,1.0,8,2,plateau,0.0,0.0001,False,5,1e-06,1e-05,none,"(0.0, 0.99)",
36132768080117804,False,4,0.1,,4.0,0.25,0.0,0.1,0.001,0.0,0.75,False,0.005,0.0,0.0,tf_efficientnet_b7_ns,0.9,adamp,10,1.0,8,2,cosine,0.05,0.01,True,0,1e-05,0.001,auto_augment,"(0.0, 0.99)",v0
4981052073651428,False,4,0.001,10.0,2.0,0.1,0.0,0.1,0.001,0.1,0.65,False,0.0005,8.0,0.25,xcit_small_12_p8_384_dist,0.9,adamw,10,0.0,8,2,cosine,0.0,0.001,False,0,1e-05,0.0001,trivial_augment,"(0.9, 0.999)",
43368472111305172,False,8,0.0001,10.0,0.5,1.0,0.0,0.1,0.01,0.3,0.75,False,0.001,0.4,0.75,xcit_tiny_24_p8_384_dist,0.9,adamp,10,0.2,17,2,cosine,0.1,0.0,False,5,0.0,0.001,random_augment,"(0.0, 0.99)",
90762981717883689,True,32,0.0,1.0,1.0,2.0,0.0,0.1,0.01,0.1,0.75,True,0.001,0.4,0.5,xcit_tiny_12_p8_384_dist,0.9,adam,10,1.0,9,3,cosine,0.1,0.1,True,5,0.0,0.01,random_augment,"(0.0, 0.999)",
74727871991507854,False,64,0.01,10.0,2.0,1.0,20.0,0.1,0.01,0.2,0.65,True,1e-05,4.0,0.5,mobilevitv2_075,0.9,adamp,10,0.8,8,2,multistep,0.1,0.0,False,0,1e-06,0.01,none,"(0.9, 0.99)",
63442751816070910,False,64,0.0,10.0,0.5,0.25,0.0,0.1,0.01,0.4,,False,1e-05,1.0,0.25,edgenext_x_small,0.9,adamp,10,0.8,8,2,cosine,0.1,0.01,True,10,1e-05,1e-05,auto_augment,"(0.9, 0.99)",v0
54782283070392736,False,8,0.1,,2.0,4.0,0.0,0.1,0.01,0.3,0.65,False,0.0001,0.4,1.0,tf_efficientnet_b4_ns,0.9,adamp,10,1.0,8,2,cosine,0.05,0.0001,False,10,1e-06,1e-05,none,"(0.9, 0.99)",
43246993167120523,True,128,0.0,,2.0,0.0,20.0,0.1,0.0001,0.2,,True,0.001,0.4,0.25,mobilevit_xxs,0.9,sgd,10,1.0,17,2,multistep,0.05,0.001,False,0,0.0,0.001,random_augment,,
37826419763907991,True,2,0.0,,1.0,0.5,0.0,0.1,0.01,0.0,,False,0.001,0.0,0.0,tf_efficientnet_b7_ns,0.9,adamp,5,0.2,8,2,plateau,0.0,0.0001,False,0,0.0,1e-05,none,"(0.9, 0.999)",
83455656828022982,False,4,0.0,,4.0,2.0,0.0,0.1,0.0001,0.1,,False,1e-05,0.4,0.5,volo_d5_448,0.9,adamp,2,1.0,8,2,plateau,0.05,0.001,False,5,1e-05,0.01,auto_augment,"(0.0, 0.999)",v0
350263757795378782,False,8,0.0001,1.0,0.5,4.0,20.0,0.5,0.01,0.2,0.75,False,5e-05,0.0,1.0,xcit_tiny_24_p8_384_dist,0.9,adam,10,1.0,9,3,step,0.05,0.0001,True,0,1e-06,0.01,random_augment,"(0.9, 0.99)",
3665322161493006,False,128,0.01,10.0,2.0,4.0,0.0,0.1,0.01,0.4,0.65,False,1e-05,1.0,1.0,dla46x_c,0.9,adamw,2,0.6,8,2,plateau,0.0,0.1,False,0,1e-05,0.001,trivial_augment,"(0.9, 0.999)",
50768839188025797,True,4,0.01,10.0,2.0,2.0,0.0,0.1,0.0,0.2,,False,0.001,0.2,0.5,edgenext_xx_small,0.9,adamw,5,0.2,8,2,plateau,0.1,0.01,False,10,1e-06,0.01,none,"(0.9, 0.99)",
35661283394146313,True,8,0.0001,,1.0,0.25,0.0,0.1,0.001,0.2,0.65,True,0.001,0.2,1.0,tf_efficientnet_b6_ns,0.9,adam,5,0.6,8,2,plateau,0.1,0.0001,True,0,1e-06,0.001,trivial_augment,"(0.9, 0.999)",
34974524368481824,False,64,0.01,1.0,0.5,1.0,10.0,0.1,0.0,0.4,0.75,False,1e-05,0.4,0.25,deit3_small_patch16_384_in21ft1k,0.9,adamw,10,1.0,8,2,step,0.0,0.0001,False,10,1e-05,0.01,none,"(0.0, 0.99)",
6818237694672750,False,2,0.0,10.0,0.5,4.0,0.0,0.1,0.1,0.2,0.65,False,1e-05,8.0,0.25,edgenext_small,0.9,adamw,10,1.0,8,2,cosine,0.05,0.1,False,0,0.0,0.0,none,"(0.9, 0.999)",
73080513637499324,False,4,0.1,,0.0,4.0,0.0,0.1,0.0001,0.0,,True,0.0005,1.0,0.5,tf_efficientnet_b7_ns,0.9,adamw,10,0.8,8,2,cosine,0.0,0.0001,False,5,0.0,0.1,none,"(0.0, 0.999)",
8718162031022041,True,2,0.0,1.0,0.0,1.0,0.0,0.1,0.1,0.3,0.75,False,5e-05,8.0,0.75,edgenext_small,0.9,sgd,10,0.6,8,2,cosine,0.0,0.0001,False,5,1e-06,0.1,auto_augment,,v0
72626545159753263,True,256,0.0001,1.0,1.0,2.0,10.0,0.1,0.01,0.2,0.65,False,0.005,0.2,0.75,edgenext_x_small,0.9,momentum,10,1.0,8,2,step,0.1,0.0,False,5,1e-05,0.0,trivial_augment,,
62581257368637705,True,32,0.001,,2.0,0.5,0.0,0.1,0.0001,0.0,0.65,False,0.0005,1.0,1.0,edgenext_x_small,0.9,adamp,5,0.4,8,2,plateau,0.0,0.0001,False,0,1e-06,1e-05,none,"(0.0, 0.999)",
339016521769143294,False,128,0.1,,2.0,4.0,20.0,0.1,0.01,0.3,,True,5e-05,0.0,0.0,dla46x_c,0.9,adamw,10,0.8,9,3,step,0.1,0.0001,True,0,0.0,0.0,random_augment,"(0.9, 0.99)",
473886972969848448,False,16,0.1,1.0,4.0,4.0,10.0,0.5,0.1,0.1,0.75,False,1e-05,0.2,0.25,dla46x_c,0.99,momentum,10,1.0,9,3,step,0.05,0.0001,True,10,1e-05,0.001,random_augment,,
93577535882277246,False,2,0.001,1.0,0.5,0.25,0.0,0.1,0.0001,0.2,0.75,False,0.0001,4.0,0.5,tf_efficientnet_b6_ns,0.9,adamw,2,1.0,8,2,plateau,0.0,0.001,True,10,0.0,0.0001,auto_augment,"(0.0, 0.999)",original
83041835282292249,True,32,0.0,10.0,2.0,4.0,0.0,0.1,0.0001,0.3,0.75,False,0.01,8.0,1.0,mobilevitv2_075,0.95,momentum,10,0.2,8,2,cosine,0.0,0.0,True,5,1e-06,0.01,auto_augment,,v0
43650003107643647,True,8,0.1,10.0,1.0,2.0,0.0,0.1,0.1,0.4,0.75,False,1e-05,0.4,1.0,mobilevit_xxs,0.9,adamw,10,0.8,17,2,cosine,0.05,0.1,True,10,0.0,0.001,random_augment,"(0.0, 0.99)",
35265889626843576,False,128,0.01,1.0,0.5,2.0,0.0,0.1,0.01,0.2,0.65,False,0.001,0.2,1.0,edgenext_x_small,0.9,adam,5,0.2,8,2,plateau,0.05,0.0,False,5,0.0,0.001,none,"(0.9, 0.999)",
310292129980164534,False,16,0.0001,1.0,0.5,0.0,10.0,0.1,0.0001,0.2,0.65,True,5e-05,2.0,0.25,swinv2_base_window12to24_192to384_22kft1k,0.9,adamp,10,0.8,8,2,multistep,0.0,0.001,False,5,1e-05,0.01,auto_augment,"(0.0, 0.999)",original
48781966559293116,False,2,0.001,,4.0,0.1,10.0,0.5,0.1,0.0,,False,0.001,0.2,0.0,mobilevit_xxs,0.9,adamw,10,0.8,8,2,step,0.05,0.0001,False,5,0.0,0.1,trivial_augment,"(0.0, 0.99)",
69146894607163037,True,512,0.0,1.0,4.0,1.0,10.0,0.1,0.0,0.3,0.75,False,0.001,4.0,0.0,mobilevit_xxs,0.9,momentum,10,1.0,8,2,multistep,0.1,0.01,True,5,0.0,0.0001,trivial_augment,,
4641399414782606,False,4,0.01,1.0,2.0,1.0,0.0,0.1,0.0001,0.1,,False,0.001,0.2,0.5,edgenext_x_small,0.9,sgd,10,0.6,8,2,cosine,0.05,0.1,True,0,1e-06,0.0001,trivial_augment,,
88580565880293050,False,32,0.1,,0.5,0.5,10.0,0.5,0.1,0.2,0.75,False,5e-05,0.0,0.5,xcit_small_12_p8_384_dist,0.9,adam,10,1.0,8,2,multistep,0.0,0.1,False,10,1e-06,0.0,trivial_augment,"(0.9, 0.99)",
60734049134356293,True,256,0.0001,,2.0,0.0,20.0,0.5,0.0,0.4,0.75,False,0.0001,4.0,1.0,dla46x_c,0.9,adamw,10,0.6,8,2,step,0.0,0.01,True,10,1e-05,0.001,trivial_augment,"(0.0, 0.99)",
5032747385289596,False,4,0.01,,1.0,0.1,0.0,0.1,0.1,0.3,,False,0.0005,0.0,0.0,volo_d5_512,0.9,adamp,10,0.8,8,2,cosine,0.05,0.0,True,0,1e-05,0.0001,trivial_augment,"(0.9, 0.999)",
31812474369391906,False,8,0.1,10.0,0.0,0.5,0.0,0.1,0.001,0.3,,True,0.0001,0.0,0.25,mobilevit_xs,0.9,adamp,10,0.4,8,2,cosine,0.05,0.0,False,10,1e-06,0.0,none,"(0.0, 0.999)",
92482992656381848,False,8,0.01,10.0,2.0,0.25,0.0,0.1,0.1,0.2,,False,1e-05,4.0,0.5,volo_d3_448,0.9,adamw,10,0.6,9,3,cosine,0.05,0.1,False,5,1e-06,0.001,random_augment,"(0.0, 0.999)",
7254648184935481,True,16,0.01,10.0,1.0,0.5,10.0,0.1,0.1,0.0,0.65,True,0.01,1.0,1.0,deit3_small_patch16_384_in21ft1k,0.9,adamw,10,0.2,8,2,multistep,0.05,0.01,False,0,1e-06,0.0,trivial_augment,"(0.9, 0.999)",
63285817557225766,False,8,0.1,10.0,2.0,0.5,20.0,0.5,0.1,0.0,0.75,False,1e-05,0.4,1.0,xcit_tiny_12_p8_384_dist,0.9,adam,10,1.0,8,2,multistep,0.0,0.01,True,5,1e-05,1e-05,trivial_augment,"(0.0, 0.99)",
4227311895162274,False,64,0.01,,2.0,1.0,0.0,0.1,0.0,0.4,0.75,False,0.005,0.4,0.5,deit3_small_patch16_384_in21ft1k,0.9,sgd,10,0.6,8,2,cosine,0.1,0.0001,False,5,0.0,0.0001,none,,
4855412754811170,False,2,0.0,1.0,4.0,0.25,0.0,0.1,0.01,0.0,0.65,False,5e-05,0.4,0.0,beit_large_patch16_512,0.9,sgd,2,0.6,9,2,plateau,0.05,0.01,False,10,1e-06,0.0001,random_augment,,
4444197577587164,False,4,0.1,1.0,0.0,2.0,10.0,0.1,0.0001,0.2,,True,0.01,0.0,1.0,mobilevit_xs,0.9,sgd,10,0.4,8,2,multistep,0.0,0.0001,True,10,0.0,0.0001,trivial_augment,,
4201635915583706,False,4,0.01,10.0,0.5,1.0,0.0,0.1,0.0001,0.0,,False,0.005,0.2,0.25,tf_efficientnet_b6_ns,0.9,sgd,10,1.0,8,2,cosine,0.0,0.0,False,5,0.0,0.0001,none,,
375623933966313751,True,2,0.0,10.0,0.5,2.0,20.0,0.5,0.1,0.3,0.75,False,0.0005,4.0,0.5,edgenext_xx_small,0.9,adamp,10,0.2,8,2,multistep,0.1,0.0001,True,5,0.0,0.001,auto_augment,"(0.0, 0.999)",v0
58335858968951865,True,4,0.1,10.0,2.0,0.1,0.0,0.1,0.0,0.0,,False,0.01,0.0,0.75,edgenext_x_small,0.9,momentum,5,1.0,8,2,plateau,0.0,0.01,True,5,0.0,0.01,trivial_augment,,
374911509761068,False,8,0.01,,2.0,0.0,0.0,0.1,0.1,0.1,0.75,False,0.005,4.0,0.5,beit_base_patch16_384,0.9,sgd,2,1.0,8,2,plateau,0.1,0.1,False,10,0.0,0.1,none,,
7266229956407974,False,8,0.0,,0.5,0.25,0.0,0.1,0.0,0.0,0.65,False,1e-05,8.0,0.0,mobilevit_xxs,0.9,sgd,2,1.0,8,2,plateau,0.0,0.1,False,0,1e-06,0.0,none,,
42382721318096757,True,4,0.01,10.0,0.5,0.0,0.0,0.1,0.0001,0.1,,False,0.0001,1.0,0.5,xcit_tiny_12_p8_384_dist,0.9,adam,5,0.8,8,2,plateau,0.1,0.1,False,0,1e-06,0.01,trivial_augment,"(0.0, 0.99)",
32339253049869764,False,4,0.1,10.0,2.0,0.25,20.0,0.5,0.0,0.4,0.75,False,0.005,8.0,0.5,beit_base_patch16_384,0.9,sgd,10,0.2,8,2,multistep,0.05,0.0,True,10,1e-05,0.0,none,,
96856996464990816,False,16,0.0,,2.0,4.0,20.0,0.5,0.0,0.2,0.65,False,0.0005,4.0,0.25,xcit_nano_12_p8_384_dist,0.9,adamw,10,0.8,9,2,multistep,0.1,0.0,True,0,1e-05,0.0,random_augment,"(0.9, 0.99)",
8930477108352833,True,512,0.001,1.0,1.0,4.0,20.0,0.1,0.001,0.1,0.75,False,0.01,2.0,1.0,mobilevit_xxs,0.9,adamw,10,0.8,8,2,multistep,0.0,0.0,True,10,1e-06,0.1,trivial_augment,"(0.9, 0.999)",
7752450743711977,True,128,0.01,1.0,0.5,2.0,0.0,0.1,0.0001,0.3,0.75,False,0.0001,4.0,0.25,edgenext_x_small,0.9,adamp,10,1.0,8,2,cosine,0.1,0.0001,True,0,1e-05,0.0,none,"(0.9, 0.999)",
343027296614846505,True,4,0.1,10.0,0.0,4.0,10.0,0.5,0.0001,0.3,0.65,False,0.01,2.0,0.0,xcit_tiny_24_p8_384_dist,0.9,adamp,10,0.8,8,2,step,0.0,0.1,False,0,0.0,0.001,none,"(0.0, 0.999)",
89063672455836964,False,64,0.01,10.0,0.5,4.0,0.0,0.1,0.0,0.0,,False,0.005,8.0,0.75,mobilevit_xxs,0.9,adam,10,1.0,8,2,cosine,0.05,0.0001,True,10,1e-05,0.0,auto_augment,"(0.0, 0.999)",v0
4136143788511456,False,8,0.1,10.0,0.0,0.5,0.0,0.1,0.0001,0.4,0.65,False,5e-05,4.0,0.75,dla46x_c,0.9,sgd,10,0.4,8,2,cosine,0.1,0.0,True,0,0.0,0.0001,none,,
391436359754053544,False,32,0.001,1.0,2.0,4.0,10.0,0.1,0.001,0.0,0.75,False,0.0005,4.0,0.0,deit3_small_patch16_384_in21ft1k,0.9,adamw,10,0.8,17,3,step,0.1,0.0,False,10,1e-05,0.01,random_augment,"(0.9, 0.999)",
91565970812137891,True,2,0.0,1.0,0.0,0.1,20.0,0.5,0.0,0.3,0.75,False,0.01,4.0,1.0,mobilevitv2_075,0.9,adam,10,0.8,8,2,multistep,0.0,0.01,False,5,1e-05,0.01,trivial_augment,"(0.9, 0.99)",
36326636423296997,True,8,0.1,10.0,1.0,2.0,0.0,0.1,0.0,0.0,,False,0.005,8.0,1.0,beit_base_patch16_384,0.9,adamp,5,0.8,8,2,plateau,0.0,0.0001,False,10,1e-05,0.001,trivial_augment,"(0.9, 0.999)",
375058789391523681,True,32,0.1,1.0,2.0,2.0,20.0,0.5,0.001,0.3,0.75,True,0.01,4.0,1.0,xcit_nano_12_p8_384_dist,0.9,adamw,10,0.2,8,2,multistep,0.0,0.1,True,0,1e-05,0.01,auto_augment,"(0.0, 0.999)",v0
32307539031965112,False,16,0.001,,0.5,2.0,0.0,0.1,0.001,0.2,0.65,False,0.005,8.0,0.75,dla46x_c,0.9,adamw,10,0.4,8,2,cosine,0.05,0.01,False,10,1e-05,0.0,trivial_augment,"(0.0, 0.999)",
58980214497562650,False,2,0.0,10.0,0.5,1.0,0.0,0.1,0.0001,0.1,0.75,False,0.005,8.0,0.25,mobilevit_xs,0.9,adamw,5,0.0,8,2,plateau,0.0,0.0001,False,0,1e-05,0.01,none,"(0.0, 0.999)",
36850783971054576,False,128,0.01,10.0,4.0,2.0,10.0,0.1,0.001,0.3,0.65,False,0.0001,0.4,0.25,xcit_nano_12_p8_384_dist,0.9,sgd,10,1.0,17,2,multistep,0.0,0.0001,True,10,0.0,0.0001,random_augment,,
58325709830830402,False,8,0.0001,,4.0,0.1,0.0,0.1,0.001,0.1,,True,5e-05,8.0,0.5,tf_efficientnet_b6_ns,0.9,adam,2,0.8,8,2,plateau,0.05,0.001,True,5,0.0,0.01,auto_augment,"(0.9, 0.99)",v0
306401514099593423,True,8,0.0001,10.0,0.5,1.0,10.0,0.1,0.1,0.2,0.75,False,0.001,0.2,0.5,xcit_tiny_12_p8_384_dist,0.9,adam,10,1.0,8,2,multistep,0.1,0.001,False,10,1e-05,1e-05,auto_augment,"(0.0, 0.999)",v0
47734229078193911,True,8,0.001,10.0,1.0,1.0,0.0,0.1,0.01,0.4,,False,0.0001,0.2,1.0,edgenext_small,0.9,adam,10,0.2,8,2,cosine,0.1,0.0001,False,0,1e-06,0.0,auto_augment,"(0.0, 0.99)",original
67805244615542391,True,32,0.1,10.0,4.0,2.0,10.0,0.1,0.01,0.3,0.75,True,0.0005,2.0,0.75,dla46x_c,0.9,adamp,10,0.4,9,2,step,0.05,0.1,True,5,0.0,0.001,random_augment,"(0.9, 0.99)",
586718011463358364,False,512,0.0001,1.0,1.0,1.0,10.0,0.1,0.01,0.0,0.65,True,0.01,0.2,0.0,edgenext_xx_small,0.95,momentum,10,0.8,17,3,step,0.0,0.001,True,5,1e-06,0.001,random_augment,,
64899132003275185,True,2,0.01,10.0,0.0,1.0,0.0,0.1,0.1,0.0,,False,0.005,4.0,1.0,dla46x_c,0.9,adam,10,1.0,8,2,cosine,0.1,0.0,True,0,0.0,0.1,auto_augment,"(0.9, 0.99)",original
49609322811079170,False,16,0.01,1.0,0.5,0.1,0.0,0.1,0.01,0.1,0.65,False,1e-05,4.0,0.5,mobilevit_xxs,0.9,adamp,5,1.0,8,2,plateau,0.05,0.0001,True,0,1e-05,0.1,none,"(0.9, 0.99)",
98993394902211935,True,8,0.0,10.0,0.0,1.0,0.0,0.1,0.0,0.2,,False,0.0001,1.0,0.0,xcit_tiny_12_p8_384_dist,0.9,adamw,5,0.8,8,2,plateau,0.0,0.01,True,10,0.0,0.01,none,"(0.9, 0.999)",
42017788437509083,True,128,0.0,,0.5,0.0,0.0,0.1,0.0001,0.4,0.75,True,0.0005,0.0,0.25,xcit_nano_12_p8_384_dist,0.0,momentum,5,1.0,8,2,plateau,0.05,0.0,False,5,0.0,0.01,none,,
43979871223773468,False,2,0.0001,10.0,0.5,0.25,0.0,0.1,0.01,0.2,0.65,True,1e-05,0.4,0.25,volo_d4_448,0.9,adamw,10,0.6,17,2,cosine,0.05,0.0001,False,10,1e-06,0.001,random_augment,"(0.0, 0.99)",
61013753651250378,False,2,0.0001,1.0,0.5,0.1,20.0,0.5,0.1,0.2,,False,0.0001,4.0,0.25,tf_efficientnet_b4_ns,0.9,adamw,10,0.2,8,2,step,0.1,0.0001,True,5,0.0,0.0001,trivial_augment,"(0.0, 0.99)",
55853135480215962,False,2,0.1,1.0,0.0,0.1,10.0,0.5,0.0,0.0,0.65,False,0.01,1.0,0.75,volo_d5_448,0.9,adamp,10,0.6,8,2,step,0.1,0.001,False,0,1e-06,0.0,trivial_augment,"(0.0, 0.99)",
7006179672163523,True,64,0.1,1.0,0.0,0.0,0.0,0.1,0.0,0.0,,True,0.0005,8.0,0.0,edgenext_xx_small,0.9,sgd,2,1.0,8,2,plateau,0.1,0.0001,True,5,0.0,0.0,none,,
38998994110812701,True,512,0.01,10.0,0.0,4.0,0.0,0.1,0.0,0.4,0.65,True,0.0001,0.2,1.0,edgenext_xx_small,0.9,adamp,10,0.6,8,2,cosine,0.05,0.1,True,5,1e-05,1e-05,auto_augment,"(0.0, 0.99)",v0
4002048928437841,True,2,0.0,10.0,2.0,0.5,0.0,0.1,0.0001,0.0,0.65,False,0.0005,0.0,0.75,edgenext_xx_small,0.9,adamw,10,0.2,8,2,cosine,0.1,0.0001,True,10,1e-05,0.001,none,"(0.9, 0.999)",
29972225445933343,True,128,0.0,10.0,0.0,2.0,0.0,0.1,0.01,0.2,,True,0.0005,0.2,0.0,mobilevitv2_075,0.9,adam,10,0.6,8,2,cosine,0.1,0.001,True,5,0.0,1e-05,none,"(0.0, 0.999)",
78878886188904730,False,64,0.0,1.0,4.0,4.0,0.0,0.1,0.0,0.4,,False,0.0001,0.0,0.0,edgenext_x_small,0.99,momentum,5,0.0,8,2,plateau,0.05,0.001,True,0,1e-06,1e-05,trivial_augment,,
80596640008407366,False,2,0.001,1.0,1.0,1.0,0.0,0.1,0.01,0.1,0.75,False,0.001,1.0,0.25,xcit_nano_12_p8_384_dist,0.9,adamp,10,0.4,9,3,cosine,0.0,0.001,False,0,1e-05,0.0,random_augment,"(0.0, 0.99)",
50126533518351207,True,4,0.01,,0.0,0.0,10.0,0.5,0.0001,0.0,0.75,True,5e-05,0.4,0.25,convnext_small_384_in22ft1k,0.9,adamw,10,0.0,8,2,step,0.0,0.0001,False,5,0.0,0.01,none,"(0.9, 0.999)",
47192782315596399,True,32,0.0,,1.0,1.0,20.0,0.1,0.0,0.4,0.75,True,5e-05,0.2,0.5,convnext_small_384_in22ft1k,0.9,adam,10,1.0,8,2,multistep,0.05,0.0,True,10,1e-05,1e-05,trivial_augment,"(0.0, 0.99)",
45231634321162636,False,8,0.1,1.0,0.5,2.0,20.0,0.1,0.0,0.4,0.75,False,5e-05,1.0,0.25,dla46x_c,0.9,adamw,10,0.0,8,2,multistep,0.1,0.1,False,5,1e-06,0.0001,trivial_augment,"(0.0, 0.99)",
39856755972654848,False,4,0.001,1.0,0.5,0.5,0.0,0.1,0.01,0.3,0.75,False,0.0001,1.0,0.25,mobilevit_xxs,0.9,adam,5,0.2,8,2,plateau,0.05,0.0001,True,5,1e-06,0.0,none,"(0.9, 0.999)",
79638088875771493,True,2,0.1,1.0,4.0,0.0,20.0,0.1,0.0001,0.2,0.65,False,0.005,0.0,0.25,xcit_tiny_24_p8_384_dist,0.9,adamw,10,0.0,8,2,multistep,0.0,0.01,True,10,1e-05,1e-05,trivial_augment,"(0.9, 0.99)",
94453017306546525,True,256,0.0,1.0,0.5,0.0,0.0,0.1,0.0001,0.0,0.75,False,0.0001,1.0,0.75,edgenext_xx_small,0.9,adam,10,0.2,8,2,cosine,0.1,0.0,True,10,1e-05,0.0001,auto_augment,"(0.0, 0.999)",original
29601819256672228,False,8,0.01,1.0,4.0,1.0,0.0,0.1,0.001,0.0,0.75,False,0.01,2.0,0.75,xcit_tiny_12_p8_384_dist,0.9,adam,10,0.2,8,2,cosine,0.0,0.01,False,10,1e-05,0.0001,none,"(0.0, 0.999)",
6441143506008728,False,256,0.01,1.0,0.5,0.25,0.0,0.1,0.001,0.0,0.65,True,0.0005,0.0,0.75,dla46x_c,0.9,adam,2,1.0,8,2,plateau,0.0,0.1,True,0,1e-05,1e-05,none,"(0.9, 0.999)",
64316834776935709,True,16,0.1,10.0,0.0,1.0,0.0,0.1,0.001,0.0,,True,0.005,4.0,0.75,convnext_small_384_in22ft1k,0.9,adam,5,0.8,8,2,plateau,0.1,0.0001,True,10,1e-06,0.0,trivial_augment,"(0.0, 0.999)",
37524898748089489,True,128,0.001,1.0,0.0,1.0,20.0,0.1,0.001,0.0,0.75,False,1e-05,0.4,0.75,convnext_small_384_in22ft1k,0.9,sgd,10,1.0,8,2,step,0.0,0.0001,False,5,1e-05,0.0001,auto_augment,,v0
70189949632231991,True,64,0.0,,4.0,1.0,0.0,0.1,0.001,0.4,0.65,False,0.001,0.0,0.75,edgenext_small,0.9,adam,10,0.8,9,3,cosine,0.05,0.01,True,10,1e-05,0.0001,random_augment,"(0.9, 0.999)",
73412694141881428,False,64,0.0001,1.0,2.0,4.0,20.0,0.1,0.01,0.1,0.75,False,5e-05,1.0,0.5,mobilevit_xs,0.9,momentum,10,1.0,8,2,multistep,0.0,0.01,False,0,1e-06,0.1,none,,
34296184679454938,False,4,0.001,1.0,2.0,2.0,0.0,0.1,0.0001,0.0,,False,1e-05,1.0,0.5,volo_d4_448,0.9,adam,5,0.8,8,2,plateau,0.1,0.0,True,0,1e-06,0.01,trivial_augment,"(0.9, 0.999)",
6622107139555326,False,2,0.001,10.0,2.0,2.0,0.0,0.1,0.1,0.2,0.75,False,1e-05,2.0,1.0,mobilevit_xs,0.9,sgd,10,1.0,8,2,cosine,0.05,0.0001,False,10,1e-05,1e-05,none,,
94203168891108611,True,8,0.001,1.0,4.0,0.25,0.0,0.1,0.0001,0.2,,False,0.01,0.4,0.75,mobilevit_xs,0.9,adamw,10,0.4,9,3,cosine,0.0,0.1,True,0,1e-05,0.0001,random_augment,"(0.0, 0.999)",
59408918683007854,False,8,0.0,1.0,2.0,4.0,20.0,0.5,0.01,0.4,,False,0.01,8.0,0.25,tf_efficientnet_b4_ns,0.9,adam,10,0.8,8,2,step,0.1,0.1,True,10,1e-05,0.01,trivial_augment,"(0.0, 0.99)",
306901180139220321,True,256,0.001,10.0,1.0,1.0,10.0,0.1,0.0001,0.2,0.75,False,5e-05,4.0,0.25,edgenext_x_small,0.9,adamp,10,0.4,8,2,multistep,0.0,0.0001,True,10,0.0,0.0,auto_augment,"(0.0, 0.999)",v0
59710453206592954,False,8,0.0,,0.0,0.1,0.0,0.1,0.001,0.4,,False,5e-05,0.0,0.5,edgenext_xx_small,0.9,momentum,5,0.2,8,2,plateau,0.1,0.1,True,5,0.0,0.001,none,,
42472655860695539,True,8,0.01,10.0,0.0,2.0,0.0,0.1,0.1,0.1,0.75,False,0.01,0.0,0.25,swinv2_base_window12to24_192to384_22kft1k,0.9,sgd,5,0.8,8,2,plateau,0.1,0.0,False,5,1e-06,0.01,auto_augment,,original
483019435927527661,True,2,0.0,,2.0,2.0,20.0,0.5,0.1,0.0,0.75,False,0.0001,0.2,0.75,convnext_small_384_in22ft1k,0.9,adamp,10,0.6,17,3,multistep,0.0,0.0,True,0,1e-05,0.0001,random_augment,"(0.9, 0.99)",
6726953659211795,True,64,0.01,10.0,0.0,2.0,0.0,0.1,0.0001,0.3,,False,0.0001,0.2,0.25,edgenext_small,0.9,sgd,10,0.8,8,2,cosine,0.05,0.01,True,10,1e-05,1e-05,none,,
46788216426480351,True,4,0.0001,10.0,0.0,0.1,0.0,0.1,0.0001,0.4,0.65,False,5e-05,4.0,0.75,xcit_tiny_12_p8_384_dist,0.9,adam,5,0.4,8,2,plateau,0.05,0.01,True,10,1e-06,1e-05,none,"(0.0, 0.99)",
30292010154922896,False,2,0.001,,2.0,1.0,0.0,0.1,0.1,0.4,,False,0.0005,4.0,0.75,xcit_small_12_p8_384_dist,0.9,adamp,10,0.2,8,2,cosine,0.0,0.1,True,0,1e-06,1e-05,trivial_augment,"(0.0, 0.999)",
79538007886747380,False,2,0.0,10.0,0.0,0.0,20.0,0.1,0.1,0.4,,False,0.001,0.2,0.5,xcit_nano_12_p8_384_dist,0.9,momentum,10,0.0,8,2,multistep,0.05,0.0001,False,10,1e-05,1e-05,none,,
484139718266032719,True,32,0.0,,2.0,2.0,20.0,0.5,0.0001,0.1,0.65,True,0.01,2.0,0.25,deit3_small_patch16_384_in21ft1k,0.99,momentum,10,0.8,8,2,multistep,0.1,0.1,True,5,1e-06,1e-05,auto_augment,,original
76505660927743957,True,16,0.0,,0.0,0.0,0.0,0.1,0.001,0.0,,False,0.001,0.0,0.0,volo_d1_384,0.9,adamw,10,0.2,8,2,cosine,0.05,0.1,True,10,1e-06,0.001,none,"(0.0, 0.999)",
75665196255646336,False,8,0.1,10.0,4.0,0.5,0.0,0.1,0.001,0.3,,False,0.0001,8.0,0.0,beit_base_patch16_384,0.9,adamp,10,1.0,8,2,cosine,0.05,0.01,False,0,0.0,0.001,none,"(0.0, 0.999)",
3497211629885853,True,32,0.01,10.0,2.0,2.0,0.0,0.1,0.001,0.2,,True,5e-05,0.4,0.0,xcit_tiny_12_p8_384_dist,0.0,momentum,10,0.6,8,2,cosine,0.0,0.01,False,10,1e-06,0.001,trivial_augment,,
6017653176868278,False,2,0.0001,1.0,0.5,4.0,0.0,0.1,0.0001,0.3,0.65,False,0.005,1.0,1.0,xcit_tiny_12_p8_384_dist,0.9,sgd,10,0.6,8,2,cosine,0.0,0.0001,False,5,1e-06,1e-05,none,,
8778380100923663,True,512,0.001,10.0,4.0,2.0,0.0,0.1,0.001,0.0,0.75,False,1e-05,0.2,0.75,edgenext_xx_small,0.8,momentum,10,0.8,8,2,cosine,0.0,0.0,True,5,1e-06,0.1,none,,
337771206143745398,False,32,0.0,,1.0,4.0,20.0,0.1,0.01,0.0,0.65,False,5e-05,1.0,0.25,deit3_small_patch16_384_in21ft1k,0.95,momentum,10,0.8,8,2,step,0.1,0.01,False,5,0.0,1e-05,auto_augment,,original
502107981023971,True,2,0.0,10.0,1.0,0.0,10.0,0.1,0.0001,0.4,0.75,False,5e-05,8.0,0.75,tf_efficientnet_b6_ns,0.9,sgd,10,0.0,8,2,step,0.05,0.01,False,0,1e-06,0.1,trivial_augment,,
71479855246057272,False,2,0.1,10.0,0.5,1.0,0.0,0.1,0.0,0.2,0.65,False,1e-05,0.4,0.0,xcit_tiny_24_p8_384_dist,0.9,adam,10,0.4,8,2,cosine,0.05,0.1,False,10,1e-05,1e-05,auto_augment,"(0.9, 0.99)",original
5620413168060654,False,128,0.1,,0.5,4.0,0.0,0.1,0.1,0.4,0.75,True,0.0005,0.2,1.0,edgenext_small,0.9,sgd,2,0.4,8,2,plateau,0.05,0.1,False,5,0.0,1e-05,none,,
81188652850752698,False,32,0.0,,1.0,0.5,10.0,0.5,0.1,0.2,0.75,False,5e-05,0.0,0.5,mobilevitv2_075,0.9,momentum,10,0.4,9,2,multistep,0.05,0.0001,False,5,0.0,0.1,random_augment,,
6199489776726218,False,4,0.001,,4.0,2.0,10.0,0.1,0.0,0.0,0.75,False,0.005,0.2,0.75,xcit_nano_12_p8_384_dist,0.9,adamp,10,0.2,8,2,multistep,0.0,0.01,False,10,1e-06,1e-05,none,"(0.9, 0.999)",
38602174621422862,False,64,0.1,10.0,0.0,0.1,0.0,0.1,0.0001,0.1,0.65,False,0.005,2.0,0.5,tf_efficientnet_b4_ns,0.9,adam,5,1.0,8,2,plateau,0.1,0.001,False,10,1e-06,1e-05,trivial_augment,"(0.9, 0.999)",
98371218077077730,False,256,0.001,1.0,1.0,0.0,10.0,0.1,0.001,0.3,,True,0.0001,8.0,1.0,edgenext_x_small,0.95,momentum,10,0.8,8,2,step,0.1,0.0001,True,5,1e-05,0.1,trivial_augment,,
44318644524024145,True,16,0.0001,,0.5,4.0,0.0,0.1,0.01,0.1,0.65,False,0.0005,0.0,0.25,volo_d1_384,0.9,adamp,10,0.2,8,2,cosine,0.0,0.1,False,5,1e-05,0.001,auto_augment,"(0.0, 0.99)",original
360781226343936829,True,2,0.0001,,2.0,4.0,10.0,0.1,0.0,0.1,,False,0.01,0.0,1.0,convnext_small_384_in22ft1k,0.9,adam,10,0.4,9,3,multistep,0.05,0.001,True,5,0.0,0.0001,random_augment,"(0.0, 0.999)",
328900776412861568,False,4,0.001,,4.0,4.0,20.0,0.1,0.0,0.1,0.65,False,0.005,8.0,0.25,xcit_tiny_12_p8_384_dist,0.9,adamw,10,1.0,8,2,multistep,0.05,0.001,False,10,1e-06,0.0001,auto_augment,"(0.0, 0.999)",v0
4950292981706754,False,16,0.0001,10.0,0.0,2.0,0.0,0.1,0.0001,0.3,0.65,False,0.01,0.0,0.0,edgenext_xx_small,0.9,sgd,2,0.4,8,2,plateau,0.1,0.1,True,10,1e-06,0.0001,none,,
330244863800796854,False,32,0.001,1.0,0.5,2.0,10.0,0.1,0.0001,0.2,,True,5e-05,8.0,0.25,edgenext_small,0.9,adamw,10,0.8,9,3,step,0.0,0.001,False,10,1e-06,1e-05,random_augment,"(0.9, 0.99)",
83634376583460040,False,512,0.01,,0.5,0.25,10.0,0.5,0.0,0.3,,False,0.005,2.0,0.5,edgenext_small,0.9,adamp,10,0.6,8,2,multistep,0.05,0.1,False,10,1e-05,0.01,none,"(0.9, 0.99)",
44456479514963468,False,32,0.0,,2.0,2.0,20.0,0.1,0.0,0.3,0.75,False,0.001,4.0,0.75,edgenext_small,0.9,adamw,10,0.0,9,2,multistep,0.0,0.01,False,10,1e-05,0.001,random_augment,"(0.0, 0.99)",
56429206093481828,False,256,0.01,,2.0,2.0,10.0,0.5,0.1,0.2,,True,5e-05,4.0,0.5,dla46x_c,0.9,adam,10,0.6,8,2,multistep,0.0,0.0001,False,5,1e-05,0.0,none,"(0.0, 0.99)",
38456310101701723,True,16,0.001,10.0,0.0,4.0,0.0,0.1,0.01,0.0,0.75,False,0.005,0.0,1.0,volo_d1_384,0.9,adam,5,0.0,8,2,plateau,0.0,0.01,False,5,1e-06,1e-05,none,"(0.9, 0.999)",
3239939160404626,False,8,0.1,,0.0,2.0,0.0,0.1,0.0001,0.0,0.75,False,0.005,2.0,0.75,edgenext_xx_small,0.9,adamp,2,0.2,8,2,plateau,0.1,0.0,True,0,1e-06,0.001,none,"(0.9, 0.999)",
8382227599064379,True,4,0.001,,1.0,0.1,0.0,0.1,0.0,0.2,0.65,False,0.001,0.4,0.5,tf_efficientnet_b4_ns,0.9,adamp,10,0.6,8,2,cosine,0.1,0.01,True,5,0.0,0.1,trivial_augment,"(0.0, 0.99)",
95655917358366845,True,8,0.0,10.0,2.0,1.0,20.0,0.5,0.0,0.4,0.75,True,0.01,4.0,1.0,volo_d5_448,0.9,adamw,10,1.0,8,2,step,0.1,0.0,True,5,1e-05,1e-05,trivial_augment,"(0.9, 0.99)",
59301973961054693,True,512,0.001,10.0,2.0,4.0,0.0,0.1,0.1,0.4,,False,0.0001,0.2,0.75,edgenext_x_small,0.9,adamp,10,0.8,8,2,cosine,0.1,0.001,False,10,1e-05,0.01,auto_augment,"(0.9, 0.99)",v0
36067168453313832,False,16,0.001,10.0,2.0,0.1,0.0,0.1,0.0,0.3,0.65,False,0.001,4.0,0.0,edgenext_small,0.99,momentum,10,0.4,8,2,cosine,0.0,0.1,False,0,1e-05,0.001,trivial_augment,,
46232886844932029,True,512,0.1,10.0,2.0,1.0,0.0,0.1,0.1,0.4,,False,5e-05,0.0,0.75,edgenext_xx_small,0.9,sgd,5,0.2,8,2,plateau,0.05,0.0001,False,10,0.0,1e-05,auto_augment,,original
508182972589970930,False,4,0.0001,,2.0,1.0,10.0,0.5,0.0001,0.2,,False,0.005,4.0,0.5,tf_efficientnet_b4_ns,0.9,adamw,10,0.4,17,3,step,0.05,0.001,False,0,1e-06,1e-05,random_augment,"(0.0, 0.999)",
7727714978420384,False,32,0.001,,1.0,0.0,0.0,0.1,0.0001,0.3,,True,0.0005,4.0,1.0,mobilevit_xs,0.9,adam,10,0.2,8,2,cosine,0.0,0.0,True,0,1e-05,0.0,none,"(0.9, 0.999)",
30664614114160551,True,32,0.1,,0.5,0.1,20.0,0.5,0.01,0.4,,False,0.001,8.0,0.0,deit3_small_patch16_384_in21ft1k,0.9,sgd,10,1.0,8,2,multistep,0.1,0.01,False,0,1e-05,1e-05,trivial_augment,,
44823824032512787,True,16,0.0,10.0,0.0,0.25,0.0,0.1,0.0,0.4,0.65,False,0.005,1.0,0.0,dla46x_c,0.0,momentum,10,0.4,17,2,cosine,0.1,0.001,True,5,0.0,0.0001,random_augment,,
46156105271905484,False,256,0.0,1.0,4.0,4.0,20.0,0.1,0.1,0.0,,True,5e-05,0.4,0.25,edgenext_xx_small,0.9,adam,10,0.4,8,2,step,0.05,0.0001,True,5,0.0,1e-05,none,"(0.0, 0.99)",
30497829674406346,False,64,0.001,1.0,2.0,0.1,20.0,0.5,0.001,0.1,,False,0.0005,4.0,1.0,edgenext_xx_small,0.9,adam,10,0.0,8,2,step,0.1,0.001,False,10,1e-06,1e-05,trivial_augment,"(0.9, 0.999)",
83756460607493851,True,2,0.0,1.0,2.0,0.5,0.0,0.1,0.0,0.0,,False,0.001,1.0,0.5,deit3_small_patch16_384_in21ft1k,0.0,momentum,10,0.8,9,3,cosine,0.1,0.001,False,0,0.0,0.001,random_augment,,
354639938259269143,True,2,0.1,10.0,1.0,1.0,10.0,0.5,0.001,0.1,0.75,False,5e-05,1.0,0.5,convnext_small_384_in22ft1k,0.9,adamw,10,0.2,8,2,multistep,0.0,0.01,True,10,1e-06,1e-05,auto_augment,"(0.0, 0.999)",v0
9727453866884320,False,64,0.0,1.0,0.5,4.0,0.0,0.1,0.01,0.2,0.65,False,0.001,2.0,0.25,mobilevitv2_075,0.9,adamw,10,0.6,8,2,cosine,0.05,0.01,True,5,0.0,0.01,trivial_augment,"(0.0, 0.99)",
455917789734020879,True,8,0.01,1.0,4.0,2.0,10.0,0.1,0.0,0.1,0.65,False,0.005,8.0,0.0,edgenext_x_small,0.9,adam,10,0.0,17,3,step,0.1,0.01,True,10,1e-06,0.01,random_augment,"(0.9, 0.99)",
439585190967450196,False,64,0.001,,0.0,0.0,10.0,0.5,0.0001,0.1,0.65,False,0.01,0.2,0.5,mobilevit_xxs,0.99,momentum,10,0.6,8,2,step,0.0,0.0,False,10,1e-06,0.01,none,,
78956048652851164,False,8,0.0,10.0,4.0,0.0,0.0,0.1,0.0,0.4,0.65,False,0.005,4.0,0.5,beit_base_patch16_384,0.99,momentum,10,0.2,17,2,cosine,0.1,0.001,False,5,1e-06,1e-05,random_augment,,
496286781466778001,True,32,0.1,,0.5,0.1,20.0,0.1,0.01,0.1,,True,0.0001,1.0,1.0,edgenext_xx_small,0.9,adamp,10,0.4,17,3,multistep,0.05,0.1,True,5,1e-06,0.01,random_augment,"(0.0, 0.999)",
4117664871538070,False,256,0.001,,0.5,4.0,0.0,0.1,0.1,0.1,,False,0.0001,0.2,0.5,xcit_nano_12_p8_384_dist,0.0,momentum,10,1.0,8,2,cosine,0.05,0.1,False,0,0.0,0.0001,trivial_augment,,
83563030358122528,False,64,0.0001,1.0,2.0,0.1,10.0,0.5,0.0001,0.2,,True,0.005,1.0,1.0,edgenext_small,0.9,adamp,10,0.2,8,2,step,0.1,0.1,True,5,1e-05,0.01,trivial_augment,"(0.9, 0.99)",
58388949160942312,False,64,0.1,,4.0,1.0,10.0,0.5,0.01,0.1,,True,0.001,4.0,0.25,beit_base_patch16_384,0.9,adamp,10,1.0,8,2,step,0.1,0.0001,False,10,0.0,0.01,auto_augment,"(0.9, 0.999)",v0
51577043057327507,True,8,0.1,,4.0,0.5,10.0,0.5,0.01,0.0,,False,0.0001,0.2,1.0,volo_d1_384,0.9,sgd,10,0.4,17,2,step,0.1,0.001,True,5,0.0,0.001,random_augment,,
67207190229997506,False,2,0.001,,0.5,0.25,0.0,0.1,0.001,0.0,,False,1e-05,1.0,0.5,xcit_nano_12_p8_384_dist,0.95,momentum,5,0.6,9,2,plateau,0.05,0.1,True,0,1e-05,0.01,random_augment,,
8497363430436491,True,64,0.0,,4.0,1.0,0.0,0.1,0.0,0.0,0.75,False,1e-05,0.4,0.75,dla46x_c,0.9,adam,10,0.8,8,2,cosine,0.05,0.0001,True,10,0.0,0.1,none,"(0.0, 0.99)",
78034588842663263,True,64,0.1,1.0,1.0,0.0,0.0,0.1,0.1,0.2,,True,0.0001,8.0,0.0,xcit_tiny_12_p8_384_dist,0.9,adam,2,1.0,8,2,plateau,0.0,0.0001,False,5,1e-05,0.0001,none,"(0.0, 0.999)",
9080219845723127,True,8,0.1,1.0,2.0,0.1,20.0,0.1,0.0001,0.2,0.65,False,5e-05,0.0,0.5,tf_efficientnet_b6_ns,0.9,sgd,10,0.6,8,2,multistep,0.0,0.0,True,0,1e-05,0.1,none,,
63458681693201677,True,2,0.001,1.0,0.0,0.0,0.0,0.1,0.1,0.3,0.65,False,0.001,0.4,0.75,xcit_tiny_24_p8_384_dist,0.9,adam,10,0.8,8,2,cosine,0.1,0.1,True,10,1e-05,1e-05,auto_augment,"(0.9, 0.99)",v0
4891439878058004,False,16,0.0001,1.0,1.0,2.0,0.0,0.1,0.001,0.0,0.65,False,0.0001,2.0,0.75,xcit_tiny_24_p8_384_dist,0.9,sgd,10,0.6,8,2,cosine,0.0,0.0001,True,10,1e-06,0.0001,none,,
360915489693548685,True,32,0.001,,1.0,1.0,10.0,0.1,0.0001,0.4,,False,0.0005,0.2,0.25,deit3_small_patch16_384_in21ft1k,0.9,adamp,10,0.6,9,3,step,0.05,0.0001,True,10,0.0,0.0001,random_augment,"(0.0, 0.999)",
65391039150224176,False,64,0.001,,4.0,0.25,10.0,0.5,0.0,0.3,,True,0.005,2.0,0.5,volo_d1_384,0.9,adam,10,0.8,8,2,multistep,0.05,0.01,True,0,1e-06,0.1,auto_augment,"(0.9, 0.999)",original
55665316338773366,False,4,0.01,,2.0,1.0,0.0,0.1,0.1,0.3,,False,0.001,2.0,0.25,xcit_tiny_24_p8_384_dist,0.9,sgd,2,1.0,17,3,plateau,0.0,0.0,False,10,0.0,0.0,random_augment,,
52458275326337787,True,4,0.01,10.0,0.0,0.25,10.0,0.5,0.01,0.3,0.65,False,0.0001,0.0,1.0,volo_d1_384,0.9,adam,10,0.4,8,2,multistep,0.05,0.0001,True,5,1e-05,0.001,trivial_augment,"(0.0, 0.99)",
71030883657526602,False,16,0.001,,2.0,0.0,10.0,0.5,0.01,0.1,,True,0.0005,1.0,0.25,dla46x_c,0.9,sgd,10,0.6,8,2,step,0.05,0.1,False,10,1e-06,1e-05,auto_augment,,original
91937827351771274,False,4,0.1,10.0,0.5,0.0,0.0,0.1,0.01,0.1,0.75,False,0.0005,2.0,0.25,tf_efficientnet_b6_ns,0.95,momentum,10,0.6,8,2,cosine,0.0,0.01,True,0,0.0,0.001,auto_augment,,original
5597081501792665,True,128,0.1,10.0,0.0,0.5,0.0,0.1,0.0,0.0,0.65,True,0.01,0.0,0.25,edgenext_xx_small,0.9,sgd,10,0.0,8,2,cosine,0.0,0.01,False,5,0.0,1e-05,none,,
484649760475649817,True,32,0.0001,,1.0,0.1,20.0,0.5,0.0,0.1,,False,1e-05,0.4,0.75,edgenext_xx_small,0.9,adamp,10,0.6,17,3,multistep,0.1,0.01,False,10,1e-05,1e-05,random_augment,"(0.9, 0.99)",
8985867730078414,False,8,0.0,,2.0,0.25,0.0,0.1,0.0,0.4,0.75,False,0.001,0.4,0.75,convnext_small_384_in22ft1k,0.9,sgd,5,0.2,9,2,plateau,0.1,0.01,True,10,1e-06,0.1,random_augment,,
45365153091146460,False,2,0.0,10.0,4.0,0.25,0.0,0.1,0.001,0.2,0.75,False,0.001,4.0,0.75,mobilevitv2_075,0.9,adamw,10,0.6,17,2,cosine,0.1,0.01,False,10,1e-06,0.0001,random_augment,"(0.0, 0.99)",
9083162835715392,False,2,0.1,10.0,1.0,1.0,0.0,0.1,0.1,0.2,,False,0.005,8.0,1.0,xcit_tiny_12_p8_384_dist,0.9,adamw,10,0.4,8,2,cosine,0.05,0.0,True,0,1e-05,0.1,none,"(0.0, 0.99)",
4340872536546145,True,128,0.1,1.0,0.5,4.0,0.0,0.1,0.001,0.3,0.65,False,0.0005,4.0,0.75,edgenext_small,0.0,momentum,10,0.0,8,2,cosine,0.05,0.1,True,5,0.0,0.0001,none,,
556057582620549161,True,8,0.001,,0.5,2.0,10.0,0.1,0.1,0.3,,True,5e-05,0.4,0.75,edgenext_xx_small,0.9,momentum,10,0.0,17,3,multistep,0.05,0.01,False,5,1e-05,0.0001,random_augment,,
87026936021874326,False,4,0.01,,0.5,0.25,0.0,0.1,0.01,0.1,,False,0.0005,8.0,0.0,convnext_small_384_in22ft1k,0.9,adam,10,0.6,9,3,cosine,0.1,0.0,False,5,1e-06,1e-05,random_augment,"(0.9, 0.99)",
9735787510624514,False,4,0.1,,1.0,0.25,20.0,0.1,0.1,0.0,0.65,True,0.0001,0.0,0.5,xcit_nano_12_p8_384_dist,0.9,adamw,10,1.0,8,2,multistep,0.1,0.01,True,5,0.0,0.01,none,"(0.9, 0.999)",
794638039019659,True,16,0.1,10.0,0.0,2.0,0.0,0.1,0.1,0.3,0.65,False,0.0001,0.2,1.0,xcit_tiny_12_p8_384_dist,0.9,adamp,2,0.4,8,2,plateau,0.1,0.001,False,10,1e-06,0.1,trivial_augment,"(0.9, 0.999)",
4359507982013812,False,8,0.0001,1.0,0.0,0.25,10.0,0.1,0.0,0.4,0.75,True,0.001,4.0,0.75,xcit_tiny_12_p8_384_dist,0.9,sgd,10,0.8,8,2,multistep,0.05,0.0,False,10,0.0,0.0001,none,,
81088234669587020,False,256,0.001,1.0,4.0,0.1,10.0,0.5,0.0,0.0,0.75,True,0.005,2.0,1.0,mobilevitv2_075,0.9,adamp,10,1.0,8,2,step,0.1,0.1,False,0,0.0,0.1,trivial_augment,"(0.9, 0.99)",
8977342310625460,False,8,0.001,1.0,4.0,1.0,0.0,0.1,0.01,0.4,,False,0.005,2.0,0.5,xcit_tiny_12_p8_384_dist,0.9,adamp,10,0.6,8,2,cosine,0.05,0.01,True,10,1e-06,0.1,trivial_augment,"(0.0, 0.99)",
73994499765381891,True,4,0.0001,10.0,1.0,0.5,0.0,0.1,0.1,0.3,0.75,False,0.0001,0.0,1.0,xcit_nano_12_p8_384_dist,0.9,adam,10,0.6,9,3,cosine,0.0,0.001,False,5,1e-05,0.1,random_augment,"(0.0, 0.99)",
79805990906682131,True,64,0.0,10.0,1.0,0.5,0.0,0.1,0.0,0.1,0.75,False,0.01,4.0,1.0,edgenext_small,0.9,adamp,10,1.0,8,2,cosine,0.05,0.1,True,0,0.0,0.0,none,"(0.0, 0.999)",
7582121927937713,True,64,0.1,10.0,0.0,0.25,0.0,0.1,0.01,0.2,0.75,True,0.005,0.4,0.75,edgenext_xx_small,0.9,sgd,10,0.8,8,2,cosine,0.05,0.0,True,10,1e-06,0.0,none,,
87753694537080442,False,64,0.1,,2.0,0.0,20.0,0.5,0.1,0.0,,False,0.0001,4.0,1.0,dla46x_c,0.9,sgd,10,0.2,8,2,step,0.0,0.1,True,10,1e-05,1e-05,auto_augment,,v0
42957189275368631,True,8,0.001,10.0,2.0,2.0,0.0,0.1,0.01,0.2,,False,0.01,1.0,0.75,volo_d1_384,0.9,adamw,5,0.0,8,2,plateau,0.0,0.01,False,5,1e-05,0.01,trivial_augment,"(0.0, 0.99)",
72566435218163797,True,2,0.001,,2.0,4.0,10.0,0.1,0.01,0.3,,True,0.001,0.0,0.75,mobilevit_xs,0.9,adamw,10,0.8,8,2,step,0.1,0.0001,True,0,1e-05,0.0,trivial_augment,"(0.9, 0.99)",
45092287617554546,False,32,0.0001,1.0,4.0,0.1,20.0,0.1,0.0,0.3,0.65,False,1e-05,2.0,0.5,convnext_small_384_in22ft1k,0.9,adamp,10,0.8,8,2,multistep,0.05,0.0,True,0,1e-06,0.0001,none,"(0.0, 0.99)",
76892440108472452,False,64,0.1,1.0,4.0,1.0,20.0,0.1,0.0001,0.2,,False,0.0001,0.4,0.75,xcit_tiny_24_p8_384_dist,0.9,adamp,10,1.0,8,2,step,0.0,0.0,True,10,1e-05,0.001,none,"(0.9, 0.99)",
9000055288893067,True,16,0.0,1.0,0.5,0.5,20.0,0.1,0.1,0.2,0.75,False,0.0001,8.0,0.75,edgenext_xx_small,0.9,sgd,10,0.4,8,2,multistep,0.1,0.1,True,10,1e-06,0.1,trivial_augment,,
6845672532058603,True,16,0.001,,2.0,0.1,0.0,0.1,0.01,0.2,0.75,True,5e-05,4.0,0.75,tf_efficientnet_b4_ns,0.0,momentum,2,0.4,8,2,plateau,0.0,0.0001,True,0,0.0,0.0,none,,
3396335656318772,False,256,0.0001,10.0,2.0,0.1,0.0,0.1,0.01,0.2,,True,0.01,0.2,0.0,mobilevit_xxs,0.9,sgd,10,0.8,8,2,cosine,0.05,0.0001,True,5,1e-06,0.001,none,,
65603762591971170,False,128,0.0001,,1.0,0.5,0.0,0.1,0.1,0.3,0.75,False,0.001,0.0,0.75,mobilevit_xxs,0.9,adam,10,0.4,8,2,cosine,0.1,0.001,False,10,1e-06,0.1,auto_augment,"(0.9, 0.99)",original
80550616945419504,False,2,0.01,1.0,2.0,0.0,0.0,0.1,0.1,0.1,,False,0.005,2.0,1.0,volo_d3_448,0.9,adamp,10,0.4,8,2,cosine,0.0,0.1,True,10,1e-06,0.0,none,"(0.0, 0.999)",
49477885825802105,True,64,0.01,,1.0,0.5,10.0,0.5,0.0,0.2,,False,0.0005,2.0,0.75,tf_efficientnet_b4_ns,0.9,adam,10,0.6,8,2,multistep,0.1,0.001,True,10,1e-06,0.1,trivial_augment,"(0.0, 0.99)",
47969764984926542,False,4,0.0,10.0,2.0,0.5,0.0,0.1,0.001,0.3,0.75,False,5e-05,0.0,1.0,volo_d1_384,0.9,adam,10,0.8,17,2,cosine,0.05,0.001,True,5,1e-06,0.0,random_augment,"(0.0, 0.99)",
8212802238731218,False,8,0.01,10.0,4.0,0.0,0.0,0.1,0.0,0.4,0.65,False,5e-05,2.0,0.0,mobilevitv2_075,0.9,adam,10,0.2,9,2,cosine,0.05,0.001,True,0,0.0,0.1,random_augment,"(0.0, 0.99)",
337220636602649274,False,2,0.01,10.0,1.0,2.0,20.0,0.1,0.01,0.0,0.75,False,0.005,4.0,0.75,deit3_small_patch16_384_in21ft1k,0.9,adam,10,0.2,8,2,step,0.0,0.001,True,0,1e-05,0.0001,auto_augment,"(0.0, 0.999)",original
49434232422897127,True,2,0.001,10.0,2.0,1.0,0.0,0.1,0.0001,0.1,0.65,False,0.0005,8.0,0.0,beit_base_patch16_384,0.9,adamw,5,1.0,9,2,plateau,0.1,0.1,False,10,1e-06,0.1,random_augment,"(0.9, 0.99)",
75485981639354994,False,2,0.01,10.0,2.0,0.0,0.0,0.1,0.001,0.0,,False,0.005,2.0,1.0,mobilevitv2_075,0.9,adamw,10,0.8,8,2,cosine,0.05,0.0001,False,10,1e-05,0.01,none,"(0.0, 0.999)",
8215420158299709,True,32,0.0,10.0,0.5,4.0,10.0,0.1,0.0001,0.0,,True,1e-05,0.4,0.75,volo_d3_448,0.0,momentum,10,1.0,8,2,multistep,0.05,0.001,True,0,0.0,0.1,auto_augment,,v0
50979736610907430,False,8,0.001,,1.0,0.25,0.0,0.1,0.0001,0.2,0.65,True,0.001,0.2,0.0,xcit_tiny_12_p8_384_dist,0.9,adamp,10,0.0,8,2,cosine,0.0,0.01,True,0,1e-05,0.01,none,"(0.9, 0.99)",
6348151239487337,True,64,0.001,1.0,0.0,1.0,0.0,0.1,0.0001,0.1,0.65,False,1e-05,4.0,0.75,xcit_nano_12_p8_384_dist,0.9,adamw,10,1.0,8,2,cosine,0.0,0.01,False,0,1e-05,1e-05,none,"(0.9, 0.999)",
357900996216413520,False,2,0.0,,0.5,0.1,10.0,0.1,0.0,0.2,0.65,False,0.0001,1.0,1.0,edgenext_small,0.8,momentum,10,0.8,9,3,multistep,0.05,0.0,True,0,0.0,0.01,random_augment,,
33498638481654561,True,4,0.0001,1.0,0.0,0.1,10.0,0.1,0.1,0.2,0.75,True,0.001,8.0,0.0,volo_d3_448,0.9,sgd,10,0.4,17,2,step,0.1,0.001,False,5,1e-05,0.1,random_augment,,
8296685455198503,True,4,0.0,1.0,2.0,0.1,0.0,0.1,0.0001,0.1,0.75,False,0.0005,1.0,0.75,mobilevitv2_075,0.9,adamw,10,0.0,8,2,cosine,0.0,0.01,False,5,0.0,0.1,trivial_augment,"(0.0, 0.99)",
31159216963795353,True,256,0.0001,,0.5,0.5,20.0,0.5,0.0,0.4,0.65,False,0.001,1.0,0.25,edgenext_x_small,0.9,sgd,10,0.4,8,2,multistep,0.1,0.0001,True,0,0.0,0.0,none,,
40924524977633365,True,16,0.0001,1.0,0.0,2.0,0.0,0.1,0.001,0.3,0.75,True,5e-05,0.4,0.5,dla46x_c,0.9,adamp,10,0.8,17,2,cosine,0.1,0.001,True,10,0.0,0.1,random_augment,"(0.0, 0.99)",
91021102551137293,True,16,0.001,10.0,0.5,0.0,20.0,0.5,0.0001,0.1,0.75,False,5e-05,2.0,0.5,edgenext_x_small,0.9,adamp,10,1.0,8,2,multistep,0.1,0.0001,True,0,1e-06,0.01,none,"(0.9, 0.99)",
3126543971978296,False,64,0.001,1.0,2.0,4.0,0.0,0.1,0.0001,0.3,0.75,True,0.0005,2.0,0.5,edgenext_small,0.9,adamw,10,1.0,8,2,cosine,0.05,0.01,True,10,0.0,0.001,trivial_augment,"(0.9, 0.999)",
6062812385809806,False,2,0.001,1.0,4.0,2.0,0.0,0.1,0.01,0.1,0.75,False,0.001,0.0,0.5,swinv2_base_window12to24_192to384_22kft1k,0.9,sgd,10,0.8,8,2,cosine,0.0,0.1,False,5,1e-06,1e-05,trivial_augment,,
544771286052534092,False,4,0.0,1.0,0.0,0.25,20.0,0.5,0.01,0.1,0.75,False,0.005,8.0,0.5,xcit_tiny_12_p8_384_dist,0.8,momentum,10,1.0,17,3,multistep,0.0,0.0001,False,5,1e-06,0.01,random_augment,,
9559929060867481,True,16,0.01,1.0,4.0,1.0,20.0,0.1,0.01,0.2,,False,5e-05,2.0,0.0,dla46x_c,0.9,adamw,10,0.0,8,2,multistep,0.0,0.001,True,0,0.0,0.01,trivial_augment,"(0.9, 0.999)",
64978606828510024,False,8,0.0,1.0,4.0,4.0,0.0,0.1,0.01,0.1,,False,0.001,0.4,0.0,edgenext_x_small,0.9,momentum,10,0.4,8,2,cosine,0.0,0.0001,False,5,0.0,0.1,auto_augment,,original
9772768942412546,False,4,0.01,10.0,2.0,0.5,0.0,0.1,0.0,0.2,,False,0.0001,0.2,0.0,dla46x_c,0.9,adam,10,1.0,8,2,cosine,0.05,0.0001,False,10,0.0,0.01,trivial_augment,"(0.0, 0.99)",
330723545153084,False,32,0.001,1.0,0.0,0.25,0.0,0.1,0.0001,0.2,,True,5e-05,8.0,0.0,mobilevit_xs,0.9,adamp,10,0.6,8,2,cosine,0.0,0.001,False,10,0.0,0.1,trivial_augment,"(0.9, 0.999)",
91734900517636598,False,4,0.001,1.0,0.5,0.1,20.0,0.5,0.01,0.3,0.65,False,0.0005,0.4,0.5,xcit_nano_12_p8_384_dist,0.9,adamp,10,0.6,8,2,step,0.05,0.1,False,10,1e-05,0.01,trivial_augment,"(0.9, 0.99)",
40051967737043394,False,2,0.01,10.0,2.0,0.25,0.0,0.1,0.1,0.1,,False,0.0005,4.0,0.25,swinv2_base_window12to24_192to384_22kft1k,0.9,adamw,5,0.4,8,2,plateau,0.05,0.1,True,10,1e-06,0.0,trivial_augment,"(0.9, 0.999)",
421356497054108880,False,128,0.0001,10.0,0.5,4.0,10.0,0.1,0.01,0.2,,False,0.0005,8.0,0.75,edgenext_xx_small,0.9,adamw,10,0.2,17,3,step,0.0,0.0,True,0,0.0,0.1,random_augment,"(0.0, 0.99)",
40453486107324482,False,4,0.0,,4.0,0.1,0.0,0.1,0.001,0.3,0.75,False,0.0005,0.2,0.25,xcit_small_12_p8_384_dist,0.99,momentum,10,1.0,8,2,cosine,0.05,0.0001,True,10,1e-05,0.0,trivial_augment,,
40676894080242750,False,2,0.0,1.0,2.0,0.5,0.0,0.1,0.0001,0.0,0.75,False,0.005,4.0,0.75,volo_d1_384,0.9,adam,5,0.2,8,2,plateau,0.0,0.0001,False,5,0.0,0.1,none,"(0.0, 0.99)",
299190128147373738,False,128,0.001,10.0,2.0,0.0,10.0,0.1,0.0001,0.4,,False,0.0001,1.0,0.5,xcit_nano_12_p8_384_dist,0.99,momentum,10,1.0,17,2,multistep,0.0,0.001,False,10,1e-06,0.0,random_augment,,
3216455452984079,True,64,0.0001,,0.0,0.5,0.0,0.1,0.0,0.0,,False,0.01,0.2,0.75,deit3_small_patch16_384_in21ft1k,0.9,sgd,10,1.0,8,2,cosine,0.05,0.1,False,0,1e-06,0.001,none,,
95654992238427911,True,8,0.001,1.0,4.0,2.0,20.0,0.5,0.001,0.4,0.75,False,0.0005,8.0,1.0,convnext_small_384_in22ft1k,0.9,sgd,10,0.0,8,2,step,0.1,0.0,True,5,1e-05,1e-05,auto_augment,,original
551032130026497861,True,32,0.1,10.0,0.0,0.25,10.0,0.1,0.0,0.4,0.65,True,0.0005,2.0,1.0,xcit_tiny_12_p8_384_dist,0.9,momentum,10,0.6,17,3,multistep,0.05,0.01,True,0,0.0,0.1,random_augment,,
3135920587846553,True,64,0.1,10.0,1.0,0.25,0.0,0.1,0.001,0.2,,False,1e-05,0.0,0.5,mobilevit_xxs,0.9,adamp,10,0.2,8,2,cosine,0.0,0.1,True,10,0.0,0.001,trivial_augment,"(0.9, 0.999)",
95855328055101024,False,2,0.01,,0.5,2.0,20.0,0.5,0.001,0.0,,False,0.005,0.4,0.75,tf_efficientnet_b7_ns,0.9,adamp,10,0.2,8,2,step,0.0,0.1,True,10,1e-05,1e-05,auto_augment,"(0.9, 0.999)",original
61827239462651923,True,128,0.0,10.0,4.0,2.0,0.0,0.1,0.0,0.0,,True,5e-05,0.2,0.0,tf_efficientnet_b4_ns,0.9,adamw,10,0.6,17,2,cosine,0.0,0.0001,False,5,1e-05,0.0001,random_augment,"(0.0, 0.999)",
30709657635057585,True,32,0.001,1.0,0.0,0.0,20.0,0.5,0.0,0.2,0.65,True,0.0001,0.0,0.5,tf_efficientnet_b4_ns,0.0,momentum,10,1.0,8,2,multistep,0.1,0.0001,True,0,1e-05,1e-05,trivial_augment,,
47553934787125574,False,256,0.0,1.0,0.5,0.0,0.0,0.1,0.1,0.1,0.65,False,0.0005,4.0,0.25,edgenext_xx_small,0.9,adamp,5,1.0,8,2,plateau,0.05,0.1,True,5,0.0,0.0,none,"(0.0, 0.99)",
34465968076369622,False,256,0.0001,10.0,2.0,2.0,0.0,0.1,0.01,0.1,0.65,True,0.005,8.0,0.5,edgenext_small,0.9,adamp,5,0.4,8,2,plateau,0.0,0.001,True,5,1e-06,0.01,trivial_augment,"(0.9, 0.999)",
58794415234210073,True,64,0.1,,1.0,0.25,10.0,0.5,0.01,0.0,0.75,True,5e-05,0.2,0.0,mobilevit_xxs,0.9,sgd,10,0.4,8,2,multistep,0.1,0.01,True,5,1e-06,0.01,auto_augment,,v0
388920363861243019,True,128,0.001,10.0,1.0,2.0,10.0,0.1,0.001,0.4,,True,0.0005,0.0,0.75,edgenext_x_small,0.9,adam,10,0.2,17,3,step,0.0,0.01,False,0,0.0,0.1,random_augment,"(0.9, 0.999)",
50993064749625717,True,4,0.01,1.0,0.5,4.0,10.0,0.5,0.1,0.4,0.75,False,0.001,1.0,0.5,tf_efficientnet_b6_ns,0.9,adamp,10,0.4,8,2,multistep,0.1,0.01,True,0,1e-05,0.01,none,"(0.0, 0.99)",
61279975343975305,True,128,0.1,10.0,1.0,4.0,20.0,0.5,0.01,0.2,,True,0.005,4.0,1.0,edgenext_small,0.9,adamw,10,0.4,8,2,multistep,0.05,0.1,False,0,1e-06,0.0001,none,"(0.0, 0.99)",
39879213116904731,True,64,0.0,1.0,4.0,0.25,0.0,0.1,0.01,0.2,,False,0.001,0.0,0.5,deit3_small_patch16_384_in21ft1k,0.99,momentum,10,0.8,8,2,cosine,0.0,0.01,True,5,1e-06,0.0,trivial_augment,,
7397093329723692,False,2,0.1,1.0,4.0,0.5,0.0,0.1,0.01,0.0,0.65,False,0.01,2.0,0.0,volo_d5_448,0.0,momentum,10,0.8,8,2,cosine,0.0,0.01,False,5,1e-06,0.0,none,,
37279504605286538,False,32,0.0,,4.0,0.5,10.0,0.1,0.01,0.2,,False,1e-05,1.0,0.0,mobilevit_xxs,0.9,adamp,10,0.4,8,2,step,0.1,0.1,False,10,1e-06,0.0001,none,"(0.0, 0.99)",
50566062435539337,True,32,0.0001,10.0,4.0,2.0,0.0,0.1,0.01,0.1,0.75,False,0.0001,0.0,0.75,xcit_nano_12_p8_384_dist,0.8,momentum,10,0.6,17,2,cosine,0.05,0.0,False,5,1e-06,0.01,random_augment,,
93484441764862353,True,32,0.01,10.0,2.0,0.1,0.0,0.1,0.001,0.4,0.65,True,5e-05,8.0,0.25,volo_d5_448,0.95,momentum,10,1.0,8,2,cosine,0.0,0.0001,False,10,0.0,0.0001,auto_augment,,original
6793474955496846,False,16,0.0,,1.0,4.0,10.0,0.1,0.1,0.3,,False,0.005,8.0,0.5,mobilevit_xxs,0.9,sgd,10,0.2,8,2,step,0.1,0.001,False,0,0.0,0.0,none,,
5191673505180203,True,64,0.1,,0.5,1.0,0.0,0.1,0.0,0.0,0.65,False,1e-05,1.0,0.25,mobilevit_xxs,0.9,sgd,10,0.8,8,2,cosine,0.0,0.0001,True,5,1e-05,0.0001,trivial_augment,,
3536357709206502,False,2,0.1,,4.0,4.0,0.0,0.1,0.0001,0.0,,False,0.0001,4.0,1.0,mobilevitv2_075,0.9,sgd,10,0.8,8,2,cosine,0.1,0.0,True,10,1e-06,0.001,trivial_augment,,
45920123940862838,False,4,0.001,10.0,0.5,0.5,0.0,0.1,0.01,0.4,,False,0.01,0.4,0.75,mobilevitv2_075,0.9,adamp,10,0.4,17,2,cosine,0.1,0.0,False,0,0.0,1e-05,random_augment,"(0.0, 0.99)",
421827748456412954,False,4,0.1,10.0,0.0,1.0,10.0,0.1,0.01,0.0,0.65,False,0.0001,0.0,0.0,edgenext_x_small,0.9,adamw,10,0.4,17,3,multistep,0.05,0.0001,True,0,1e-06,0.1,random_augment,"(0.0, 0.99)",
810718503366513,True,4,0.0,10.0,4.0,0.5,0.0,0.1,0.1,0.0,,False,0.005,0.0,0.75,dla46x_c,0.0,momentum,10,0.6,8,2,cosine,0.0,0.1,False,10,1e-06,0.1,none,,
3982010597851942,False,64,0.1,1.0,0.5,0.5,0.0,0.1,0.0,0.2,,False,0.0005,2.0,0.75,mobilevit_xs,0.9,adam,10,0.2,8,2,cosine,0.05,0.0,True,10,1e-05,0.001,trivial_augment,"(0.9, 0.999)",
9837723338610456,False,128,0.01,10.0,2.0,1.0,0.0,0.1,0.0,0.1,0.75,True,0.0001,0.0,0.5,beit_base_patch16_384,0.8,momentum,10,1.0,8,2,cosine,0.1,0.0,True,10,0.0,0.01,none,,
97170148547949515,True,8,0.0,10.0,4.0,0.25,0.0,0.1,0.1,0.4,0.75,False,0.0001,0.4,0.5,deit3_small_patch16_384_in21ft1k,0.95,momentum,10,1.0,8,2,cosine,0.1,0.0001,True,10,1e-05,0.0,auto_augment,,original
8593913997694903,True,128,0.0,10.0,2.0,4.0,20.0,0.1,0.0001,0.2,,False,1e-05,0.0,0.0,dla46x_c,0.9,adamw,10,0.2,8,2,step,0.1,0.001,False,0,1e-06,0.1,none,"(0.9, 0.999)",
7758297273081752,False,32,0.01,,1.0,0.25,0.0,0.1,0.0,0.1,0.75,False,0.0005,0.4,0.0,swinv2_base_window12to24_192to384_22kft1k,0.9,sgd,10,1.0,8,2,cosine,0.0,0.001,True,0,1e-05,0.0,trivial_augment,,
8372735578237673,True,64,0.1,1.0,0.0,4.0,0.0,0.1,0.01,0.4,0.75,False,0.001,1.0,0.5,mobilevit_xs,0.9,adamp,10,0.0,8,2,cosine,0.0,0.01,True,5,0.0,0.1,none,"(0.0, 0.99)",
4980768114467707,True,16,0.0,1.0,2.0,0.25,0.0,0.1,0.1,0.1,0.65,False,0.01,8.0,1.0,mobilevit_xxs,0.9,adamp,2,0.8,9,2,plateau,0.1,0.0001,False,0,1e-05,0.0001,random_augment,"(0.9, 0.999)",
9877003506934759,True,2,0.0001,10.0,2.0,0.25,0.0,0.1,0.001,0.4,,False,1e-05,0.0,1.0,tf_efficientnet_b6_ns,0.9,adamp,10,0.0,8,2,cosine,0.05,0.01,True,10,0.0,0.01,trivial_augment,"(0.0, 0.99)",
29698205481935888,False,256,0.01,1.0,4.0,1.0,20.0,0.5,0.0001,0.3,,True,0.001,4.0,0.75,edgenext_small,0.9,adamw,10,0.6,8,2,step,0.05,0.1,True,10,1e-05,0.0001,trivial_augment,"(0.9, 0.999)",
91679232138621682,False,8,0.0001,10.0,4.0,4.0,0.0,0.1,0.01,0.0,,False,0.01,8.0,0.75,dla46x_c,0.9,adamp,10,1.0,9,3,cosine,0.1,0.0,False,10,1e-05,0.01,random_augment,"(0.0, 0.999)",
5371821483636368,False,4,0.001,,4.0,0.0,0.0,0.1,0.0001,0.2,0.75,False,0.0001,0.4,0.5,convnext_small_384_in22ft1k,0.9,adamp,10,0.8,8,2,cosine,0.0,0.01,True,10,1e-05,0.0001,trivial_augment,"(0.9, 0.999)",
55053788604195317,True,8,0.1,10.0,2.0,1.0,10.0,0.5,0.01,0.4,,False,0.01,2.0,0.0,beit_base_patch16_384,0.9,adamw,10,0.4,8,2,multistep,0.05,0.1,True,0,1e-05,1e-05,trivial_augment,"(0.0, 0.99)",
71780925344845051,True,2,0.0,10.0,0.5,1.0,10.0,0.1,0.1,0.2,,False,0.001,0.0,1.0,dla46x_c,0.9,adam,10,0.4,8,2,step,0.05,0.1,False,5,0.0,0.0,none,"(0.9, 0.99)",
75907079969896910,False,4,0.0001,1.0,0.0,2.0,20.0,0.1,0.001,0.0,0.65,False,0.0005,2.0,0.75,convnext_small_384_in22ft1k,0.9,adamp,10,0.8,8,2,step,0.05,0.1,True,5,0.0,0.001,trivial_augment,"(0.9, 0.99)",
4184473712263856,False,32,0.0001,1.0,1.0,0.1,10.0,0.1,0.01,0.1,0.75,False,1e-05,4.0,0.75,xcit_tiny_24_p8_384_dist,0.9,sgd,10,0.8,8,2,multistep,0.1,0.01,True,0,0.0,0.0001,trivial_augment,,
30637771285240643,True,8,0.0001,10.0,1.0,0.25,20.0,0.5,0.1,0.4,,False,0.005,8.0,1.0,convnext_small_384_in22ft1k,0.9,sgd,10,0.0,8,2,step,0.0,0.001,False,0,1e-05,1e-05,none,,
46801958327388021,True,4,0.0001,1.0,2.0,0.25,20.0,0.1,0.01,0.4,0.75,True,0.0005,0.4,0.0,mobilevit_xs,0.9,adamp,10,0.0,8,2,multistep,0.05,0.1,True,10,1e-06,1e-05,none,"(0.0, 0.99)",
392681590854192220,False,8,0.001,,4.0,0.0,10.0,0.1,0.1,0.4,0.65,False,1e-05,0.0,0.0,volo_d1_384,0.9,adamw,10,0.8,17,3,step,0.1,0.01,False,5,1e-05,0.001,random_augment,"(0.9, 0.999)",
4707574642685563,True,16,0.001,,0.5,0.0,0.0,0.1,0.0001,0.2,,False,0.0001,0.2,0.75,edgenext_small,0.9,sgd,10,0.8,8,2,cosine,0.1,0.01,False,5,1e-06,0.0001,trivial_augment,,
37982070650899384,False,512,0.0001,10.0,0.5,4.0,0.0,0.1,0.0001,0.2,,True,0.001,8.0,0.5,mobilevit_xxs,0.9,adam,5,1.0,8,2,plateau,0.05,0.0001,False,5,0.0,1e-05,none,"(0.9, 0.999)",
47113546487082393,True,4,0.0,10.0,2.0,0.5,0.0,0.1,0.0,0.1,,False,0.001,8.0,0.25,xcit_nano_12_p8_384_dist,0.9,sgd,5,0.8,8,2,plateau,0.0,0.0,False,10,1e-05,1e-05,auto_augment,,original
57989958957733122,False,2,0.1,10.0,0.5,4.0,0.0,0.1,0.001,0.0,,False,0.005,0.0,0.5,mobilevitv2_075,0.9,momentum,5,0.0,9,2,plateau,0.0,0.0,True,10,1e-05,0.1,random_augment,,
68314632099170259,True,4,0.001,10.0,1.0,2.0,0.0,0.1,0.01,0.4,0.65,False,0.001,8.0,0.75,xcit_nano_12_p8_384_dist,0.9,adamw,10,0.8,8,2,cosine,0.05,0.01,False,10,1e-06,0.001,auto_augment,"(0.9, 0.99)",original
54935919297400815,True,32,0.001,,0.5,2.0,0.0,0.1,0.01,0.3,,True,5e-05,4.0,0.0,edgenext_x_small,0.9,adam,10,0.6,8,2,cosine,0.1,0.0001,False,0,1e-05,1e-05,none,"(0.9, 0.99)",
37590630600627064,False,64,0.01,,0.0,4.0,10.0,0.1,0.0,0.0,0.65,True,0.005,2.0,0.75,mobilevit_xxs,0.8,momentum,10,0.6,9,2,multistep,0.05,0.0,True,5,1e-05,0.0001,random_augment,,
6925543073061250,False,8,0.001,1.0,0.5,0.0,0.0,0.1,0.01,0.2,,False,0.005,4.0,0.75,beit_base_patch16_384,0.9,adam,2,0.2,8,2,plateau,0.05,0.0001,False,5,0.0,0.0,trivial_augment,"(0.9, 0.999)",
31197322322780727,True,4,0.01,,0.5,1.0,0.0,0.1,0.0,0.0,0.65,False,1e-05,8.0,1.0,xcit_nano_12_p8_384_dist,0.9,adamw,10,0.4,8,2,cosine,0.05,0.1,True,0,0.0,0.0,none,"(0.0, 0.999)",
91223706979295127,True,32,0.0001,10.0,0.5,0.25,0.0,0.1,0.001,0.2,0.65,True,0.0001,1.0,0.25,edgenext_x_small,0.95,momentum,10,0.6,8,2,cosine,0.05,0.0,False,10,1e-06,0.01,auto_augment,,original
48102480876576006,False,2,0.001,,0.5,4.0,20.0,0.1,0.001,0.3,0.65,False,0.0001,1.0,0.25,swinv2_base_window12to24_192to384_22kft1k,0.9,adamw,10,0.4,8,2,multistep,0.0,0.0001,True,10,1e-06,0.0,none,"(0.0, 0.99)",
356614597711470582,False,2,0.1,10.0,4.0,0.1,10.0,0.1,0.0,0.1,,False,0.0001,0.4,0.0,beit_large_patch16_512,0.9,adam,10,0.6,9,3,step,0.1,0.1,True,0,0.0,0.1,random_augment,"(0.0, 0.999)",
68912246870365331,True,64,0.0,,0.5,0.25,0.0,0.1,0.0,0.1,0.75,True,5e-05,2.0,0.5,edgenext_x_small,0.9,adamw,2,0.2,8,2,plateau,0.0,0.01,False,0,0.0,0.0001,auto_augment,"(0.9, 0.99)",original
96814974530337847,True,16,0.0,,1.0,0.1,0.0,0.1,0.001,0.3,0.65,False,5e-05,0.2,0.25,tf_efficientnet_b7_ns,0.9,adamw,10,0.8,8,2,cosine,0.0,0.01,False,0,1e-05,0.0,auto_augment,"(0.0, 0.999)",original
6577781543072965,True,2,0.01,,2.0,0.5,0.0,0.1,0.001,0.2,0.75,True,5e-05,1.0,0.5,convnext_small_384_in22ft1k,0.0,momentum,10,0.6,8,2,cosine,0.05,0.01,True,5,1e-05,1e-05,trivial_augment,,
