,cost
20504694441440520,2927.08853316307
3943703261081846,480.3986654281616
241360199524743726,179.15583980083466
22176294145196426,2.705634593963623
22448212849937845,1105.6102261543274
22333045382683851,901.1934806108475
16953893331647455,6376.749173879623
73829539555000502,6.234461069107056
16363663977472389,840.9158116579056
35027679343173428,1.5115509033203125
31089374905428338,4.34389328956604
65770475282502030,13413.325853824615
39627437468135590,2.816505193710327
362066015493133198,130.61214232444763
9391625470074939,134.22413682937622
20290420651047610,8122.52244579792
13722874528916286,4153.662811279297
4794119612852028,2390.3592970371246
179881443890252883,272.5849332809448
6001494267033190,121.61015689373016
146030151877132968,26333.14456880093
82156932995205374,3.855173587799072
237362276411537412,2.669294595718384
27654062335632821,101.83540880680084
132774777755898930,7757.493094444275
22555136763483899,242.31102895736694
6421469694058491,4.4158337116241455
113811947998624588,3184.2402601242065
238997504279164976,3.263843297958374
31402684853620507,3631.184351444245
438345620387815117,172.30077648162842
487929845962077308,286.2834132909775
2637034712327252,7735.99976348877
31170285456273867,1673.1516114473343
23429359728544459,3.157179832458496
365431048244228,1506.430524110794
1760508760076587,6441.1926518678665
40350380768702549,117.00895774364471
62209492742946396,3.1675736904144287
43617742992264083,2.7783899307250977
93209843956533499,7931.518193244934
456014470538412290,613.0084948539734
69062934443240179,2779.0995742082596
77931604254360417,4.850426435470581
5281551388204080,1.6714093685150146
9404612796214773,4.045622110366821
23085688683393488,8710.286002516747
24402950379490290,350.0777714252472
430884454159928200,357.9472063779831
20728492055843957,7.215887069702148
18690242054747533,1.4978585243225098
14076560528499350,2128.0409141778946
112994152672424652,4271.247341156006
77403848890676082,628.1504819393158
145796811026961349,10452.216386795044
39264268986276616,2375.0206060409546
61199270426593262,23773.86018741131
19165201147953929,4.232848882675171
41396759597661163,2175.684051156044
483458603148955430,3.235213279724121
3820479209045707,7.900049448013306
4940941619395658,12925.093887209892
44607322513008189,10.048584461212158
10288561780911140,3.5184812545776367
80412933494619871,3.936429500579834
3772394742783512,1835.834920167923
48244021789727295,1842.5909584760666
121534627056996567,2614.831225156784
59960667713035280,13.78844428062439
7713287752325677,6378.740192294121
66791330003682288,2.9069557189941406
3484182528727311,1347.0508525371552
108157757049862975,3634.565277576447
17163575348551204,8181.716448664665
102487424547385841,2048.9741291999817
57806753145923701,2247.7111999988565
103462854312936010,4731.948439836502
57886338119268141,5.258289337158203
167700777555707920,4.449684381484985
108231270609508269,13.610538482666016
4040253094494024,5018.961289644241
27983443680561264,1681.3722014427185
34863348665998952,3.4716687202453613
2850218977728031,2467.593300104141
7872455865783015,8.024454593658447
7417855021015490,400.00484347343445
4330013565667400,3.7364037036895743
26766093433477360,1207.5096399784088
370828638010780347,13261.966305971146
33513814437272104,2584.8948826789856
11437947111136156,22.940293788909912
19080150657054669,3.431349039077759
10788417221903471,4.431991100311279
200069869664104791,12.823174238204956
20555342280616617,6.090919494628906
199695989703079301,3229.8319277763367
20933179454489135,3065.0122497081757
165861148591595745,3452.1514788866043
19047973785921465,12.270513534545898
28602035936738808,501.97794461250305
1651834602958939,818.6703433990479
235492758405208952,403.4356743097305
129584953263735982,5.6941399574279785
146349237663680169,711.0514261722565
2231942178431444,12.05335021018982
122280282544507516,4.804426431655884
20044547269455623,3.887014150619507
27012059511680513,10.2986319065094
26374480034585713,541.964484333992
25271585742968735,4.757778882980347
24550737050881453,7.797385931015015
27166909514986336,12743.20728635788
41737767589853551,1002.1995583772659
4876072376815434,4.700116395950317
89579735558903910,97.6117296218872
35017225155671652,13404.862338423729
17381618467976701,2879.0521709918976
3392576005635224,13.099613428115845
92397006571564694,2.02808165550232
17014596414923617,412.43539083004
47759877947161153,9845.245234251022
44563329084231980,2.596486568450928
82023296085300519,3.029478073120117
2325626643318297,276.021319270134
157363369622513778,942.2123378515244
19635656534809807,2.8372297286987305
96930977930262661,7.087024211883545
12877445362336515,3.418530464172364
10091952188143744,3578.9520165920258
7358060581383766,2.983139514923096
142467173860279747,4.126731157302856
192158873552103092,2590.5513982772827
20419198263469310,214.29898548126218
294122406935122445,2.8636138439178467
10208715206400496,139.97709715366364
29007304100265970,1075.1910479068756
45206122763630746,2.5656416416168213
179537471779707980,194.0586777925491
376933446844667961,4.419928073883057
98261094348242903,893.6720707416534
745837207799414,5.396588563919067
34072193615836489,303.01471734046936
45203012296272093,3257.657315969467
11837556118057288,1.5997114181518552
72722256432750941,3285.4742863178253
665961596084652,29792.73716902733
39656885203827643,3.181046724319458
115466965154529974,2.23088812828064
47116637070601682,2234.401962280273
48674611725411088,2.424800634384156
18455998592333931,5.537079334259033
65974704747476,203.82938706874847
14234605544829489,4.321664810180664
301429567467222182,7433.527389287949
53037567251271882,2580.5674074888234
84462768524352215,6.083239555358887
56350124594922575,358.79415798187256
87657141818597390,3.2775866985321045
502618439303477112,445.42663455009466
79690108494641654,1823.576700925827
3791072729460488,328.7755055427551
428538507615618356,1463.3818336725235
3882588390069601,392.4765133857727
32307365751316984,431.18550205230713
54927315200199782,1483.2442715168
36366750773868302,1798.4485745429993
92482992656381848,10615.267839431765
7266229956407974,364.12145006656647
42472655860695539,4367.370465874672
30497829674406346,460.91938185691833
71030883657526602,2.8805556297302246
8985867730078414,3902.8867858648305
9000055288893067,499.1626935005188
47113546487082393,1157.44056224823
68314632099170259,1859.7337651252747
9807960688271499,162.16792118549347
7459198860207711,1.1892123222351074
26869941578572375,6.189954996109009
28016350318507554,1.4449903964996338
82646487897860533,116.73166823387146
91199307848333966,36.11592936515808
42487447924371572,1.7390401363372805
117150171488839771,7.560478925704956
237513966237510012,1.456580400466919
3825983435716928,101.62092518806458
31448436213912698,103.52499175071716
6491074271765072,157.38122248649597
68346471064963864,134.6213675737381
45548079414663925,1.4504013061523438
25510292953427628,198.1546931266784
47651798181409123,117.96715700626373
117148741152098190,184.49385869503018
105351719834401994,97.94658672809602
116286076705826724,105.74382889270782
27907008923030451,10.008078694343567
152206338686168734,6.969395637512207
27937087037956386,1023.3284735679626
13724334109215240,2.6930415630340576
68971176888903849,20.61768865585327
183272368807353270,19.569254636764526
23020805490353915,249.96362149715424
130719366285448722,18.54298710823059
2341056625041967,203.89597749710086
53594170600074240,3.1375529766082764
33316470483363001,262.50329399108887
25612500127449302,3.267000675201416
19277153339958203,41.23798584938049
54590203542813612,301.2892233133316
15665967433180285,41.13695740699768
9466900510239061,116.95386242866516
960863609761637,108.27270090579987
265057549492006432,14.911535263061523
11016767775301400,0.9950518608093262
45174098907352789,106.43427467346191
226068690698586,182.37988102436066
44388214559098065,7.910030126571655
354214342551883202,9.872163891792297
27072980895742038,62.83231830596924
57862174692513557,2.4518380165100098
15362249813035066,20.55737292766571
1275372140119606,25.173662662506104
114008256042379878,2.8155555725097656
107749191806409729,470.6233457326889
57428133940201609,544.7017508745193
179863293630482622,677.3230301141739
27992616526313537,3.199700355529785
37020730952677219,5.212244987487793
187157260183993583,200.34717798233035
57757608208274802,4.780030250549316
27903709599575906,126.30087518692017
31971299671189952,3.918980836868286
49894623361264524,4.827762603759766
18368406512137620,194.81661665439606
34671349308522963,53.09435594081879
54112753446797054,545.851225733757
170916280614891038,473.4083729982376
349378492061706539,3.2031004428863525
13929469167118045,54.68700098991394
72828251300315756,93.04189932346344
73208324217842071,30.718873381614692
51853309001880253,3.306246042251587
133513871118831900,730.8698477745056
161769289679413050,28.475079536437985
6050994229366992,85.72953987121582
6904988222823350,106.88016164302826
31142446903726118,3.3501288890838623
15292524759099453,5.413758993148804
35148051568072354,2.96134877204895
300320089911730125,106.19598913192748
321054237128497052,3.7170372009277344
6548958250245421,2.8861958980560303
11253627597192843,2.168074607849121
14676051943060333,49.1205313205719
70881555758522600,78.86092495918274
121684411859361519,383.2875689268112
28062037397777903,17.03351092338562
159943619568246117,12.333903312683104
284426117914839969,2.401571750640869
406099589406960264,4.907183170318604
443777212326918415,29.976333498954773
67097563002536454,2.455206871032715
14763526689724460,75.1992883682251
176455044615927,213.24436843395233
32206118047283288,179.6598356962204
392651761081986080,4.048922061920167
30103011460671163,232.467231631279
21901950511614563,801.4205737113953
23946274141336607,3.9704787731170654
13753275745931338,3.01700758934021
15909738547967298,184.27954852581024
13893582415587066,919.6247103214264
146121860656657875,165.88616931438446
22763090824607434,254.0522347688675
267728918943727596,8.609613418579102
12473575703204904,284.1764633655548
19345511101769615,9.893385887145996
13397597094579883,4.628051996231079
118964890949056351,3.0761442184448247
26831083131846468,967.7829946279526
28835276226148450,28.320242524147034
18388382852574662,24.063999772071842
194923959544481009,368.24746000766754
112138737244754934,7.346208333969116
186374739037376,665.5740500688553
22223557301249574,702.8355803489685
163988808767659232,72.17176461219788
11091713510369220,3.13753604888916
122340061834357022,27.089254498481747
155891677434050144,848.6762554645538
251449342639116233,231.0061630010605
21505725027228961,311.4084197282791
43656717698091713,8.311826229095459
41171833193484391,42.458550214767456
201582014158993270,2.6892085075378414
236868853075780774,1.246668815612793
16533979726710258,887.9964337348938
29540431507335375,1.3836805820465088
81430795413687865,3.476900815963745
57755022118038560,166.81732642650604
32247758380391872,13.385319471359253
27567377973328481,7.004106760025024
1266434840282806,2.6220500469207764
19963738647588565,188.20238888263702
47770060140063977,195.72323381900787
358340244629894428,21.789479255676273
32410053641720814,12.506296873092651
195887473478268,117.17429709434509
6752961629994230,2.011824607849121
2752398831330977,1.7214682102203371
3721290604016779,1.486067533493042
23190937932011498,254.16635823249817
15634800813099488,5.845571994781494
77568336577949115,1.4921469688415527
12435531426856341,22.908074021339417
31477508494108041,1.590580701828003
51360785310513052,2.6335971355438232
31697957820366164,32.87136793136597
121419588924899015,26.515907764434814
490090572109335513,9.924947500228882
4037450601451361,45.21139347553253
22624426913700425,222.30633115768433
82410990273550290,4.300708293914795
14738192821090280,1.5296673774719238
95384486062928495,62.65550410747528
50562832280477752,25.643280267715454
308040500024118277,1.5370285511016846
22092035263894217,6.153691291809082
13444221437895675,69.14862167835236
6983110563057696,3.3244197368621826
28856187332068404,3.358108758926392
399959156499509110,206.81135773658752
36273379152341271,97.45862340927124
34040527012881689,105.30676484107971
5417367827809716,623.4411073923111
88970152027870592,14.623572587966919
39785975615977,2.93396258354187
33919139790977132,47.47404766082764
86134012721286843,79.47187519073486
34606061704115105,1.7437176704406738
73066249140628052,186.03655886650085
67258528670717129,5.401813983917236
7051056822584774,1.9625954627990725
3783397043339144,71.86161851882935
11306157442012267,1.481029033660889
18450893943387517,4.057657957077026
266243333649083823,124.9180829524994
127441583411737294,2.4952971935272217
85801023853920428,21.919302463531494
47886844201617876,7.126444339752197
96865890917858269,3.836762666702272
3731551867135607,62.356645822525024
98868375550261285,3.133437395095825
33675759789754401,3.637936592102051
85987711258921157,120.64753830432892
8062360831806978,127.28439569473267
45602489894422016,161.09627544879913
409645896188679193,28.498634099960327
74432898796864184,6.361661672592163
44110624479623844,3.3595633506774902
34962794528753962,4.949580430984497
42105896310143363,95.68393898010254
4119619258960875,89.17987596988678
9339780005218392,200.4753135442734
5727175545252064,64.08983361721039
96120475169216439,276.35737359523773
30976662422311039,221.2130743265152
3551198614103642,12.593523979187012
391327115226372948,9.275312662124634
36193351308046441,77.4591269493103
311041121039526485,27.641945719718933
9563457463048222,31.348921775817868
64316834776935709,4.617985486984253
76505660927743957,148.01143753528595
98371218077077730,12.174706220626833
44318644524024145,153.72159254550934
4891439878058004,416.32273745536804
45365153091146460,182.24503672122955
9735787510624514,2.661938667297364
794638039019659,125.4416261911392
81088234669587020,12.676796913146973
79805990906682131,24.685275197029117
9559929060867481,55.659178614616394
37279504605286538,31.76154112815857
9877003506934759,30.314191341400143
46801958327388021,2.880180835723877
15314844028951064,1.1786994934082031
16406771594585499,2.816702127456665
18325372658686632,27.278619170188904
23099098029176423,6.862478613853455
28226287381262025,1.4159598350524902
62201089187773309,78.10632598400116
355145651811765252,21.832386493682865
96612320163390901,24.045503616333008
86972386597742,13.287737965583803
75616134523829002,64.67484486103058
100502274537963459,2.2061352729797363
165586024208328972,9.191362738609314
4692616730923338,823.6160196065903
88129446004506050,58.71254348754883
7673705977094755,1.5786640644073486
163739403791208682,8.967344999313354
27921174851521148,6.642627239227295
219374864232919389,1.4797582626342771
14272998890897218,308.91472840309143
10506338037192042,19.86623990535736
18953020261372272,67.64907228946686
66542217063848208,186.54795956611633
430329616812330309,5.137607932090759
127976610971130104,22.328768730163574
308830544335150266,3.9508678913116455
31884290852442361,15.019132733345032
82163191480031888,3.583488702774048
24118630084216716,14.656221628189087
25782526203353210,1.9592673778533936
29160993187327796,75.23995125293732
14211192797744821,49.48716592788696
335886467595447831,8.088780641555786
55813413926938457,6.2453413009643555
90263899249324165,39.057281613349915
150953139554654428,6.249196648597717
12041962205224340,24.182374596595764
3824575428803624,7.669108867645264
21991130223452056,5.18623423576355
39988910874610727,6.427694201469421
444700671322570022,313.6151180267334
369847125180500208,79.47775197029114
269879358452740497,9.306808948516846
61019355656074977,29.631527423858646
95815697361254180,6.338587999343872
98137351755236418,7.07016658782959
33811008701413001,98.80646181106567
112111942449689034,394.7583911418915
68099381177886404,4.397873401641846
8087940247645872,312.629142165184
42382122720541476,27.802246570587158
11273742108713795,0.9897818565368652
53394862284112470,13.955631256103516
66570176969585589,57.74984312057495
27572610976707353,34.28116548061371
3150268296808092,257.4412090778351
13896637613885725,3.764618635177612
380304733795430259,173.78307592868805
140555383235726856,3.312204599380493
465516051076290,14.391512274742126
6377714265905696,3.62419867515564
6441407442402909,15.191999554634094
65205575745691846,131.97220158576965
79296655149718031,6.542999505996704
30030300647342447,2.904815912246704
124336626711823127,4.623430490493775
320873202391112235,3.362303256988526
38245315674476348,16.16945791244507
1955789877925700,12.38105058670044
423048017062492367,2.7836132049560547
5019136760493922,28.359046697616577
7193343799429514,3.45431923866272
108019633999000152,10.624650955200195
110642525326009422,51.6301794052124
73872710875486809,13.572973489761353
49089154817998987,11.592373967170715
109218154468079836,14.39780080318451
14128633932077695,17.645630359649658
7571918749570086,8.091010808944702
4591389993942332,34.525375962257385
144835056759579736,16.046104311943054
76860997116241631,3.5403032302856445
236232032103579674,36.81314957141876
18699020636284082,172.49592995643616
63668953588731862,3.193442344665528
395566581835239857,13.391284704208374
2099751874889223,87.40318620204926
559137967796900490,11.884690284729004
214584431256960942,6.9908974170684814
14614672767062822,3.196450710296631
17768126213334005,2.6243393421173096
4766821298880630,3.1684763431549072
14723688361816198,126.6770931482315
22539894538296157,33.71497595310211
13894737130088541,21.655893445014954
11337218775788005,170.6514791250229
196076067629715473,97.52652680873872
379095210614393778,136.75655448436737
33717063592894755,33.06174397468567
62140398120344095,30.885413646698
220266270229217369,344.35389173030853
107471334123931808,47.02569615840912
111965479540511,15.31928825378418
46993555097534957,38.9023323059082
23321230366325852,104.5277067422867
4062604458366569,9.580673217773438
71704361204316924,87.81367039680481
62791333181528900,14.972207188606262
35976189678926134,29.927422285079956
100009027921868204,14.335827946662903
107522673953550556,2.6207311153411865
11909134961702602,12.335337400436401
154173426636080179,156.5810673236847
235457002517759433,70.77041697502136
15760724645931252,3.184131860733032
264543187838667654,10.088933229446411
29292918808561384,4.549826383590698
202146757348696780,19.713345646858215
200957429225687824,6.834160327911377
19298426506941264,2.9336111545562744
1285199493060889,74.1195330619812
11017924325916268,128.91879796981812
133184353680586299,229.44810366630554
209968380846547,11.821367621421814
15805490076553957,30.582741022109985
14541973980678308,179.02311515808105
26254513938293016,4.567142724990845
147539823720870336,69.9457139968872
16533414172114291,378.03632724285126
270684540239279607,3.8073620796203618
124900899121822559,54.605164647102356
45143242896001400,3.491617679595948
377013784426392693,4.646453857421875
18970792838293728,3.9660372734069824
55731266328233240,2.8329558372497563
122776866882623355,4.342779159545898
185883899598492055,1.6331193447113037
13308317571938081,117.78893458843231
1311842697684005,5.6793564558029175
16390267410141925,2.7994494438171387
27186224278540143,111.73062050342561
540160313399947,125.3567943572998
1265098348033864,6.523060083389282
66437652203731830,4.550485849380493
3858083713976044,1.5146136283874512
7392299147910468,249.40802991390228
130939329720777238,5.132855415344238
30291677738110630,6.019623994827271
21303228155795445,90.25670671463013
7677135470051293,4.5123560428619385
227826437197028779,10.90168023109436
5284835387373169,165.0772476196289
3528604821813237,2.903557300567627
44196606220476765,1.355522394180298
12478629013591743,3.033109903335572
6306174917987533,1.7181663513183594
98082766227463271,6.679627418518067
56095374132936408,4.226222991943359
3842585570621918,11.899876594543459
1534816777666886,1.8809504508972168
73332655677224972,493.9570093154907
77933401457993741,19.19102919101715
10270277859437503,62.4233523607254
139413934241790055,6.959638953208923
20792836575925751,2.0851261615753174
229226551345494643,7.56032395362854
317396792491140855,1.865611553192139
3545546627396470,2.176259756088257
15702012353854170,124.67697691917421
141190268280982457,1.3696846961975098
2752374304368782,3.282341241836548
114324295060135697,2.39725661277771
7101197551768090,1.2252700328826904
81060997442777826,8.754164099693298
90426829193713976,6.865735769271851
79055810248166594,2.718454599380493
4524074147335557,84.4630309343338
49434758296190740,2.253172874450684
64994183526057914,596.0798815488815
37866929357004781,41.83631253242493
229742166487757646,162.1832879781723
11296240121495131,39.877992033958435
80441280597414306,3.820295572280884
41257278699621324,40.97622466087341
14143281299585933,1.3501060009002686
3887579873258290,165.72227215766907
467196623815970565,37.66339981555939
31001583870843397,13.343866229057312
6705783188917448,16.45013689994812
52499658311353373,3.170740365982056
58074514851582182,22.525421500205994
440221466802954388,4.321285247802734
64444571240853172,67.21331548690796
4135284078718973,144.24881768226624
9833672296632591,29.638072609901428
461659733527198854,15.185025215148926
46172773257907726,5.07108998298645
49006373038990133,63.52443885803223
93577535882277246,210.20719063282016
35265889626843576,13.154025554656982
4227311895162274,31.309667706489563
4002048928437841,102.36453771591187
4950292981706754,14.960699319839478
83756460607493851,45.82749938964844
9727453866884320,15.764291048049929
58388949160942312,10.30600929260254
67207190229997506,132.0633190870285
484649760475649817,15.64353084564209
33498638481654561,3.660531044006348
40924524977633365,3.101347208023072
61279975343975305,6.610494136810303
39879213116904731,26.999602437019348
8593913997694903,9.757439970970154
71780925344845051,87.13450956344604
71707164140800161,55.85763645172119
431109092737407541,266.7187374830246
30342389707691813,5.5615222454071045
353283563244097197,3.3864450454711914
19209731093953385,2.273813486099243
125647924893115433,3160.9172694683075
221099004701793198,7835.487944841385
2593550941901256,3.2708139419555664
111643440625747263,0.9934182167053224
20009754010874620,1.6946673393249512
2239194002216079,4931.538241147995
1383248586065289,751.0691421031952
302758339368438,2.737151861190796
121213734768288675,585.3718422651291
30458019777800950,268.6231197118759
28539724674382392,2.9927165508270264
64232037609863720,4.291041374206543
29752609412446346,2203.937026977539
71140799462200534,188.1214736700058
21365986556441328,16222.622126340868
5976541208260588,1645.3226894140244
13437386591941804,0.9766879081726074
27300102385088241,5305.74999153614
54319653696700263,5682.10750746727
31573546872545826,5050.080647945404
68511500992344517,1.482346773147583
63511404176503584,2043.1427659988403
211388311027114597,457.26921916008
78017631817490412,7.522231817245483
59234294287232703,3.782381772994995
42948000678317671,642.912792801857
25400429286735986,4.566364526748657
193945708075681620,9745.905270576475
19334628601104640,0.9902334213256836
5492889176532976,195.91107618808746
61825037082787336,3.1137094497680664
203761465278494300,300.4363828897476
71343028480366859,1.5539882183074951
255770503712097340,1.462998390197754
16184665401841651,179.76974654197693
123806033242657638,1.45373797416687
37885279077270038,3168.7883709669113
25195700194405752,94.9909360408783
1096694327693994,3119.758259177208
3392567655250129,97.68622517585754
66721332710494656,2268.134737730026
148940914447439487,4.872875213623047
190955289403986932,1.9274015426635744
393927775483167698,292.61394429206854
52802432937627160,3.786093235015869
33682730996170344,9.454760789871216
100098259404867435,3512.9459273815155
16543533045855271,8.227483987808228
116429979381972468,491.00540268421173
77282772447191420,7172.4118411540985
128392034941372972,21398.108407378197
27561073091330545,2.9570178985595708
21589219247660235,588.7341026067734
3565526839157355,298.72525358200073
17663904364544302,1317.465857744217
19488689980683887,4.808906316757202
31754535560611,1175.25472509861
13744478672679609,3.272000074386597
15257563216257535,2.8490331172943115
10728397627374729,1898.7014199495318
65155743315126030,9.160174369812012
49805686882298494,6.656415700912476
68359136195349097,2707.1077392101283
130912487081758119,257.8560938835144
62944496908447532,266.6468541622162
80103155818335849,3.768250465393067
10225942142840123,3.9350099563598633
221115471794211067,335.81343626976013
161405220055350230,1661.9965707063675
129536735893806353,1666.4396055936813
38706093709309967,2.984474897384644
3500677361985577,5.054595708847046
12752211666818489,973.4533784389496
3155779152452844,3879.142578721047
54122603325484672,366.0360823869705
62398658960322696,1025.4324810504913
41659275145239397,5450.382831931114
63999461927906994,221.61557495594025
2136907986584922,9243.818070411682
103604070630824197,2.3113315105438232
19480368148775015,3.444183588027954
29311267167582325,3.864299774169922
6072101119995926,275.2018117904663
69945771044230085,8.86743426322937
15383853780071888,2.204761981964112
7407350534372988,16.23833131790161
27786983063433479,353.3493307828903
54334324045406719,7020.171402215958
16095099738463760,5763.66525888443
4655825084358762,5.667701959609985
14672642654960191,1013.1613014936447
66156367129447362,276.0802301168442
67154409948699451,5611.414435982704
79192643003883129,1601.4001718759534
5978117797119560,637.8892147541046
27603444426931477,4123.730029582977
15646635217799955,314.06901800632477
28489884510189696,410.61712753772736
16648436599074144,7714.902902603149
11940094980237245,753.5679529905319
127242410490938693,370.8428589105606
21127296293298657,514.5021243095398
119712160119952948,978.3860354423522
18473236391963660,309.9930695295334
2301295348074871,1040.6283382177353
27583879635199477,2.8270387649536133
1291136723455731,11.493948698043823
18585286099070448,303.66577792167664
13774338246227042,5228.834317922592
211989408778815780,7.567473411560059
24964491648987616,365.6563001871109
17016803629795676,4.377734184265137
246055012384007987,22.14686417579651
22042260809088607,3943.2842931747437
145581251636810748,1996.2600066661835
143065216972098847,3147.9441554546365
13304026400318484,3.3376810550689693
127336659493041855,762.6956804990768
200410235899058959,445.5713064670563
10835899563744469,1064.0271495580673
28028129524116804,969.47856092453
283861315964504797,2.789893865585327
106224760358715541,323.4903678894043
10922466848953829,219.09734773635864
28572265628557506,1225.9458787441254
80702465168461533,4.967117786407471
4642671312177421,3.020871162414551
32079441254100540,3917.265339255333
117876058463651427,6259.108265995979
47986509763101937,189.97853791713715
4886933402435780,2654.0540380477905
55633142574314592,2.563237190246582
9757627680445201,1203.161547422409
40217031638552214,8916.260559678078
12228587546037246,1662.624471783638
2173603999751054,347.86729776859283
19539388202697955,3191.317474603653
38837419904199529,10415.959850311276
33895267018560154,2.9177441596984863
60740750101523955,5.431865453720093
68903880402603879,121.5993413925171
113935506913732921,2.651012420654297
4822161427092258,5944.35737657547
4882278260466065,3.8617935180664062
19908503993462403,1.298401117324829
21545813459156155,182.3903374671936
147303586017477700,165.78793096542358
29697071936579133,5.560101747512817
133220872189155,1.6566765308380127
20214428310103763,2.5709002017974854
109448135422636623,96.24874711036682
454713801956714473,1.7458014488220213
27906163207635367,848.1534848213196
40596749968238066,3493.9911762475967
90294960941214436,1106.5076177120209
147570471320524305,4.854173421859741
78750617220944839,2569.8532136678696
24887567010857414,195.05905795097348
7498333154241186,1370.7224884033203
96374003995188980,205.81480658054352
37841840673188779,1615.6498519182205
471471175957981122,490.0706044435501
93015729934515023,215.66421389579773
97522126578677476,2.54158091545105
271648968277798152,3255.3078637123112
183387217432366514,3829.97880256176
57539465921343336,1252.7125642299652
5176669074978752,309.2561444044113
4658823800760752,6.543337106704712
379519764204964181,3.044014930725098
64501512420069020,3998.0943868160243
99131717235154754,2428.5701928138733
50373732728666607,303.80661261081696
3890643185898221,1171.2160719633102
31372302617510169,6398.506601929665
98658521970031244,4203.446474790573
55853135480215962,19000.409922242165
337771206143745398,960.4490058422089
38602174621422862,793.2531700134277
455917789734020879,1109.6911443471909
51577043057327507,1813.856733560562
9083162835715392,4279.6889045238495
76892440108472452,3967.5482429265976
65603762591971170,228.56160712242126
299190128147373738,1199.3342518806458
61827239462651923,14.25541377067566
9837723338610456,16.694401741027832
172605606553161033,4.734042406082153
1875017784898632,48.07639515399933
65836920050636481,945.0991443395615
8191981088187738,3.510247230529785
19453431502679926,1390.6111171245575
9370598557190192,19.12422752380371
68744687201944200,479.81018006801605
25526358101141388,1087.6561155319214
450708538445218306,7.2397541999816895
74410810569556117,1.990792751312256
132961547466237716,776.735144495964
136586398942721834,1.596428394317627
2472653926719208,2.612112045288086
142786005258680237,3.07609486579895
30572059869834247,144.7834837436676
95715321760306308,3.9856364727020255
287646675642645554,1790.8055030107498
15648249536490425,1.6850740909576416
121503549122446111,148.42214822769165
427793824850868078,1228.4583597183228
6197520902584898,657.763130903244
119996938293540125,1.68829345703125
29801553701651541,2.202847719192505
27504655100248421,5.328774690628052
124421281461647524,2.2587313652038574
95991538235853163,4.185882091522217
60089613064784503,29.195324420928955
34785226386751416,615.3567589521408
10866215571931116,5470.715482234955
59358822586906323,1.2551908493041992
354614547628248807,2.7728021144866943
48310736255790482,1463.5388383865356
358284410433463507,167.54229092597961
20881948070183605,1.8826301097869875
19335359728360325,93.4183269739151
56246857634841198,3.140748977661133
53934719687463679,601.7677255868912
132277790901541983,4.73174786567688
172151780770253101,92.36613285541534
21928215579808885,233.84572529792786
30094323677352018,6698.426404714584
35561445419897268,112.04867470264435
10021145794318297,1948.0885343551631
3483161888489176,1612.7137703895569
51127173617034504,52.975555777549744
40542617123423486,45.249831199646
13031333372145970,363.65728068351746
19165366764963224,1.7865900993347166
126746183824984903,7.874796628952026
44471510197294757,721.1875205039978
234437673833705992,1139.0942161083221
365556641256903189,237.94455695152283
154518748391153395,2425.405382156371
22329375575761368,2378.158776640892
51687709468188043,8.44505763053894
6657589413999469,5267.269561767578
65920384920797171,121.57636618614197
11248470261741781,1263.7155187129974
18232213573141298,2005.3153258562088
31540325522105519,23.37058091163636
498386411393795628,175.32758748531342
31166250484377855,793.4569405317307
315417283309207132,150.37852370738983
23892456388492516,2.1814849376678467
35060187215018368,160.43555331230164
17292081267039678,2.624851942062378
16469535171510182,3902.2352392673492
4589375933871617,4.149495840072632
17150916675942641,126.67867541313171
3021985545458443,409.87158274650574
417316433531142088,5.765017509460449
6227671520050939,9219.171712040901
48591660929505404,13.455752849578856
17305232699512970,1192.5832241773605
31846293451659348,3532.5899184942245
46672926964238756,4.309410810470581
38731729350949027,4.2178709506988525
1856198296289260,14.332119464874268
21359974297252608,497.55496883392334
33986078092809067,120.17620229721071
6627134660633580,131.5667997598648
478383159902528199,1500.698947429657
369821897657330117,432.79887449741364
10946906875375082,8.501465082168579
38201499630764788,1535.878609418869
62075263032224166,131.564439535141
276220529510358474,3.264742374420166
296623674350165603,376.02277159690857
5581871035097244,5.310285329818724
138930109444715454,499.5464607477188
21776789814692358,127.89136791229248
162859599673086368,966.6026768684387
220414559696870174,175.82241714000702
161034971878869933,4284.758828878403
100724753214422306,9.078472137451172
109317185654678804,6996.144456267357
23029756046803040,11.424437999725342
14049871807388482,5.150682210922241
20136817982327694,199.21423876285553
14332839022384728,2811.7736839056015
133338558398472236,944.5105317831039
28417266087836230,8.12182092666626
26204514090457520,1474.7827099561691
22764268934440332,2.862459182739258
166425869407675039,4.435154676437378
24272422801844431,149.4225833415985
27904807595767476,184.3974311351776
258022094361570497,184.951957821846
10440603855591354,2353.5553532838826
227141821208383459,258.99737441539764
2840513249107280,1197.8108463287354
270153729056457491,883.3359743356705
10871398871327365,623.2656797170639
8181914115204738,4082.768009662628
65754897284499302,6442.343894481659
53364747122016973,889.2705308198929
20777096119955184,2199.4600023031235
32263590957540452,79.02645301818848
23955134298180396,1.3654279708862305
122131119410580090,3.651997566223145
219493914398270591,488.7551373243332
33488778399351810,614.1230381727219
36947853159447321,3.765614748001098
108181217615948935,250.28015053272247
42384351665910154,543.4580454826355
1208689522410716,111.26406633853912
1832127518135038,2598.0033638477325
146687479548766567,2.071427345275879
63560823049739728,17.522871732711792
267019154878244685,51.98790454864502
331406097887838820,4.52558970451355
5221346120982379,1.370676040649414
28165709239298103,844.6586846113205
5076473189021950,1043.6246320009232
56283039569451229,184.1187562942505
123007504319528492,4818.179882049561
73562739708242520,946.4081135988235
27286016048574827,773.553430557251
172602333339386455,412.2733587026596
7851991993163413,979.6539940834045
53304807120670898,979.6139750480652
137426892698982204,769.6384143829346
14198114074227138,2108.415848731994
61283416892631562,2.480696439743042
59060544907130445,192.33789038658145
115130570218448986,58.880622029304504
11203678544498535,2512.7287211418156
29538519148884374,6824.8983998298645
30080435679673714,6.29678201675415
451707178974077520,2937.157414674759
227340287957034317,80.50468480587006
29241774370853051,1453.6610028743742
14801655966424008,1139.9364258050919
3514671758126178,3623.109095096588
1852145287390567,586.5513212680817
50506418001483159,12.560664176940918
62356046687479010,931.966828584671
34572097120100139,59.68546664714813
841658147133105,750.9682755470276
25282616568434952,1.309839963912964
89518635355051807,1346.3364334106445
96474761455132880,77.77058494091034
23863277365590358,48.2121205329895
19460627224142769,14.83567237854004
87866911608712499,2.6617307662963867
189238567631875350,66.59458065032959
4567217387052434,56.74558246135712
6056750800286468,7.111219167709351
3921408293761910,5568.395369172096
66080781203358161,189.7384216785431
95576868565814619,13.213616609573364
36898487042015542,939.609537601471
83554670074742236,5.416193246841431
38273784141176276,12.639403343200684
8699728447737141,13.467177867889404
40341237506314776,2479.057093143463
37641998595620627,20.970086574554443
83837086729140808,5.386103630065918
96856996464990816,410.0336546897888
5620413168060654,8.55343222618103
56429206093481828,9.16242289543152
95655917358366845,3.9883124828338623
9080219845723127,104.27287697792056
337220636602649274,1477.6900272369385
91734900517636598,1200.4573225975037
47553934787125574,140.41953599452972
5191673505180203,146.31570863723755
7758297273081752,1168.5294270515442
43856137021585608,193.48318469524384
18162702189349349,461.2369295358658
244453108448436529,3.370503664016724
83589243412735392,86.0722131729126
1285399973850265,1001.7186738252637
334171111653790293,301.9279363155365
165934653291827941,3.0058929920196538
202490533689871935,1854.0965201854704
14007924645369696,1473.3613240718842
23472625978897040,1.503521203994751
98987501970864103,57.858078718185425
18274487232919050,1736.012196779251
5570709071208328,62.3941615819931
79519832949238190,2.824771881103516
115485167859905079,1.4101591110229492
36007481656267902,729.307494521141
27276865823964496,3408.5942705869675
27993579129244189,632.0133255720139
26986700983921500,76.98719298839569
9096075381416281,117.82260513305664
74427435202853185,2.7005178928375244
315588065013079333,517.5951647758484
13324303254719636,1.6894583702087402
32000712976650058,7.251729726791382
138512258456634742,185.8365763425827
69915884014192578,2073.937497854233
8201214153754148,1108.2851157188416
15799263297784499,75.75943768024445
46921682494506099,107.07064485549927
55027103894893590,61.72184908390045
104701109548588564,170.85990297794342
423857265640426108,2.4890482425689697
29562268947824656,622.31358730793
61325288109846128,284.4730085134506
120748961739884662,2.5176055431365967
43399804905976721,1.7239458560943604
5155820934481440,348.85302352905273
10368655848478591,939.7156459093094
23135293723335938,6.136694669723511
106724341777867025,538.3796325922012
139020012171056315,281.5576194524765
30022673700995796,85.81406390666962
4800427817605243,109.64008021354675
1799095174375917,455.8275548219681
169496289386163519,9.588074922561646
32313058216001496,311.1635446548462
42781350850942447,3841.590451836586
114581770404576647,253.87702834606168
62586181450969542,742.0360929965973
45394821409968018,1424.3606461286545
40277063785296201,62.027440905570984
22864948388345475,215.17288267612463
171075133545778268,700.1753772497177
11353120883201910,24.73563838005066
15581951145158773,6.40184473991394
18033552111031048,5.858990907669067
21340898581535703,381.7840099334717
18567281134137764,508.43341302871704
3130432380142927,91.42796730995178
11662049986106032,312.306058883667
46405486219025374,23.33936357498169
211469578452439,2.7888426780700684
30196269851605516,96.49890983104706
1265207277313538,3834.2724467515945
4052647016339536,153.7235826253891
123143746223608893,3.3340983390808105
11046330265686770,2406.3016068935394
103909318795873424,2.3359017372131348
32991264431312360,71.34125757217407
227156942944381287,827.0303587913513
317307249171994069,2027.6085169315336
53819006480695558,192.38649606704712
73772213831479514,797.0112856626511
140760248107116444,95.84493637084961
48070928493974175,62.4228013753891
33416673932834288,104.15348374843597
29842242390167720,68.5517065525055
398348471409764784,3.274014949798584
22861120221797162,12.53999638557434
22898336895401134,2.2390506267547607
103330830245162189,492.0851308107376
327433942837959693,71.7744745016098
42397129778427571,8.120185613632202
11029363145689785,13.120774507522585
47447536914206732,593.8954726457596
467950589444843310,90.20037877559662
112013816282387542,4.748846054077148
101607458357647633,95.73481631278992
16052101896739666,3.3322880268096924
281540830841934435,7.450642585754394
102307278919694904,3094.3912909030914
254689964978368997,7.183327436447144
117554207987091802,4.166362762451172
189030148949202779,195.10066080093384
168500887774411807,1489.5449676513672
17078573767559972,10.275497674942017
147201062226023260,4.29841160774231
24183739708981322,115.56984233856201
126047437379514740,880.4235073328018
17454547242647504,3.950761318206787
23726155058583898,109.73688638210297
1017162767313721,1732.7157714366913
121169673543224628,402.32067692279816
11487266220197020,1239.6472743749619
24319414905075328,1302.3748661279678
231506342518142263,66.15173614025116
108589058519405347,1090.340134859085
1301931022355051,602.5312522649765
41677515728736416,4.015897989273071
15361043229090324,1237.013878107071
13580629401803779,115.49335551261902
6317697762475927,4.776010274887085
5347103535230395,5.358489274978638
9687310738625420,87.20097613334656
20072281044960060,870.683961391449
125541362257293864,39.48023760318756
6080664923201845,660.8949930667877
23374577203731563,1.5359244346618652
16465590908102792,352.94636023044586
29483220578285565,4.008460283279419
1926687387829783,54.0656259059906
56888859512285668,3.0354373455047607
25791432885191344,389.4832648038864
95010466927004371,1108.2115576267242
386730785049125170,1.807004451751709
10921915274328175,3.0502333641052246
2427987738802014,681.6304641962051
53095233181360519,2456.291559934616
650810393454230,3.8532454967498784
187769525150335405,3.7062931060791016
36870472848441835,2025.0088444948196
3335810406761757,435.41970121860504
28222993628122600,591.8708336353302
78786193456510456,1.7765583992004397
47043566078570693,42.2300968170166
75317040497971121,156.83195233345032
39495751300185969,567.80708527565
61606203061525640,72.83768808841705
68090548295970850,1381.0700640678406
22765193843404885,339.4869154691696
74675466660445350,1.4069452285766602
61911299181904482,4.088235139846802
31681409000999635,1867.6597850322723
42167807730612973,359.9274252653122
59113726645161294,1506.3912974596024
85444421461544891,2.1762261390686035
5502623315597886,3.844019651412964
28852618773821176,78.16224980354309
105615943518052860,737.7336285114288
25190952009732816,1.9258239269256592
156384401101441,338.1238167285919
11729798440259203,695.0668904781342
229180783867997941,1.4779586791992188
343781850047319238,194.91050302982325
23219930133039116,292.05267810821533
37828757988615050,533.2130179405212
117980116194089146,2.600672960281372
9600002706214433,92.29038679599762
7012283266327517,67.81683778762817
84971777540057413,4.90386962890625
82473365155569740,3.3619189262390137
2992318192704038,11.98933458328247
395264339631190,5.620264053344727
31300622762615750,3.4155592918396
91395343821433868,4.162161827087402
9971402021902989,88.32581782341003
41530626482018031,6.551730632781982
5405546405407257,75.68066871166229
68895280181176284,83.34161818027496
5357194363072316,2336.142099261284
30395673693139426,79.8763552904129
567198831333947006,2.841651201248169
49431955072455994,162.8449695110321
6726953659211795,83.00668370723724
73994499765381891,539.7880437374115
7582121927937713,5.296119689941406
42957189275368631,648.4103461503983
544771286052534092,513.741455078125
48321047954876768,1.1658363342285156
1351109297692512,770.4349920749664
32345339678363036,1.2216405868530271
145024985709721125,1.5705387592315674
27446273936273525,933.0814963579178
1886547890249974,2.437448024749756
191781007867061612,44.6212682723999
124957914746475460,1.4950134754180908
11543618654721291,1504.6936452388763
6677108853370815,689.291869521141
145925637016128266,1937.135771036148
480543386052842382,3.2865128517150874
897365199189505,45.44259977340698
17199596472618875,202.77379000186923
6447072634661015,43.906033515930176
78796577047630938,1.498788356781006
30996593754474458,4800.697107076645
297333700134681570,1077.8796634674072
73733923760723538,162.96742022037506
32563132244578104,2534.9441941976547
28147655886111452,619.2875270843506
500878112688030534,47.141520857810974
49844134601307438,49.190818190574646
26186867138051875,807.707573056221
49076988468089483,2.250531911849976
48974471117593908,121.48424696922302
105928149662396802,2970.241278886795
31318947276683033,85.3836270570755
28065220170821454,11.64982533454895
186143451436350026,62.06326246261597
12888045871020125,64.90133059024811
90541826296672688,1025.2915194034576
116579126936773405,1103.6636464595795
2416134201634891,1605.5862786769867
73290741558466186,55.24425661563873
374183811567691939,1535.35165309906
47860290590426465,223.2770721912384
16952719093290779,242.6944454908371
22600914567944882,61.30437767505646
86631432845093519,1469.003127336502
12002186298464900,1.533705711364746
19648277328280450,333.4832133054733
36750784062244434,2739.7221268415456
19026890952694385,726.3676936626434
226021450295038363,77.13003206253052
3730893313840823,108.16241669654846
52914465380000924,3.871694803237915
21516005153642669,22.360482215881348
67556419722753843,543.9266085624695
10613824083215468,146.5080887079239
43617858770167238,566.1336797475815
375213840073063166,3968.9996194839478
142381673557960544,1676.1541845798492
22049806904027360,186.93055224418646
21846137630540349,939.1058768033981
33942018121066100,5574.041866183281
165119791206747873,554.037021279335
13303697762811964,264.6049348115921
10063623867990583,74.40002524852753
190399282163555068,117.39246428012848
104573972759696662,2983.4447207450867
21297199052293093,1045.2482277154922
12347952306507616,261.79379963874817
32261581459485398,514.5314786434174
23643271513778464,4.6254401206970215
55126792116836503,203.4566192626953
2956184552807091,143.92088055610657
22439274538685281,183.6549413204193
123133633821586495,1494.1325647830963
22072139163462322,428.32530868053436
18884945807761639,6.477941274642944
10213058595975733,4736.97402715683
127856864908558464,127.80334866046906
29559254436189596,206.01761913299558
58108535941113186,949.1939086914062
17400529518568370,142.68436455726624
44245721016811134,7171.76113820076
20468640752741379,2.1199936866760254
64653884938855733,3.007341861724853
166560632740304666,163.71312201023102
31437802558351423,423.55408847332
48506992948779248,2522.4303398132324
33906254679767188,10.60575032234192
3344826255931790,136.92365896701813
5186026379483503,39.78063273429871
22375728592111806,152.56947028636932
54962746172192887,4.048677682876587
119035317086151453,9.442670822143556
378215006126123675,393.61780977249146
159579815916636115,765.2862685918808
1226962861728652,92.29014778137207
1968379937152812,5448.887382864952
633297575070518436,3.7778728008270255
29693093089443830,1193.809895515442
3654355395017196,9672.913316726685
277500204429495769,173.85952401161194
3333786529237148,2.7214584350585938
116520882588354118,2.9412829875946045
2335768244017890,161.32669401168823
16325264048050648,6.420463562011719
11117417054695805,5.25307822227478
2381421404794326,908.2204718589783
119546297211171520,108.00811207294464
19355201906393837,5.917191505432129
19363903352288901,137.48057508468628
19671351942056832,1735.4493843317032
13821660646987976,4.326862573623657
143049929127550582,1768.8463822603226
24942383262892740,8.453235626220703
240482458516391328,117.8899872303009
103786740802737560,622.5155057907104
19195440373286871,90.61770987510681
111973311147484770,199.2465627193451
14841466407133633,169.05155038833618
20055730085482424,13.83059024810791
115859066525834826,9.577952146530151
13993070214214983,2352.56268119812
11015500368855037,123.94650220870972
1459334819206968,3.109872817993164
3485582333513888,47.69537174701691
7676436645513845,9.18096661567688
29747403423178632,1598.5558047294617
34430209119929001,23642.001901865005
79940691890258691,1.2194221019744873
38166021546762665,352.032573223114
206281737606045595,43.99290084838867
448578095908045,3.899270057678223
336456000836681086,89.74634659290314
119095289319661884,3932.8683103322983
129157869268207197,2.098367214202881
20955470937795617,1.368152379989624
93925594766534029,1189.1195825338364
28183325069174451,6.253406524658203
3691267105677247,2626.719178438186
68134898674605106,3.0618436336517334
34678298935798959,571.5155688524246
49524551757647388,5821.353464126587
86752026492106252,1319.6257004737854
5976255648917274,1.9823477268219
28497621669441495,6.843299388885498
102425504037391305,22.950349092483524
54911252700207999,1.887448787689209
2015222554759994,7.7869131565094
5309911477952019,565.9458585977554
14012386646025051,631.0595619678497
3096603590868745,766.7614958286285
157009438843010183,47.970868706703186
55614937396889762,460.0507261753082
29940856191513525,476.82373464107513
29594416017822076,1408.5526481866837
10382896212225275,645.0550247430801
45735157550055557,5.268205642700195
9100369197111611,2.155430316925049
10709773431630304,1.0824923515319824
4886784871232613,51.02498805522919
102093278245291803,1160.3276233673096
128124062178275559,86.48373651504517
118127833500988595,2.4035134315490723
89885304610958702,4040.5406922101974
11147084090794173,352.6348549127579
18089389076700812,5.9453654289245605
31411465876159406,2.1132922172546387
19643268323525708,3544.908659219742
17144898742346527,2206.802782773972
84506009118836224,2.0023181438446045
75082538420769978,1099.28045129776
93940061742182647,3.102012157440185
53062163953088649,13.49939751625061
63996327587865929,315.13903999328613
36382741772383388,5693.430873632431
76080184854972201,241.41600143909454
61181617160822785,342.8517702817917
4641229118211225,117.10599231719968
45633138868852206,162.12965202331543
54195041812600392,4.713844060897827
52304813194809843,6.25156569480896
64207353757903029,6.254925489425659
66287357227347708,116.72713625431061
43979871223773468,3.5846662521362305
30292010154922896,4400.015206336975
59301973961054693,98.16808867454529
354639938259269143,2324.1041647195816
439585190967450196,107.4368258714676
49477885825802105,37.64337086677551
75485981639354994,754.9772561788559
30709657635057585,4.785426378250122
45920123940862838,472.2895119190216
356614597711470582,7047.792237401009
11398896931087716,1.8805053234100344
12642398183471204,1.8222215175628664
74288839889993564,4354.7644547224045
3798732374694650,2142.0001529455185
24686233658983976,5.390653610229492
74020223726277030,9036.996504426003
161492568851873311,2.919242143630981
12381020874350193,379.6605702638626
51363515044320430,91.6797387599945
166023945140922360,5690.794795274735
101348942040321705,77.3288676738739
10355468435203430,1643.360277056694
3509679124724762,2181.3056676387787
65405884002558513,114.5585343837738
93167066998652762,2073.635761976242
380684538779750713,529.1562892198563
24958488236281163,66.97148644924164
40088198663669023,195.60125601291662
13696480601788470,3084.008020043373
30394802256012044,2.0512237548828125
284657734715239273,4.273195028305054
23365354378788496,65.99810409545898
26721253131617247,5.277788400650025
58920753069454761,1376.507152557373
115615189225756499,820.7004632949829
53178352462027512,1471.749296426773
4467201957271957,158.89120018482208
95864316129265579,243.9558486938476
14554226389372569,541.6453255414963
130627932655550670,249.4235436916352
23212090486994956,79.43818759918213
7587099486599202,4648.0756249427795
74229440076776646,4129.646344661713
127734594971972948,502.23979985713953
87075164263100610,3.1505386829376216
503392365585643653,4.318424463272095
3986104961565181,904.4583941698074
87008994055144712,4835.299360513687
28872952214141084,105.81696236133575
5356496886343098,5.119272947311401
17504227117562603,5233.744669914246
100368188666632125,227.00778770446777
113834860629032852,221.57804381847382
3887361361404396,1704.3410029411316
17291795997561376,1510.5590028762815
236717260043936142,174.58275616168976
514599799221289170,5812.019050121307
34211659950556736,190.2937593460083
15862852065389799,5156.904557466507
7920226466538139,5106.2876060009
655101755339043,1300.958191871643
75921894891829899,461.22453951835644
35674528561534720,176.78769397735596
289792915801763963,1558.1954472064972
69041124996381650,3043.0431138277054
14982664530392825,732.2344418764114
236046761829583471,2113.932114124298
78910792243608538,188.38562190532684
50342659446365195,298.80783867836
2937062121870279,243.24732065200809
1990761414161587,4.1652796268463135
46078451355072994,185.05016601085663
119703407034734904,895.9708036184311
1805968848350452,234.53843152523046
39078242126007838,186.6099053621292
23545443711634870,1142.7323117256165
477103390811720014,1859.8430424928665
79353954838356049,7361.699547052383
34921375761079191,1246.5869023799896
191035034339405799,1381.352032661438
50394419252986503,159.31710672378537
11081940524852509,1387.7227265834808
351584712638517573,3.481032371520996
3661081193931744,202.08772981166837
447396648543772492,2090.744194984436
23680709625538219,222.41898405551916
10773965073974229,1939.6696724891665
158033801858827187,268.9082431793214
1985889555218941,995.6246882677078
19486726492200184,233.35010862350467
24236083759159211,380.4928016662598
196271372986212928,1784.2541788816452
101602518674924743,3.847755670547485
122217235477241427,257.7651938199997
28499808976988258,2392.755491018296
22280766346618733,11.043817281723022
27169094095712551,2.350756883621216
19705430620536155,152.36384069919586
26147333040318098,578.9955775737762
23990772084454638,1549.314525604248
1301638456635843,817.2015471458435
277607051484323440,6749.1963086128235
268922829119615951,1324.802445411682
188415203240424764,1628.2902750968933
108197224543352823,29.31162071228028
178913186181659807,22.66934490203857
54335137679513974,762.9685705900192
1490511563822563,310.2690931558609
90440257662324883,3399.2300820350647
83563937429904269,9.477586030960085
16813641953700724,1310.0844104290009
17334015593233746,506.1913311481476
64206324860696797,126.46248924732208
19206971589168584,143.501957654953
7868335176717465,288.3773066997528
74751993728726134,4132.496724843979
7412065740603703,3419.3220958709717
48994775790263852,97.638378739357
128321102868247135,1315.058436870575
25185626951285814,194.23679089546204
108142411200261628,1326.1009221076963
5967811971245858,129.91626262664795
29901434912385720,2.4312658309936523
240459514356903751,4824.980134010315
373448012105939526,1119.6774550676346
85779373221504957,2335.2191985845566
4906905858061330,577.3036705255508
57556616818903484,57.045215010643005
1002708974288113,1468.747818827629
6282855525281876,1762.065343618393
26021812202737312,1212.7767479419708
24588304759445761,1.1750850677490234
78047901523766623,69.08272707462311
13477230329603555,67.66408967971802
24369747008017722,316.6566116809845
3127419771908286,104.88709652423859
5531860013934194,6.471680879592896
162050904397837,3739.6301279067993
37683310322145358,2.651226282119751
97708290519232214,715.8232300281525
13586599271081149,1077.3442784547806
2865102732497120,4.842017412185669
23568096051438388,6.520293235778809
75306063758869667,2521.4683198928833
41293009236602988,3453.8793004751205
55470082432731624,1602.974596261978
46882579082639060,12980.246602416039
9230347137607349,4.451387166976929
4798529346253262,219.1516546010971
92560295537468325,168.9032371044159
90941708929897896,883.4585604667664
65632065625226318,205.46744728088376
3869881644136536,5937.674259901047
59819362969019099,65.61227774620058
48781966559293116,1124.9960823059082
63285817557225766,1234.8602933883667
36326636423296997,794.6645512580872
306401514099593423,563.1939517259598
42017788437509083,10.682856798171995
70189949632231991,239.81283593177795
6017653176868278,2428.616220474243
36067168453313832,273.66543436050415
8497363430436491,143.83820152282715
63458681693201677,3854.698447346687
87753694537080442,181.9769707918167
357900996216413520,508.21552097797394
31159216963795353,167.63630294799805
91679232138621682,221.13497209548953
96814974530337847,2002.5005515813828
610468141912184026,2.546427965164185
80991978207939583,1.994897603988648
17084006069302810,2.081693172454834
398732503442220551,1.8154268264770508
6965983974995286,61.14600896835327
19826255352708856,2.2460172176361084
11619140078003445,4.207735896110535
409485684745009772,7.138151407241821
15787868968919880,478.1722363233566
6564328444139409,12.977282762527466
62101396211384481,3.972122430801392
24471398745019126,3.063246250152588
46508197576436866,2.14300799369812
7452266822422763,1.2299258708953855
5671740471911269,4.03919792175293
3080088672024747,10.385265350341797
76506521290427686,90.56646060943604
66776261073807478,100.95982825756074
40620430007593686,37.78463435173035
11468011624380896,5.761884450912476
19186139429167685,15.253827333450317
33756154019888710,171.39353954792023
4604230276736352,1.6797156333923342
97699183690200341,46.83281934261322
94638947995806413,30.32340180873871
6943083439500167,51.6126594543457
20173954384945520,12.187737941741943
29147445494134596,430.208322763443
74805540423143207,2.3854267597198486
16883433894655239,4.525974273681641
38832243908555280,53.22276222705841
5624078407488417,1.7656090259552002
108053006498603428,7.105637192726135
74593583450284402,2.4161593914031982
10688688028664504,4.994227170944214
7668121131449559,5.639167070388794
121786352296271375,18.430800795555115
63174038377686125,19.429805994033813
871853908463359,6.443921089172363
7022894687910633,61.13466167449951
7715465342636314,72.82549488544464
365467022143001382,9.248876452445984
24534570491872806,6.573763608932495
37982841783701223,3.964294195175171
13968904441447845,6.618421316146851
61908203020164092,3.6430394649505615
32126861788059696,10.37393844127655
28013442743026188,397.5286889076233
121748009657903866,6.362604856491089
7056019538035389,7.566411256790161
123965408193344065,134.228524684906
370308421459030861,81.28816306591034
34694699173453262,113.19690799713135
4942285144143485,17.681997895240784
13218641083098963,12.255882859230042
10660592386199742,54.37506866455078
111388759340232385,74.5045474767685
12728355338895520,9.93666136264801
29001274617602943,9.11343252658844
17818374194706753,6.4511778354644775
31105303377831877,8.90769612789154
62997139131884455,6.9528093338012695
5862943200674774,61.915645360946655
5949945005109784,9.76179337501526
1756271364961808,62.98706102371216
133763009905208322,3.853771209716797
29056045675898385,7.204422712326048
163113782739722987,25.429269909858704
28287380796358527,3.445514440536499
449002340864218410,8.984285354614258
15139225555085237,9.232631921768188
236532549784379736,10.628211498260498
23670841671897757,2.437412977218628
307246499017062883,4.24967360496521
71778303912674792,78.54149210453033
720309419600724,135.49528920650482
116722726852794651,37.90885841846466
22746858040018591,57.16792094707489
244828649994787072,4.094782590866089
46287291384262012,36.4061838388443
61859990147990062,15.094403743743896
46951966872303303,113.37450468540192
45753404356378729,137.63447082042694
5235491101568257,79.62219154834747
38560568076095422,157.63743209838867
346128618415878856,4.759808540344238
26609937041407952,445.2698143720626
45571411304392073,27.407976627349854
38396612500922944,5.617587089538574
103077000897014280,6.236349821090698
20585851645193958,26.15147352218628
21736742838707507,34.59122610092163
264927589645102851,30.54323184490204
21687428608350108,27.01271879673004
105013217140971445,2.3850033283233643
257376461434121002,29.797728300094604
14458586299334772,439.0914738178253
17432941382931088,8.820432782173157
10021731738129023,27.933351159095764
17147646946051677,22.450639247894287
12359314664047151,18.86977982521057
21435953652924935,17.402039885520935
28297250877213923,2.47440505027771
17438874721344406,5.1158411502838135
124820827938511977,38.15694618225098
15593228398255088,41.145418763160706
114948475696186226,324.4131872653961
110314016674684441,40.39053666591644
109184275359637769,8.853493213653564
24908833568519624,90.67728269100189
10478475614106524,3.323537588119508
12257815193420599,98.37714159488678
13024026704798985,2.7609267234802246
190739735029299013,37.310807943344116
2285806420716572,190.03423047065735
12382994443785751,370.3179090023041
103498371345693470,24.239629864692688
11417168058553933,4.7213294506073
112919435229021463,10.675304651260376
146106345867503193,4.607597351074219
80814252650383926,85.08583581447601
53382794537559303,1.7297582626342771
228467055243603528,172.02881610393524
84643903418508062,1.7259509563446045
7651635619774386,3.8704638481140137
44052995405596454,5.2715578079223615
12890780295830667,19.926556706428528
80724135246769277,5.519932150840759
26115457423063285,67.4661670923233
33177442890341466,256.50301480293274
453613485947280,6.820825099945068
63526596370969421,1.9385862350463867
2075838049773541,85.24284791946411
21635151163743015,18.10871136188507
23245824032959180,58.6751104593277
16178673495477245,1.4633700847625732
197839443713250970,8.435125470161438
27355229427738855,10.70876479148865
14879223895206919,4.755124568939209
12393724830886072,3.0614001750946045
124487155700865513,4.918840646743774
1707582781112590,7.7113364934921265
29215209158712419,1.7570581436157229
24451511344137602,134.02190029621124
153736826283947562,3.4265275001525883
53256293809261957,1.6829144954681396
19670314671516877,17.87505340576172
29406475025933798,24.029767990112305
110139593816235,4.004685401916504
230301406290369263,1.983430862426758
121746334650785660,39.7678005695343
6787031158506412,7.420742988586426
18898179004341974,28.715181469917297
31917626844991807,3.595104694366455
30906392356414482,129.3732557296753
33907595841608166,37.11001467704773
204754494600297,4.233743906021118
129588213710115579,7.536812782287598
85204481842640527,1.4591622352600098
14193983298474563,87.67198419570923
2312154056209295,4.5848352909088135
12696398640204194,114.77791392803192
3751235787729252,4.1932326555252075
51629789134198806,36.004101514816284
1666769292066738,6.899435877799988
23044087994048768,14.127110600471497
276770413059082192,7.609806299209595
35332369571239392,4.855062961578369
7658941650152292,3.3115413188934326
484539134542579587,60.906723737716675
187168793148597151,73.04985904693604
79389300181368119,3.381972312927246
8458182409212470,27.45717179775238
33715936138831063,2.865450382232666
586897711993124863,2.933042287826538
88061374134290293,27.875158548355103
31410793084624141,6.416203737258911
82961544536497532,23.706079363822937
3710729319386710,26.83373773097992
37229797836167174,7.195990562438965
383165787735659891,7.100300550460815
3600871869189253,7.977968454360962
34662480892148440,3.651618242263794
95304846292967032,7.616138696670532
9331610362926325,8.738120675086975
29909476191418910,6.07452654838562
3591638783378312,6.88999342918396
80040040908577102,8.280098557472229
8790174862111931,12.556976795196533
35661283394146313,4.027044057846069
34974524368481824,15.093236923217773
339016521769143294,7.189298629760742
31812474369391906,2.687846422195435
61013753651250378,209.9959111213684
94203168891108611,26.14822793006897
8778380100923663,7.61052668094635
71479855246057272,168.6600090265274
3239939160404626,17.592227458953857
4117664871538070,31.162198066711426
8296685455198503,50.52279484272003
58794415234210073,4.790362119674683
6577781543072965,2.5986969470977783
36981426032447873,343.5328724384308
63334829739207515,21.843297839164734
322664877121141013,1.5813682079315186
378438790683864694,237.7853094339371
78228089333052626,317.76253974437714
9608037962777388,168.34844541549685
58736021889077761,9.032541751861572
79425848562311476,102.10824084281921
5197365577398496,3.1609740257263184
14256743131418694,29.053086519241333
12714813965917249,1.860499143600464
29497532088423880,6.508658409118652
113968784310955373,37.504271268844604
34312343562678726,89.08475971221924
21342244895550292,75.46151661872864
94537678380638734,19.23001384735108
36604730902685982,112.92807734012605
15778623619814280,221.43335819244385
116576796124228690,113.73289120197296
18681023791958977,1.3965694904327393
30507331501635077,18.07278573513031
25135055525111604,49.717134952545166
10338893807006042,61.86035108566284
7831664667177696,357.3547215461731
30967665873149224,311.4011251926422
69308947074030455,11.193151950836182
202277238804196672,291.14116847515106
7570702426125962,839.3411477804184
57382279892315943,4.963533878326416
86617889993016975,781.0909456014633
62400574093284317,227.89590883255008
133126081917472282,105.68354928493501
20020159817941114,21.062697172164913
120668638925818105,71.9523264169693
61271676888782034,35.9626829624176
4756951489466745,3.6010375022888184
65450842974543240,472.5696598291397
20159273354110459,123.42445230484009
18674315139963313,1132.3648927211761
79387211553226834,1.269787073135376
94576625973263458,11.545033931732178
10998056975631031,114.89894926548004
53033290633426991,2.891263723373413
534759393913199828,6.782096147537232
76781192845631242,2.8378045558929443
120800560970458633,92.1237508058548
6557421575814392,2.2906975746154785
43279747704390584,3.542990446090698
24240385790103995,20.59183621406555
238617166637744713,800.485481262207
64831036864638890,88.27578556537628
2908869656141911,47.51454305648804
20574189608269435,89.94890451431274
27525596602043335,46.2354691028595
6542552025533877,43.25304090976715
2353937878387268,69.68390440940857
31291278199802109,3.592020034790039
52398313973740218,9.097321033477783
53319438980950940,164.29866766929626
7992356159455999,186.6405965089798
60334933871299050,2.20964789390564
13869170194214513,5.047568082809449
125047658795905267,3.908123731613159
53268923248560290,639.6088370084763
4517570251431630,340.7149463891983
22659270913436424,747.0242539644241
219425153597223826,851.9080891609192
41997420335391120,247.67416954040527
45925555144958628,51.776437878608704
30325219573317433,275.06667029857635
119720325907830337,49.984143018722534
105839191047556552,97.68336617946625
230161736178519196,3.628525257110596
23208223002539834,69.71502017974854
49139146352718672,8.803994417190552
113021967382454582,3.4645845890045166
18640021127942313,96.84362149238586
66105604290840160,4.543088912963867
459474860934641552,47.34572184085846
488810752516322827,235.38814377784726
25944465516831963,153.2827743291855
37258721114820738,137.00956976413727
11387363928871960,5.656640529632568
218330927007223639,13.924620389938354
27891141001938393,41.508575439453125
16612850703760529,94.4390435218811
177917101792748923,7.87781286239624
12443918602386573,8.53527021408081
23799957191082379,407.0432847738266
24710442213642849,49.601632595062256
16466523088908066,3.2358083724975586
18333101668971304,43.791202664375305
16868349340660431,300.359362244606
10160440258162340,108.75205004215242
15917852732121747,41.471253633499146
193264970728892654,1116.3283265829086
19259335333995832,10.402398109436035
14354109654722663,333.3335589170456
27091157070184492,3.61983871459961
24584750158667419,661.7882658243179
100893115582641113,201.8403433561325
110387745831444961,7.675755023956299
108730694601939204,2.574024438858032
189742985260792831,2115.50787448883
1399458518493542,4.60318922996521
184449299414645067,15.510430097579956
10186279228200689,22.738064289093018
178643577445867235,30.551557898521423
16000843623492426,14.983121871948242
207543904800395290,17.21129810810089
124502325344664602,17.68596363067627
36925578737331930,2195.158143520355
20308013268378931,15.224678277969362
6941281170922835,2.13732385635376
18497538368178830,2.252951145172119
96624991338002210,64.284428358078
2736189160872016,417.53262078762054
430129790658534210,307.3894319534302
128448455123665927,1.4347684383392334
20799266042814938,41.68498623371124
4871658240234613,516.5531920194626
41875494417725453,12.57578229904175
125007236355074838,645.013664484024
30237408226364310,258.10690355300903
82052209682458042,2.378781318664551
46382450384264430,14.573543906211853
26513346246641099,21.88293480873108
21830045267285028,538.7585213184357
64436828180851818,767.0298302173615
297259130464768899,2.006159782409668
7982926408620189,2.37074875831604
171394673677654617,109.13546979427338
300634232576648118,169.42553293704987
112860162215698110,201.27942895889285
27505611349750351,560.3906511068344
70495274574089698,362.4003087282181
53872255569278814,1.798304319381714
156039322914327322,19.170922994613647
44032704209374344,2.3891823291778564
103635374908230021,83.89693248271942
96930009590345518,2.175787925720215
23448496776969656,219.6857335567475
23039820596756589,7.646075487136841
363631114816177236,1.62909197807312
217515599110097788,2.970775842666626
88433916799653525,219.50828933715817
1454291831413840,402.4875428676605
18077216797102980,73.99010384082794
123475236714496459,231.31783258914948
88375278205263618,1895.0498834848404
61309306797455433,329.1122268438339
604240806506488436,1.16336989402771
34969414622187731,2.6911401748657227
22725594478480450,131.98798775672913
4237652724982431,13.816759347915648
133714432642110834,13.217777252197266
77639476314247173,205.3303462266922
196149325552907587,1.438962459564209
54787258868622053,32.65834629535675
2761746767943451,1.9056618213653564
82442674466208207,4.795666694641113
14931170727231589,1.656813383102417
81708185957240429,42.44788408279419
44314121615397092,48.11889576911926
35701823091067274,813.5236537456512
33917524551347277,3.357433319091797
44861056924531160,2.701483249664306
9044489934612196,23.504146337509155
50969482044280167,840.9307522773743
310366434395783864,3.086688756942749
29897819468855126,38.10833537578583
502682786071300704,9.98835563659668
6052061234172125,7.594363451004028
326405069532117062,5.657060384750366
586718011463358364,25.715769290924072
46232886844932029,32.49145865440369
78956048652851164,429.7870969772339
496286781466778001,4.16178297996521
6348151239487337,78.72510349750519
3216455452984079,78.39912569522858
551032130026497861,6.681204795837402
57989958957733122,342.58689737319946
31879499823621417,470.38054561614996
26650239582802536,424.0306749343872
15238671243209569,1072.3134467601776
6531126651150799,4.648271322250365
49556238012479752,10.696030378341677
65426924267650542,28.162617087364197
59470132496249706,328.44501864910126
2132165220831732,2.661909341812134
83156283820805,550.9871348142624
56122605932489615,39.674710512161255
1864216331260468,18.045647263526917
8044529998108971,346.06774830818176
46723489871330061,261.9143365621567
30934671791299328,225.67679166793823
5038339614964782,57.50315248966217
30292590089398810,31.5043363571167
23880905875878988,258.55927085876465
113559246561646641,1961.1244733333588
18188402195595160,141.38493132591248
81051055638208618,390.33989131450653
7756315363290969,91.72623562812805
4872431475182509,368.26982736587524
30030538389813765,20.4532413482666
452637811451813156,28.615174412727363
140768187123170738,139.4079967737198
14909651695077356,739.981861948967
558782349842503,1.6038441658020015
6102512942959707,28.209713220596313
790810149080540,240.19587361812594
3896765312772079,640.1228911876678
210604472389636911,287.5784583091736
26670172439853165,447.8637286424637
70859697222521435,438.2258628606796
54334402106237343,1.9486892223358152
82135267974228914,22.62361538410187
139093208071012958,5.7875800132751465
37136892869735556,15.866011142730711
221860492986719875,6.719735860824585
70493143538018827,154.48771357536316
35792961047431699,3.4903950691223145
9843641784099834,236.22120249271393
200155236245117359,227.77893269062042
178930925186208343,96.34216058254242
62129555548329516,465.3233141899109
1040029656631461,881.273317694664
143095719317586976,4.38674783706665
12322265747459696,8.373699426651001
23585647586412189,2.634774684906006
46269519605763291,3.871903419494629
67206588556888084,2.275149345397949
27570600462763118,653.0366479158401
6152340755166900,247.69115269184113
139560550734547858,398.3302848339081
20982341548769170,151.0614972114563
1535300577968531,540.4838299751282
355349389069330953,57.054038405418396
67651295113111375,735.7075265645981
3465379707824222,3.416404962539673
6767065559031194,148.89338302612305
53923750568618187,334.64618170261383
33052306063471285,52.130176424980164
47979630652749246,578.8585674762726
22364445091837759,405.78257834911346
21033808711872716,340.0466672182083
7900341456408655,7.55177640914917
377923147892672635,778.4721442461014
107382508442877531,736.9586911201477
101470612124519119,1241.1974754333496
19740992408162590,500.8656145334244
64678913654821525,272.2696752548218
30271213021731795,68.29343938827515
71945683787117653,90.15305972099304
12168628355290392,758.3742164373398
23381373198324682,12.498928308486938
6302332229360619,555.6608043909073
31322416160400359,161.05190181732178
103401867666380658,77.88573729991913
253407010454522991,366.09340012073517
46212475535401607,24.78345727920532
74119346351378482,3.513734102249145
4633064515893138,73.87464570999146
23559455885422150,33.69011926651001
12110139333592122,6.454449892044067
10352535153795282,49.269126653671265
2475838943182712,907.6309456825256
2957212135268878,141.60124492645264
20858001214093925,360.43083822727203
10191614801924146,100.00189578533173
28669979175824263,58.34383833408356
166290124602734665,9.05260157585144
12579121361449737,3.759732961654663
100289595362118411,458.2375487089157
16874153323464270,18.686246156692505
22645822465872562,89.38353824615479
1500173579249570,233.95486867427826
15722536740186265,247.406277179718
148681508486123120,61.00623953342438
190819647280126963,2.8450722694396973
26110636846454257,60.72918212413788
28927565129003053,33.364123463630676
252201287632278825,3.9009406566619873
7586015080557520,2.44842267036438
119531932836568131,272.54360091686254
13788552269058479,8.079802513122559
90559976997193356,417.5073543787002
19179061869450531,272.284304857254
10624832825690035,2071.562584638596
93503198919387567,1.236119270324707
29399491741178421,28.841983556747437
240528265567240199,355.24033534526825
1023501760521426,2858.4210072755814
400343748178493782,30.649009823799133
2066078754716742,478.84913098812103
1945889378025615,147.13633239269257
835714904077139,173.36537277698517
13147978448072988,929.1713947057724
7872313589717801,1669.8493599891663
34296296694394530,8.759566068649292
57040244982705834,396.806937456131
21397963287912039,129.8828958272934
65482534918983432,19.878135800361633
150851615900677534,2.5323448181152344
26181154093112162,39.48850154876709
20369655097908540,67.73693406581879
281815754563129303,349.6590927839279
183799327387624172,346.6698942184448
46876305324375829,571.5763137340546
26296490186965423,488.5941841602326
106539816034583373,222.91665768623352
14964004722271377,277.8754463195801
138210952030170087,658.6034246683121
2834850693977012,386.4952710866928
123737752010629375,87.2639251947403
53859417261532241,154.27681028842926
43110354161197265,180.1193826198578
18939079867430880,1077.8493667840958
30190148558919114,666.5437771081924
84593510924571651,2.185076951980591
36751053156137679,714.0352288484573
80628348488279,36.62689137458801
43008539359512717,235.6020486354828
38962321696332051,5.627368450164795
37818606653212777,61.18267261981964
13058977095335012,7.569493055343628
24778515825708045,18.980198144912727
381195613444515130,47.14683711528778
11150609871613574,1.4625225067138672
19250400474930789,4.006547451019287
78152513151969898,10.949628829956056
80343664586528448,7.895861148834228
33992288799746520,40.679725646972656
9729519624553670,236.75367283821106
31683133197441745,433.3374890089035
4334855414525749,962.9676978588104
70413991627063380,2.885430097579956
9448437369955224,7.928752660751343
634641426260343,5.340990304946899
306600423743196309,188.45474421977997
75706929878098434,64.22708570957184
63851559423296408,274.67396807670593
54782283070392736,152.6201102733612
3665322161493006,45.19913959503174
98993394902211935,151.28194725513458
78878886188904730,60.413286089897156
80596640008407366,979.5105917453766
6441143506008728,9.220356225967407
80550616945419504,2691.1505098342896
421827748456412954,258.55503702163696
37982070650899384,21.017372131347656
32903956271222321,2.619406223297119
5487729697298407,3.7399321794509888
28052137837745817,4.153733968734741
508283418211954687,61.77821373939514
28816646720579110,1.97986364364624
385251041576201238,84.99884641170502
97796957519627821,216.26942014694214
101988036830890984,477.09539234638214
571330394785080,89.76189827919006
290787605159849049,33.47711646556854
5312817993361780,16.80297577381134
4541510051304034,22.35860431194306
15893974291500603,52.401782155036926
48621612491814961,257.9352812767029
34917193224622922,5.683011054992676
61437250439222348,4.604820728302002
108862584911915821,17.43317151069641
2797223604211902,3.8304370641708374
58960930403010299,33.47315716743469
289852420400683836,7.06779408454895
120891648313906837,18.034082055091858
39063406195938865,3.168164014816284
1046710889193748,66.84321594238281
5241675845762702,39.4151816368103
35968160647534038,11.988349437713623
59938133534672709,2.9144532680511475
2217943993411632,5.421848654747009
28102061600199256,100.17407739162445
13104178469849329,55.970632791519165
15193643687527580,59.700395584106445
2549496864349305,36.320597887039185
21714965612708125,5.520457983016968
43801596349168850,1.7876548767089844
565459179399929157,5.180082321166992
4942452318819663,40.43749976158142
460594866656554623,2.831421136856079
49379204404839726,21.165407538414
70046377605531671,87.2030029296875
318448522185177856,17.32844090461731
168604352927009011,98.09386038780212
1651508808554652,1.9071574211120603
51364267133790373,65.29913580417633
127882859514573410,6.513977766036987
50222403920703162,9.451594233512878
30987316426753768,21.52419102191925
28063089734387568,53.451443910598755
7251818998942665,11.978016018867494
39241369796292278,10.800825834274292
14212350668210963,9.183659791946411
16458106808807947,15.295056581497192
61714426368158724,11.640299081802368
3454974000869600,98.24476397037506
19080045046778532,2.950613737106323
41949361307521656,419.3616044521332
488375091159617495,14.23408854007721
28293350572918016,12.184697389602661
75296183712010010,3.726879596710205
58283716287473222,10.382612943649292
75436174608839360,12.306379318237305
53294610385366884,57.05753469467163
13431531961554591,109.09880292415619
215190206010543409,3.775789260864258
7215539079651229,113.36586022377014
3863751770432577,68.24678599834442
62941788849899208,24.701276302337646
23180970742880995,11.694514751434326
46380309345776171,24.084209322929382
135793772645537682,118.55007779598239
20965725017174197,49.31248092651367
47934737400914049,18.590548515319824
5677728090091049,5.41276001930237
35472567451158114,2.5806126594543457
49900495239374167,224.06082868576044
42494261543110606,133.54189896583557
78531012904881787,39.079899191856384
13182973561186807,7.497367858886719
21257293049283397,7.777498960494995
239753828509426483,9.59209406375885
194144419085842112,12.783914804458618
26819738879375564,11.312530398368834
114058920770985618,146.17219853401184
23300511801942608,3.4318840503692627
124168894716806754,81.45040571689606
258921764066629854,99.61501514911652
170810682570721676,261.41880309581757
10548503319058366,148.0491874217987
2316861870491265,9.954045534133911
177416407869325979,22.82199501991272
151202253253220527,5.920944213867188
13130665137516006,33.50916624069214
240387446096677447,2.8787574768066406
139680632378191865,127.51106917858124
121021657943566198,206.75958824157715
196050766058575903,76.15102708339691
14164285561771151,11.318472027778625
12381186542096658,8.973288178443909
273200349286424613,27.00020241737366
14868920510174022,3.4535577297210693
116769852843765035,3.816392421722412
22779978084629465,13.630316615104675
22592539640403368,13.648740768432617
28330708489877880,249.13482856750488
11241603491969655,2.7197959423065186
14215514056358986,182.1855446100235
45306941325607759,6.4566298723220825
4555255748237432,2.279803514480591
48488535493311838,110.22060680389404
47257746018670256,4.343953967094421
50573318294215064,98.63052761554718
111343661473141018,1.828027486801148
55059341881706049,19.470084309577942
405343753264836287,4.421412467956543
171365164755621924,18.586939811706543
16472660753108335,5.801807522773743
67790569987439139,29.311644434928894
250971585831590203,143.8282175064087
9688501783942474,57.956958055496216
22548999695892504,1.4320411682128906
53434129301680957,44.10173201560974
48903616710005297,43.86391794681549
14084174149252197,4.821203589439392
115552641658819,3.2260479927063
37942089392023642,34.873045682907104
76799139954300254,357.1591606140137
24850130966228819,6.290725231170654
223810523732876671,144.51723086833954
137760784964305991,10.737764120101929
51503071529426805,24.93182992935181
31088373182030838,4.776933431625366
24554092974203018,391.9284245967865
7193211068009038,7.128090143203735
93235291216485496,5.014403343200684
23277983295725717,68.89074325561523
116554933688034,3.083325862884522
20003007542516664,76.3412493467331
65898103245529950,44.77584099769592
117790790996214776,67.98177862167358
87364397560565348,190.60498392581937
512739033224267285,8.546164274215698
300820135929274572,1.8598425388336184
152251577369200183,6.300015568733215
37803769141187916,62.60181510448456
8175397635950720,6.304334878921509
4647134120052813,4.016576051712036
11636851433576661,7.486555576324463
96330081057974832,68.5514885187149
8235800179122781,9.563653707504272
6088022888763523,55.34204947948456
8733441569854244,8.220989465713501
501522900951125762,3.965167284011841
9283939873655699,15.229844331741333
46815731239550968,12.177244544029236
36234581349038310,358.58318638801575
77484854648614945,11.774699091911316
71179304111115506,35.419291734695435
81472503958334284,17.84994614124298
60155231965179791,3.0749166011810303
4600052784309677,66.7660630941391
4792928981796265,15.802374839782715
56494594438479470,3.20586895942688
5896499854016920,45.99889326095581
30981620132343160,10.35670042037964
4981052073651428,278.7424336671829
7254648184935481,3.797249794006348
8382227599064379,6.107053518295288
229117021390436486,15.612944126129152
109432209464627835,421.2832328081131
10208759266524817,147.97984147071838
212557447932939361,286.25611186027527
1570984553488897,114.37255859375
2750401689415027,23.543548345565796
27665620036767344,476.64698886871344
1782686536122681,6.678961992263794
9532220315010166,21.796016335487366
2572815419548768,17.41704499721527
210021559999761963,136.72678518295288
65105146215824424,449.0938742160797
391762607517647677,590.6096496582031
5342185095624616,204.09305310249326
34224149652325897,6.368459224700928
29267310490414506,619.7510622739792
3516048246264806,451.94236493110657
3731372507077277,435.73943531513214
37997750131965037,284.33798933029175
49279134624699746,934.2527477741241
22081996842722770,191.032815694809
215004662530619761,308.31038212776184
1868977844156857,9.88073480129242
28515137657783070,167.3054542541504
13171501657685722,70.63217222690582
64589993184834101,3.168813467025757
24140825093767394,577.3592374324799
33676035267652960,801.6669715642929
753831871813673,13.350974917411804
70510243417336710,38.91038417816162
72975482177003284,20.06649422645569
48361723289600740,9.049468874931335
35677605885858614,38.13711774349213
127301255089104123,15.496211528778076
80130522969700194,4.240293264389038
23129239532958698,11.772292375564575
1286430534596707,74.8563723564148
5329457698090400,20.6808739900589
8280746329380541,35.87593472003937
13675101062868590,5.098510980606079
2015366420065785,64.35584712028503
39163087695961501,24.423649430274963
32084219629845223,41.72696042060852
375184441355300569,292.5962961912155
24460480684294941,80.08632624149323
19756965517148473,9.480059146881104
15542398544280896,831.8626501560211
67243434479347746,6.672189235687256
70533690891675612,23.425986886024475
23790404048027271,20.447043776512146
166200562674717249,179.3826960325241
75729885528624038,4.892457008361816
111114169756120264,111.77581262588498
5305930056417707,17.26051366329193
105818385490716974,10.882985591888428
36279708392686267,86.36499619483948
58419575765061990,30.707271814346313
70069076990649346,335.4199013710022
29131198294666699,123.11139059066772
14052471106737794,11.200531244277954
6036997867324863,21.42847740650177
43491203063455664,163.1482356786728
512848558149287836,98.48602890968324
15293240481228686,22.196748733520508
44227445528360271,144.55919110774994
17760234912245133,16.55092465877533
152808621546120539,35.46624052524567
13243711903326163,233.96984744071963
67809664876674549,11.31229281425476
104475300461042116,45.428096413612366
23157036244901839,11.280547380447388
113271541643775294,151.29237508773804
43928534949385358,360.77810633182526
36401331909113571,142.57033717632294
110116838944006708,370.95392322540283
23640271769612557,175.81567013263702
121887850973708991,72.97614645957947
109671109027232748,36.66390037536621
1015453370342152,24.321530699729916
11801582005138898,22.659482598304745
126526743239601563,23.905157923698418
129552902305043338,58.94200825691223
19109819162635826,12.142902374267578
1941619942610287,4.52804708480835
15161864822249911,101.36911046504974
16105523966369038,27.200239300727844
12566220022432191,81.04100489616394
22382879805432792,553.7459024190903
14604646405012745,405.0612223148346
1084219662822627,321.1779873371124
20072371925353766,4.510516643524171
43903977447463779,69.12660932540894
116294734516152495,1184.8510080575943
303799188677231541,8.90597915649414
16211761100368112,232.73898541927338
33766406916576196,42.223329186439514
29276301190351642,8.775717735290527
84879928396087411,91.43065202236176
12543306458452404,402.64679741859436
81520649430679616,20.290775299072266
127566340993373977,162.77263844013214
87179140880678989,137.95087134838104
13372764896137776,103.6861572265625
7472075553711722,1006.6372753381729
398412094533702282,423.6768379211426
63495762759083537,7.631217241287231
57348072864156702,14.987646341323853
113435194072314042,439.4315861463547
50996230023175532,5.681901216506958
33907176633651375,692.4611797332764
406454856396466759,73.10704612731934
25881287439626156,55.75330591201782
87039946111079924,73.90036129951477
167529461863935258,496.2934639453888
71985752063407584,1.821488618850708
118624947963034034,116.926571726799
51324721708137678,424.0436687469483
517619717111223645,5.473875284194946
30625221558544266,11.018590450286865
86661883359424191,91.22812736034393
489250752467021753,73.2482453584671
871594652472616,24.35333597660065
95261688904992878,372.9872465133667
345053837497757459,18.264798879623413
60301123895914955,19.680006742477417
82142653171400676,455.6263185739517
77237983229647993,42.86658203601837
91382639390682290,27.953298330307007
4096544775955111,202.11716699600225
4530650481681654,19.039409518241882
7946684943681314,242.3352645635605
411975007500822,26.376684188842773
5032747385289596,1714.567524433136
32339253049869764,250.3938302993775
59408918683007854,123.07137322425842
59710453206592954,45.203022837638855
502107981023971,786.76240670681
4184473712263856,306.2144409418106
599760443141792971,1882.95812869072
76330927347239884,2314.861429810524
305705942347299647,92.1514298915863
412276432403162395,1848.6955707073207
198551141677039293,371.5491349697113
102375394868183868,3557.1593623161316
115893011796444720,1393.8537147045135
26661893365793254,697.5232888460159
189683437192917527,241.63288974761963
132884875140036106,122.64748883247375
6162687700096923,36.969412446022034
32405803199578448,1262.8577530384064
52134797176436330,37.05012035369873
264162531901673650,625.7355967760086
58545360224664850,125.67630636692046
7347731172464954,716.9465501308441
70351750068204013,144.2008558511734
229886093206580994,1827.683562755585
26021285072177594,5.786039113998413
19433976083481070,141.02693462371826
107790657765256515,1.4147546291351318
118857785562758705,1.806462049484253
23341746671990285,126.6799900531769
219014965141377818,64.41076242923737
17724689304922267,397.72456085681915
24060213322896804,334.2282350063324
61613357416970151,2177.9945269823074
109159000310331886,3637.3657841682434
147103044186118974,1.7277369499206543
16670999999849874,47.87353241443634
34822923911274840,1862.3172237873073
168344790485991307,1111.5866611003876
21423857035267901,3.2817187309265137
30097450796574139,104.83419942855835
3697278394240891,967.147907614708
57498924949046191,1501.6512734889984
57758187589336391,469.38891196250916
159299758730018632,2183.809030294419
27519417453689035,1056.8946815729141
239223864073376660,4.861528635025025
10132870422815402,34.8161199092865
4442295975351363,1.6538889408111572
242095214881936735,1893.927128314972
18208305450886710,1853.8636088371277
34175015392855692,122.92939829826354
51373612926498744,302.45477652549744
204957239442769523,440.4988502264023
66476186062652978,5.914919853210449
3727332582241488,167.46062850952148
21715176053043380,901.8209193944931
32595612181126470,2977.534266948701
12026621395216163,4.843090295791626
61278176845740038,107.8259916305542
67755524019881742,1100.8109831809998
482238537477508582,94.39424312114716
144200745440613811,1489.6988892555237
14509459613841538,209.56505632400513
18968663665387752,271.59263360500336
14334456038581108,145.41889417171478
150055601458233427,2.692344903945923
2252322475272274,131.57143604755402
128590993234869693,146.59541165828705
21065982903494230,463.88744819164276
1481122544587495,138.75758147239685
391711580907066166,1598.7333903312683
283980641235932258,112.06611323356628
4671596112902715,386.12555825710297
37533115740116724,204.4925906658173
37298007715667791,109.08859610557556
161743110692529315,2007.2570396661756
471981671465436608,137.98320424556732
3862249106982362,154.65364062786102
69766529249958757,1037.5058071613312
7636424018960793,504.30703079700476
67240946173789103,1284.1768642663956
2195599106265409,2.6969730854034424
2404648264127354,3.663800477981568
274809936667798728,3578.0881086587906
3361391455817616,175.23926627635956
8018294644937250,2197.0265280008316
15433222960995357,1658.8324754238129
119865291410892057,138.01616370677948
78514475429933884,386.4834198951721
448242179059566689,223.59257519245148
5541039121939873,185.44542181491852
7437384228324550,3.885524749755859
71510856028640916,1037.2550473213196
21439653640505589,898.1266734600067
2199919828619323,2123.2776609659195
118565694800548760,4593.301427721977
12704002400115217,1491.11013007164
119031171114787024,212.99818134307864
25475344975032509,136.53201389312744
2036576702979947,5.643162488937378
29386804992566623,774.7804673910141
185097585432511846,7.88279914855957
132092088645772005,131.87691128253937
116820008751798441,5.414563417434692
242989137150813214,19.220717191696167
19094016338211861,143.21225368976593
29504406961109616,165.71810114383698
244890953114461258,193.53767704963684
18559970027200158,1075.2348252534866
15844227901981601,1584.8997398614883
68654968281087894,858.6204258203506
64426696508645751,1473.898708343506
23562858541760061,10.705620050430298
12790324364202749,727.5500717163086
55880183411407532,1020.1817065477371
29111347575858377,1192.7487233877182
22611614587472191,3.889970064163208
35109295582292090,1.6690466403961184
32026427637580080,2292.6898589134216
18439257427803223,316.3137278556824
66847864639607074,80.56985759735107
66290856356291554,2.3129351139068604
202455926370360567,2138.8841619491577
5796274586951110,1039.7321825027466
116732920207145627,793.0816285610199
16365018176874650,3493.4699897766113
45302089354810512,1506.6124210357666
58479764853174412,3429.555808782577
5591474272343088,1120.0527445077896
60081204271627288,627.020806312561
12772492211548118,1411.45043861866
54925053185619797,1.5520107746124268
75122053196199552,422.65211153030396
134009612455076203,3.403969049453736
638966086583051,624.6603970527649
304725233115051943,322.4168875217438
51302120752830259,206.0639081001281
19069450602109565,82.52784991264343
31311605449559305,1924.244498729706
17172389346368436,2002.8003596067429
4611699761346482,10.717950105667116
52692000194902746,68.12951505184174
5819024362649236,56.00351595878601
61965426699090434,1496.8969212770462
40204271251344863,468.95189130306244
364087065154932391,3.1734161376953125
101144993567270338,426.5120128393173
14903485292369252,551.4372757673264
7102191945583683,211.6853440999985
31281840075428108,54.20941138267517
1150831543444999,615.1691572666168
1001816747909208,1165.1216366291046
359895098424318752,708.8991107940674
40210737190566788,1831.029374599457
4303590471089251,514.0027139186859
35010965734201514,1101.061244726181
65563194839972171,2333.9263343811035
71422416772963256,184.94395840168
398267815867776164,242.38314139842987
79841924524604012,359.05528712272644
72626545159753263,119.98629248142242
37524898748089489,744.4055421352386
6622107139555326,524.4299056529999
483019435927527661,1760.1539719104767
49434232422897127,945.7470988035202
91223706979295127,3.651259183883667
43350626258447621,2.338210344314575
167901487899005886,61.48046159744263
26747930057138973,14.331418752670288
7568214565106568,46.418877840042114
64019862536489824,1.224851131439209
107792154230099716,43.633382081985474
16790151442803628,129.856751203537
133093741608979963,222.24858963489538
6432072360129311,62.92043435573578
30000438177657145,98.21311151981354
2001222513513384,3.115195274353028
31934298821157293,1.4485223293304443
30550004067661301,107.26574957370758
33947692954245865,1.5588364601135254
396866758166998402,2.050173759460449
39340812653986830,423.65009796619415
28202123754938666,286.8814083337784
364886210717876722,1.3790574073791504
120170933125546572,1.3147761821746826
358650006195294818,1.738841772079468
8083280516339021,198.27633464336392
58660558335812668,168.20627510547638
17521892597875800,51.43696308135986
323463345192072099,4.33776330947876
3501352030759856,47.36206817626953
40184998983185706,1.3044283390045166
388820699792196,545.7728064060211
2489950315607004,2635.450382709503
5246137251118809,260.71726512908936
96520102613935897,39.85599970817566
99246749169115110,68.84298133850098
229490381864848326,1295.2057936191559
98975578914879160,3.287786960601807
44598277840991587,1.065387725830078
18735476209509019,6.358277797698975
123790663327766514,123.94584500789642
31455455570836797,117.28213930130003
440150224957275858,142.88834297657013
13009235425090090,52.53991198539734
94883594702434952,25.624985814094543
129108066777984108,3.0891895294189453
16462561013407905,53.80685269832612
99261535809574089,633.8862290382385
202702031215157333,1.9656224250793453
134413482254248591,316.65224254131317
120605421094798339,55.18065762519837
19363963130286649,1.5718438625335691
7816851470085265,1514.811555147171
109231595820257068,61.93950867652893
15296385896762346,3087.19349360466
237861828017187556,3.8474526405334473
62508639598079065,93.40298163890839
6255461633834684,1403.90070271492
50788227873103130,643.0955249071121
129611628882634437,111.86157071590424
1333087441711778,4.305002450942993
30796751303013277,228.38674175739283
13218378578731184,10.27156949043274
30065808132880663,9.019670963287354
23649272573538666,6.291065692901611
411630865478250888,7.4858174324035645
7066519482922817,437.42009925842285
24051271687317198,397.0692974328995
17502989196659800,178.02068734169006
14748789362316395,403.30820643901825
27496680113331404,1013.4277142286301
20142562168215112,2345.14632833004
102901547733847830,3676.441978693008
30046755655021736,1765.060173869133
50376400172136155,4.43939995765686
100948437686677155,11.91125988960266
246774827209563882,4056.5744496583934
126256492719810869,149.69643545150757
42892060699970057,4.972010135650635
146530970411388390,820.6087429523468
3149178124930995,1322.811109304428
125475607611196999,185.6986153125763
67626775563773426,3.797840595245361
10551390997014349,4.058472633361816
10182497650694935,3.3882594108581543
41382075008411321,257.8014842271805
335465680155665904,974.9918910264968
32923066956410280,767.5897164344788
14484151619414971,126.98194146156311
28461640049265660,180.06528329849243
310026262576369130,329.8648952245712
13313189626768660,1387.647801399231
38067085084914241,2.811892509460449
11478580153088139,98.73834073543549
16904235769573111,3.5518553256988525
4632418993653512,6.201822996139526
2946101864677652,797.5377194881439
61710114941266577,753.8809419870377
20147638080695770,7.179092884063721
128168041257212149,318.52294754981995
176652949159987498,10.743577480316162
22931267188577388,2.913722276687622
1335617223546340,94.63599705696106
10133724969552028,1397.0036344528198
21825815055989940,1503.3763006925583
135453743446881837,3.6407222747802734
22048225212853282,1072.1766008138657
28815378138681848,104.78481733798981
101507892125248192,957.053009390831
12773115895630419,341.0663913488388
114663944964904676,108.28571367263794
101997538219809565,151.67252957820892
270153536883786389,8.21363115310669
24306817263760788,583.8193340301514
142839076030464574,107.88703441619873
23759816441062741,3.560041904449464
19965443497155353,223.06938433647156
156147971186700455,503.3674150705338
2731209456686371,3.380657434463501
23420759606195103,276.7526606321335
28669863049720400,1483.5403524637222
18833895702992881,327.445888876915
179163152044854518,3659.436281681061
108792733419922364,440.92794382572174
6568540239166616,3232.9762852191925
13497567828928767,2.346405029296875
91807850644063500,3.006661891937256
21720062529070654,2.4785287380218506
8956861471012519,810.6890578269958
485179861788152241,43.72870397567749
17124994861345157,2.62700629234314
28771282374745045,425.3840937614441
67438567729346577,181.4357489347458
188708465380621027,3.0683603286743164
1230920671743822,2.7915618419647217
8936844896691462,81.7806099653244
5501861289029261,42.85779118537903
19700623889504305,234.54730093479156
6088111862320982,9724.71241092682
216128609651662403,22.467535495758057
11672469126606924,4461.0111075639725
83844485861392552,152.76835703849792
60639606251326498,1342.7959660291672
168159523800880612,12.306013345718384
19761737136193789,1.7565948963165283
8745832175532161,608.7177847623825
6645911376686852,1.257887601852417
190569705746183162,322.10592114925385
168785385862054799,2.8228676319122323
183662978292987414,1.542025804519653
73159078959865951,171.1517471075058
1141563768087603,1.5856950283050537
48289654877884418,1.7176506519317627
746595170716002,964.9940193891526
28421639403157239,36.34897780418396
197200545535215578,2.115395784378052
100275752935581594,3027.72922539711
127101445685125185,577.2428158521652
152755975939753416,3.689372301101684
157883552205310824,1319.6961606740952
27103625427894795,74.47793579101562
69005118216320446,2.6668148040771484
77846340678916181,551.395338177681
4208643726515072,231.04254090785975
6558923878943509,866.2298698425293
21924149202038702,1.5170185565948486
50903948563654055,1031.901620388031
31273807247354535,11.482473373413086
31150388280792805,145.62771546840668
8247440365039655,100.83800148963928
456488367397232814,429.4898021221161
32694407343368452,124.5409951210022
52224112220462041,8.079178094863892
50471119976745590,3.545896530151367
72689472198893162,2557.6390969753265
31850610754367598,349.97723603248596
75443915174289374,6505.988141179085
60493851891891618,764.0515110492706
6601421737040133,623.2023677825928
7006179672163523,4.851099491119385
81188652850752698,112.95955073833466
360915489693548685,257.7208366394043
65391039150224176,8.210989236831665
556057582620549161,2.7906031608581543
50979736610907430,4.811678886413574
6062812385809806,2436.613450527191
64978606828510024,218.63414978981018
7397093329723692,5901.805981397629
50566062435539337,254.78273451328275
21635514092957998,2.075841188430786
37001627325288724,1722.084496498108
29851402722830563,58.89629149436951
54855600607802405,4.048699140548706
33300688227091920,1096.3227174282074
4848098285309457,1446.9434406757357
97398867245054112,740.3951126337051
74459589821076308,50.084003925323486
4112328672403314,95.83132612705231
36688624387078305,252.30293440818787
23385321174247839,1.2861599922180176
122493845754514339,2.037036180496216
35916733765109437,502.2246811389923
48624134751541273,34.53723156452179
20010701032334536,2.6120522022247314
14559671505459012,6173.922468423843
504512122359635725,4.695830821990967
306730616988332092,1.2261862754821775
29084688698576911,608.8853027820587
24062952289728185,24.409893870353702
127962638022352664,923.9349995851517
29568023984209854,2.5472521781921387
38481894209371578,1.504305124282837
38179068165491004,226.6184504032135
16773412552689074,8.535863399505615
9922472599423704,1261.5917456150055
26877554907316002,7437.9098777771
24675527606784394,77.32114636898041
36978835369688561,162.3513503074646
80514860719590223,72.26123857498169
33823602460967157,724.2833623886108
11472671915320272,4.517545223236084
25669708154390008,12.294425964355469
43061433449727798,2822.731268882752
12200176295189970,2.591914892196656
13018169438264870,1.8716375827789304
79333832674113267,601.8234369754791
89737964236426533,8.159725904464722
27028773613062122,32.82574665546417
97166204347025350,410.8241859674454
19512037609842042,7783.89365530014
3627381743030709,30.59262442588806
202175936725421943,10.351890802383425
25988048649279409,3.136857509613037
230242705209328722,125.17034101486206
54453981061755974,693.2046874761581
27617203180899018,1814.2355813980105
21057313007877450,4.10601544380188
123576546602053068,839.5169916152954
61585053939217028,1614.2714800834651
147195758839014829,2247.367738962173
36421762202672032,812.4381333589554
194581455668425730,364.0079027414322
29660373665093702,2.1220922470092773
12994133759952575,324.34940361976624
31363421264758050,120.0844123363495
21685845788164442,3520.9731789827347
397408641746570125,1251.9669909477234
75576321365058648,3654.030351161957
19323462775189466,326.2296198606491
13821119282908845,332.2726638317108
79335520362182688,5.0805864334106445
382519024906430090,1147.9270527362823
33051066544549664,1114.7473077774048
27837524210445113,2.8627216815948486
137783186672010681,950.6191736459732
354369150580774862,2838.0606907606125
31537300546788609,1429.7033627033234
47131856779815754,23.668238162994385
242147666344924881,324.4946644306183
18700620789027259,3915.069841146469
103622128415465295,464.8962302207947
108136248451796176,23.90170407295227
16185569069451475,766.0166801214218
22144289982429428,123.73818564414978
239307541673414548,161.13478207588196
23525887084462037,5.341692686080933
6982011800079033,187.80979239940646
31866544195937193,600.2351158857346
102856699844559205,131.61560904979706
74303372923427486,2686.215695619583
42235928305107996,7.016263723373413
391317020313532119,3.240785360336304
12538780036803103,6.7227783203125
69766993397640320,836.1754401922226
63165829891300570,8.182928800582886
3796976682413450,3.761962652206421
24225502552867737,519.5011333227158
1910111578727670,2.423332691192627
181539043793819219,223.2720044851303
1099962669237705,95.61059391498566
104995057150770613,4.690228223800659
242908936681694671,1294.6432933807373
152168530966395484,2.69989275932312
125807811195450665,126.50991189479828
13842295837493662,102.80057549476624
20505417462942064,101.3040019273758
225176269338599911,107.86265063285828
12319514384737074,2.847241163253784
17539250776967785,17.936290502548218
102019105372726500,2.755479335784912
153059646727035686,949.7043206691742
116735883015417523,435.4406567811966
17249847290418043,3254.6677069664
114278760546455468,2981.1620478630066
120404691566926218,683.4200649261475
1926042630671204,560.638060927391
24329396883593926,259.7671422958374
234456837249354642,7607.161235809326
161894762758438784,99.90187728404999
151530208684293126,7.966072797775267
276436858888761422,118.22107541561127
122852548394761752,822.190970659256
11222565919377649,2.894116878509521
101887898706737948,661.8548645973206
26080365745257848,3.6792728900909424
1364928017244463,1495.1504949331284
110885481673997063,1534.2361454963684
27210379365333174,53.24108576774597
16739838705302865,68.43075001239777
69759838134206226,532.6348624229431
60647381008945751,5.027544021606445
196201309824490724,2.055583238601685
4337879829309833,1.906500577926636
303005520888168124,2.083702564239502
142471607572276335,95.8087157011032
13452626297752273,1.6254737377166748
23673581234363297,3.14724349975586
85498053415061410,1492.179178595543
88928214557534078,66.0642796754837
60135303177369766,48.1706086397171
81798231234671132,7.069066286087036
111281886620687038,3405.8683167696
55101280020551566,61.07313644886017
9341598715295600,1198.0584886074066
26588652880690352,1013.5994391441345
120801312129635284,2.707205295562744
5501057252265313,1.8717670440673828
64964638363027066,10.49733591079712
5047276259368891,1.4179975986480713
2052241062232576,663.6247193813324
50411969981678402,2.0942277908325195
397193483108765916,809.7615191936493
6081504537692018,297.55937671661377
19290137820099825,772.6223056316376
24130695578079751,207.26901865005496
120180652669595238,83.71166789531708
261351747855506619,1.8719544410705569
7345742123077102,2.698536157608032
74787457042637988,83.23487210273743
35917377921804138,100.01376163959503
497330699425171292,1102.4654777050018
191268341043453578,315.92135989665985
72795343679078346,726.8121700286865
5853715337759887,364.7632069587708
69151541122449598,5.614990472793579
94257324904585581,391.1981248855591
304050037391150355,6.551202297210693
84437602600332675,2.4357054233551025
53027892622799706,8.869570255279541
3852348941616847,311.58651864528656
31254531093508700,451.72274684906006
55291357831950361,2.364584922790528
92422197056100197,156.2510950565338
90527442608886314,10.863492012023926
73514378502216032,84.19692099094391
76910383815745510,90.48326456546783
348963989800988314,5.694681406021118
43368472111305172,2236.099009037018
310292129980164534,6.060821056365967
60734049134356293,82.69309639930725
7752450743711977,81.24776637554169
91565970812137891,486.4061132669449
58325709830830402,4.800363540649414
29601819256672228,1189.0265098810196
79538007886747380,1798.7795634269714
83634376583460040,100.67604076862335
55665316338773366,1152.2981872558594
72566435218163797,2.3284058570861816
47969764984926542,680.0622102022171
8215420158299709,8.542901515960693
40453486107324482,1457.633222579956
3135920587846553,121.63118934631348
95855328055101024,6964.0605499744415
34465968076369622,14.079190254211426
50993064749625717,78.49091672897339
97170148547949515,209.0928816795349
37590630600627064,5.590740680694581
19245613521607337,10.949720859527588
59554321274313888,47.67609632015228
23851317304845252,2148.436740756035
13884809022997269,5.4325573444366455
358269972198336861,11.747857689857485
31040777110196007,341.3057281970978
28613735193417834,24.924591660499573
2829271661461477,535.7390884160995
226901592480443963,404.55993831157684
1207967192226740,559.059385061264
10804686214249987,1.7940869331359863
77073238128286352,113.31369912624358
34703246392704579,79.35125613212585
406504137693324863,13.104313135147095
20889757172466260,14.31152653694153
35556521691518595,7.8165388107299805
14787801444070805,170.07863330841064
8213576649578198,1.9395897388458248
27305872051803917,366.9136680364609
72245912577202250,24.504260063171387
13998994391273913,17.01905119419098
20264903538875376,1.4600684642791748
44493304252115407,111.0200480222702
3931422413073779,3.971005916595459
142796064018601485,1.6147310733795166
3743331511328640,249.99796795845035
233136608440244891,199.6467615365982
5607410192597558,136.07866287231445
113764345377868711,57.19791758060455
80034915431372283,566.1591980457306
24760017280197025,18.16688632965088
20069835466417521,12.248003840446472
110534713907928648,9.754324674606323
39070141938145727,7.63992977142334
18190078351803866,107.21339869499207
102607157131578151,5.375314712524415
6633340065307140,47.23296236991882
3117425214384720,560.5103014707565
124432305766623560,52.37332797050476
56518833669282398,1159.8357412815094
86449035361698114,59.03474235534668
7723837250643586,113.65971660614014
6671943533920639,7.165780067443848
67573116732424646,646.2364225387573
136753825329748497,443.77836668491364
7923352370003511,11.940463304519652
151792477087688751,181.25187277793884
4071621073838031,3.634803533554077
31037592316392439,36.26916742324829
38947714376811808,63.57137393951416
45153458147091567,507.1440625190735
69605330839629377,187.44446170330045
15888647486516399,30.354694485664368
7706712319790705,30.760835289955136
335092789587543,28.09622347354889
6637938492538029,146.6147584915161
15234629044681085,45.38523352146149
14436902670753889,279.6793155670166
49578768423938827,494.2265310287475
516795428450796403,35.55195736885071
511463888926475734,9.213587045669556
5334848814117565,32.03007531166077
74002595679386460,285.58045983314514
195064394838553681,2.7376577854156494
1811128258999811,59.122259855270386
231493415872507297,673.6706227064133
27791987682307514,26.1783059835434
481794320070500375,33.800058126449585
169605373679190688,84.37058365345001
46485857092272737,12.736131191253662
34616633307568266,9.432069540023804
33639610439153506,635.9604252576828
20921119809185165,251.45250940322873
280261597353421968,2.349238634109497
29216116576079208,395.3983424901962
23386248593342436,20.73061752319336
20689618830363278,3.008051872253418
429022874320282752,45.98609685897827
25574102833433861,30.85267972946167
70441520585904077,23.51810932159424
278970867182455827,32.604196429252625
10811510091902851,147.73104465007782
25294076598476883,300.29841363430023
169044412172387709,796.9668838977814
26080401504892401,36.442426800727844
107920881256315222,4.471378564834595
119867644850079747,268.30858314037323
24354829024402526,6.721330404281617
211002608698581823,67.66215682029724
20396533246923524,9.534764528274536
26624028754617775,118.85149586200714
25494775446224450,415.99516212940216
100662901267791661,22.130162715911865
107440814829942204,4.996030807495117
104517379253687778,2102.544916152954
90294128069837202,414.857738494873
23551019831465437,3.0559234619140625
107399002722311847,271.7616066932678
13981478512114428,76.84915912151337
23100846376806471,3.419201135635376
14868824783923471,3.025175809860229
36228522667506180,2.888946294784546
97028528700978383,172.8208726644516
3875744603460153,431.2760075330734
27664478890133226,368.8383170366287
50938839671182824,4.041974306106567
69875621058025931,319.29253137111664
6651900111464971,2.784114122390747
170370315719847559,222.45882308483124
141169622305749319,956.8901233673096
20987701833823384,1.1260507106781006
17293032270485972,149.48222088813782
3226614042643938,581.5215072631836
61698423927246286,39.21185255050659
92126410457577963,18.358556866645813
80166365224515595,249.94943392276758
50914461057468612,105.42621505260466
150742308830242512,10.776424169540403
194589075015860546,72.02198243141174
3401995095790254,139.4892807006836
1417262647090020,1.2830464839935305
33934035367994130,356.3958828449249
13829383840809478,63.27372074127197
87314283805050329,541.1989240646362
26955299428442165,19.97394561767578
151386951492156571,21.137835979461677
210819615259693815,2.89028549194336
20711910636392207,97.47124922275543
57938202126509009,307.23215305805206
25179259164648256,2.6022369861602788
13798916167247700,1.745941400527954
360236323990603551,289.121107339859
40045424893342053,11.712934851646423
10932572116202886,171.13472175598145
31433472220011313,13.38227128982544
8122453242168792,28.094470858573914
33936631181600407,3.976781368255616
4756501392057491,137.32034480571747
45951612888603998,608.9647020101547
38960549715250126,34.847755908966064
30030872380714468,36.81010115146637
62135309294876,334.241982460022
44720135348954864,9.731957912445068
40308498314582411,84.00087082386017
427163024136905008,13.841995477676392
3839559347875884,9.12377119064331
4912638164780743,219.2782440185547
335841685292230025,56.04586744308472
5975813887617883,11.260904788970947
51494634937684571,39.12753987312317
98299393921590266,95.37301659584045
7909014395193053,73.88884115219116
82129042834742631,726.389191865921
46528661852997994,15.043849706649778
8718162031022041,221.01891100406647
69146894607163037,27.701162219047546
4855412754811170,2350.355226993561
94453017306546525,23.471258521080017
484139718266032719,4.180973529815674
44823824032512787,32.67705976963044
91021102551137293,32.95056986808777
330723545153084,4.429681062698364
6793474955496846,41.95394790172577
3982010597851942,35.212631702423096
75907079969896910,313.9778892993927
99483191476165,737.2040170431137
36982281862661390,37.322524309158325
32653263023925860,385.62885200977325
45327933181282356,1686.5642405748367
49436784643314199,31.770719528198242
6725696620585848,90.87169349193573
1130906525408495,7.988598346710205
70756886426940419,446.84892439842224
3051087317924962,827.2424141168594
6935819320310310,1504.3928929567337
8676611747805017,246.22898626327515
2246478502846772,369.04797780513763
81131248659812239,240.86228239536285
40864155637665981,818.4894368648529
125226957928239598,1355.3897558450699
89874352834019568,354.772909283638
221448688237942834,82.05018627643585
112005266981187390,2.911137104034424
292291998129364505,329.9990384578705
30001171031861937,29.915441751480103
101177511268964261,189.66579663753512
2711497914809898,396.9886538982392
11552097679018676,50.16555047035217
10573508026779103,936.0879813432693
39631712186682630,522.1653825044632
26635460513196766,1295.9269268512726
44529323455078750,771.2421381473541
122080423971786825,80.60328936576843
51228955350252365,224.3733937740326
46217908050164302,1940.9470131397247
115307239164259080,33.37028431892395
24183061832833132,1204.178240776062
263703453519852678,820.6134793758392
63895297762815768,1375.8431432247162
28073338734877620,120.47497570514678
168380105723819920,74.33941614627838
14838660177769465,647.2301554679871
6216177647778156,3395.880921602249
205714745828285,976.5811266899109
101121383665942994,1614.4641301631927
106137548318289247,85.52247703075409
121985852585706382,87.18903338909149
6953172128431586,66.5119526386261
30873617430656067,172.64614510536194
126715844350729571,254.08411121368408
111455582473655343,57.65312123298646
202365849427895001,603.6568689346313
33260500236397359,623.4091287851334
121866481344335263,281.29327964782715
69457849568954935,64.91182148456573
17507957307868052,72.70209348201752
69121849496397138,425.5042873620987
22325078234987104,2.6802494525909424
3811646955426800,62.40840482711792
60110088227012667,219.19984853267667
488054159266772,126.19211328029633
4933945282091886,599.360659122467
235737935078525460,591.5334063768387
56735138931076265,563.572985291481
131400755389235204,111.7496086359024
14677620155501574,73.4579793214798
22684118417792840,400.981320142746
60458295645014158,80.50548434257507
380473923375007076,916.4006961584091
61685512091950,622.0957933664322
7381438294891149,213.1444371938706
30076049500727126,70.3426285982132
159966942169119733,456.372563481331
116136094268198836,71.32820451259613
176511087123545379,916.8693882226944
117589901873270256,395.11928248405457
100112705005666550,805.2914578914642
20220707328445892,1150.4477624893188
108493542840766087,1919.5207498073576
12191132353569958,283.8219704627991
157492569783953412,4308.959508419037
28805312858510632,100.92222893238068
158987862371792468,592.2128915786743
10788886978896516,80.14578247070312
63206597282032756,4.597581148147583
5447715976329497,26.200109720230103
28403628586384829,201.83805668354034
63098273904072953,44.09381937980652
122266071232428872,377.99524784088135
26736432086425341,1344.4773744344711
22175018179101677,120.58147060871124
76936191825699148,66.48173439502716
110549183989934611,2604.64351439476
119224166978455483,140.5025955438614
62269477738892247,927.9055206775665
286185955477705819,76.84706425666809
29379605929870182,394.1617543697357
29405965859643780,5654.134450793266
47231227939982946,208.97650623321533
183418522625744388,1554.303917169571
123783697511612903,28.619209051132202
55950249960160408,40.78492093086243
445906545207575216,22.517131686210632
256646383842134487,83.96721410751343
125387459427549945,178.6771742105484
35161442557007748,3820.2735399007797
17019040165399628,600.063414812088
55720937248146935,28.477454781532288
21324458745616004,268.27796375751495
1305775083116499,22.774896264076233
113558971390759268,71.8643696308136
403889805804511552,402.64764499664307
241072391318164567,576.6228911876678
167078657464959243,21.19385623931885
79602508481527948,693.0523656606674
84617235404335974,58.8326655626297
299448407969886062,441.0901643037796
33446735377000687,896.0351865291595
6326196982415033,623.4329416751862
325318973122005180,288.8113685846329
63472314571867140,203.77898466587067
375498498051485454,186.10517644882205
853508649912881,380.65291476249695
83455656828022982,3219.382499217987
4641399414782606,241.8455868959427
58335858968951865,112.21660113334656
391436359754053544,208.64596009254456
32307539031965112,91.36757516860962
64899132003275185,303.5820404291153
6199489776726218,741.9327731132507
328900776412861568,238.75854444503784
4340872536546145,72.70786166191101
8977342310625460,649.3190852403641
48102480876576006,2238.852660894394
242714410373682924,103.47746741771698
16769908313125089,8.977910280227661
12913251174515080,5.0429179668426505
107662535284857896,91.73073673248291
74536828115221893,49.11942708492279
58300222693756619,2.590118885040283
19987829780291838,658.915297627449
27144725481246838,30.49210524559021
54483914756843411,1.668813705444336
995199034982621,2.18311619758606
59238992202488958,33.984567165374756
5541775873434633,3.299358606338501
25569732685938729,7.553258538246155
6372014236603812,1.6434767246246338
167550311448370425,49.70402550697327
26425300245849284,4.420718193054199
173797054594713306,376.66952633857727
65196484664911336,7.32466447353363
56299609021353279,10.981165051460263
969167437942584,22.315788507461548
6456723326308838,323.14206862449646
162690406526019616,6.065556049346924
38537302609375273,207.0351061820984
52780515197998217,35.326634883880615
58394072544104351,9.718267917633057
100552400266866592,1.5192084312438965
2576591469363458,218.17896008491516
46888375058915782,26.64569652080536
7062683748201996,16.1239013671875
94774587579010099,291.2410401105881
34451874361327441,3.372941017150879
5111685220956447,32.640555024147034
166635766202793327,4.220458507537842
65536817658765811,1.5493927001953125
16563546349524478,7.244830369949341
170171208098991525,1.8165678977966309
94649717505388498,6.5277873277664185
2191799460556009,316.01226449012756
21147426135372950,3.3604421615600586
21375004298279763,1.150749444961548
175411427731311844,4.817651033401489
32145480725416651,478.3534480333328
4962793205543612,16.517122983932495
372588529413857264,18.88249683380127
5953039615671269,54.470621824264526
42302568840617330,5.281200885772705
2851199205958725,9.41942024230957
3313149846340892,11.003261089324951
3120613501209006,8.804291486740112
24731566814057798,55.536415696144104
16870112867732815,137.3894466161728
139429108119979356,741.475435256958
12391514184513225,8.760184526443481
506028545731887638,12.4690101146698
32526572984253314,4.297304630279541
44617986366873118,14.526909589767456
56076991576957949,54.89650011062622
21587906597034136,222.73354923725134
1936229953361875,16.94175624847412
425042852426183030,20.20047104358673
120971334361007461,6.808558940887451
209564118418008852,77.51390337944031
74751282319711053,75.18389093875885
3086101480867599,83.85940551757812
13272244921935731,6.456172704696655
112626627773135228,5.85944151878357
5086533307343673,21.238484621047974
116541315906116761,23.387784242630005
385472406188385,18.60576820373535
19438116850809074,41.36568021774292
143886936498435896,22.21719026565552
72474578805935467,55.491631507873535
226135246943335921,3.774829864501953
21239984906638043,23.964261770248413
67438142205208268,11.505471229553224
24394579762642390,4.537424802780151
27900097992926875,102.86687731742857
34655844761890501,17.652170300483704
128562495218984249,16.395561575889587
48003812402838108,19.845848798751828
124274152218810532,27.072154045104973
116819807942977713,6.472340822219849
631962155424980,141.26673483848572
4926667420527020,6.547791957855225
281576365519362337,423.5344454050064
5939049505148691,9.43250823020935
25962992569025264,210.67080187797546
174957012698264511,16.756311535835266
23115107797404493,6.548482894897461
17457119449551639,9.86571979522705
226602312480318514,54.1611111164093
111263541450704232,28.056376099586487
18038145490933324,109.08957433700562
27002935423669867,20.495826840400696
165636130924198943,13.25192677974701
24449773099536920,664.8768305778503
24676982449095366,550.7107018232346
108491837413198955,89.76028847694397
111569459622000228,335.22304105758667
1730747107974195,5.9857122898101816
182376858568548350,136.37296748161316
27774298491536628,386.0166472196579
13412206865122753,14.10111117362976
13053881327697981,17.172516107559204
27936644781453891,17.119533896446228
128401944089865881,236.8197637796402
141639224150916864,1281.2711042165756
17365259956926461,17.499941110610962
15052684729952522,54.554372787475586
11286151626437266,36.3338725566864
19952247688740648,204.72510278224945
143404018216446353,38.30377495288849
108684395035070586,14.452159762382507
26201180560695824,92.60674285888672
20036473166185121,8.055259704589844
221480555699519438,18.447729349136353
162654738167499164,26.221538066864014
13389283250832680,15.136959552764893
145321230252076285,38.52650618553162
108298420397084424,8.891115427017212
10701194009661994,277.3180264234543
152877610556301749,71.16296315193176
123390625471025597,6.3546223640441895
4051458702877776,6.83115291595459
14623876335688442,15.039830803871155
429278338240815820,202.44415163993835
116990054341112227,13.053290843963623
37991535935094186,1.3330473899841309
11993047350947619,4.1792380809783936
84961890631205373,1.1803112030029297
14612091564576603,28.24391746520996
130208864460473763,1.8698468208312988
16386441754278540,3.455395460128784
43152883277396998,559.8984155654907
10956468411207561,306.0841884613037
30107689015062590,2.152631521224976
84673879430342047,1.4467639923095703
35047018202757899,43.10145676136017
5352439291673616,88.95298230648041
41330562250786967,2.341291666030884
3146780944729936,2.892158031463623
96599483003667049,32.35158145427704
226260957014983568,52.55604577064514
119970145958525973,1.838025569915772
19208822650929780,139.93994784355164
23540233305725626,275.8158338069916
298355613732184104,1098.340851187706
106587909661883196,14.594048738479614
582592059729704295,4.424956560134888
28576336118898290,5.606842279434204
6276544797091560,19.702959418296814
40398701267813835,202.1717786788941
121096559477936024,7.898523569107056
6484875648111859,3.445875644683838
51115160351953552,89.25674605369568
766060773680942,47.798113226890564
26652517523542442,1.589453935623169
46091375605236606,2.4775941371917725
8578583007426450,2.045939922332764
29154173344874185,7.549590110778809
629623046555444,678.4731508493423
115254082436966082,227.6409995555878
4305001559483785,10.423072338104248
52241081276462010,23.955626130104065
48014311152714593,142.47959566116333
172642001970637199,4.429882287979126
634947737484763581,10.32289719581604
7264561594073134,30.197493076324463
150786434943257045,18.633900046348572
60500679581525400,529.7739616632462
141344979601610043,3.336300849914551
4180616623592063,8.020195722579956
42781664877200920,18.708476781845093
32764090449337878,14.391186833381653
6435550815184029,159.74456894397736
35450762789053118,67.28512334823608
4442522586225565,14.716110467910765
84968528638737151,164.07862961292267
32960511001116793,371.66308641433716
64066968706438904,16.531382203102112
65052343705243287,264.776850938797
76408975295678437,114.31537115573883
3030297293194724,42.53183901309967
56153629596962070,2.591276168823242
45798404480069198,15.196543335914612
48488210551921699,162.18690824508667
55265984912520177,16.108999967575073
31145884047836769,64.18631792068481
8027359248122960,49.862152338027954
57182195441598734,3.9509451389312735
473886972969848448,19.546321988105774
88580565880293050,221.22251117229462
49609322811079170,18.981082439422607
38998994110812701,13.887466669082642
39856755972654848,110.012282371521
34296184679454938,578.7885773181915
306901180139220321,15.110664963722229
3497211629885853,5.503904342651367
330244863800796854,5.102613687515259
87026936021874326,170.31175982952118
8212802238731218,45.84342336654663
3126543971978296,5.400167226791382
392681590854192220,91.39080345630646
6925543073061250,214.05905604362488
4130963487941545,24480.011024832726
50402332607050784,2158.232725381851
25070702873258755,5611.106191635132
64865679249743050,2.661923885345459
401104845193165,1393.3125278949738
15724667847652535,7625.3136595487595
23093730613419788,4324.337269067764
3331882992842274,4.315268039703369
58789443263732265,5966.873994827271
9134249915146521,4424.961580514908
31804820900343335,8809.411675214767
864916272415971,8035.667899847031
24967723119611582,4257.234770059586
19175626359164977,7640.497895240784
12293462279958381,210.7561113834381
474508188911920601,2.040109395980835
42883990172612194,688.064936876297
45230216189303898,9616.70136642456
3556024261330423,3.084501981735229
64981927046261165,8496.339507341385
133343629775348756,611.089217543602
14931767030582153,510.6417337656021
10672681008303612,10638.281012058258
35626213342746075,4612.718756079674
347942887755596966,30792.12547492981
3246965826954504,8769.561734437943
12528046951244992,894.0920170545578
121620288951317875,630.8031890392303
13046843924053759,13832.74954533577
62528749088231857,2.511827230453491
39996695977249092,17486.501316428185
220320323553953563,7176.874506950378
15775814102240293,7204.040178537369
29870088365085932,18848.11418581009
56589902175033468,13634.666302919388
19112289459653645,444.07521390914917
5335819657955769,2522.108529806137
31187890591026070,4279.672456145287
155879699445552048,893.3949016332626
130792358979414234,11431.65772116184
37298138278534473,8191.532687187195
189457676332154748,8722.539524078371
109239963433563,378.49845123291016
16642823614718554,1170.000804424286
48568225372549589,2.3481366634368896
1357008123011195,9.723296642303469
16541570764657815,12.70738959312439
103328383197087439,1543.294820070267
126876724935102630,19986.455590963364
137208416736891275,19.45889711380005
20964431481035672,12537.509940981865
21943989438217700,10.290881156921388
24155030140397941,1129.7246531248093
23643591454141907,3.331510543823242
37329042178373943,8752.469452619553
3200630665563782,1768.3762093782425
80148749362907114,4974.000398635864
4301524532632219,8275.740893483162
6120615818874110,1237.5084762573242
7447199109505388,1192.1175080537796
142018760780495302,3726.734322071075
55664695609345568,2884.0980484485626
111286541547009280,5.094380617141724
50559100251751412,1411.434946060181
75620086814601490,19198.56309890747
118562837695658410,5376.470121622086
60342273208783800,4633.284197688103
104677456735633130,7061.045611381531
144956118583905938,23012.29300999641
11847451179127969,23400.50632500649
34322014661788665,1339.100677728653
18342047445698930,10.011049032211304
4635956982200999,412.7861859798432
30157093045943136,2.879658460617065
123692209894974064,1518.9048342704773
31863352589712358,30.02494263648987
17904614695259099,3.6889419555664062
32460634130896367,17.132096529006958
497585956083045859,13659.846801996233
59753907328772973,20121.874332666397
62706446639635732,27.238195657730103
27899850248331881,12231.53819513321
504243342965321848,1630.4375199079514
262131932839330656,12909.420376300814
42452304807101049,2007.1629726886752
7732958486763834,3.701213359832764
20460584650551988,29241.35231733322
26497325511095247,8766.114148139954
129262404241726187,8868.416593313217
106357444633534921,11518.600322008133
12598280407943806,10177.169890522957
177358130616475449,1237.0961456298828
21231454717168714,1313.1390463113785
28311162185789669,5116.708372354507
2771019930724100,1298.8211698532104
215844177338930808,36374.55259132385
11283262449482269,30459.211791992188
256246777224798,1605.2298576831818
12311844443085916,1298.343359708786
236236895192456641,25543.52408576012
14254653811985697,6788.964426517487
21295983459483652,6870.239002466202
21729567095205591,18659.433171391487
21284994764268124,21.66953992843628
56756583738451307,6475.769596338272
45668496974972408,5.550502061843872
34381420057110788,4376.2933831214905
5721798627900712,840.7182229757309
4826745925689349,14738.57040810585
71904113306042936,6.786153793334961
10562472215861760,40572.92436909676
5480867712484765,1.5354199409484863
31772268497999006,728.8576419353485
125227201611013505,409.00725853443146
17773358401706693,5038.2017468214035
32228570650830090,12901.58588218689
316902349376971941,1.862744092941284
46591586507076608,3475.9207675457
5131646121576085,5614.505417346954
117733070127387909,6660.150524377823
31174056248760491,2759.8107945919032
84524744705244569,24.763904809951782
6748108242781648,21503.368717074394
28211945593070035,21632.518527507782
83526660054689111,9.899341821670532
57348907466275174,3600.717264175415
22495454140672867,1127.698625087738
32931944488540279,2509.0838136672974
60388308075307366,4714.697768449783
199509559766519049,1856.927098274231
46718484232405647,37278.67173194885
285147396648295210,765.0963981151581
110146918342916921,8151.7614604234695
38712774583529444,4668.704447507858
149021552730947133,2747.1743907928467
71132096155973058,4841.689145326614
39301511925249690,2.998286485671997
333645264625523997,4953.0005741119385
45829873042654170,1103.9969174861908
439586502128083161,8926.413523197174
77292488409049977,11.498071193695068
3712060162533591,1873.7488067150116
2911164204145021,3015.8824508190155
59881060857757087,3.156868934631348
2995875834860291,862.1604015827179
66299270894157655,27024.183881759644
36905459160983593,6.846131324768066
50768839188025797,5744.796499013901
8930477108352833,1275.6838154792786
91937827351771274,26148.06204533577
810718503366513,3526.3853125572205
4707574642685563,1734.8110008239744
7272660134138386,43.62221932411194
4626300154425493,8.652714014053345
12596389038866073,149.25377237796783
35556401569825826,2.965015649795532
9073415316940400,2.1867921352386475
269269493726671429,6.87690281867981
105633367655457269,98.38616132736206
2634123790558390,18.770405292510986
13562404616993100,89.76128029823303
112268481955765832,1.7883880138397217
9680280172599200,5.444082736968994
26848798694715569,4.578848600387573
20687916847367743,34.080867767333984
80937825023897033,117.08694469928741
62511015386113316,11.05021905899048
96409371771693116,65.52540385723114
1941383494884172,157.4258098602295
20491378192964891,6.967512011528015
24430175455322454,2.1309361457824707
234252948149115041,26.28225004673004
17981997879561030,106.00176000595093
14959606164446290,20.030304789543152
1453590218565205,1.959814548492432
3932168446886941,140.68407714366913
43443622392422915,10.127031564712524
39061032876058074,2.22335147857666
6085968084816886,7.067349195480347
8210905718870686,44.37001419067383
72159485810722457,13.412068367004395
17029329360711574,37.17217767238617
428599022942134476,1.3325250148773191
8885982084195067,124.85836219787598
11405632126410816,2.301454544067383
101198776359376764,132.48372495174408
9537248987528571,11.393975138664247
126686635974306934,13.723577618598938
30462137426855762,192.20025146007538
2239709181167250,1.3001420497894287
124314317579101384,39.85427260398865
73056485668527902,234.6161608695984
63867667848074728,8.455131530761719
24178708235931992,14.277869701385496
2747312601165209,6.269598126411438
119186221956785287,1.7382371425628662
13859169423678273,64.70397567749023
106551019327108466,2.354874610900879
129374940787988626,21.46735966205597
5237175155315945,3.046338558197021
40800264638218042,43.57002830505371
77872610642454117,7.682934284210205
159858433041627031,3.9739160537719727
42880724411011646,16.37464940547943
11503555511847864,20.582022786140445
101191334675562814,151.48515939712524
77647350538036738,18.352285981178284
47629212813783221,46.21979057788849
5937894546935896,13.338832378387451
22886199367117703,16.39285671710968
109508047821465835,14.255712985992432
75535762852316246,17.489303708076477
29675476474655450,18.914145469665527
17096244938177719,18.441238045692444
69499527068913075,14.851762175559998
3056078648980116,768.0149962902069
20364419822948596,20.179381012916565
21465785219847958,48.32538914680481
15908902579684210,72.1789903640747
63844460549886919,17.473254442214966
112158844366110348,17.905897617340088
75937794207205737,174.22121238708496
13717277617464304,11.043718695640564
411475293307992440,52.35324954986572
105375951403099745,3.1229519844055176
20194746760787122,42.89667201042175
23740753848794197,3.27485179901123
39142118326757320,4.203927040100098
80419846590717636,17.768924355506897
115046001296464559,20.5136992931366
348593478749920911,59.08699417114258
7461548023012096,4.382450580596924
79573140025366180,4.28236985206604
460965228076106361,75.57601118087769
7591584162348866,211.41391396522516
45962218674342490,193.74593305587769
28372068782149988,728.4417647123337
33988454098091953,3.5663483142852783
137813447893666201,6.6866536140441895
29977453562719506,73.20890617370605
17774104553457709,6.927348375320435
33811732858750925,5.355221271514893
118819429641673638,3.4304473400115967
27505756711215147,142.03732323646545
46867688544366295,4.216246128082275
1700797712733365,102.01404595375061
75752154651416365,3.030201911926269
50408538583792262,10.743623971939089
31692893103036889,509.31087720394135
48501345173800510,18.944164156913757
10219281156341394,2.821282863616944
23308062610689298,10.47101378440857
351964319695379327,20.948426723480225
65763919864168837,2.766666889190674
317133402114540931,25.69572627544403
7111191477455014,92.41960179805756
25699327780606721,15.67500114440918
71345874733777137,65.04822254180908
64831242553588451,21.472631812095642
75075199588557691,4.809582471847534
118002964992407416,38.494847774505615
250696852504248092,13.166953086853027
169034562632955539,19.38508152961731
26701769097049573,79.40032231807709
103658232125764675,133.1560401916504
28789537358314209,116.25519919395447
116535858910679677,45.92923104763031
19994349789157915,2.5827810764312744
2505489196719402,3.633962869644165
21611258315920575,16.329121470451355
13323967658820106,13.63540530204773
101815534694911517,22.08720016479492
27746044621465297,6.687138080596924
2649320914661689,6.826906681060791
148080555952683149,43.2806693315506
243737899601972009,9.670001983642578
10812441621804085,362.05524694919586
10293217671332165,183.95527052879333
158557693806218184,60.24971830844879
73004139059704045,35.3576465845108
6988221335189363,69.68523156642914
110962815358854118,1.7239530086517334
80635916635100724,7.253364562988281
17099182254018817,1.987289905548096
38505730915381761,13.618919134140015
310536177663125774,143.70963180065155
7626463196073797,7.853183627128601
45587264315390815,3.486677646636963
17086869767623070,135.0661256313324
11875585083929065,320.4829697608948
290706855577967073,15.398175954818724
24206438857883885,9.435275554656982
31954362782454255,64.01777946949005
103101466990212471,145.1784634590149
31451076474208174,3.0721561908721924
271929104526147373,47.79287588596344
2562137224010846,1.8930444717407229
47719930818363900,10.520008087158203
16821523695339568,12.049315094947815
58557759388687624,49.557683944702156
6827474008471394,1.491819143295288
64495342994715291,228.37188518047333
94344561065319092,7.007930517196655
57138869631190072,36.743311405181885
670820385579671,2.015395164489746
54866558448817094,2.233211040496826
11434832326242512,7.3692786693573
34855714954242850,43.98419666290283
24810911607771559,218.04232239723206
296198832181622571,55.20576786994934
15053024814870482,1.8058483600616453
62221493818301705,7.337183952331543
236237236760098576,5.98707389831543
7361401945072212,165.1684377193451
51734274235827233,1.6231365203857422
45009885042370628,83.21543979644775
64181950567005649,44.81202006340027
165630405185164,1.898970365524292
42586329114772221,157.53812384605408
378488937406156367,30.329819321632385
13486116344092029,61.831775188446045
16289253747382995,2.4030048847198486
38979225093778425,1.5962755680084229
95737647972735378,186.5941625833512
32150871555508893,50.71267509460449
79320643107619752,1120.001348733902
5758752143354923,368.47070491313934
127509728319232324,8.102941513061523
16303725466068183,6.503706693649292
19182820416066169,86.60581421852112
10442278341623844,541.5083677768707
17480093697029412,225.04383254051208
94941344404937632,46.08565700054169
4327407373148446,3.0535378456115723
342683137880363948,12.09594511985779
62889512366842149,70.04304683208466
7611453594965911,17.568366646766663
33581705253450912,112.23369824886322
70045451880208566,4.433724880218506
73080513637499324,4.051799058914185
47734229078193911,55.26574718952179
29972225445933343,7.426816463470459
50126533518351207,3.005113124847412
75665196255646336,121.1638114452362
83563030358122528,5.556797981262207
4359507982013812,3.1218926906585693
40051967737043394,512.4902147054672
11477179840168842,25.21475112438202
151435956948792794,2.1189723014831543
106577085869079411,389.18536472320557
30266780287576537,426.39972245693207
29125789053970899,239.78981053829193
27094231862538339,634.1066254377365
189505098293194336,2.4961371421813965
299880076967816023,32.705077171325684
63735625749645027,153.77751338481903
80638014165863860,5.088547468185425
359655400629701564,9.26555049419403
63427070394973873,490.3975566625595
16042040424668454,2.518373489379883
70599193204087559,11.95401120185852
79922222181933511,16.164641737937927
65219320930051179,40.919097781181335
192693662349833127,386.42626309394836
55919071375489122,2.8200912475585938
65995274937943444,4.151288986206055
261826809791553097,25.400457978248596
81807278795547325,778.9181137084961
57180413346960932,13.175954341888428
107773820389982140,7.508762359619141
130413746228301410,10.034823656082153
270528244416671906,115.226433634758
339972132663998557,19.108726263046265
16562521220885964,412.4484050273895
130183547221984555,33.7017195224762
27380924749766582,200.3455706834793
2780852490057122,1.602540731430054
39392897274647970,25.111390471458435
21250251072714369,137.23520028591156
539909191882735311,160.23655235767365
20291696928754974,327.92314410209656
113858997895226492,1.609595775604248
24603490665521234,12.94453752040863
71783987888724680,140.5617401599884
7295961684791815,70.22059726715088
29793579122813593,12.025185108184814
115688832771812927,290.3731631040573
2455885480924195,76.1563378572464
10107783190885441,133.8914326429367
14687140649776691,2.5691964626312256
52974789197042114,11.425057888031006
226046745666334954,21.124580383300785
95671570461173863,94.50728929042816
233042854261417497,2.826610803604126
12300263159305262,13.577541828155516
17344185097609882,2.200092315673828
210787066372685981,19.535608291625977
47848486799299792,2.835211038589477
32498572944602683,263.9766466617584
10439152522958614,158.42144536972046
155913766059948588,229.29753816127777
22050197341358947,10.23001480102539
13111850181559398,4.293734788894653
79354343174883433,3.200028657913208
6700110989735775,11.465657949447632
128849044976983695,79.69399440288544
460534627359810715,30.146681308746334
381785174163854841,254.38473379611972
100947705725744217,26.03426730632782
71308333690301666,2.209322929382324
325928379934516106,165.29260730743408
19845224121609773,18.120639085769653
5179294565738179,4.456479549407959
7002239410571848,29.13897478580475
20937963399520037,70.30368959903717
1940728306298874,2.813452005386352
16095322408993986,7.772531032562256
290117958177752412,38.19292497634888
17565118393604932,8.302431344985962
28116102690905570,50.80884563922882
339246009102392533,676.8621670007706
114887154688379999,21.13756275177002
33177299417760480,3.013374328613281
46220513468263372,5.236427307128907
79986867463172768,8.982147455215454
14541419237340259,19.49019956588745
115709614177538438,26.421696186065674
6652611558104485,27.89518868923188
1974896177175836,116.08109676837921
58590945879541920,106.22022867202759
65246908938923252,314.61566138267517
290698185806067836,278.6314659118653
41926368500017957,464.51551604270935
2492351157175564,339.292368888855
41834983449513042,1071.5949350595474
10372858027413308,6.169683456420898
19155329799860799,21.970229268074036
2396638460698099,105.92951905727386
2250415159693316,29.663347482681274
230422871788455357,23.918832302093506
1194217225104715,2.932634830474853
22585797973858559,10.214750289916992
10788791811888847,23.091161608695984
13273029142799346,2014.1503598690033
26491900642250665,71.30383014678955
23180318986795969,27.232282638549805
220555410370081,100.42909717559814
25593955737469042,422.76760745048523
28938128729935763,30.138588547706604
129244016252318581,13.81222081184387
6831443087827244,2.8575551509857178
6402716667592347,1.627732515335083
37857181807167076,15.49269163608551
9037227492454826,1.3127281665802002
141361460146539266,4.837404012680054
114124178297478113,12.403888583183289
14953120535033372,1237.174421787262
16679232188595050,14.5515216588974
138444586821774089,6.414324522018433
9038409639261016,432.31312215328217
7986865072305049,1.646848440170288
17154082239835098,9.692151308059692
36953678832198548,9.457016229629517
36562094816064887,13.15146541595459
275075656438102850,78.027557015419
14201826902486843,167.46467745304108
64783571829353095,3.9697747230529785
271179462318873456,4.152835845947266
274869546391024168,71.14522302150726
44008145213787147,294.952489733696
26206815086956958,6.024069786071777
130746999604022046,299.4177377223969
343247670962263945,15.406187295913696
57181293622085748,3.4564125537872314
42242472987899951,3.033738851547241
29923562532365964,813.0361164808273
5222587264597155,405.53214144706726
20905880227653488,13.512761354446411
31791405240098441,9.489869356155396
116115272792911841,158.57214260101318
38170471520035532,92.56076908111572
96369672042349283,51.900697350502014
120016432636149648,164.959179520607
15733689266526277,10.59902310371399
33537366642385620,100.42262625694275
1125957839845668,3.2839906215667725
127965013303380334,13.032851338386534
484705064559491328,9.660590648651125
30621152594475733,9.958444237709045
12109239581746601,3.4115889072418213
8332856409767549,40.89229965209961
33257160837683208,714.6779892444611
30151666883530914,16.95883023738861
50583417027609409,282.3701596260071
211969793877187547,4.028621673583984
72690161378146085,2.441027402877808
195600575478263911,4.981433153152466
34837144132074154,18.604352712631226
6822738845625469,23.23733901977539
94988847582541324,7.197393417358398
8887057995110424,221.17905378341675
7827086785424364,495.92011725902563
643251855672234,311.20238745212555
365012324997958350,421.40539503097534
34783266830386143,65.5494270324707
827086451735117,22.91412782669067
4886578463803865,19.23456358909607
73781734407978255,18.196436882019043
367927954068713587,2.7597439289093018
39409157968040430,117.77963352203368
79501743153743000,9.756969928741457
3491004060771069,179.9639858007431
643343143652722980,209.2534875869751
62581257368637705,30.416591167449948
375623933966313751,296.65577006340027
375058789391523681,5.90579628944397
67805244615542391,3.660143852233887
78034588842663263,8.662921905517578
6845672532058603,3.9600040912628174
95654992238427911,199.30717658996582
4980768114467707,34.85525965690613
29698205481935888,11.921020984649658
5371821483636368,275.9927784204483
27871524408702281,12.109694957733153
16951151375577194,4.835349082946777
25356326064743429,7.0719544887542725
18039347875325226,236.29656815528872
187627994034521341,6.048927307128906
18719814753018438,49.46487474441528
15924870855153189,206.5740886926651
18892873146452028,2.766674995422364
123951230634829106,43.35892927646637
29834694122976720,1485.211889743805
138168013631575932,2419.9611954689026
78808526427117624,421.31122839450836
108911527977821963,138.16903245449066
56037254375086877,125.63107025623319
21702939114051857,17.511400938034058
13196157357532777,53.60038447380066
34031152311299344,2.14548134803772
111099095363218591,39.94450640678407
158123382495350761,369.65393567085266
28740513427701957,286.5493496656418
38983869189911288,551.8402425050735
14320352718758162,167.75515520572662
93266501669680304,1963.9635355472565
25943717633934732,2.6699700355529785
36996416237507994,277.6719353199005
35237407997506763,52.407522559165955
18238622098490001,3.2898917198181152
18600485820252265,129.23190033435822
89714507732247696,509.8553924560547
30118527162363241,148.4439079761505
11426366178579245,214.78416013717654
116629739363477167,89.81233084201813
3593536564077215,16.567400813102722
8002186040332613,89.5048257112503
115073957388308504,6.411318063735962
49824321956897812,10.36630082130432
18716981690009731,2.717493295669556
33556061976855662,380.96346068382263
39559185900989200,182.84183716773984
11711298188524592,121.47870504856107
52038900896832252,1031.7668092250824
29636385396670911,150.43985629081726
10922363355584324,2059.165717601776
537624343021188,32.11123526096344
171010556828772845,29.680432558059685
128016411140166811,160.9409238100052
21627036696450764,1422.2048904895782
307586774175263424,143.8869149684906
12011772492446495,2.4381637573242188
45254328052519604,382.9312199354172
70811320856404626,3006.0835304260254
15488204509366031,4.614522457122803
14374457039617189,151.03496646881104
43422742834252871,3.33167028427124
42105171344392341,158.03060495853424
318854332662626286,258.85520112514496
117775932138009316,5.545783281326294
29969798378096888,76.92163240909576
18002678546016762,100.23959386348724
30368064927392148,48.06938993930817
4495975760195252,62.61706209182739
36897311957275317,55.64313411712647
117290737727687713,92.9203519821167
47022901288044969,217.7091429233551
208936724855186315,16.700847864151
80268083301529052,42.58489549160004
123000053422374565,1267.6301417350771
7103892305957789,101.65860772132874
20088669842661248,2.933821439743042
41335717887110412,281.37763142585754
79476012453698789,418.3964514732361
237168904288865743,1016.9360973834991
16452148863277467,49.139620423316956
2900569299936575,257.79244554042816
102496752972347153,3.3108344078063965
111546182292742155,510.1267520189285
3562426055813791,43.40038073062897
3210438835419030,2930.88444852829
22025532514340150,3.862963199615479
7172045038207543,31.960874438285828
27754806384284283,47.682528018951416
78621971219891951,94.06579720973969
31584231319473186,78.28136277198792
23606374714461929,19.0159215927124
131938756735715675,46.47251772880554
226051396398869710,642.6441802978516
14263450057799137,1892.9330599308014
11098183103667002,206.58183181285858
28462330883635281,147.8034723997116
18474102423556807,41.31201207637787
18079404678539335,1212.8702912330627
25437076668748931,100.90958607196808
20572660873553838,48.130629897117615
23240645587312976,2032.445799946785
26960442276464877,435.6202129125595
22545588626899974,331.3717920780182
113279282232200850,45.14756751060486
19211135011480358,209.2093524932861
13003709986490145,38.37127125263214
20967714676773024,423.5274916887283
143216380196744103,3.582526922225952
10301461818804210,7.971214056015015
17236933287721589,5.152015924453735
159484735363366087,100.43208694458008
106678962773422294,377.42706847190857
105287550843730088,95.70829331874847
108283081535719506,333.637597322464
121695835236762412,39.10674548149109
227010592358774695,186.73067462444305
206943128049330481,8.228523015975952
14709580319843037,252.2896273136139
13099209523384312,9.796815395355225
38126972448016957,938.4831906557083
1053086079668475,132.9671688079834
70783704464291475,5.169211387634277
30246303084465863,96.92590749263763
145522873768578,1.7896084785461426
9152338940101984,115.71949517726898
62406160550046512,24.20991003513336
25968011046183909,24.472312808036804
1689514280554981,3.4202351570129395
164085472731282004,20.28025829792023
251064954254198674,17.895437479019165
74436783237694512,157.829669713974
72163558988547490,2.0295705795288086
161998847322918161,110.77537071704865
300643936395586607,36.41776692867279
470652188000257048,284.3438524007797
109588850000311377,245.05531787872314
7104650492660850,760.4454189538956
76037215149963787,22.13020145893097
34186517966453645,56.301484942436225
26358650828400774,15.22329330444336
50406306428299192,9.820809602737429
66109742943223,4.142024755477905
25745636425233743,14.888151288032532
226225303171514435,5.35302734375
11068657774286551,56.31069898605347
250570322182661796,648.5844297409058
22575655009116494,376.79989480972296
15202706194089619,216.8610709905624
19090786550902590,23.779895663261414
23438626382696042,1060.3710721731186
121693703336288030,98.81506836414337
41087804745678827,267.87299489974976
8604871433235255,690.803673863411
50640313008119983,23.51336133480072
132852892789408866,208.5975320339203
457793593308346646,3.9380385875701904
39331217188156340,262.0879650115967
71952511372276835,213.03117895126343
44378232799144849,112.87170004844666
488343951715384414,6.232618808746338
85163794530863387,334.3321214914322
87147301018237761,287.46512472629547
7717411186831353,89.42267620563507
37018515233035916,151.6940836906433
7068210855643651,14.840869188308716
802829941067238,397.1844106912613
72271845604104911,39.38704538345337
6212024673019593,84.20186924934387
8953139994728346,796.2899203300476
3896430075285517,342.2355389595032
36132768080117804,1032.2085148096085
63442751816070910,39.62151849269867
43650003107643647,96.7703720331192
374911509761068,355.0589121580124
58980214497562650,578.6936739683151
36850783971054576,171.84471011161804
46788216426480351,454.1526916027069
38456310101701723,324.4127721786499
30664614114160551,88.94808292388916
5597081501792665,7.7150304317474365
40676894080242750,665.3136380910873
8372735578237673,77.6178787946701
55053788604195317,346.45595586299896
54935919297400815,4.250924825668335
31197322322780727,340.15897846221924
68912246870365331,4.3700337409973145
315262230210702889,4.419814109802246
47376532890267190,5.961371421813965
16764877391420057,6.470993757247925
12781750698115402,26.82237243652344
96833108277088283,4.775497913360596
28323831136907034,65.57803189754486
30736417643837754,30.991779685020447
1642150825393597,3.8908090591430655
26201579847805665,16.809988141059875
31654979807576264,1.79459810256958
158238827437923509,1.7703616619110107
77218070682873373,5.972662091255188
70851217490940425,0.8730571269989014
78107604761092767,3.5639939308166504
6559097714610897,8.95496952533722
450502390847065564,8.950748682022095
55840129160272657,1.46779465675354
24378148712443910,3.0929733514785767
25710615006595604,69.11229348182678
50103944541273051,3.139135479927063
23971481751885336,99.08598339557648
26279951330407051,76.75101566314697
73071283523024772,76.31426072120667
70789732741194269,2.951122045516968
426518549554834602,73.66273927688599
3426869923361486,2.194060802459717
23516035123833256,35.984474897384644
385991191159456376,2.8587379455566406
19233841838847865,1.5659394264221194
45146576421368484,35.38697564601898
114192359807549775,3.110412120819092
186732861163411131,3.451735496520996
23409866327814918,18.468116044998172
32228082396653743,73.03928184509277
151437366253108587,92.42718863487244
13689063534706731,2.272549152374268
202035438058179290,3.5187699794769287
76829938931072524,1.3505487442016602
18032881738907334,4.1953840255737305
13050484806207674,28.781028866767883
289072061267084918,1.5035715103149414
39661629469110579,50.57277762889862
6568088863890986,4.043305397033691
11172906092788996,76.64560616016388
119870795024641965,22.30087983608246
16996557922831410,5.2121909856796265
100056698327961083,12.07100534439087
103093167000404890,5.832314848899841
34090161178552065,5.898799896240234
5712801588463466,8.945124983787537
10723035498950327,3.8512895107269287
392041337775000092,29.982566475868225
46072321815091882,2.915771007537842
124826927841934080,6.54643440246582
50257874760047391,29.243373632431027
48533109469320810,16.438080549240112
7105685867509833,13.972689032554626
19403568151176711,15.877173423767088
63810916118647220,2.737312793731689
1554974910422559,5.386812448501587
27589850754050231,7.603386402130127
10741118085123140,19.99329173564911
6792305695918476,2.9707193374633785
14563642463900283,76.79139494895935
5432011496881283,11.063327431678772
238457540875827084,3.9531569480896
27670930067375616,7.273748397827148
59493897037149218,17.367315530776978
186933939327060390,3.5675735473632817
1140029403506864,5.964109420776367
7817820730842062,2.440845489501953
37543835713953569,20.43397307395935
44503644153301330,3.743242263793945
13467852735351049,113.76451027393342
136094473022053378,7.165990233421326
47971035189904482,111.67771196365356
500677103717653628,2.3654630184173584
427242528777454617,31.106664180755615
20142451559751262,7.670523166656494
36406605752925937,6.766626834869385
121422055119450764,5.105922818183899
19224516772156723,7.277215957641602
4452687991051156,7.980774402618408
127490188925166769,50.56662940979004
20814375902832513,3.3609554767608643
29406126381229522,4.634943485260011
590844943125193322,14.277144670486452
21326868843432380,2.9020237922668457
7923373200275243,3.0341820716857915
32182079158187694,24.89367640018463
176857575100894701,6.208801865577698
42727891855656057,5.57201623916626
62665576078319521,2.9983069896698
55119758380922793,22.53156340122223
123649052602478782,5.111984491348267
33895229871358630,5.454055547714233
16673160819036881,7.312939524650574
428093629066880252,8.182955384254456
74201105066257658,44.86261320114136
26565890622420210,6.4511436223983765
11783175941101221,3.4621591567993164
10846519584916627,80.9751957654953
130003387034878461,10.282707333564758
22358543717139305,32.79760456085205
22655531787021938,3.5652995109558105
15549489136380366,2.3573153018951416
28989303041947053,25.904428243637085
22970814912451573,8.484694361686707
116004500482645016,3.8920094966888414
22575833585449904,17.203010320663452
13580980554685016,2.5278899669647217
1496212840392735,14.376773118972778
206998371805939449,6.728575348854065
13777115063321730,5.625279188156129
11911857939578252,29.933439731597897
25444677946649536,7.187712669372559
16257503913577851,2.9859719276428223
56889456128082060,3.341161847114563
32101962483238801,5.944808006286621
119956763880749939,43.40056884288788
13849248986575189,35.67068886756897
46068240379095309,1.6397418975830078
17815073894128139,8.612107634544373
71220534721582176,80.11472201347351
7842269760749398,2.2169554233551025
128368426647687720,7.732677102088928
7157202605750239,1.6640195846557615
296234490577846,2.3473598957061768
9473771445457072,16.687388062477112
474317921226024947,2.6694231033325195
10840549758253766,5.320724964141846
7090349636317038,25.38042378425598
6161124626266792,1.2655866146087646
276120722489230792,8.340252161026001
19440438936447769,4.350896596908569
25049301806850847,1.2558822631835938
4202969069539839,40.51000905036926
15376673890045119,13.256004571914675
615269282716675,181.94006609916687
6151631182874699,36.607428312301636
94838280954197026,2.1701042652130127
34951068904628425,3.8144513368606567
7756820457316670,19.068342447280884
79061344273391697,13.78046703338623
239613844026664316,118.47330629825592
110670553241518307,1.3966708183288574
208852350965352439,1.5238158702850342
7417744354966595,14.65628206729889
23109507143762763,17.634108066558838
109698446346167133,1.6223397254943848
64231807307282136,319.6735587120056
14467245515807401,37.94802737236023
24245405397768431,9.050523281097412
1995074924263391,2.3367841243743896
2395602365884434,118.78060007095335
24220436623860395,11.029088973999023
80943744326660225,4.190422773361206
23399958920917284,1.4172015190124512
26946810875963706,39.33934509754181
430199746496016941,10.491357684135437
91283144934025523,21.492251873016357
6412891791412555,4.073642253875732
91176037280324856,13.877344846725464
3611184419185115,3.634090900421143
9936527579279500,2.6847469806671143
5191161267626263,6.159140586853027
4571252434791323,7.215931177139282
98546654538003318,10.874297022819519
745568944559725,7.807700753211975
40033744784549191,150.1544862985611
344366787337111692,45.31168794631958
79587357121985428,4.571102142333984
55005586408568795,30.823656916618347
3882518543075334,33.07306671142578
79198461350534562,4.500450372695923
437485191960665725,7.038788199424744
67323649318682047,2.805584192276001
3140549191720765,16.016054391860962
59568937479098749,39.884984731674194
350263757795378782,53.3850634098053
89063672455836964,5.433829188346863
508182972589970930,40.46982955932617
46156105271905484,5.808812856674194
9772768942412546,6.885236620903015
421356497054108880,6.974165678024292
93484441764862353,12.275568723678589
30637771285240643,44.91558361053467
21174903109801467,20.616035819053653
25308918251469456,1.5237481594085691
65580249741936945,15.019147396087646
5206003525913909,1.8486571311950684
49962176369518940,108.15130090713501
97776186193705023,4.082876920700073
193373980279681492,2.396570205688477
29478135291287591,1.690162181854248
44616305744161737,19.38940143585205
69680850509031232,332.0020966529846
14602804690065186,4.360122680664063
24839343829491108,358.62890088558197
80391337839940707,30.699614524841312
1035000269108842,456.8767510652542
3820082408153128,19.447101354599
22087183905713938,1.4743809700012207
77371432758166242,3.0173356533050537
31595235198258131,8.325003623962402
23947689706419841,165.99857592582703
36104247420532257,2.527768850326538
80397705557014357,17.96932327747345
17820110842128258,1.566460371017456
20739120903357735,233.36376845836637
26910760551071419,1842.6370515823364
16783512849001483,140.36410677433014
216009696091452549,23.143718242645264
39758196674547904,40.74226796627045
23840832090297947,132.72966861724854
207192603338866676,1.3928773403167725
72416476647969781,15.63243043422699
319447666608439917,255.61097741127014
285077123956557486,1162.781728029251
161648631453251075,255.05085253715515
4322494280440180,134.09308445453644
138625705493752342,819.6912666559219
235902338534315621,1.5239949226379397
3590140353691610,176.9345257282257
7277389393006447,2.337443828582764
38361825711713289,1.467308759689331
49657887042528141,187.53958916664124
7002311251205280,34.582783818244934
395257056974967789,15.278154373168945
6166519923477819,189.09745585918427
68601591291583961,11.915375351905823
4481137233620593,84.54239904880524
29361964585952653,303.06361734867096
22963940050181260,199.09907388687134
180043766245556162,2.784021377563477
507559286168262452,1.2550454139709473
3626593307103518,4.434524297714233
4350735923110848,1.3175716400146484
13186504771585130,250.26268231868744
9107604731927118,16.65462064743042
6637930321289364,753.9870337247849
79064984494931773,4.035712003707886
73986742144904526,2767.8804708719254
340732830075775533,91.66973447799683
102491393090437964,242.8484867811203
3795273718568837,37.803874492645264
361306367174264224,414.4304224252701
11964152670817577,1015.9919418096542
74570769476463605,251.17461240291595
23299772673762436,2.839709043502808
280960796819822243,227.83734834194183
60291310606199684,6.090238094329835
73824337758755350,4.605540037155151
18266630581334473,61.74392509460449
1439094597575878,106.3197190761566
112959728569450614,8.801161527633667
17168749405264340,33.70469808578491
29897370505634531,109.90291333198546
32131000285416587,4.81326699256897
19374330540410738,114.1070454120636
32376966546267310,2.997596025466919
33770054592395157,2.668341398239136
17389172258262397,1145.8512156009674
4446125862779927,50.50308585166931
13321767440007103,39.371811866760254
1186747744008157,124.05726504325867
107622325283943795,35.89405298233033
58385395300823843,184.0261800289154
196081234437481605,6.134928941726685
62199623729825888,36.42595815658569
30786415449559012,44.74959146976471
11955759409406400,287.6272881031037
363141229886778476,786.7981053590775
34345982904885510,3.439130544662476
18068327748776114,3.19296669960022
23634832356567114,51.87140929698944
179313485239571261,111.14388477802277
48927887595931691,7.032965898513794
71957376168196530,13.267099142074583
11397553156975753,3.255756139755249
121298460661676451,2.1082916259765625
28968474300926342,11.54686427116394
6617619990984043,827.5881400108337
266790328977983,507.4474778175354
66878489776475585,6.759134769439697
66605215038861784,2.188514232635498
149376574559499026,40.946084856987
10888937071557675,69.42620837688446
155843416134499681,620.41228556633
27648290900703266,58.0707483291626
19193568134964457,5.781246185302734
20891700959024672,7.347973585128784
1105089737209499,215.0264834165573
16288678898078298,149.3265540599823
269483597438024,186.44156229495997
185739636760822880,7.445245742797852
18754195778457734,2323.2511806488046
21114334753948481,84.34765625
127256653372517119,2331.1701440811157
135769784858120763,4.219982624053955
20235460797605416,208.73035526275635
167355391635436092,2554.716752886772
143807008824176923,285.70056545734406
21926061766309775,2.781662940979004
26950183812830467,31.31789970397949
26052295431598132,114.27991056442262
14208640037475013,1561.2362242937088
106182516017086025,162.48110139369965
23661642502743851,55.66171967983246
20672469251586893,8.600895881652832
17335685719670262,42.81221163272858
7808437562185232,13.243212461471558
104851765468293846,350.2903559207916
145326200210792889,74.93761968612671
71912681975695240,34.51274085044861
71711425336883760,735.3625240325928
18309002406717480,1.500981330871582
2072015844900528,32.389843821525574
71115688616572802,572.9950983524323
114910586896779442,260.92114317417145
11830046772594211,37.13496232032776
115814796679684109,2.7505152225494385
9541744984017549,2.0399363040924072
192135362801872560,348.1008186340332
10715705023924771,1.7792494297027588
2332126513264507,1.8478004932403564
19324761906363490,2.176117420196533
12299136518888344,5.274854421615601
39898565003128848,56.73747277259827
63985255249358818,37.88034224510193
68625817720768447,38.25785779953003
3796381329652620,3767.470012426376
7803227473203363,4.43061637878418
20892870055396433,11.703686237335203
80399260701266653,863.1375113725662
218680649173102286,534.7168726921082
6795783858545572,3746.384913206101
235153935353244600,3978.3257060050964
19708355188706624,141.62680339813232
25801080534443999,2.8360817432403564
353410309479103174,208.85689258575437
118649434961947072,1.5650122165679934
57595568847593404,631.814839720726
4717582861365778,43.68203377723694
28005554469252159,137.1600706577301
152008405260499828,14.711766719818119
38425273475211797,1.6902658939361574
14968473050840535,41.20116925239563
6762175677577083,732.4971828460693
11854593273020364,205.92922282218933
37092203476651682,27.377098202705383
2455855208151142,93.40022480487823
67420253453506155,155.959410905838
78909729408670249,63.113181591033936
44377188481913085,27.27516102790832
56159706076083363,301.59070348739624
89459245585466603,15.708209633827208
31849934482983014,3.838853120803833
42616618847839442,3.1924281120300293
77977682472437196,3.458331823348999
78907225142421850,2.769335985183716
30048408945335949,12.441021919250488
94850790104676214,5.030170440673828
65180932775940946,3.100598096847534
6847566550654986,1398.4844579696655
87713817521348696,13.697797060012816
67661447910870066,47.7691365480423
56320848365798260,49.93004775047302
55475219885111581,8.319948434829712
67447468226611209,2.749985694885254
47518230904602304,115.77679002285004
83041835282292249,47.9782155752182
4444197577587164,2.608039379119873
42382721318096757,206.32543277740479
4136143788511456,76.82089233398438
79638088875771493,1814.0786292552948
360781226343936829,532.9593522548676
44456479514963468,61.08308732509613
7727714978420384,4.177595138549805
45092287617554546,245.9887660741806
388920363861243019,8.571602821350098
383920101079509662,201.9200927019119
36523116286057297,67.43040132522583
15934039596427196,131.77925086021423
2786789742462514,4.914336442947388
25085902622618830,138.0402433872223
20549856123013871,3.5955506563186646
155526947334619655,5.613644123077393
25308725354838000,276.0056949853897
356591000976999684,28.781864523887634
45062993228129547,4.928290963172913
11029756876956992,1.0302367210388184
35845444254962797,71.8124566078186
35213938361750185,1.971517086029053
22920399703019184,2.7176766395568848
38620424269670806,6.346585631370544
59086079678607520,100.51233339309692
29155695208358960,68.69868063926697
9716523547021972,4.980836987495422
121281046225349475,1.5983803272247314
56939788163768567,3.7429003715515137
533823233410499298,3.227160215377808
204142610973666800,185.38282525539398
17844759498955789,1.8714342117309573
37456447712125611,56.063482522964485
49867351071708230,7.759142160415649
20104927483232779,2.673085927963257
138254787218743129,174.51371216773987
14488623956082871,204.41713690757751
46332868089971362,1.7790296077728271
34031145127371164,3.80014967918396
76731382525502101,2.464729070663452
260776343761540488,84.36246705055237
167310078519606215,10.832801580429077
7066582733846850,2.7695188522338867
2588506531121160,226.84556114673615
12258964815928395,4.708923697471619
39116936327259278,31.22964334487915
27983945225518524,60.032002568244934
70244334600309817,12.329872965812683
3041071383154898,26.39017653465271
90751049613339207,15.088116765022278
12723017760782076,6.442662954330444
36605805323972863,5.2485315799713135
61934382049241880,83.85220491886139
14487921482259303,2.1204562187194824
27854519381040464,34.213698744773865
79922766665982643,10.414610862731934
62041266391362769,188.9274872541428
20054434734510238,2.3169641494750977
9937297166162693,15.694302201271057
105482623533112982,9.314489603042603
104842190856523482,63.946871638298035
126444710705136339,9.637649297714232
2722482894239785,73.88447070121765
4556797190128469,4.011264085769653
284725602350577544,39.18321228027344
1633091510335997,17.439727544784546
13508299359957750,2.6671082973480225
10490205074789641,5.903017282485962
29295698429868669,4.126561641693115
174112188646154437,54.81143093109131
24604608486542648,16.27305555343628
49498275191555901,69.82118046283722
40292622480661727,75.2063057422638
5550674759182732,3.133782386779785
5621606903435706,35.928563356399536
4809417261413765,52.55633044242859
56050498580105252,10.854433178901672
20554435845188087,87.6036171913147
76897305219709397,18.06852412223816
12328777418541477,8.334064722061157
247364984301517296,141.6019505262375
370977358584877441,3.2761383056640625
61906623922709490,48.27743589878082
123975535778241758,2.807167291641236
17528777477826177,85.79783642292023
219721011933641030,7.473836898803711
105432649183551926,29.15995490550995
111159023397022397,8.593590021133423
242077907962097301,117.62526535987854
49199410246115472,23.567507624626167
6464296950137717,3.7674739360809326
48104041113314012,16.2262761592865
36942875587937720,13.29084086418152
23470469964300532,21.03446352481842
60923749778302092,10.61393928527832
3142281664543104,64.13774871826172
309795323186510236,6.543476104736328
132899555376814129,40.27058482170105
29244115938674997,6.816632986068726
20991720327920251,36.01457393169403
5531902429702838,9.487455368041992
154590455530445856,12.174425482749939
241575351631321,7.8965195417404175
18099731356488774,83.1937358379364
23033427328757764,9.711966276168823
13923570202393691,33.9660964012146
189869501592560725,9.509351015090942
27812254586139339,8.156921982765198
1523846805353805,27.211024165153503
277259233777940774,46.37591350078583
15525616837138556,7.210133790969849
130368876058049671,228.28381741046906
10267887145588786,26.403867721557617
107184129240918102,5.114705801010132
19451183269394375,10.077625513076782
2854184381048365,3.874202489852905
23604220509814968,3.842516422271729
170926591907963456,10.203765153884888
14569768835833651,11.487336158752441
252639938279548285,4.344389915466309
10253774466795248,7.733450889587403
16124526727397132,8.06841504573822
189499702547079542,173.64882802963257
113139922037850881,8.514086484909058
19825923401734007,4.939957618713379
19143210304701368,4.323737144470215
15319711889756111,3.0397838354110718
4966627362348150,3.1801421642303467
36548336061339890,5.233391165733337
407099514157297347,11.20367980003357
18501829870122218,1.5654935836791992
8046876844440158,4.1258814334869385
5772784237039792,3.0497981309890747
33661241694770805,29.346015334129333
62628707092681192,317.2711009979248
42080575747534214,2.92064929008484
26931820845073979,2.4673755168914795
287721741926109428,1.8038787841796875
19153974093042514,58.97083127498627
122421758722938441,3.1001768112182617
4997429568822968,7.169152736663818
1441197736699088,8.875545382499695
118160301102625517,30.934274435043335
87174316930873120,5.181498527526856
8506956136574219,1.7232880592346191
6087504311434383,4.899781227111816
37080531810066818,28.548216700553894
38626519249335450,5.914118766784668
28586303948160044,3.1163835525512695
29508166461425154,4.106881141662598
8968242350263709,2.584176540374756
51567571096906487,27.008883595466614
335840714612115809,28.737824320793152
152358061427482460,5.674654722213745
20180348976748955,9.080424427986147
8735606702806328,3.197149157524109
2176259394361180,12.210898756980896
5196599971121181,28.283806324005127
107944118162646236,5.954330682754517
25630941828803042,78.67898225784302
319807440046394562,4.176302671432495
456863660970382375,37.029048442840576
41598037080995060,60.14667022228241
16457743621478798,2.890298843383788
2332281583801172,82.50682199001312
12299144165041688,3.816777229309082
36971921247213136,200.86761593818665
83364579570782761,3.694696187973023
97081980515921624,3.2225050926208496
2815225462077417,3.3326419591903687
282131809466546402,5.046563625335693
29754842866217626,27.914230942726135
40905627664827946,5.598591089248658
63629451574037284,53.04843020439148
50504589758861354,32.57389581203461
46486628922863448,42.689276814460754
74306514559351489,4.252613067626953
57008005333083635,21.32165336608887
464385075908602079,9.397167205810549
3441996261057241,109.97738552093506
59052648152200545,20.769815921783447
45622273264270824,6.566185235977173
31884855391106165,5.505540370941162
50851657338278102,3.9499456882476807
38491294336153564,15.965392827987671
85429983171270336,8.737075924873352
375629095917261566,43.82028818130493
56640902986319475,30.19209933280945
29820583925078241,44.45798397064209
90762981717883689,5.684073448181152
74727871991507854,5.036869764328003
43246993167120523,6.428021192550659
37826419763907991,354.25713789463043
6818237694672750,22.835292100906372
4201635915583706,63.34032595157623
343027296614846505,65.57023119926453
47192782315596399,5.113882541656494
45231634321162636,16.984873294830322
73412694141881428,8.022101044654846
52458275326337787,51.66202259063721
3396335656318772,6.787477493286133
3536357709206502,29.222560763359066
