,num_samples,num_classes
20504694441440520,83021,26
3943703261081846,83021,26
241360199524743726,83021,26
22176294145196426,83021,26
22448212849937845,83021,26
22333045382683851,83021,26
16953893331647455,83021,26
73829539555000502,83021,26
16363663977472389,83021,26
35027679343173428,83021,26
31089374905428338,83021,26
65770475282502030,83021,26
39627437468135590,83021,26
362066015493133198,83021,26
9391625470074939,83021,26
20290420651047610,83021,26
13722874528916286,83021,26
4794119612852028,83021,26
179881443890252883,83021,26
6001494267033190,83021,26
146030151877132968,83021,26
82156932995205374,83021,26
237362276411537412,83021,26
27654062335632821,83021,26
132774777755898930,83021,26
22555136763483899,83021,26
6421469694058491,83021,26
113811947998624588,83021,26
238997504279164976,83021,26
31402684853620507,83021,26
438345620387815117,83021,26
487929845962077308,83021,26
2637034712327252,83021,26
31170285456273867,83021,26
23429359728544459,83021,26
365431048244228,83021,26
1760508760076587,83021,26
40350380768702549,83021,26
62209492742946396,83021,26
43617742992264083,83021,26
93209843956533499,83021,26
456014470538412290,83021,26
69062934443240179,83021,26
77931604254360417,83021,26
5281551388204080,83021,26
9404612796214773,83021,26
23085688683393488,83021,26
24402950379490290,83021,26
430884454159928200,83021,26
20728492055843957,83021,26
18690242054747533,83021,26
14076560528499350,83021,26
112994152672424652,83021,26
77403848890676082,83021,26
145796811026961349,83021,26
39264268986276616,83021,26
61199270426593262,83021,26
19165201147953929,83021,26
41396759597661163,83021,26
483458603148955430,83021,26
3820479209045707,83021,26
4940941619395658,83021,26
44607322513008189,83021,26
10288561780911140,83021,26
80412933494619871,83021,26
3772394742783512,83021,26
48244021789727295,83021,26
121534627056996567,83021,26
59960667713035280,83021,26
7713287752325677,83021,26
66791330003682288,83021,26
3484182528727311,83021,26
108157757049862975,83021,26
17163575348551204,83021,26
102487424547385841,83021,26
57806753145923701,83021,26
103462854312936010,83021,26
57886338119268141,83021,26
167700777555707920,83021,26
108231270609508269,83021,26
4040253094494024,83021,26
27983443680561264,83021,26
34863348665998952,83021,26
2850218977728031,83021,26
7872455865783015,83021,26
7417855021015490,83021,26
4330013565667400,83021,26
26766093433477360,83021,26
370828638010780347,83021,26
33513814437272104,83021,26
11437947111136156,83021,26
19080150657054669,83021,26
10788417221903471,83021,26
200069869664104791,83021,26
20555342280616617,83021,26
199695989703079301,83021,26
20933179454489135,83021,26
165861148591595745,83021,26
19047973785921465,83021,26
28602035936738808,83021,26
1651834602958939,83021,26
235492758405208952,83021,26
129584953263735982,83021,26
146349237663680169,83021,26
2231942178431444,83021,26
122280282544507516,83021,26
20044547269455623,83021,26
27012059511680513,83021,26
26374480034585713,83021,26
25271585742968735,83021,26
24550737050881453,83021,26
27166909514986336,83021,26
41737767589853551,83021,26
4876072376815434,83021,26
89579735558903910,83021,26
35017225155671652,83021,26
17381618467976701,83021,26
3392576005635224,83021,26
92397006571564694,83021,26
17014596414923617,83021,26
47759877947161153,83021,26
44563329084231980,83021,26
82023296085300519,83021,26
2325626643318297,83021,26
157363369622513778,83021,26
19635656534809807,83021,26
96930977930262661,83021,26
12877445362336515,83021,26
10091952188143744,83021,26
7358060581383766,83021,26
142467173860279747,83021,26
192158873552103092,83021,26
20419198263469310,83021,26
294122406935122445,83021,26
10208715206400496,83021,26
29007304100265970,83021,26
45206122763630746,83021,26
179537471779707980,83021,26
376933446844667961,83021,26
98261094348242903,83021,26
745837207799414,83021,26
34072193615836489,83021,26
45203012296272093,83021,26
11837556118057288,83021,26
72722256432750941,83021,26
665961596084652,83021,26
39656885203827643,83021,26
115466965154529974,83021,26
47116637070601682,83021,26
48674611725411088,83021,26
18455998592333931,83021,26
65974704747476,83021,26
14234605544829489,83021,26
301429567467222182,83021,26
53037567251271882,83021,26
84462768524352215,83021,26
56350124594922575,83021,26
87657141818597390,83021,26
502618439303477112,83021,26
79690108494641654,83021,26
3791072729460488,83021,26
428538507615618356,83021,26
3882588390069601,83021,26
32307365751316984,83021,26
54927315200199782,83021,26
36366750773868302,83021,26
92482992656381848,83021,26
7266229956407974,83021,26
42472655860695539,83021,26
30497829674406346,83021,26
71030883657526602,83021,26
8985867730078414,83021,26
9000055288893067,83021,26
47113546487082393,83021,26
68314632099170259,83021,26
9807960688271499,5775,21
7459198860207711,5775,21
26869941578572375,5775,21
28016350318507554,5775,21
82646487897860533,5775,21
91199307848333966,5775,21
42487447924371572,5775,21
117150171488839771,5775,21
237513966237510012,5775,21
3825983435716928,5775,21
31448436213912698,5775,21
6491074271765072,5775,21
68346471064963864,5775,21
45548079414663925,5775,21
25510292953427628,5775,21
47651798181409123,5775,21
117148741152098190,5775,21
105351719834401994,5775,21
116286076705826724,5775,21
27907008923030451,5775,21
152206338686168734,5775,21
27937087037956386,5775,21
13724334109215240,5775,21
68971176888903849,5775,21
183272368807353270,5775,21
23020805490353915,5775,21
130719366285448722,5775,21
2341056625041967,5775,21
53594170600074240,5775,21
33316470483363001,5775,21
25612500127449302,5775,21
19277153339958203,5775,21
54590203542813612,5775,21
15665967433180285,5775,21
9466900510239061,5775,21
960863609761637,5775,21
265057549492006432,5775,21
11016767775301400,5775,21
45174098907352789,5775,21
226068690698586,5775,21
44388214559098065,5775,21
354214342551883202,5775,21
27072980895742038,5775,21
57862174692513557,5775,21
15362249813035066,5775,21
1275372140119606,5775,21
114008256042379878,5775,21
107749191806409729,5775,21
57428133940201609,5775,21
179863293630482622,5775,21
27992616526313537,5775,21
37020730952677219,5775,21
187157260183993583,5775,21
57757608208274802,5775,21
27903709599575906,5775,21
31971299671189952,5775,21
49894623361264524,5775,21
18368406512137620,5775,21
34671349308522963,5775,21
54112753446797054,5775,21
170916280614891038,5775,21
349378492061706539,5775,21
13929469167118045,5775,21
72828251300315756,5775,21
73208324217842071,5775,21
51853309001880253,5775,21
133513871118831900,5775,21
161769289679413050,5775,21
6050994229366992,5775,21
6904988222823350,5775,21
31142446903726118,5775,21
15292524759099453,5775,21
35148051568072354,5775,21
300320089911730125,5775,21
321054237128497052,5775,21
6548958250245421,5775,21
11253627597192843,5775,21
14676051943060333,5775,21
70881555758522600,5775,21
121684411859361519,5775,21
28062037397777903,5775,21
159943619568246117,5775,21
284426117914839969,5775,21
406099589406960264,5775,21
443777212326918415,5775,21
67097563002536454,5775,21
14763526689724460,5775,21
176455044615927,5775,21
32206118047283288,5775,21
392651761081986080,5775,21
30103011460671163,5775,21
21901950511614563,5775,21
23946274141336607,5775,21
13753275745931338,5775,21
15909738547967298,5775,21
13893582415587066,5775,21
146121860656657875,5775,21
22763090824607434,5775,21
267728918943727596,5775,21
12473575703204904,5775,21
19345511101769615,5775,21
13397597094579883,5775,21
118964890949056351,5775,21
26831083131846468,5775,21
28835276226148450,5775,21
18388382852574662,5775,21
194923959544481009,5775,21
112138737244754934,5775,21
186374739037376,5775,21
22223557301249574,5775,21
163988808767659232,5775,21
11091713510369220,5775,21
122340061834357022,5775,21
155891677434050144,5775,21
251449342639116233,5775,21
21505725027228961,5775,21
43656717698091713,5775,21
41171833193484391,5775,21
201582014158993270,5775,21
236868853075780774,5775,21
16533979726710258,5775,21
29540431507335375,5775,21
81430795413687865,5775,21
57755022118038560,5775,21
32247758380391872,5775,21
27567377973328481,5775,21
1266434840282806,5775,21
19963738647588565,5775,21
47770060140063977,5775,21
358340244629894428,5775,21
32410053641720814,5775,21
195887473478268,5775,21
6752961629994230,5775,21
2752398831330977,5775,21
3721290604016779,5775,21
23190937932011498,5775,21
15634800813099488,5775,21
77568336577949115,5775,21
12435531426856341,5775,21
31477508494108041,5775,21
51360785310513052,5775,21
31697957820366164,5775,21
121419588924899015,5775,21
490090572109335513,5775,21
4037450601451361,5775,21
22624426913700425,5775,21
82410990273550290,5775,21
14738192821090280,5775,21
95384486062928495,5775,21
50562832280477752,5775,21
308040500024118277,5775,21
22092035263894217,5775,21
13444221437895675,5775,21
6983110563057696,5775,21
28856187332068404,5775,21
399959156499509110,5775,21
36273379152341271,5775,21
34040527012881689,5775,21
5417367827809716,5775,21
88970152027870592,5775,21
39785975615977,5775,21
33919139790977132,5775,21
86134012721286843,5775,21
34606061704115105,5775,21
73066249140628052,5775,21
67258528670717129,5775,21
7051056822584774,5775,21
3783397043339144,5775,21
11306157442012267,5775,21
18450893943387517,5775,21
266243333649083823,5775,21
127441583411737294,5775,21
85801023853920428,5775,21
47886844201617876,5775,21
96865890917858269,5775,21
3731551867135607,5775,21
98868375550261285,5775,21
33675759789754401,5775,21
85987711258921157,5775,21
8062360831806978,5775,21
45602489894422016,5775,21
409645896188679193,5775,21
74432898796864184,5775,21
44110624479623844,5775,21
34962794528753962,5775,21
42105896310143363,5775,21
4119619258960875,5775,21
9339780005218392,5775,21
5727175545252064,5775,21
96120475169216439,5775,21
30976662422311039,5775,21
3551198614103642,5775,21
391327115226372948,5775,21
36193351308046441,5775,21
311041121039526485,5775,21
9563457463048222,5775,21
64316834776935709,5775,21
76505660927743957,5775,21
98371218077077730,5775,21
44318644524024145,5775,21
4891439878058004,5775,21
45365153091146460,5775,21
9735787510624514,5775,21
794638039019659,5775,21
81088234669587020,5775,21
79805990906682131,5775,21
9559929060867481,5775,21
37279504605286538,5775,21
9877003506934759,5775,21
46801958327388021,5775,21
15314844028951064,2436,33
16406771594585499,2436,33
18325372658686632,2436,33
23099098029176423,2436,33
28226287381262025,2436,33
62201089187773309,2436,33
355145651811765252,2436,33
96612320163390901,2436,33
86972386597742,2436,33
75616134523829002,2436,33
100502274537963459,2436,33
165586024208328972,2436,33
4692616730923338,2436,33
88129446004506050,2436,33
7673705977094755,2436,33
163739403791208682,2436,33
27921174851521148,2436,33
219374864232919389,2436,33
14272998890897218,2436,33
10506338037192042,2436,33
18953020261372272,2436,33
66542217063848208,2436,33
430329616812330309,2436,33
127976610971130104,2436,33
308830544335150266,2436,33
31884290852442361,2436,33
82163191480031888,2436,33
24118630084216716,2436,33
25782526203353210,2436,33
29160993187327796,2436,33
14211192797744821,2436,33
335886467595447831,2436,33
55813413926938457,2436,33
90263899249324165,2436,33
150953139554654428,2436,33
12041962205224340,2436,33
3824575428803624,2436,33
21991130223452056,2436,33
39988910874610727,2436,33
444700671322570022,2436,33
369847125180500208,2436,33
269879358452740497,2436,33
61019355656074977,2436,33
95815697361254180,2436,33
98137351755236418,2436,33
33811008701413001,2436,33
112111942449689034,2436,33
68099381177886404,2436,33
8087940247645872,2436,33
42382122720541476,2436,33
11273742108713795,2436,33
53394862284112470,2436,33
66570176969585589,2436,33
27572610976707353,2436,33
3150268296808092,2436,33
13896637613885725,2436,33
380304733795430259,2436,33
140555383235726856,2436,33
465516051076290,2436,33
6377714265905696,2436,33
6441407442402909,2436,33
65205575745691846,2436,33
79296655149718031,2436,33
30030300647342447,2436,33
124336626711823127,2436,33
320873202391112235,2436,33
38245315674476348,2436,33
1955789877925700,2436,33
423048017062492367,2436,33
5019136760493922,2436,33
7193343799429514,2436,33
108019633999000152,2436,33
110642525326009422,2436,33
73872710875486809,2436,33
49089154817998987,2436,33
109218154468079836,2436,33
14128633932077695,2436,33
7571918749570086,2436,33
4591389993942332,2436,33
144835056759579736,2436,33
76860997116241631,2436,33
236232032103579674,2436,33
18699020636284082,2436,33
63668953588731862,2436,33
395566581835239857,2436,33
2099751874889223,2436,33
559137967796900490,2436,33
214584431256960942,2436,33
14614672767062822,2436,33
17768126213334005,2436,33
4766821298880630,2436,33
14723688361816198,2436,33
22539894538296157,2436,33
13894737130088541,2436,33
11337218775788005,2436,33
196076067629715473,2436,33
379095210614393778,2436,33
33717063592894755,2436,33
62140398120344095,2436,33
220266270229217369,2436,33
107471334123931808,2436,33
111965479540511,2436,33
46993555097534957,2436,33
23321230366325852,2436,33
4062604458366569,2436,33
71704361204316924,2436,33
62791333181528900,2436,33
35976189678926134,2436,33
100009027921868204,2436,33
107522673953550556,2436,33
11909134961702602,2436,33
154173426636080179,2436,33
235457002517759433,2436,33
15760724645931252,2436,33
264543187838667654,2436,33
29292918808561384,2436,33
202146757348696780,2436,33
200957429225687824,2436,33
19298426506941264,2436,33
1285199493060889,2436,33
11017924325916268,2436,33
133184353680586299,2436,33
209968380846547,2436,33
15805490076553957,2436,33
14541973980678308,2436,33
26254513938293016,2436,33
147539823720870336,2436,33
16533414172114291,2436,33
270684540239279607,2436,33
124900899121822559,2436,33
45143242896001400,2436,33
377013784426392693,2436,33
18970792838293728,2436,33
55731266328233240,2436,33
122776866882623355,2436,33
185883899598492055,2436,33
13308317571938081,2436,33
1311842697684005,2436,33
16390267410141925,2436,33
27186224278540143,2436,33
540160313399947,2436,33
1265098348033864,2436,33
66437652203731830,2436,33
3858083713976044,2436,33
7392299147910468,2436,33
130939329720777238,2436,33
30291677738110630,2436,33
21303228155795445,2436,33
7677135470051293,2436,33
227826437197028779,2436,33
5284835387373169,2436,33
3528604821813237,2436,33
44196606220476765,2436,33
12478629013591743,2436,33
6306174917987533,2436,33
98082766227463271,2436,33
56095374132936408,2436,33
3842585570621918,2436,33
1534816777666886,2436,33
73332655677224972,2436,33
77933401457993741,2436,33
10270277859437503,2436,33
139413934241790055,2436,33
20792836575925751,2436,33
229226551345494643,2436,33
317396792491140855,2436,33
3545546627396470,2436,33
15702012353854170,2436,33
141190268280982457,2436,33
2752374304368782,2436,33
114324295060135697,2436,33
7101197551768090,2436,33
81060997442777826,2436,33
90426829193713976,2436,33
79055810248166594,2436,33
4524074147335557,2436,33
49434758296190740,2436,33
64994183526057914,2436,33
37866929357004781,2436,33
229742166487757646,2436,33
11296240121495131,2436,33
80441280597414306,2436,33
41257278699621324,2436,33
14143281299585933,2436,33
3887579873258290,2436,33
467196623815970565,2436,33
31001583870843397,2436,33
6705783188917448,2436,33
52499658311353373,2436,33
58074514851582182,2436,33
440221466802954388,2436,33
64444571240853172,2436,33
4135284078718973,2436,33
9833672296632591,2436,33
461659733527198854,2436,33
46172773257907726,2436,33
49006373038990133,2436,33
93577535882277246,2436,33
35265889626843576,2436,33
4227311895162274,2436,33
4002048928437841,2436,33
4950292981706754,2436,33
83756460607493851,2436,33
9727453866884320,2436,33
58388949160942312,2436,33
67207190229997506,2436,33
484649760475649817,2436,33
33498638481654561,2436,33
40924524977633365,2436,33
61279975343975305,2436,33
39879213116904731,2436,33
8593913997694903,2436,33
71780925344845051,2436,33
71707164140800161,72413,25
431109092737407541,72413,25
30342389707691813,72413,25
353283563244097197,72413,25
19209731093953385,72413,25
125647924893115433,72413,25
221099004701793198,72413,25
2593550941901256,72413,25
111643440625747263,72413,25
20009754010874620,72413,25
2239194002216079,72413,25
1383248586065289,72413,25
302758339368438,72413,25
121213734768288675,72413,25
30458019777800950,72413,25
28539724674382392,72413,25
64232037609863720,72413,25
29752609412446346,72413,25
71140799462200534,72413,25
21365986556441328,72413,25
5976541208260588,72413,25
13437386591941804,72413,25
27300102385088241,72413,25
54319653696700263,72413,25
31573546872545826,72413,25
68511500992344517,72413,25
63511404176503584,72413,25
211388311027114597,72413,25
78017631817490412,72413,25
59234294287232703,72413,25
42948000678317671,72413,25
25400429286735986,72413,25
193945708075681620,72413,25
19334628601104640,72413,25
5492889176532976,72413,25
61825037082787336,72413,25
203761465278494300,72413,25
71343028480366859,72413,25
255770503712097340,72413,25
16184665401841651,72413,25
123806033242657638,72413,25
37885279077270038,72413,25
25195700194405752,72413,25
1096694327693994,72413,25
3392567655250129,72413,25
66721332710494656,72413,25
148940914447439487,72413,25
190955289403986932,72413,25
393927775483167698,72413,25
52802432937627160,72413,25
33682730996170344,72413,25
100098259404867435,72413,25
16543533045855271,72413,25
116429979381972468,72413,25
77282772447191420,72413,25
128392034941372972,72413,25
27561073091330545,72413,25
21589219247660235,72413,25
3565526839157355,72413,25
17663904364544302,72413,25
19488689980683887,72413,25
31754535560611,72413,25
13744478672679609,72413,25
15257563216257535,72413,25
10728397627374729,72413,25
65155743315126030,72413,25
49805686882298494,72413,25
68359136195349097,72413,25
130912487081758119,72413,25
62944496908447532,72413,25
80103155818335849,72413,25
10225942142840123,72413,25
221115471794211067,72413,25
161405220055350230,72413,25
129536735893806353,72413,25
38706093709309967,72413,25
3500677361985577,72413,25
12752211666818489,72413,25
3155779152452844,72413,25
54122603325484672,72413,25
62398658960322696,72413,25
41659275145239397,72413,25
63999461927906994,72413,25
2136907986584922,72413,25
103604070630824197,72413,25
19480368148775015,72413,25
29311267167582325,72413,25
6072101119995926,72413,25
69945771044230085,72413,25
15383853780071888,72413,25
7407350534372988,72413,25
27786983063433479,72413,25
54334324045406719,72413,25
16095099738463760,72413,25
4655825084358762,72413,25
14672642654960191,72413,25
66156367129447362,72413,25
67154409948699451,72413,25
79192643003883129,72413,25
5978117797119560,72413,25
27603444426931477,72413,25
15646635217799955,72413,25
28489884510189696,72413,25
16648436599074144,72413,25
11940094980237245,72413,25
127242410490938693,72413,25
21127296293298657,72413,25
119712160119952948,72413,25
18473236391963660,72413,25
2301295348074871,72413,25
27583879635199477,72413,25
1291136723455731,72413,25
18585286099070448,72413,25
13774338246227042,72413,25
211989408778815780,72413,25
24964491648987616,72413,25
17016803629795676,72413,25
246055012384007987,72413,25
22042260809088607,72413,25
145581251636810748,72413,25
143065216972098847,72413,25
13304026400318484,72413,25
127336659493041855,72413,25
200410235899058959,72413,25
10835899563744469,72413,25
28028129524116804,72413,25
283861315964504797,72413,25
106224760358715541,72413,25
10922466848953829,72413,25
28572265628557506,72413,25
80702465168461533,72413,25
4642671312177421,72413,25
32079441254100540,72413,25
117876058463651427,72413,25
47986509763101937,72413,25
4886933402435780,72413,25
55633142574314592,72413,25
9757627680445201,72413,25
40217031638552214,72413,25
12228587546037246,72413,25
2173603999751054,72413,25
19539388202697955,72413,25
38837419904199529,72413,25
33895267018560154,72413,25
60740750101523955,72413,25
68903880402603879,72413,25
113935506913732921,72413,25
4822161427092258,72413,25
4882278260466065,72413,25
19908503993462403,72413,25
21545813459156155,72413,25
147303586017477700,72413,25
29697071936579133,72413,25
133220872189155,72413,25
20214428310103763,72413,25
109448135422636623,72413,25
454713801956714473,72413,25
27906163207635367,72413,25
40596749968238066,72413,25
90294960941214436,72413,25
147570471320524305,72413,25
78750617220944839,72413,25
24887567010857414,72413,25
7498333154241186,72413,25
96374003995188980,72413,25
37841840673188779,72413,25
471471175957981122,72413,25
93015729934515023,72413,25
97522126578677476,72413,25
271648968277798152,72413,25
183387217432366514,72413,25
57539465921343336,72413,25
5176669074978752,72413,25
4658823800760752,72413,25
379519764204964181,72413,25
64501512420069020,72413,25
99131717235154754,72413,25
50373732728666607,72413,25
3890643185898221,72413,25
31372302617510169,72413,25
98658521970031244,72413,25
55853135480215962,72413,25
337771206143745398,72413,25
38602174621422862,72413,25
455917789734020879,72413,25
51577043057327507,72413,25
9083162835715392,72413,25
76892440108472452,72413,25
65603762591971170,72413,25
299190128147373738,72413,25
61827239462651923,72413,25
9837723338610456,72413,25
172605606553161033,32583,38
1875017784898632,32583,38
65836920050636481,32583,38
8191981088187738,32583,38
19453431502679926,32583,38
9370598557190192,32583,38
68744687201944200,32583,38
25526358101141388,32583,38
450708538445218306,32583,38
74410810569556117,32583,38
132961547466237716,32583,38
136586398942721834,32583,38
2472653926719208,32583,38
142786005258680237,32583,38
30572059869834247,32583,38
95715321760306308,32583,38
287646675642645554,32583,38
15648249536490425,32583,38
121503549122446111,32583,38
427793824850868078,32583,38
6197520902584898,32583,38
119996938293540125,32583,38
29801553701651541,32583,38
27504655100248421,32583,38
124421281461647524,32583,38
95991538235853163,32583,38
60089613064784503,32583,38
34785226386751416,32583,38
10866215571931116,32583,38
59358822586906323,32583,38
354614547628248807,32583,38
48310736255790482,32583,38
358284410433463507,32583,38
20881948070183605,32583,38
19335359728360325,32583,38
56246857634841198,32583,38
53934719687463679,32583,38
132277790901541983,32583,38
172151780770253101,32583,38
21928215579808885,32583,38
30094323677352018,32583,38
35561445419897268,32583,38
10021145794318297,32583,38
3483161888489176,32583,38
51127173617034504,32583,38
40542617123423486,32583,38
13031333372145970,32583,38
19165366764963224,32583,38
126746183824984903,32583,38
44471510197294757,32583,38
234437673833705992,32583,38
365556641256903189,32583,38
154518748391153395,32583,38
22329375575761368,32583,38
51687709468188043,32583,38
6657589413999469,32583,38
65920384920797171,32583,38
11248470261741781,32583,38
18232213573141298,32583,38
31540325522105519,32583,38
498386411393795628,32583,38
31166250484377855,32583,38
315417283309207132,32583,38
23892456388492516,32583,38
35060187215018368,32583,38
17292081267039678,32583,38
16469535171510182,32583,38
4589375933871617,32583,38
17150916675942641,32583,38
3021985545458443,32583,38
417316433531142088,32583,38
6227671520050939,32583,38
48591660929505404,32583,38
17305232699512970,32583,38
31846293451659348,32583,38
46672926964238756,32583,38
38731729350949027,32583,38
1856198296289260,32583,38
21359974297252608,32583,38
33986078092809067,32583,38
6627134660633580,32583,38
478383159902528199,32583,38
369821897657330117,32583,38
10946906875375082,32583,38
38201499630764788,32583,38
62075263032224166,32583,38
276220529510358474,32583,38
296623674350165603,32583,38
5581871035097244,32583,38
138930109444715454,32583,38
21776789814692358,32583,38
162859599673086368,32583,38
220414559696870174,32583,38
161034971878869933,32583,38
100724753214422306,32583,38
109317185654678804,32583,38
23029756046803040,32583,38
14049871807388482,32583,38
20136817982327694,32583,38
14332839022384728,32583,38
133338558398472236,32583,38
28417266087836230,32583,38
26204514090457520,32583,38
22764268934440332,32583,38
166425869407675039,32583,38
24272422801844431,32583,38
27904807595767476,32583,38
258022094361570497,32583,38
10440603855591354,32583,38
227141821208383459,32583,38
2840513249107280,32583,38
270153729056457491,32583,38
10871398871327365,32583,38
8181914115204738,32583,38
65754897284499302,32583,38
53364747122016973,32583,38
20777096119955184,32583,38
32263590957540452,32583,38
23955134298180396,32583,38
122131119410580090,32583,38
219493914398270591,32583,38
33488778399351810,32583,38
36947853159447321,32583,38
108181217615948935,32583,38
42384351665910154,32583,38
1208689522410716,32583,38
1832127518135038,32583,38
146687479548766567,32583,38
63560823049739728,32583,38
267019154878244685,32583,38
331406097887838820,32583,38
5221346120982379,32583,38
28165709239298103,32583,38
5076473189021950,32583,38
56283039569451229,32583,38
123007504319528492,32583,38
73562739708242520,32583,38
27286016048574827,32583,38
172602333339386455,32583,38
7851991993163413,32583,38
53304807120670898,32583,38
137426892698982204,32583,38
14198114074227138,32583,38
61283416892631562,32583,38
59060544907130445,32583,38
115130570218448986,32583,38
11203678544498535,32583,38
29538519148884374,32583,38
30080435679673714,32583,38
451707178974077520,32583,38
227340287957034317,32583,38
29241774370853051,32583,38
14801655966424008,32583,38
3514671758126178,32583,38
1852145287390567,32583,38
50506418001483159,32583,38
62356046687479010,32583,38
34572097120100139,32583,38
841658147133105,32583,38
25282616568434952,32583,38
89518635355051807,32583,38
96474761455132880,32583,38
23863277365590358,32583,38
19460627224142769,32583,38
87866911608712499,32583,38
189238567631875350,32583,38
4567217387052434,32583,38
6056750800286468,32583,38
3921408293761910,32583,38
66080781203358161,32583,38
95576868565814619,32583,38
36898487042015542,32583,38
83554670074742236,32583,38
38273784141176276,32583,38
8699728447737141,32583,38
40341237506314776,32583,38
37641998595620627,32583,38
83837086729140808,32583,38
96856996464990816,32583,38
5620413168060654,32583,38
56429206093481828,32583,38
95655917358366845,32583,38
9080219845723127,32583,38
337220636602649274,32583,38
91734900517636598,32583,38
47553934787125574,32583,38
5191673505180203,32583,38
7758297273081752,32583,38
43856137021585608,18900,45
18162702189349349,18900,45
244453108448436529,18900,45
83589243412735392,18900,45
1285399973850265,18900,45
334171111653790293,18900,45
165934653291827941,18900,45
202490533689871935,18900,45
14007924645369696,18900,45
23472625978897040,18900,45
98987501970864103,18900,45
18274487232919050,18900,45
5570709071208328,18900,45
79519832949238190,18900,45
115485167859905079,18900,45
36007481656267902,18900,45
27276865823964496,18900,45
27993579129244189,18900,45
26986700983921500,18900,45
9096075381416281,18900,45
74427435202853185,18900,45
315588065013079333,18900,45
13324303254719636,18900,45
32000712976650058,18900,45
138512258456634742,18900,45
69915884014192578,18900,45
8201214153754148,18900,45
15799263297784499,18900,45
46921682494506099,18900,45
55027103894893590,18900,45
104701109548588564,18900,45
423857265640426108,18900,45
29562268947824656,18900,45
61325288109846128,18900,45
120748961739884662,18900,45
43399804905976721,18900,45
5155820934481440,18900,45
10368655848478591,18900,45
23135293723335938,18900,45
106724341777867025,18900,45
139020012171056315,18900,45
30022673700995796,18900,45
4800427817605243,18900,45
1799095174375917,18900,45
169496289386163519,18900,45
32313058216001496,18900,45
42781350850942447,18900,45
114581770404576647,18900,45
62586181450969542,18900,45
45394821409968018,18900,45
40277063785296201,18900,45
22864948388345475,18900,45
171075133545778268,18900,45
11353120883201910,18900,45
15581951145158773,18900,45
18033552111031048,18900,45
21340898581535703,18900,45
18567281134137764,18900,45
3130432380142927,18900,45
11662049986106032,18900,45
46405486219025374,18900,45
211469578452439,18900,45
30196269851605516,18900,45
1265207277313538,18900,45
4052647016339536,18900,45
123143746223608893,18900,45
11046330265686770,18900,45
103909318795873424,18900,45
32991264431312360,18900,45
227156942944381287,18900,45
317307249171994069,18900,45
53819006480695558,18900,45
73772213831479514,18900,45
140760248107116444,18900,45
48070928493974175,18900,45
33416673932834288,18900,45
29842242390167720,18900,45
398348471409764784,18900,45
22861120221797162,18900,45
22898336895401134,18900,45
103330830245162189,18900,45
327433942837959693,18900,45
42397129778427571,18900,45
11029363145689785,18900,45
47447536914206732,18900,45
467950589444843310,18900,45
112013816282387542,18900,45
101607458357647633,18900,45
16052101896739666,18900,45
281540830841934435,18900,45
102307278919694904,18900,45
254689964978368997,18900,45
117554207987091802,18900,45
189030148949202779,18900,45
168500887774411807,18900,45
17078573767559972,18900,45
147201062226023260,18900,45
24183739708981322,18900,45
126047437379514740,18900,45
17454547242647504,18900,45
23726155058583898,18900,45
1017162767313721,18900,45
121169673543224628,18900,45
11487266220197020,18900,45
24319414905075328,18900,45
231506342518142263,18900,45
108589058519405347,18900,45
1301931022355051,18900,45
41677515728736416,18900,45
15361043229090324,18900,45
13580629401803779,18900,45
6317697762475927,18900,45
5347103535230395,18900,45
9687310738625420,18900,45
20072281044960060,18900,45
125541362257293864,18900,45
6080664923201845,18900,45
23374577203731563,18900,45
16465590908102792,18900,45
29483220578285565,18900,45
1926687387829783,18900,45
56888859512285668,18900,45
25791432885191344,18900,45
95010466927004371,18900,45
386730785049125170,18900,45
10921915274328175,18900,45
2427987738802014,18900,45
53095233181360519,18900,45
650810393454230,18900,45
187769525150335405,18900,45
36870472848441835,18900,45
3335810406761757,18900,45
28222993628122600,18900,45
78786193456510456,18900,45
47043566078570693,18900,45
75317040497971121,18900,45
39495751300185969,18900,45
61606203061525640,18900,45
68090548295970850,18900,45
22765193843404885,18900,45
74675466660445350,18900,45
61911299181904482,18900,45
31681409000999635,18900,45
42167807730612973,18900,45
59113726645161294,18900,45
85444421461544891,18900,45
5502623315597886,18900,45
28852618773821176,18900,45
105615943518052860,18900,45
25190952009732816,18900,45
156384401101441,18900,45
11729798440259203,18900,45
229180783867997941,18900,45
343781850047319238,18900,45
23219930133039116,18900,45
37828757988615050,18900,45
117980116194089146,18900,45
9600002706214433,18900,45
7012283266327517,18900,45
84971777540057413,18900,45
82473365155569740,18900,45
2992318192704038,18900,45
395264339631190,18900,45
31300622762615750,18900,45
91395343821433868,18900,45
9971402021902989,18900,45
41530626482018031,18900,45
5405546405407257,18900,45
68895280181176284,18900,45
5357194363072316,18900,45
30395673693139426,18900,45
567198831333947006,18900,45
49431955072455994,18900,45
6726953659211795,18900,45
73994499765381891,18900,45
7582121927937713,18900,45
42957189275368631,18900,45
544771286052534092,18900,45
48321047954876768,26295,43
1351109297692512,26295,43
32345339678363036,26295,43
145024985709721125,26295,43
27446273936273525,26295,43
1886547890249974,26295,43
191781007867061612,26295,43
124957914746475460,26295,43
11543618654721291,26295,43
6677108853370815,26295,43
145925637016128266,26295,43
480543386052842382,26295,43
897365199189505,26295,43
17199596472618875,26295,43
6447072634661015,26295,43
78796577047630938,26295,43
30996593754474458,26295,43
297333700134681570,26295,43
73733923760723538,26295,43
32563132244578104,26295,43
28147655886111452,26295,43
500878112688030534,26295,43
49844134601307438,26295,43
26186867138051875,26295,43
49076988468089483,26295,43
48974471117593908,26295,43
105928149662396802,26295,43
31318947276683033,26295,43
28065220170821454,26295,43
186143451436350026,26295,43
12888045871020125,26295,43
90541826296672688,26295,43
116579126936773405,26295,43
2416134201634891,26295,43
73290741558466186,26295,43
374183811567691939,26295,43
47860290590426465,26295,43
16952719093290779,26295,43
22600914567944882,26295,43
86631432845093519,26295,43
12002186298464900,26295,43
19648277328280450,26295,43
36750784062244434,26295,43
19026890952694385,26295,43
226021450295038363,26295,43
3730893313840823,26295,43
52914465380000924,26295,43
21516005153642669,26295,43
67556419722753843,26295,43
10613824083215468,26295,43
43617858770167238,26295,43
375213840073063166,26295,43
142381673557960544,26295,43
22049806904027360,26295,43
21846137630540349,26295,43
33942018121066100,26295,43
165119791206747873,26295,43
13303697762811964,26295,43
10063623867990583,26295,43
190399282163555068,26295,43
104573972759696662,26295,43
21297199052293093,26295,43
12347952306507616,26295,43
32261581459485398,26295,43
23643271513778464,26295,43
55126792116836503,26295,43
2956184552807091,26295,43
22439274538685281,26295,43
123133633821586495,26295,43
22072139163462322,26295,43
18884945807761639,26295,43
10213058595975733,26295,43
127856864908558464,26295,43
29559254436189596,26295,43
58108535941113186,26295,43
17400529518568370,26295,43
44245721016811134,26295,43
20468640752741379,26295,43
64653884938855733,26295,43
166560632740304666,26295,43
31437802558351423,26295,43
48506992948779248,26295,43
33906254679767188,26295,43
3344826255931790,26295,43
5186026379483503,26295,43
22375728592111806,26295,43
54962746172192887,26295,43
119035317086151453,26295,43
378215006126123675,26295,43
159579815916636115,26295,43
1226962861728652,26295,43
1968379937152812,26295,43
633297575070518436,26295,43
29693093089443830,26295,43
3654355395017196,26295,43
277500204429495769,26295,43
3333786529237148,26295,43
116520882588354118,26295,43
2335768244017890,26295,43
16325264048050648,26295,43
11117417054695805,26295,43
2381421404794326,26295,43
119546297211171520,26295,43
19355201906393837,26295,43
19363903352288901,26295,43
19671351942056832,26295,43
13821660646987976,26295,43
143049929127550582,26295,43
24942383262892740,26295,43
240482458516391328,26295,43
103786740802737560,26295,43
19195440373286871,26295,43
111973311147484770,26295,43
14841466407133633,26295,43
20055730085482424,26295,43
115859066525834826,26295,43
13993070214214983,26295,43
11015500368855037,26295,43
1459334819206968,26295,43
3485582333513888,26295,43
7676436645513845,26295,43
29747403423178632,26295,43
34430209119929001,26295,43
79940691890258691,26295,43
38166021546762665,26295,43
206281737606045595,26295,43
448578095908045,26295,43
336456000836681086,26295,43
119095289319661884,26295,43
129157869268207197,26295,43
20955470937795617,26295,43
93925594766534029,26295,43
28183325069174451,26295,43
3691267105677247,26295,43
68134898674605106,26295,43
34678298935798959,26295,43
49524551757647388,26295,43
86752026492106252,26295,43
5976255648917274,26295,43
28497621669441495,26295,43
102425504037391305,26295,43
54911252700207999,26295,43
2015222554759994,26295,43
5309911477952019,26295,43
14012386646025051,26295,43
3096603590868745,26295,43
157009438843010183,26295,43
55614937396889762,26295,43
29940856191513525,26295,43
29594416017822076,26295,43
10382896212225275,26295,43
45735157550055557,26295,43
9100369197111611,26295,43
10709773431630304,26295,43
4886784871232613,26295,43
102093278245291803,26295,43
128124062178275559,26295,43
118127833500988595,26295,43
89885304610958702,26295,43
11147084090794173,26295,43
18089389076700812,26295,43
31411465876159406,26295,43
19643268323525708,26295,43
17144898742346527,26295,43
84506009118836224,26295,43
75082538420769978,26295,43
93940061742182647,26295,43
53062163953088649,26295,43
63996327587865929,26295,43
36382741772383388,26295,43
76080184854972201,26295,43
61181617160822785,26295,43
4641229118211225,26295,43
45633138868852206,26295,43
54195041812600392,26295,43
52304813194809843,26295,43
64207353757903029,26295,43
66287357227347708,26295,43
43979871223773468,26295,43
30292010154922896,26295,43
59301973961054693,26295,43
354639938259269143,26295,43
439585190967450196,26295,43
49477885825802105,26295,43
75485981639354994,26295,43
30709657635057585,26295,43
45920123940862838,26295,43
356614597711470582,26295,43
11398896931087716,45134,102
12642398183471204,45134,102
74288839889993564,45134,102
3798732374694650,45134,102
24686233658983976,45134,102
74020223726277030,45134,102
161492568851873311,45134,102
12381020874350193,45134,102
51363515044320430,45134,102
166023945140922360,45134,102
101348942040321705,45134,102
10355468435203430,45134,102
3509679124724762,45134,102
65405884002558513,45134,102
93167066998652762,45134,102
380684538779750713,45134,102
24958488236281163,45134,102
40088198663669023,45134,102
13696480601788470,45134,102
30394802256012044,45134,102
284657734715239273,45134,102
23365354378788496,45134,102
26721253131617247,45134,102
58920753069454761,45134,102
115615189225756499,45134,102
53178352462027512,45134,102
4467201957271957,45134,102
95864316129265579,45134,102
14554226389372569,45134,102
130627932655550670,45134,102
23212090486994956,45134,102
7587099486599202,45134,102
74229440076776646,45134,102
127734594971972948,45134,102
87075164263100610,45134,102
503392365585643653,45134,102
3986104961565181,45134,102
87008994055144712,45134,102
28872952214141084,45134,102
5356496886343098,45134,102
17504227117562603,45134,102
100368188666632125,45134,102
113834860629032852,45134,102
3887361361404396,45134,102
17291795997561376,45134,102
236717260043936142,45134,102
514599799221289170,45134,102
34211659950556736,45134,102
15862852065389799,45134,102
7920226466538139,45134,102
655101755339043,45134,102
75921894891829899,45134,102
35674528561534720,45134,102
289792915801763963,45134,102
69041124996381650,45134,102
14982664530392825,45134,102
236046761829583471,45134,102
78910792243608538,45134,102
50342659446365195,45134,102
2937062121870279,45134,102
1990761414161587,45134,102
46078451355072994,45134,102
119703407034734904,45134,102
1805968848350452,45134,102
39078242126007838,45134,102
23545443711634870,45134,102
477103390811720014,45134,102
79353954838356049,45134,102
34921375761079191,45134,102
191035034339405799,45134,102
50394419252986503,45134,102
11081940524852509,45134,102
351584712638517573,45134,102
3661081193931744,45134,102
447396648543772492,45134,102
23680709625538219,45134,102
10773965073974229,45134,102
158033801858827187,45134,102
1985889555218941,45134,102
19486726492200184,45134,102
24236083759159211,45134,102
196271372986212928,45134,102
101602518674924743,45134,102
122217235477241427,45134,102
28499808976988258,45134,102
22280766346618733,45134,102
27169094095712551,45134,102
19705430620536155,45134,102
26147333040318098,45134,102
23990772084454638,45134,102
1301638456635843,45134,102
277607051484323440,45134,102
268922829119615951,45134,102
188415203240424764,45134,102
108197224543352823,45134,102
178913186181659807,45134,102
54335137679513974,45134,102
1490511563822563,45134,102
90440257662324883,45134,102
83563937429904269,45134,102
16813641953700724,45134,102
17334015593233746,45134,102
64206324860696797,45134,102
19206971589168584,45134,102
7868335176717465,45134,102
74751993728726134,45134,102
7412065740603703,45134,102
48994775790263852,45134,102
128321102868247135,45134,102
25185626951285814,45134,102
108142411200261628,45134,102
5967811971245858,45134,102
29901434912385720,45134,102
240459514356903751,45134,102
373448012105939526,45134,102
85779373221504957,45134,102
4906905858061330,45134,102
57556616818903484,45134,102
1002708974288113,45134,102
6282855525281876,45134,102
26021812202737312,45134,102
24588304759445761,45134,102
78047901523766623,45134,102
13477230329603555,45134,102
24369747008017722,45134,102
3127419771908286,45134,102
5531860013934194,45134,102
162050904397837,45134,102
37683310322145358,45134,102
97708290519232214,45134,102
13586599271081149,45134,102
2865102732497120,45134,102
23568096051438388,45134,102
75306063758869667,45134,102
41293009236602988,45134,102
55470082432731624,45134,102
46882579082639060,45134,102
9230347137607349,45134,102
4798529346253262,45134,102
92560295537468325,45134,102
90941708929897896,45134,102
65632065625226318,45134,102
3869881644136536,45134,102
59819362969019099,45134,102
48781966559293116,45134,102
63285817557225766,45134,102
36326636423296997,45134,102
306401514099593423,45134,102
42017788437509083,45134,102
70189949632231991,45134,102
6017653176868278,45134,102
36067168453313832,45134,102
8497363430436491,45134,102
63458681693201677,45134,102
87753694537080442,45134,102
357900996216413520,45134,102
31159216963795353,45134,102
91679232138621682,45134,102
96814974530337847,45134,102
610468141912184026,1530,27
80991978207939583,1530,27
17084006069302810,1530,27
398732503442220551,1530,27
6965983974995286,1530,27
19826255352708856,1530,27
11619140078003445,1530,27
409485684745009772,1530,27
15787868968919880,1530,27
6564328444139409,1530,27
62101396211384481,1530,27
24471398745019126,1530,27
46508197576436866,1530,27
7452266822422763,1530,27
5671740471911269,1530,27
3080088672024747,1530,27
76506521290427686,1530,27
66776261073807478,1530,27
40620430007593686,1530,27
11468011624380896,1530,27
19186139429167685,1530,27
33756154019888710,1530,27
4604230276736352,1530,27
97699183690200341,1530,27
94638947995806413,1530,27
6943083439500167,1530,27
20173954384945520,1530,27
29147445494134596,1530,27
74805540423143207,1530,27
16883433894655239,1530,27
38832243908555280,1530,27
5624078407488417,1530,27
108053006498603428,1530,27
74593583450284402,1530,27
10688688028664504,1530,27
7668121131449559,1530,27
121786352296271375,1530,27
63174038377686125,1530,27
871853908463359,1530,27
7022894687910633,1530,27
7715465342636314,1530,27
365467022143001382,1530,27
24534570491872806,1530,27
37982841783701223,1530,27
13968904441447845,1530,27
61908203020164092,1530,27
32126861788059696,1530,27
28013442743026188,1530,27
121748009657903866,1530,27
7056019538035389,1530,27
123965408193344065,1530,27
370308421459030861,1530,27
34694699173453262,1530,27
4942285144143485,1530,27
13218641083098963,1530,27
10660592386199742,1530,27
111388759340232385,1530,27
12728355338895520,1530,27
29001274617602943,1530,27
17818374194706753,1530,27
31105303377831877,1530,27
62997139131884455,1530,27
5862943200674774,1530,27
5949945005109784,1530,27
1756271364961808,1530,27
133763009905208322,1530,27
29056045675898385,1530,27
163113782739722987,1530,27
28287380796358527,1530,27
449002340864218410,1530,27
15139225555085237,1530,27
236532549784379736,1530,27
23670841671897757,1530,27
307246499017062883,1530,27
71778303912674792,1530,27
720309419600724,1530,27
116722726852794651,1530,27
22746858040018591,1530,27
244828649994787072,1530,27
46287291384262012,1530,27
61859990147990062,1530,27
46951966872303303,1530,27
45753404356378729,1530,27
5235491101568257,1530,27
38560568076095422,1530,27
346128618415878856,1530,27
26609937041407952,1530,27
45571411304392073,1530,27
38396612500922944,1530,27
103077000897014280,1530,27
20585851645193958,1530,27
21736742838707507,1530,27
264927589645102851,1530,27
21687428608350108,1530,27
105013217140971445,1530,27
257376461434121002,1530,27
14458586299334772,1530,27
17432941382931088,1530,27
10021731738129023,1530,27
17147646946051677,1530,27
12359314664047151,1530,27
21435953652924935,1530,27
28297250877213923,1530,27
17438874721344406,1530,27
124820827938511977,1530,27
15593228398255088,1530,27
114948475696186226,1530,27
110314016674684441,1530,27
109184275359637769,1530,27
24908833568519624,1530,27
10478475614106524,1530,27
12257815193420599,1530,27
13024026704798985,1530,27
190739735029299013,1530,27
2285806420716572,1530,27
12382994443785751,1530,27
103498371345693470,1530,27
11417168058553933,1530,27
112919435229021463,1530,27
146106345867503193,1530,27
80814252650383926,1530,27
53382794537559303,1530,27
228467055243603528,1530,27
84643903418508062,1530,27
7651635619774386,1530,27
44052995405596454,1530,27
12890780295830667,1530,27
80724135246769277,1530,27
26115457423063285,1530,27
33177442890341466,1530,27
453613485947280,1530,27
63526596370969421,1530,27
2075838049773541,1530,27
21635151163743015,1530,27
23245824032959180,1530,27
16178673495477245,1530,27
197839443713250970,1530,27
27355229427738855,1530,27
14879223895206919,1530,27
12393724830886072,1530,27
124487155700865513,1530,27
1707582781112590,1530,27
29215209158712419,1530,27
24451511344137602,1530,27
153736826283947562,1530,27
53256293809261957,1530,27
19670314671516877,1530,27
29406475025933798,1530,27
110139593816235,1530,27
230301406290369263,1530,27
121746334650785660,1530,27
6787031158506412,1530,27
18898179004341974,1530,27
31917626844991807,1530,27
30906392356414482,1530,27
33907595841608166,1530,27
204754494600297,1530,27
129588213710115579,1530,27
85204481842640527,1530,27
14193983298474563,1530,27
2312154056209295,1530,27
12696398640204194,1530,27
3751235787729252,1530,27
51629789134198806,1530,27
1666769292066738,1530,27
23044087994048768,1530,27
276770413059082192,1530,27
35332369571239392,1530,27
7658941650152292,1530,27
484539134542579587,1530,27
187168793148597151,1530,27
79389300181368119,1530,27
8458182409212470,1530,27
33715936138831063,1530,27
586897711993124863,1530,27
88061374134290293,1530,27
31410793084624141,1530,27
82961544536497532,1530,27
3710729319386710,1530,27
37229797836167174,1530,27
383165787735659891,1530,27
3600871869189253,1530,27
34662480892148440,1530,27
95304846292967032,1530,27
9331610362926325,1530,27
29909476191418910,1530,27
3591638783378312,1530,27
80040040908577102,1530,27
8790174862111931,1530,27
35661283394146313,1530,27
34974524368481824,1530,27
339016521769143294,1530,27
31812474369391906,1530,27
61013753651250378,1530,27
94203168891108611,1530,27
8778380100923663,1530,27
71479855246057272,1530,27
3239939160404626,1530,27
4117664871538070,1530,27
8296685455198503,1530,27
58794415234210073,1530,27
6577781543072965,1530,27
36981426032447873,9030,21
63334829739207515,9030,21
322664877121141013,9030,21
378438790683864694,9030,21
78228089333052626,9030,21
9608037962777388,9030,21
58736021889077761,9030,21
79425848562311476,9030,21
5197365577398496,9030,21
14256743131418694,9030,21
12714813965917249,9030,21
29497532088423880,9030,21
113968784310955373,9030,21
34312343562678726,9030,21
21342244895550292,9030,21
94537678380638734,9030,21
36604730902685982,9030,21
15778623619814280,9030,21
116576796124228690,9030,21
18681023791958977,9030,21
30507331501635077,9030,21
25135055525111604,9030,21
10338893807006042,9030,21
7831664667177696,9030,21
30967665873149224,9030,21
69308947074030455,9030,21
202277238804196672,9030,21
7570702426125962,9030,21
57382279892315943,9030,21
86617889993016975,9030,21
62400574093284317,9030,21
133126081917472282,9030,21
20020159817941114,9030,21
120668638925818105,9030,21
61271676888782034,9030,21
4756951489466745,9030,21
65450842974543240,9030,21
20159273354110459,9030,21
18674315139963313,9030,21
79387211553226834,9030,21
94576625973263458,9030,21
10998056975631031,9030,21
53033290633426991,9030,21
534759393913199828,9030,21
76781192845631242,9030,21
120800560970458633,9030,21
6557421575814392,9030,21
43279747704390584,9030,21
24240385790103995,9030,21
238617166637744713,9030,21
64831036864638890,9030,21
2908869656141911,9030,21
20574189608269435,9030,21
27525596602043335,9030,21
6542552025533877,9030,21
2353937878387268,9030,21
31291278199802109,9030,21
52398313973740218,9030,21
53319438980950940,9030,21
7992356159455999,9030,21
60334933871299050,9030,21
13869170194214513,9030,21
125047658795905267,9030,21
53268923248560290,9030,21
4517570251431630,9030,21
22659270913436424,9030,21
219425153597223826,9030,21
41997420335391120,9030,21
45925555144958628,9030,21
30325219573317433,9030,21
119720325907830337,9030,21
105839191047556552,9030,21
230161736178519196,9030,21
23208223002539834,9030,21
49139146352718672,9030,21
113021967382454582,9030,21
18640021127942313,9030,21
66105604290840160,9030,21
459474860934641552,9030,21
488810752516322827,9030,21
25944465516831963,9030,21
37258721114820738,9030,21
11387363928871960,9030,21
218330927007223639,9030,21
27891141001938393,9030,21
16612850703760529,9030,21
177917101792748923,9030,21
12443918602386573,9030,21
23799957191082379,9030,21
24710442213642849,9030,21
16466523088908066,9030,21
18333101668971304,9030,21
16868349340660431,9030,21
10160440258162340,9030,21
15917852732121747,9030,21
193264970728892654,9030,21
19259335333995832,9030,21
14354109654722663,9030,21
27091157070184492,9030,21
24584750158667419,9030,21
100893115582641113,9030,21
110387745831444961,9030,21
108730694601939204,9030,21
189742985260792831,9030,21
1399458518493542,9030,21
184449299414645067,9030,21
10186279228200689,9030,21
178643577445867235,9030,21
16000843623492426,9030,21
207543904800395290,9030,21
124502325344664602,9030,21
36925578737331930,9030,21
20308013268378931,9030,21
6941281170922835,9030,21
18497538368178830,9030,21
96624991338002210,9030,21
2736189160872016,9030,21
430129790658534210,9030,21
128448455123665927,9030,21
20799266042814938,9030,21
4871658240234613,9030,21
41875494417725453,9030,21
125007236355074838,9030,21
30237408226364310,9030,21
82052209682458042,9030,21
46382450384264430,9030,21
26513346246641099,9030,21
21830045267285028,9030,21
64436828180851818,9030,21
297259130464768899,9030,21
7982926408620189,9030,21
171394673677654617,9030,21
300634232576648118,9030,21
112860162215698110,9030,21
27505611349750351,9030,21
70495274574089698,9030,21
53872255569278814,9030,21
156039322914327322,9030,21
44032704209374344,9030,21
103635374908230021,9030,21
96930009590345518,9030,21
23448496776969656,9030,21
23039820596756589,9030,21
363631114816177236,9030,21
217515599110097788,9030,21
88433916799653525,9030,21
1454291831413840,9030,21
18077216797102980,9030,21
123475236714496459,9030,21
88375278205263618,9030,21
61309306797455433,9030,21
604240806506488436,9030,21
34969414622187731,9030,21
22725594478480450,9030,21
4237652724982431,9030,21
133714432642110834,9030,21
77639476314247173,9030,21
196149325552907587,9030,21
54787258868622053,9030,21
2761746767943451,9030,21
82442674466208207,9030,21
14931170727231589,9030,21
81708185957240429,9030,21
44314121615397092,9030,21
35701823091067274,9030,21
33917524551347277,9030,21
44861056924531160,9030,21
9044489934612196,9030,21
50969482044280167,9030,21
310366434395783864,9030,21
29897819468855126,9030,21
502682786071300704,9030,21
6052061234172125,9030,21
326405069532117062,9030,21
586718011463358364,9030,21
46232886844932029,9030,21
78956048652851164,9030,21
496286781466778001,9030,21
6348151239487337,9030,21
3216455452984079,9030,21
551032130026497861,9030,21
57989958957733122,9030,21
31879499823621417,12288,120
26650239582802536,12288,120
15238671243209569,12288,120
6531126651150799,12288,120
49556238012479752,12288,120
65426924267650542,12288,120
59470132496249706,12288,120
2132165220831732,12288,120
83156283820805,12288,120
56122605932489615,12288,120
1864216331260468,12288,120
8044529998108971,12288,120
46723489871330061,12288,120
30934671791299328,12288,120
5038339614964782,12288,120
30292590089398810,12288,120
23880905875878988,12288,120
113559246561646641,12288,120
18188402195595160,12288,120
81051055638208618,12288,120
7756315363290969,12288,120
4872431475182509,12288,120
30030538389813765,12288,120
452637811451813156,12288,120
140768187123170738,12288,120
14909651695077356,12288,120
558782349842503,12288,120
6102512942959707,12288,120
790810149080540,12288,120
3896765312772079,12288,120
210604472389636911,12288,120
26670172439853165,12288,120
70859697222521435,12288,120
54334402106237343,12288,120
82135267974228914,12288,120
139093208071012958,12288,120
37136892869735556,12288,120
221860492986719875,12288,120
70493143538018827,12288,120
35792961047431699,12288,120
9843641784099834,12288,120
200155236245117359,12288,120
178930925186208343,12288,120
62129555548329516,12288,120
1040029656631461,12288,120
143095719317586976,12288,120
12322265747459696,12288,120
23585647586412189,12288,120
46269519605763291,12288,120
67206588556888084,12288,120
27570600462763118,12288,120
6152340755166900,12288,120
139560550734547858,12288,120
20982341548769170,12288,120
1535300577968531,12288,120
355349389069330953,12288,120
67651295113111375,12288,120
3465379707824222,12288,120
6767065559031194,12288,120
53923750568618187,12288,120
33052306063471285,12288,120
47979630652749246,12288,120
22364445091837759,12288,120
21033808711872716,12288,120
7900341456408655,12288,120
377923147892672635,12288,120
107382508442877531,12288,120
101470612124519119,12288,120
19740992408162590,12288,120
64678913654821525,12288,120
30271213021731795,12288,120
71945683787117653,12288,120
12168628355290392,12288,120
23381373198324682,12288,120
6302332229360619,12288,120
31322416160400359,12288,120
103401867666380658,12288,120
253407010454522991,12288,120
46212475535401607,12288,120
74119346351378482,12288,120
4633064515893138,12288,120
23559455885422150,12288,120
12110139333592122,12288,120
10352535153795282,12288,120
2475838943182712,12288,120
2957212135268878,12288,120
20858001214093925,12288,120
10191614801924146,12288,120
28669979175824263,12288,120
166290124602734665,12288,120
12579121361449737,12288,120
100289595362118411,12288,120
16874153323464270,12288,120
22645822465872562,12288,120
1500173579249570,12288,120
15722536740186265,12288,120
148681508486123120,12288,120
190819647280126963,12288,120
26110636846454257,12288,120
28927565129003053,12288,120
252201287632278825,12288,120
7586015080557520,12288,120
119531932836568131,12288,120
13788552269058479,12288,120
90559976997193356,12288,120
19179061869450531,12288,120
10624832825690035,12288,120
93503198919387567,12288,120
29399491741178421,12288,120
240528265567240199,12288,120
1023501760521426,12288,120
400343748178493782,12288,120
2066078754716742,12288,120
1945889378025615,12288,120
835714904077139,12288,120
13147978448072988,12288,120
7872313589717801,12288,120
34296296694394530,12288,120
57040244982705834,12288,120
21397963287912039,12288,120
65482534918983432,12288,120
150851615900677534,12288,120
26181154093112162,12288,120
20369655097908540,12288,120
281815754563129303,12288,120
183799327387624172,12288,120
46876305324375829,12288,120
26296490186965423,12288,120
106539816034583373,12288,120
14964004722271377,12288,120
138210952030170087,12288,120
2834850693977012,12288,120
123737752010629375,12288,120
53859417261532241,12288,120
43110354161197265,12288,120
18939079867430880,12288,120
30190148558919114,12288,120
84593510924571651,12288,120
36751053156137679,12288,120
80628348488279,12288,120
43008539359512717,12288,120
38962321696332051,12288,120
37818606653212777,12288,120
13058977095335012,12288,120
24778515825708045,12288,120
381195613444515130,12288,120
11150609871613574,12288,120
19250400474930789,12288,120
78152513151969898,12288,120
80343664586528448,12288,120
33992288799746520,12288,120
9729519624553670,12288,120
31683133197441745,12288,120
4334855414525749,12288,120
70413991627063380,12288,120
9448437369955224,12288,120
634641426260343,12288,120
306600423743196309,12288,120
75706929878098434,12288,120
63851559423296408,12288,120
54782283070392736,12288,120
3665322161493006,12288,120
98993394902211935,12288,120
78878886188904730,12288,120
80596640008407366,12288,120
6441143506008728,12288,120
80550616945419504,12288,120
421827748456412954,12288,120
37982070650899384,12288,120
32903956271222321,2034,40
5487729697298407,2034,40
28052137837745817,2034,40
508283418211954687,2034,40
28816646720579110,2034,40
385251041576201238,2034,40
97796957519627821,2034,40
101988036830890984,2034,40
571330394785080,2034,40
290787605159849049,2034,40
5312817993361780,2034,40
4541510051304034,2034,40
15893974291500603,2034,40
48621612491814961,2034,40
34917193224622922,2034,40
61437250439222348,2034,40
108862584911915821,2034,40
2797223604211902,2034,40
58960930403010299,2034,40
289852420400683836,2034,40
120891648313906837,2034,40
39063406195938865,2034,40
1046710889193748,2034,40
5241675845762702,2034,40
35968160647534038,2034,40
59938133534672709,2034,40
2217943993411632,2034,40
28102061600199256,2034,40
13104178469849329,2034,40
15193643687527580,2034,40
2549496864349305,2034,40
21714965612708125,2034,40
43801596349168850,2034,40
565459179399929157,2034,40
4942452318819663,2034,40
460594866656554623,2034,40
49379204404839726,2034,40
70046377605531671,2034,40
318448522185177856,2034,40
168604352927009011,2034,40
1651508808554652,2034,40
51364267133790373,2034,40
127882859514573410,2034,40
50222403920703162,2034,40
30987316426753768,2034,40
28063089734387568,2034,40
7251818998942665,2034,40
39241369796292278,2034,40
14212350668210963,2034,40
16458106808807947,2034,40
61714426368158724,2034,40
3454974000869600,2034,40
19080045046778532,2034,40
41949361307521656,2034,40
488375091159617495,2034,40
28293350572918016,2034,40
75296183712010010,2034,40
58283716287473222,2034,40
75436174608839360,2034,40
53294610385366884,2034,40
13431531961554591,2034,40
215190206010543409,2034,40
7215539079651229,2034,40
3863751770432577,2034,40
62941788849899208,2034,40
23180970742880995,2034,40
46380309345776171,2034,40
135793772645537682,2034,40
20965725017174197,2034,40
47934737400914049,2034,40
5677728090091049,2034,40
35472567451158114,2034,40
49900495239374167,2034,40
42494261543110606,2034,40
78531012904881787,2034,40
13182973561186807,2034,40
21257293049283397,2034,40
239753828509426483,2034,40
194144419085842112,2034,40
26819738879375564,2034,40
114058920770985618,2034,40
23300511801942608,2034,40
124168894716806754,2034,40
258921764066629854,2034,40
170810682570721676,2034,40
10548503319058366,2034,40
2316861870491265,2034,40
177416407869325979,2034,40
151202253253220527,2034,40
13130665137516006,2034,40
240387446096677447,2034,40
139680632378191865,2034,40
121021657943566198,2034,40
196050766058575903,2034,40
14164285561771151,2034,40
12381186542096658,2034,40
273200349286424613,2034,40
14868920510174022,2034,40
116769852843765035,2034,40
22779978084629465,2034,40
22592539640403368,2034,40
28330708489877880,2034,40
11241603491969655,2034,40
14215514056358986,2034,40
45306941325607759,2034,40
4555255748237432,2034,40
48488535493311838,2034,40
47257746018670256,2034,40
50573318294215064,2034,40
111343661473141018,2034,40
55059341881706049,2034,40
405343753264836287,2034,40
171365164755621924,2034,40
16472660753108335,2034,40
67790569987439139,2034,40
250971585831590203,2034,40
9688501783942474,2034,40
22548999695892504,2034,40
53434129301680957,2034,40
48903616710005297,2034,40
14084174149252197,2034,40
115552641658819,2034,40
37942089392023642,2034,40
76799139954300254,2034,40
24850130966228819,2034,40
223810523732876671,2034,40
137760784964305991,2034,40
51503071529426805,2034,40
31088373182030838,2034,40
24554092974203018,2034,40
7193211068009038,2034,40
93235291216485496,2034,40
23277983295725717,2034,40
116554933688034,2034,40
20003007542516664,2034,40
65898103245529950,2034,40
117790790996214776,2034,40
87364397560565348,2034,40
512739033224267285,2034,40
300820135929274572,2034,40
152251577369200183,2034,40
37803769141187916,2034,40
8175397635950720,2034,40
4647134120052813,2034,40
11636851433576661,2034,40
96330081057974832,2034,40
8235800179122781,2034,40
6088022888763523,2034,40
8733441569854244,2034,40
501522900951125762,2034,40
9283939873655699,2034,40
46815731239550968,2034,40
36234581349038310,2034,40
77484854648614945,2034,40
71179304111115506,2034,40
81472503958334284,2034,40
60155231965179791,2034,40
4600052784309677,2034,40
4792928981796265,2034,40
56494594438479470,2034,40
5896499854016920,2034,40
30981620132343160,2034,40
4981052073651428,2034,40
7254648184935481,2034,40
8382227599064379,2034,40
229117021390436486,4914,102
109432209464627835,4914,102
10208759266524817,4914,102
212557447932939361,4914,102
1570984553488897,4914,102
2750401689415027,4914,102
27665620036767344,4914,102
1782686536122681,4914,102
9532220315010166,4914,102
2572815419548768,4914,102
210021559999761963,4914,102
65105146215824424,4914,102
391762607517647677,4914,102
5342185095624616,4914,102
34224149652325897,4914,102
29267310490414506,4914,102
3516048246264806,4914,102
3731372507077277,4914,102
37997750131965037,4914,102
49279134624699746,4914,102
22081996842722770,4914,102
215004662530619761,4914,102
1868977844156857,4914,102
28515137657783070,4914,102
13171501657685722,4914,102
64589993184834101,4914,102
24140825093767394,4914,102
33676035267652960,4914,102
753831871813673,4914,102
70510243417336710,4914,102
72975482177003284,4914,102
48361723289600740,4914,102
35677605885858614,4914,102
127301255089104123,4914,102
80130522969700194,4914,102
23129239532958698,4914,102
1286430534596707,4914,102
5329457698090400,4914,102
8280746329380541,4914,102
13675101062868590,4914,102
2015366420065785,4914,102
39163087695961501,4914,102
32084219629845223,4914,102
375184441355300569,4914,102
24460480684294941,4914,102
19756965517148473,4914,102
15542398544280896,4914,102
67243434479347746,4914,102
70533690891675612,4914,102
23790404048027271,4914,102
166200562674717249,4914,102
75729885528624038,4914,102
111114169756120264,4914,102
5305930056417707,4914,102
105818385490716974,4914,102
36279708392686267,4914,102
58419575765061990,4914,102
70069076990649346,4914,102
29131198294666699,4914,102
14052471106737794,4914,102
6036997867324863,4914,102
43491203063455664,4914,102
512848558149287836,4914,102
15293240481228686,4914,102
44227445528360271,4914,102
17760234912245133,4914,102
152808621546120539,4914,102
13243711903326163,4914,102
67809664876674549,4914,102
104475300461042116,4914,102
23157036244901839,4914,102
113271541643775294,4914,102
43928534949385358,4914,102
36401331909113571,4914,102
110116838944006708,4914,102
23640271769612557,4914,102
121887850973708991,4914,102
109671109027232748,4914,102
1015453370342152,4914,102
11801582005138898,4914,102
126526743239601563,4914,102
129552902305043338,4914,102
19109819162635826,4914,102
1941619942610287,4914,102
15161864822249911,4914,102
16105523966369038,4914,102
12566220022432191,4914,102
22382879805432792,4914,102
14604646405012745,4914,102
1084219662822627,4914,102
20072371925353766,4914,102
43903977447463779,4914,102
116294734516152495,4914,102
303799188677231541,4914,102
16211761100368112,4914,102
33766406916576196,4914,102
29276301190351642,4914,102
84879928396087411,4914,102
12543306458452404,4914,102
81520649430679616,4914,102
127566340993373977,4914,102
87179140880678989,4914,102
13372764896137776,4914,102
7472075553711722,4914,102
398412094533702282,4914,102
63495762759083537,4914,102
57348072864156702,4914,102
113435194072314042,4914,102
50996230023175532,4914,102
33907176633651375,4914,102
406454856396466759,4914,102
25881287439626156,4914,102
87039946111079924,4914,102
167529461863935258,4914,102
71985752063407584,4914,102
118624947963034034,4914,102
51324721708137678,4914,102
517619717111223645,4914,102
30625221558544266,4914,102
86661883359424191,4914,102
489250752467021753,4914,102
871594652472616,4914,102
95261688904992878,4914,102
345053837497757459,4914,102
60301123895914955,4914,102
82142653171400676,4914,102
77237983229647993,4914,102
91382639390682290,4914,102
4096544775955111,4914,102
4530650481681654,4914,102
7946684943681314,4914,102
411975007500822,4914,102
5032747385289596,4914,102
32339253049869764,4914,102
59408918683007854,4914,102
59710453206592954,4914,102
502107981023971,4914,102
4184473712263856,4914,102
599760443141792971,29432,315
76330927347239884,29432,315
305705942347299647,29432,315
412276432403162395,29432,315
198551141677039293,29432,315
102375394868183868,29432,315
115893011796444720,29432,315
26661893365793254,29432,315
189683437192917527,29432,315
132884875140036106,29432,315
6162687700096923,29432,315
32405803199578448,29432,315
52134797176436330,29432,315
264162531901673650,29432,315
58545360224664850,29432,315
7347731172464954,29432,315
70351750068204013,29432,315
229886093206580994,29432,315
26021285072177594,29432,315
19433976083481070,29432,315
107790657765256515,29432,315
118857785562758705,29432,315
23341746671990285,29432,315
219014965141377818,29432,315
17724689304922267,29432,315
24060213322896804,29432,315
61613357416970151,29432,315
109159000310331886,29432,315
147103044186118974,29432,315
16670999999849874,29432,315
34822923911274840,29432,315
168344790485991307,29432,315
21423857035267901,29432,315
30097450796574139,29432,315
3697278394240891,29432,315
57498924949046191,29432,315
57758187589336391,29432,315
159299758730018632,29432,315
27519417453689035,29432,315
239223864073376660,29432,315
10132870422815402,29432,315
4442295975351363,29432,315
242095214881936735,29432,315
18208305450886710,29432,315
34175015392855692,29432,315
51373612926498744,29432,315
204957239442769523,29432,315
66476186062652978,29432,315
3727332582241488,29432,315
21715176053043380,29432,315
32595612181126470,29432,315
12026621395216163,29432,315
61278176845740038,29432,315
67755524019881742,29432,315
482238537477508582,29432,315
144200745440613811,29432,315
14509459613841538,29432,315
18968663665387752,29432,315
14334456038581108,29432,315
150055601458233427,29432,315
2252322475272274,29432,315
128590993234869693,29432,315
21065982903494230,29432,315
1481122544587495,29432,315
391711580907066166,29432,315
283980641235932258,29432,315
4671596112902715,29432,315
37533115740116724,29432,315
37298007715667791,29432,315
161743110692529315,29432,315
471981671465436608,29432,315
3862249106982362,29432,315
69766529249958757,29432,315
7636424018960793,29432,315
67240946173789103,29432,315
2195599106265409,29432,315
2404648264127354,29432,315
274809936667798728,29432,315
3361391455817616,29432,315
8018294644937250,29432,315
15433222960995357,29432,315
119865291410892057,29432,315
78514475429933884,29432,315
448242179059566689,29432,315
5541039121939873,29432,315
7437384228324550,29432,315
71510856028640916,29432,315
21439653640505589,29432,315
2199919828619323,29432,315
118565694800548760,29432,315
12704002400115217,29432,315
119031171114787024,29432,315
25475344975032509,29432,315
2036576702979947,29432,315
29386804992566623,29432,315
185097585432511846,29432,315
132092088645772005,29432,315
116820008751798441,29432,315
242989137150813214,29432,315
19094016338211861,29432,315
29504406961109616,29432,315
244890953114461258,29432,315
18559970027200158,29432,315
15844227901981601,29432,315
68654968281087894,29432,315
64426696508645751,29432,315
23562858541760061,29432,315
12790324364202749,29432,315
55880183411407532,29432,315
29111347575858377,29432,315
22611614587472191,29432,315
35109295582292090,29432,315
32026427637580080,29432,315
18439257427803223,29432,315
66847864639607074,29432,315
66290856356291554,29432,315
202455926370360567,29432,315
5796274586951110,29432,315
116732920207145627,29432,315
16365018176874650,29432,315
45302089354810512,29432,315
58479764853174412,29432,315
5591474272343088,29432,315
60081204271627288,29432,315
12772492211548118,29432,315
54925053185619797,29432,315
75122053196199552,29432,315
134009612455076203,29432,315
638966086583051,29432,315
304725233115051943,29432,315
51302120752830259,29432,315
19069450602109565,29432,315
31311605449559305,29432,315
17172389346368436,29432,315
4611699761346482,29432,315
52692000194902746,29432,315
5819024362649236,29432,315
61965426699090434,29432,315
40204271251344863,29432,315
364087065154932391,29432,315
101144993567270338,29432,315
14903485292369252,29432,315
7102191945583683,29432,315
31281840075428108,29432,315
1150831543444999,29432,315
1001816747909208,29432,315
359895098424318752,29432,315
40210737190566788,29432,315
4303590471089251,29432,315
35010965734201514,29432,315
65563194839972171,29432,315
71422416772963256,29432,315
398267815867776164,29432,315
79841924524604012,29432,315
72626545159753263,29432,315
37524898748089489,29432,315
6622107139555326,29432,315
483019435927527661,29432,315
49434232422897127,29432,315
91223706979295127,29432,315
43350626258447621,22025,45
167901487899005886,22025,45
26747930057138973,22025,45
7568214565106568,22025,45
64019862536489824,22025,45
107792154230099716,22025,45
16790151442803628,22025,45
133093741608979963,22025,45
6432072360129311,22025,45
30000438177657145,22025,45
2001222513513384,22025,45
31934298821157293,22025,45
30550004067661301,22025,45
33947692954245865,22025,45
396866758166998402,22025,45
39340812653986830,22025,45
28202123754938666,22025,45
364886210717876722,22025,45
120170933125546572,22025,45
358650006195294818,22025,45
8083280516339021,22025,45
58660558335812668,22025,45
17521892597875800,22025,45
323463345192072099,22025,45
3501352030759856,22025,45
40184998983185706,22025,45
388820699792196,22025,45
2489950315607004,22025,45
5246137251118809,22025,45
96520102613935897,22025,45
99246749169115110,22025,45
229490381864848326,22025,45
98975578914879160,22025,45
44598277840991587,22025,45
18735476209509019,22025,45
123790663327766514,22025,45
31455455570836797,22025,45
440150224957275858,22025,45
13009235425090090,22025,45
94883594702434952,22025,45
129108066777984108,22025,45
16462561013407905,22025,45
99261535809574089,22025,45
202702031215157333,22025,45
134413482254248591,22025,45
120605421094798339,22025,45
19363963130286649,22025,45
7816851470085265,22025,45
109231595820257068,22025,45
15296385896762346,22025,45
237861828017187556,22025,45
62508639598079065,22025,45
6255461633834684,22025,45
50788227873103130,22025,45
129611628882634437,22025,45
1333087441711778,22025,45
30796751303013277,22025,45
13218378578731184,22025,45
30065808132880663,22025,45
23649272573538666,22025,45
411630865478250888,22025,45
7066519482922817,22025,45
24051271687317198,22025,45
17502989196659800,22025,45
14748789362316395,22025,45
27496680113331404,22025,45
20142562168215112,22025,45
102901547733847830,22025,45
30046755655021736,22025,45
50376400172136155,22025,45
100948437686677155,22025,45
246774827209563882,22025,45
126256492719810869,22025,45
42892060699970057,22025,45
146530970411388390,22025,45
3149178124930995,22025,45
125475607611196999,22025,45
67626775563773426,22025,45
10551390997014349,22025,45
10182497650694935,22025,45
41382075008411321,22025,45
335465680155665904,22025,45
32923066956410280,22025,45
14484151619414971,22025,45
28461640049265660,22025,45
310026262576369130,22025,45
13313189626768660,22025,45
38067085084914241,22025,45
11478580153088139,22025,45
16904235769573111,22025,45
4632418993653512,22025,45
2946101864677652,22025,45
61710114941266577,22025,45
20147638080695770,22025,45
128168041257212149,22025,45
176652949159987498,22025,45
22931267188577388,22025,45
1335617223546340,22025,45
10133724969552028,22025,45
21825815055989940,22025,45
135453743446881837,22025,45
22048225212853282,22025,45
28815378138681848,22025,45
101507892125248192,22025,45
12773115895630419,22025,45
114663944964904676,22025,45
101997538219809565,22025,45
270153536883786389,22025,45
24306817263760788,22025,45
142839076030464574,22025,45
23759816441062741,22025,45
19965443497155353,22025,45
156147971186700455,22025,45
2731209456686371,22025,45
23420759606195103,22025,45
28669863049720400,22025,45
18833895702992881,22025,45
179163152044854518,22025,45
108792733419922364,22025,45
6568540239166616,22025,45
13497567828928767,22025,45
91807850644063500,22025,45
21720062529070654,22025,45
8956861471012519,22025,45
485179861788152241,22025,45
17124994861345157,22025,45
28771282374745045,22025,45
67438567729346577,22025,45
188708465380621027,22025,45
1230920671743822,22025,45
8936844896691462,22025,45
5501861289029261,22025,45
19700623889504305,22025,45
6088111862320982,22025,45
216128609651662403,22025,45
11672469126606924,22025,45
83844485861392552,22025,45
60639606251326498,22025,45
168159523800880612,22025,45
19761737136193789,22025,45
8745832175532161,22025,45
6645911376686852,22025,45
190569705746183162,22025,45
168785385862054799,22025,45
183662978292987414,22025,45
73159078959865951,22025,45
1141563768087603,22025,45
48289654877884418,22025,45
746595170716002,22025,45
28421639403157239,22025,45
197200545535215578,22025,45
100275752935581594,22025,45
127101445685125185,22025,45
152755975939753416,22025,45
157883552205310824,22025,45
27103625427894795,22025,45
69005118216320446,22025,45
77846340678916181,22025,45
4208643726515072,22025,45
6558923878943509,22025,45
21924149202038702,22025,45
50903948563654055,22025,45
31273807247354535,22025,45
31150388280792805,22025,45
8247440365039655,22025,45
456488367397232814,22025,45
32694407343368452,22025,45
52224112220462041,22025,45
50471119976745590,22025,45
72689472198893162,22025,45
31850610754367598,22025,45
75443915174289374,22025,45
60493851891891618,22025,45
6601421737040133,22025,45
7006179672163523,22025,45
81188652850752698,22025,45
360915489693548685,22025,45
65391039150224176,22025,45
556057582620549161,22025,45
50979736610907430,22025,45
6062812385809806,22025,45
64978606828510024,22025,45
7397093329723692,22025,45
50566062435539337,22025,45
21635514092957998,22391,50
37001627325288724,22391,50
29851402722830563,22391,50
54855600607802405,22391,50
33300688227091920,22391,50
4848098285309457,22391,50
97398867245054112,22391,50
74459589821076308,22391,50
4112328672403314,22391,50
36688624387078305,22391,50
23385321174247839,22391,50
122493845754514339,22391,50
35916733765109437,22391,50
48624134751541273,22391,50
20010701032334536,22391,50
14559671505459012,22391,50
504512122359635725,22391,50
306730616988332092,22391,50
29084688698576911,22391,50
24062952289728185,22391,50
127962638022352664,22391,50
29568023984209854,22391,50
38481894209371578,22391,50
38179068165491004,22391,50
16773412552689074,22391,50
9922472599423704,22391,50
26877554907316002,22391,50
24675527606784394,22391,50
36978835369688561,22391,50
80514860719590223,22391,50
33823602460967157,22391,50
11472671915320272,22391,50
25669708154390008,22391,50
43061433449727798,22391,50
12200176295189970,22391,50
13018169438264870,22391,50
79333832674113267,22391,50
89737964236426533,22391,50
27028773613062122,22391,50
97166204347025350,22391,50
19512037609842042,22391,50
3627381743030709,22391,50
202175936725421943,22391,50
25988048649279409,22391,50
230242705209328722,22391,50
54453981061755974,22391,50
27617203180899018,22391,50
21057313007877450,22391,50
123576546602053068,22391,50
61585053939217028,22391,50
147195758839014829,22391,50
36421762202672032,22391,50
194581455668425730,22391,50
29660373665093702,22391,50
12994133759952575,22391,50
31363421264758050,22391,50
21685845788164442,22391,50
397408641746570125,22391,50
75576321365058648,22391,50
19323462775189466,22391,50
13821119282908845,22391,50
79335520362182688,22391,50
382519024906430090,22391,50
33051066544549664,22391,50
27837524210445113,22391,50
137783186672010681,22391,50
354369150580774862,22391,50
31537300546788609,22391,50
47131856779815754,22391,50
242147666344924881,22391,50
18700620789027259,22391,50
103622128415465295,22391,50
108136248451796176,22391,50
16185569069451475,22391,50
22144289982429428,22391,50
239307541673414548,22391,50
23525887084462037,22391,50
6982011800079033,22391,50
31866544195937193,22391,50
102856699844559205,22391,50
74303372923427486,22391,50
42235928305107996,22391,50
391317020313532119,22391,50
12538780036803103,22391,50
69766993397640320,22391,50
63165829891300570,22391,50
3796976682413450,22391,50
24225502552867737,22391,50
1910111578727670,22391,50
181539043793819219,22391,50
1099962669237705,22391,50
104995057150770613,22391,50
242908936681694671,22391,50
152168530966395484,22391,50
125807811195450665,22391,50
13842295837493662,22391,50
20505417462942064,22391,50
225176269338599911,22391,50
12319514384737074,22391,50
17539250776967785,22391,50
102019105372726500,22391,50
153059646727035686,22391,50
116735883015417523,22391,50
17249847290418043,22391,50
114278760546455468,22391,50
120404691566926218,22391,50
1926042630671204,22391,50
24329396883593926,22391,50
234456837249354642,22391,50
161894762758438784,22391,50
151530208684293126,22391,50
276436858888761422,22391,50
122852548394761752,22391,50
11222565919377649,22391,50
101887898706737948,22391,50
26080365745257848,22391,50
1364928017244463,22391,50
110885481673997063,22391,50
27210379365333174,22391,50
16739838705302865,22391,50
69759838134206226,22391,50
60647381008945751,22391,50
196201309824490724,22391,50
4337879829309833,22391,50
303005520888168124,22391,50
142471607572276335,22391,50
13452626297752273,22391,50
23673581234363297,22391,50
85498053415061410,22391,50
88928214557534078,22391,50
60135303177369766,22391,50
81798231234671132,22391,50
111281886620687038,22391,50
55101280020551566,22391,50
9341598715295600,22391,50
26588652880690352,22391,50
120801312129635284,22391,50
5501057252265313,22391,50
64964638363027066,22391,50
5047276259368891,22391,50
2052241062232576,22391,50
50411969981678402,22391,50
397193483108765916,22391,50
6081504537692018,22391,50
19290137820099825,22391,50
24130695578079751,22391,50
120180652669595238,22391,50
261351747855506619,22391,50
7345742123077102,22391,50
74787457042637988,22391,50
35917377921804138,22391,50
497330699425171292,22391,50
191268341043453578,22391,50
72795343679078346,22391,50
5853715337759887,22391,50
69151541122449598,22391,50
94257324904585581,22391,50
304050037391150355,22391,50
84437602600332675,22391,50
53027892622799706,22391,50
3852348941616847,22391,50
31254531093508700,22391,50
55291357831950361,22391,50
92422197056100197,22391,50
90527442608886314,22391,50
73514378502216032,22391,50
76910383815745510,22391,50
348963989800988314,22391,50
43368472111305172,22391,50
310292129980164534,22391,50
60734049134356293,22391,50
7752450743711977,22391,50
91565970812137891,22391,50
58325709830830402,22391,50
29601819256672228,22391,50
79538007886747380,22391,50
83634376583460040,22391,50
55665316338773366,22391,50
72566435218163797,22391,50
47969764984926542,22391,50
8215420158299709,22391,50
40453486107324482,22391,50
3135920587846553,22391,50
95855328055101024,22391,50
34465968076369622,22391,50
50993064749625717,22391,50
97170148547949515,22391,50
37590630600627064,22391,50
19245613521607337,6250,73
59554321274313888,6250,73
23851317304845252,6250,73
13884809022997269,6250,73
358269972198336861,6250,73
31040777110196007,6250,73
28613735193417834,6250,73
2829271661461477,6250,73
226901592480443963,6250,73
1207967192226740,6250,73
10804686214249987,6250,73
77073238128286352,6250,73
34703246392704579,6250,73
406504137693324863,6250,73
20889757172466260,6250,73
35556521691518595,6250,73
14787801444070805,6250,73
8213576649578198,6250,73
27305872051803917,6250,73
72245912577202250,6250,73
13998994391273913,6250,73
20264903538875376,6250,73
44493304252115407,6250,73
3931422413073779,6250,73
142796064018601485,6250,73
3743331511328640,6250,73
233136608440244891,6250,73
5607410192597558,6250,73
113764345377868711,6250,73
80034915431372283,6250,73
24760017280197025,6250,73
20069835466417521,6250,73
110534713907928648,6250,73
39070141938145727,6250,73
18190078351803866,6250,73
102607157131578151,6250,73
6633340065307140,6250,73
3117425214384720,6250,73
124432305766623560,6250,73
56518833669282398,6250,73
86449035361698114,6250,73
7723837250643586,6250,73
6671943533920639,6250,73
67573116732424646,6250,73
136753825329748497,6250,73
7923352370003511,6250,73
151792477087688751,6250,73
4071621073838031,6250,73
31037592316392439,6250,73
38947714376811808,6250,73
45153458147091567,6250,73
69605330839629377,6250,73
15888647486516399,6250,73
7706712319790705,6250,73
335092789587543,6250,73
6637938492538029,6250,73
15234629044681085,6250,73
14436902670753889,6250,73
49578768423938827,6250,73
516795428450796403,6250,73
511463888926475734,6250,73
5334848814117565,6250,73
74002595679386460,6250,73
195064394838553681,6250,73
1811128258999811,6250,73
231493415872507297,6250,73
27791987682307514,6250,73
481794320070500375,6250,73
169605373679190688,6250,73
46485857092272737,6250,73
34616633307568266,6250,73
33639610439153506,6250,73
20921119809185165,6250,73
280261597353421968,6250,73
29216116576079208,6250,73
23386248593342436,6250,73
20689618830363278,6250,73
429022874320282752,6250,73
25574102833433861,6250,73
70441520585904077,6250,73
278970867182455827,6250,73
10811510091902851,6250,73
25294076598476883,6250,73
169044412172387709,6250,73
26080401504892401,6250,73
107920881256315222,6250,73
119867644850079747,6250,73
24354829024402526,6250,73
211002608698581823,6250,73
20396533246923524,6250,73
26624028754617775,6250,73
25494775446224450,6250,73
100662901267791661,6250,73
107440814829942204,6250,73
104517379253687778,6250,73
90294128069837202,6250,73
23551019831465437,6250,73
107399002722311847,6250,73
13981478512114428,6250,73
23100846376806471,6250,73
14868824783923471,6250,73
36228522667506180,6250,73
97028528700978383,6250,73
3875744603460153,6250,73
27664478890133226,6250,73
50938839671182824,6250,73
69875621058025931,6250,73
6651900111464971,6250,73
170370315719847559,6250,73
141169622305749319,6250,73
20987701833823384,6250,73
17293032270485972,6250,73
3226614042643938,6250,73
61698423927246286,6250,73
92126410457577963,6250,73
80166365224515595,6250,73
50914461057468612,6250,73
150742308830242512,6250,73
194589075015860546,6250,73
3401995095790254,6250,73
1417262647090020,6250,73
33934035367994130,6250,73
13829383840809478,6250,73
87314283805050329,6250,73
26955299428442165,6250,73
151386951492156571,6250,73
210819615259693815,6250,73
20711910636392207,6250,73
57938202126509009,6250,73
25179259164648256,6250,73
13798916167247700,6250,73
360236323990603551,6250,73
40045424893342053,6250,73
10932572116202886,6250,73
31433472220011313,6250,73
8122453242168792,6250,73
33936631181600407,6250,73
4756501392057491,6250,73
45951612888603998,6250,73
38960549715250126,6250,73
30030872380714468,6250,73
62135309294876,6250,73
44720135348954864,6250,73
40308498314582411,6250,73
427163024136905008,6250,73
3839559347875884,6250,73
4912638164780743,6250,73
335841685292230025,6250,73
5975813887617883,6250,73
51494634937684571,6250,73
98299393921590266,6250,73
7909014395193053,6250,73
82129042834742631,6250,73
46528661852997994,6250,73
8718162031022041,6250,73
69146894607163037,6250,73
4855412754811170,6250,73
94453017306546525,6250,73
484139718266032719,6250,73
44823824032512787,6250,73
91021102551137293,6250,73
330723545153084,6250,73
6793474955496846,6250,73
3982010597851942,6250,73
75907079969896910,6250,73
99483191476165,15000,250
36982281862661390,15000,250
32653263023925860,15000,250
45327933181282356,15000,250
49436784643314199,15000,250
6725696620585848,15000,250
1130906525408495,15000,250
70756886426940419,15000,250
3051087317924962,15000,250
6935819320310310,15000,250
8676611747805017,15000,250
2246478502846772,15000,250
81131248659812239,15000,250
40864155637665981,15000,250
125226957928239598,15000,250
89874352834019568,15000,250
221448688237942834,15000,250
112005266981187390,15000,250
292291998129364505,15000,250
30001171031861937,15000,250
101177511268964261,15000,250
2711497914809898,15000,250
11552097679018676,15000,250
10573508026779103,15000,250
39631712186682630,15000,250
26635460513196766,15000,250
44529323455078750,15000,250
122080423971786825,15000,250
51228955350252365,15000,250
46217908050164302,15000,250
115307239164259080,15000,250
24183061832833132,15000,250
263703453519852678,15000,250
63895297762815768,15000,250
28073338734877620,15000,250
168380105723819920,15000,250
14838660177769465,15000,250
6216177647778156,15000,250
205714745828285,15000,250
101121383665942994,15000,250
106137548318289247,15000,250
121985852585706382,15000,250
6953172128431586,15000,250
30873617430656067,15000,250
126715844350729571,15000,250
111455582473655343,15000,250
202365849427895001,15000,250
33260500236397359,15000,250
121866481344335263,15000,250
69457849568954935,15000,250
17507957307868052,15000,250
69121849496397138,15000,250
22325078234987104,15000,250
3811646955426800,15000,250
60110088227012667,15000,250
488054159266772,15000,250
4933945282091886,15000,250
235737935078525460,15000,250
56735138931076265,15000,250
131400755389235204,15000,250
14677620155501574,15000,250
22684118417792840,15000,250
60458295645014158,15000,250
380473923375007076,15000,250
61685512091950,15000,250
7381438294891149,15000,250
30076049500727126,15000,250
159966942169119733,15000,250
116136094268198836,15000,250
176511087123545379,15000,250
117589901873270256,15000,250
100112705005666550,15000,250
20220707328445892,15000,250
108493542840766087,15000,250
12191132353569958,15000,250
157492569783953412,15000,250
28805312858510632,15000,250
158987862371792468,15000,250
10788886978896516,15000,250
63206597282032756,15000,250
5447715976329497,15000,250
28403628586384829,15000,250
63098273904072953,15000,250
122266071232428872,15000,250
26736432086425341,15000,250
22175018179101677,15000,250
76936191825699148,15000,250
110549183989934611,15000,250
119224166978455483,15000,250
62269477738892247,15000,250
286185955477705819,15000,250
29379605929870182,15000,250
29405965859643780,15000,250
47231227939982946,15000,250
183418522625744388,15000,250
123783697511612903,15000,250
55950249960160408,15000,250
445906545207575216,15000,250
256646383842134487,15000,250
125387459427549945,15000,250
35161442557007748,15000,250
17019040165399628,15000,250
55720937248146935,15000,250
21324458745616004,15000,250
1305775083116499,15000,250
113558971390759268,15000,250
403889805804511552,15000,250
241072391318164567,15000,250
167078657464959243,15000,250
79602508481527948,15000,250
84617235404335974,15000,250
299448407969886062,15000,250
33446735377000687,15000,250
6326196982415033,15000,250
325318973122005180,15000,250
63472314571867140,15000,250
375498498051485454,15000,250
853508649912881,15000,250
83455656828022982,15000,250
4641399414782606,15000,250
58335858968951865,15000,250
391436359754053544,15000,250
32307539031965112,15000,250
64899132003275185,15000,250
6199489776726218,15000,250
328900776412861568,15000,250
4340872536546145,15000,250
8977342310625460,15000,250
48102480876576006,15000,250
242714410373682924,3384,47
16769908313125089,3384,47
12913251174515080,3384,47
107662535284857896,3384,47
74536828115221893,3384,47
58300222693756619,3384,47
19987829780291838,3384,47
27144725481246838,3384,47
54483914756843411,3384,47
995199034982621,3384,47
59238992202488958,3384,47
5541775873434633,3384,47
25569732685938729,3384,47
6372014236603812,3384,47
167550311448370425,3384,47
26425300245849284,3384,47
173797054594713306,3384,47
65196484664911336,3384,47
56299609021353279,3384,47
969167437942584,3384,47
6456723326308838,3384,47
162690406526019616,3384,47
38537302609375273,3384,47
52780515197998217,3384,47
58394072544104351,3384,47
100552400266866592,3384,47
2576591469363458,3384,47
46888375058915782,3384,47
7062683748201996,3384,47
94774587579010099,3384,47
34451874361327441,3384,47
5111685220956447,3384,47
166635766202793327,3384,47
65536817658765811,3384,47
16563546349524478,3384,47
170171208098991525,3384,47
94649717505388498,3384,47
2191799460556009,3384,47
21147426135372950,3384,47
21375004298279763,3384,47
175411427731311844,3384,47
32145480725416651,3384,47
4962793205543612,3384,47
372588529413857264,3384,47
5953039615671269,3384,47
42302568840617330,3384,47
2851199205958725,3384,47
3313149846340892,3384,47
3120613501209006,3384,47
24731566814057798,3384,47
16870112867732815,3384,47
139429108119979356,3384,47
12391514184513225,3384,47
506028545731887638,3384,47
32526572984253314,3384,47
44617986366873118,3384,47
56076991576957949,3384,47
21587906597034136,3384,47
1936229953361875,3384,47
425042852426183030,3384,47
120971334361007461,3384,47
209564118418008852,3384,47
74751282319711053,3384,47
3086101480867599,3384,47
13272244921935731,3384,47
112626627773135228,3384,47
5086533307343673,3384,47
116541315906116761,3384,47
385472406188385,3384,47
19438116850809074,3384,47
143886936498435896,3384,47
72474578805935467,3384,47
226135246943335921,3384,47
21239984906638043,3384,47
67438142205208268,3384,47
24394579762642390,3384,47
27900097992926875,3384,47
34655844761890501,3384,47
128562495218984249,3384,47
48003812402838108,3384,47
124274152218810532,3384,47
116819807942977713,3384,47
631962155424980,3384,47
4926667420527020,3384,47
281576365519362337,3384,47
5939049505148691,3384,47
25962992569025264,3384,47
174957012698264511,3384,47
23115107797404493,3384,47
17457119449551639,3384,47
226602312480318514,3384,47
111263541450704232,3384,47
18038145490933324,3384,47
27002935423669867,3384,47
165636130924198943,3384,47
24449773099536920,3384,47
24676982449095366,3384,47
108491837413198955,3384,47
111569459622000228,3384,47
1730747107974195,3384,47
182376858568548350,3384,47
27774298491536628,3384,47
13412206865122753,3384,47
13053881327697981,3384,47
27936644781453891,3384,47
128401944089865881,3384,47
141639224150916864,3384,47
17365259956926461,3384,47
15052684729952522,3384,47
11286151626437266,3384,47
19952247688740648,3384,47
143404018216446353,3384,47
108684395035070586,3384,47
26201180560695824,3384,47
20036473166185121,3384,47
221480555699519438,3384,47
162654738167499164,3384,47
13389283250832680,3384,47
145321230252076285,3384,47
108298420397084424,3384,47
10701194009661994,3384,47
152877610556301749,3384,47
123390625471025597,3384,47
4051458702877776,3384,47
14623876335688442,3384,47
429278338240815820,3384,47
116990054341112227,3384,47
37991535935094186,3384,47
11993047350947619,3384,47
84961890631205373,3384,47
14612091564576603,3384,47
130208864460473763,3384,47
16386441754278540,3384,47
43152883277396998,3384,47
10956468411207561,3384,47
30107689015062590,3384,47
84673879430342047,3384,47
35047018202757899,3384,47
5352439291673616,3384,47
41330562250786967,3384,47
3146780944729936,3384,47
96599483003667049,3384,47
226260957014983568,3384,47
119970145958525973,3384,47
19208822650929780,3384,47
23540233305725626,3384,47
298355613732184104,3384,47
106587909661883196,3384,47
582592059729704295,3384,47
28576336118898290,3384,47
6276544797091560,3384,47
40398701267813835,3384,47
121096559477936024,3384,47
6484875648111859,3384,47
51115160351953552,3384,47
766060773680942,3384,47
26652517523542442,3384,47
46091375605236606,3384,47
8578583007426450,3384,47
29154173344874185,3384,47
629623046555444,3384,47
115254082436966082,3384,47
4305001559483785,3384,47
52241081276462010,3384,47
48014311152714593,3384,47
172642001970637199,3384,47
634947737484763581,3384,47
7264561594073134,3384,47
150786434943257045,3384,47
60500679581525400,3384,47
141344979601610043,3384,47
4180616623592063,3384,47
42781664877200920,3384,47
32764090449337878,3384,47
6435550815184029,3384,47
35450762789053118,3384,47
4442522586225565,3384,47
84968528638737151,3384,47
32960511001116793,3384,47
64066968706438904,3384,47
65052343705243287,3384,47
76408975295678437,3384,47
3030297293194724,3384,47
56153629596962070,3384,47
45798404480069198,3384,47
48488210551921699,3384,47
55265984912520177,3384,47
31145884047836769,3384,47
8027359248122960,3384,47
57182195441598734,3384,47
473886972969848448,3384,47
88580565880293050,3384,47
49609322811079170,3384,47
38998994110812701,3384,47
39856755972654848,3384,47
34296184679454938,3384,47
306901180139220321,3384,47
3497211629885853,3384,47
330244863800796854,3384,47
87026936021874326,3384,47
8212802238731218,3384,47
3126543971978296,3384,47
392681590854192220,3384,47
6925543073061250,3384,47
4130963487941545,283964,102
50402332607050784,283964,102
25070702873258755,283964,102
64865679249743050,283964,102
401104845193165,283964,102
15724667847652535,283964,102
23093730613419788,283964,102
3331882992842274,283964,102
58789443263732265,283964,102
9134249915146521,283964,102
31804820900343335,283964,102
864916272415971,283964,102
24967723119611582,283964,102
19175626359164977,283964,102
12293462279958381,283964,102
474508188911920601,283964,102
42883990172612194,283964,102
45230216189303898,283964,102
3556024261330423,283964,102
64981927046261165,283964,102
133343629775348756,283964,102
14931767030582153,283964,102
10672681008303612,283964,102
35626213342746075,283964,102
347942887755596966,283964,102
3246965826954504,283964,102
12528046951244992,283964,102
121620288951317875,283964,102
13046843924053759,283964,102
62528749088231857,283964,102
39996695977249092,283964,102
220320323553953563,283964,102
15775814102240293,283964,102
29870088365085932,283964,102
56589902175033468,283964,102
19112289459653645,283964,102
5335819657955769,283964,102
31187890591026070,283964,102
155879699445552048,283964,102
130792358979414234,283964,102
37298138278534473,283964,102
189457676332154748,283964,102
109239963433563,283964,102
16642823614718554,283964,102
48568225372549589,283964,102
1357008123011195,283964,102
16541570764657815,283964,102
103328383197087439,283964,102
126876724935102630,283964,102
137208416736891275,283964,102
20964431481035672,283964,102
21943989438217700,283964,102
24155030140397941,283964,102
23643591454141907,283964,102
37329042178373943,283964,102
3200630665563782,283964,102
80148749362907114,283964,102
4301524532632219,283964,102
6120615818874110,283964,102
7447199109505388,283964,102
142018760780495302,283964,102
55664695609345568,283964,102
111286541547009280,283964,102
50559100251751412,283964,102
75620086814601490,283964,102
118562837695658410,283964,102
60342273208783800,283964,102
104677456735633130,283964,102
144956118583905938,283964,102
11847451179127969,283964,102
34322014661788665,283964,102
18342047445698930,283964,102
4635956982200999,283964,102
30157093045943136,283964,102
123692209894974064,283964,102
31863352589712358,283964,102
17904614695259099,283964,102
32460634130896367,283964,102
497585956083045859,283964,102
59753907328772973,283964,102
62706446639635732,283964,102
27899850248331881,283964,102
504243342965321848,283964,102
262131932839330656,283964,102
42452304807101049,283964,102
7732958486763834,283964,102
20460584650551988,283964,102
26497325511095247,283964,102
129262404241726187,283964,102
106357444633534921,283964,102
12598280407943806,283964,102
177358130616475449,283964,102
21231454717168714,283964,102
28311162185789669,283964,102
2771019930724100,283964,102
215844177338930808,283964,102
11283262449482269,283964,102
256246777224798,283964,102
12311844443085916,283964,102
236236895192456641,283964,102
14254653811985697,283964,102
21295983459483652,283964,102
21729567095205591,283964,102
21284994764268124,283964,102
56756583738451307,283964,102
45668496974972408,283964,102
34381420057110788,283964,102
5721798627900712,283964,102
4826745925689349,283964,102
71904113306042936,283964,102
10562472215861760,283964,102
5480867712484765,283964,102
31772268497999006,283964,102
125227201611013505,283964,102
17773358401706693,283964,102
32228570650830090,283964,102
316902349376971941,283964,102
46591586507076608,283964,102
5131646121576085,283964,102
117733070127387909,283964,102
31174056248760491,283964,102
84524744705244569,283964,102
6748108242781648,283964,102
28211945593070035,283964,102
83526660054689111,283964,102
57348907466275174,283964,102
22495454140672867,283964,102
32931944488540279,283964,102
60388308075307366,283964,102
199509559766519049,283964,102
46718484232405647,283964,102
285147396648295210,283964,102
110146918342916921,283964,102
38712774583529444,283964,102
149021552730947133,283964,102
71132096155973058,283964,102
39301511925249690,283964,102
333645264625523997,283964,102
45829873042654170,283964,102
439586502128083161,283964,102
77292488409049977,283964,102
3712060162533591,283964,102
2911164204145021,283964,102
59881060857757087,283964,102
2995875834860291,283964,102
66299270894157655,283964,102
36905459160983593,283964,102
50768839188025797,283964,102
8930477108352833,283964,102
91937827351771274,283964,102
810718503366513,283964,102
4707574642685563,283964,102
7272660134138386,3318,19
4626300154425493,3318,19
12596389038866073,3318,19
35556401569825826,3318,19
9073415316940400,3318,19
269269493726671429,3318,19
105633367655457269,3318,19
2634123790558390,3318,19
13562404616993100,3318,19
112268481955765832,3318,19
9680280172599200,3318,19
26848798694715569,3318,19
20687916847367743,3318,19
80937825023897033,3318,19
62511015386113316,3318,19
96409371771693116,3318,19
1941383494884172,3318,19
20491378192964891,3318,19
24430175455322454,3318,19
234252948149115041,3318,19
17981997879561030,3318,19
14959606164446290,3318,19
1453590218565205,3318,19
3932168446886941,3318,19
43443622392422915,3318,19
39061032876058074,3318,19
6085968084816886,3318,19
8210905718870686,3318,19
72159485810722457,3318,19
17029329360711574,3318,19
428599022942134476,3318,19
8885982084195067,3318,19
11405632126410816,3318,19
101198776359376764,3318,19
9537248987528571,3318,19
126686635974306934,3318,19
30462137426855762,3318,19
2239709181167250,3318,19
124314317579101384,3318,19
73056485668527902,3318,19
63867667848074728,3318,19
24178708235931992,3318,19
2747312601165209,3318,19
119186221956785287,3318,19
13859169423678273,3318,19
106551019327108466,3318,19
129374940787988626,3318,19
5237175155315945,3318,19
40800264638218042,3318,19
77872610642454117,3318,19
159858433041627031,3318,19
42880724411011646,3318,19
11503555511847864,3318,19
101191334675562814,3318,19
77647350538036738,3318,19
47629212813783221,3318,19
5937894546935896,3318,19
22886199367117703,3318,19
109508047821465835,3318,19
75535762852316246,3318,19
29675476474655450,3318,19
17096244938177719,3318,19
69499527068913075,3318,19
3056078648980116,3318,19
20364419822948596,3318,19
21465785219847958,3318,19
15908902579684210,3318,19
63844460549886919,3318,19
112158844366110348,3318,19
75937794207205737,3318,19
13717277617464304,3318,19
411475293307992440,3318,19
105375951403099745,3318,19
20194746760787122,3318,19
23740753848794197,3318,19
39142118326757320,3318,19
80419846590717636,3318,19
115046001296464559,3318,19
348593478749920911,3318,19
7461548023012096,3318,19
79573140025366180,3318,19
460965228076106361,3318,19
7591584162348866,3318,19
45962218674342490,3318,19
28372068782149988,3318,19
33988454098091953,3318,19
137813447893666201,3318,19
29977453562719506,3318,19
17774104553457709,3318,19
33811732858750925,3318,19
118819429641673638,3318,19
27505756711215147,3318,19
46867688544366295,3318,19
1700797712733365,3318,19
75752154651416365,3318,19
50408538583792262,3318,19
31692893103036889,3318,19
48501345173800510,3318,19
10219281156341394,3318,19
23308062610689298,3318,19
351964319695379327,3318,19
65763919864168837,3318,19
317133402114540931,3318,19
7111191477455014,3318,19
25699327780606721,3318,19
71345874733777137,3318,19
64831242553588451,3318,19
75075199588557691,3318,19
118002964992407416,3318,19
250696852504248092,3318,19
169034562632955539,3318,19
26701769097049573,3318,19
103658232125764675,3318,19
28789537358314209,3318,19
116535858910679677,3318,19
19994349789157915,3318,19
2505489196719402,3318,19
21611258315920575,3318,19
13323967658820106,3318,19
101815534694911517,3318,19
27746044621465297,3318,19
2649320914661689,3318,19
148080555952683149,3318,19
243737899601972009,3318,19
10812441621804085,3318,19
10293217671332165,3318,19
158557693806218184,3318,19
73004139059704045,3318,19
6988221335189363,3318,19
110962815358854118,3318,19
80635916635100724,3318,19
17099182254018817,3318,19
38505730915381761,3318,19
310536177663125774,3318,19
7626463196073797,3318,19
45587264315390815,3318,19
17086869767623070,3318,19
11875585083929065,3318,19
290706855577967073,3318,19
24206438857883885,3318,19
31954362782454255,3318,19
103101466990212471,3318,19
31451076474208174,3318,19
271929104526147373,3318,19
2562137224010846,3318,19
47719930818363900,3318,19
16821523695339568,3318,19
58557759388687624,3318,19
6827474008471394,3318,19
64495342994715291,3318,19
94344561065319092,3318,19
57138869631190072,3318,19
670820385579671,3318,19
54866558448817094,3318,19
11434832326242512,3318,19
34855714954242850,3318,19
24810911607771559,3318,19
296198832181622571,3318,19
15053024814870482,3318,19
62221493818301705,3318,19
236237236760098576,3318,19
7361401945072212,3318,19
51734274235827233,3318,19
45009885042370628,3318,19
64181950567005649,3318,19
165630405185164,3318,19
42586329114772221,3318,19
378488937406156367,3318,19
13486116344092029,3318,19
16289253747382995,3318,19
38979225093778425,3318,19
95737647972735378,3318,19
32150871555508893,3318,19
79320643107619752,3318,19
5758752143354923,3318,19
127509728319232324,3318,19
16303725466068183,3318,19
19182820416066169,3318,19
10442278341623844,3318,19
17480093697029412,3318,19
94941344404937632,3318,19
4327407373148446,3318,19
342683137880363948,3318,19
62889512366842149,3318,19
7611453594965911,3318,19
33581705253450912,3318,19
70045451880208566,3318,19
73080513637499324,3318,19
47734229078193911,3318,19
29972225445933343,3318,19
50126533518351207,3318,19
75665196255646336,3318,19
83563030358122528,3318,19
4359507982013812,3318,19
40051967737043394,3318,19
11477179840168842,5205,64
151435956948792794,5205,64
106577085869079411,5205,64
30266780287576537,5205,64
29125789053970899,5205,64
27094231862538339,5205,64
189505098293194336,5205,64
299880076967816023,5205,64
63735625749645027,5205,64
80638014165863860,5205,64
359655400629701564,5205,64
63427070394973873,5205,64
16042040424668454,5205,64
70599193204087559,5205,64
79922222181933511,5205,64
65219320930051179,5205,64
192693662349833127,5205,64
55919071375489122,5205,64
65995274937943444,5205,64
261826809791553097,5205,64
81807278795547325,5205,64
57180413346960932,5205,64
107773820389982140,5205,64
130413746228301410,5205,64
270528244416671906,5205,64
339972132663998557,5205,64
16562521220885964,5205,64
130183547221984555,5205,64
27380924749766582,5205,64
2780852490057122,5205,64
39392897274647970,5205,64
21250251072714369,5205,64
539909191882735311,5205,64
20291696928754974,5205,64
113858997895226492,5205,64
24603490665521234,5205,64
71783987888724680,5205,64
7295961684791815,5205,64
29793579122813593,5205,64
115688832771812927,5205,64
2455885480924195,5205,64
10107783190885441,5205,64
14687140649776691,5205,64
52974789197042114,5205,64
226046745666334954,5205,64
95671570461173863,5205,64
233042854261417497,5205,64
12300263159305262,5205,64
17344185097609882,5205,64
210787066372685981,5205,64
47848486799299792,5205,64
32498572944602683,5205,64
10439152522958614,5205,64
155913766059948588,5205,64
22050197341358947,5205,64
13111850181559398,5205,64
79354343174883433,5205,64
6700110989735775,5205,64
128849044976983695,5205,64
460534627359810715,5205,64
381785174163854841,5205,64
100947705725744217,5205,64
71308333690301666,5205,64
325928379934516106,5205,64
19845224121609773,5205,64
5179294565738179,5205,64
7002239410571848,5205,64
20937963399520037,5205,64
1940728306298874,5205,64
16095322408993986,5205,64
290117958177752412,5205,64
17565118393604932,5205,64
28116102690905570,5205,64
339246009102392533,5205,64
114887154688379999,5205,64
33177299417760480,5205,64
46220513468263372,5205,64
79986867463172768,5205,64
14541419237340259,5205,64
115709614177538438,5205,64
6652611558104485,5205,64
1974896177175836,5205,64
58590945879541920,5205,64
65246908938923252,5205,64
290698185806067836,5205,64
41926368500017957,5205,64
2492351157175564,5205,64
41834983449513042,5205,64
10372858027413308,5205,64
19155329799860799,5205,64
2396638460698099,5205,64
2250415159693316,5205,64
230422871788455357,5205,64
1194217225104715,5205,64
22585797973858559,5205,64
10788791811888847,5205,64
13273029142799346,5205,64
26491900642250665,5205,64
23180318986795969,5205,64
220555410370081,5205,64
25593955737469042,5205,64
28938128729935763,5205,64
129244016252318581,5205,64
6831443087827244,5205,64
6402716667592347,5205,64
37857181807167076,5205,64
9037227492454826,5205,64
141361460146539266,5205,64
114124178297478113,5205,64
14953120535033372,5205,64
16679232188595050,5205,64
138444586821774089,5205,64
9038409639261016,5205,64
7986865072305049,5205,64
17154082239835098,5205,64
36953678832198548,5205,64
36562094816064887,5205,64
275075656438102850,5205,64
14201826902486843,5205,64
64783571829353095,5205,64
271179462318873456,5205,64
274869546391024168,5205,64
44008145213787147,5205,64
26206815086956958,5205,64
130746999604022046,5205,64
343247670962263945,5205,64
57181293622085748,5205,64
42242472987899951,5205,64
29923562532365964,5205,64
5222587264597155,5205,64
20905880227653488,5205,64
31791405240098441,5205,64
116115272792911841,5205,64
38170471520035532,5205,64
96369672042349283,5205,64
120016432636149648,5205,64
15733689266526277,5205,64
33537366642385620,5205,64
1125957839845668,5205,64
127965013303380334,5205,64
484705064559491328,5205,64
30621152594475733,5205,64
12109239581746601,5205,64
8332856409767549,5205,64
33257160837683208,5205,64
30151666883530914,5205,64
50583417027609409,5205,64
211969793877187547,5205,64
72690161378146085,5205,64
195600575478263911,5205,64
34837144132074154,5205,64
6822738845625469,5205,64
94988847582541324,5205,64
8887057995110424,5205,64
7827086785424364,5205,64
643251855672234,5205,64
365012324997958350,5205,64
34783266830386143,5205,64
827086451735117,5205,64
4886578463803865,5205,64
73781734407978255,5205,64
367927954068713587,5205,64
39409157968040430,5205,64
79501743153743000,5205,64
3491004060771069,5205,64
643343143652722980,5205,64
62581257368637705,5205,64
375623933966313751,5205,64
375058789391523681,5205,64
67805244615542391,5205,64
78034588842663263,5205,64
6845672532058603,5205,64
95654992238427911,5205,64
4980768114467707,5205,64
29698205481935888,5205,64
5371821483636368,5205,64
27871524408702281,9711,196
16951151375577194,9711,196
25356326064743429,9711,196
18039347875325226,9711,196
187627994034521341,9711,196
18719814753018438,9711,196
15924870855153189,9711,196
18892873146452028,9711,196
123951230634829106,9711,196
29834694122976720,9711,196
138168013631575932,9711,196
78808526427117624,9711,196
108911527977821963,9711,196
56037254375086877,9711,196
21702939114051857,9711,196
13196157357532777,9711,196
34031152311299344,9711,196
111099095363218591,9711,196
158123382495350761,9711,196
28740513427701957,9711,196
38983869189911288,9711,196
14320352718758162,9711,196
93266501669680304,9711,196
25943717633934732,9711,196
36996416237507994,9711,196
35237407997506763,9711,196
18238622098490001,9711,196
18600485820252265,9711,196
89714507732247696,9711,196
30118527162363241,9711,196
11426366178579245,9711,196
116629739363477167,9711,196
3593536564077215,9711,196
8002186040332613,9711,196
115073957388308504,9711,196
49824321956897812,9711,196
18716981690009731,9711,196
33556061976855662,9711,196
39559185900989200,9711,196
11711298188524592,9711,196
52038900896832252,9711,196
29636385396670911,9711,196
10922363355584324,9711,196
537624343021188,9711,196
171010556828772845,9711,196
128016411140166811,9711,196
21627036696450764,9711,196
307586774175263424,9711,196
12011772492446495,9711,196
45254328052519604,9711,196
70811320856404626,9711,196
15488204509366031,9711,196
14374457039617189,9711,196
43422742834252871,9711,196
42105171344392341,9711,196
318854332662626286,9711,196
117775932138009316,9711,196
29969798378096888,9711,196
18002678546016762,9711,196
30368064927392148,9711,196
4495975760195252,9711,196
36897311957275317,9711,196
117290737727687713,9711,196
47022901288044969,9711,196
208936724855186315,9711,196
80268083301529052,9711,196
123000053422374565,9711,196
7103892305957789,9711,196
20088669842661248,9711,196
41335717887110412,9711,196
79476012453698789,9711,196
237168904288865743,9711,196
16452148863277467,9711,196
2900569299936575,9711,196
102496752972347153,9711,196
111546182292742155,9711,196
3562426055813791,9711,196
3210438835419030,9711,196
22025532514340150,9711,196
7172045038207543,9711,196
27754806384284283,9711,196
78621971219891951,9711,196
31584231319473186,9711,196
23606374714461929,9711,196
131938756735715675,9711,196
226051396398869710,9711,196
14263450057799137,9711,196
11098183103667002,9711,196
28462330883635281,9711,196
18474102423556807,9711,196
18079404678539335,9711,196
25437076668748931,9711,196
20572660873553838,9711,196
23240645587312976,9711,196
26960442276464877,9711,196
22545588626899974,9711,196
113279282232200850,9711,196
19211135011480358,9711,196
13003709986490145,9711,196
20967714676773024,9711,196
143216380196744103,9711,196
10301461818804210,9711,196
17236933287721589,9711,196
159484735363366087,9711,196
106678962773422294,9711,196
105287550843730088,9711,196
108283081535719506,9711,196
121695835236762412,9711,196
227010592358774695,9711,196
206943128049330481,9711,196
14709580319843037,9711,196
13099209523384312,9711,196
38126972448016957,9711,196
1053086079668475,9711,196
70783704464291475,9711,196
30246303084465863,9711,196
145522873768578,9711,196
9152338940101984,9711,196
62406160550046512,9711,196
25968011046183909,9711,196
1689514280554981,9711,196
164085472731282004,9711,196
251064954254198674,9711,196
74436783237694512,9711,196
72163558988547490,9711,196
161998847322918161,9711,196
300643936395586607,9711,196
470652188000257048,9711,196
109588850000311377,9711,196
7104650492660850,9711,196
76037215149963787,9711,196
34186517966453645,9711,196
26358650828400774,9711,196
50406306428299192,9711,196
66109742943223,9711,196
25745636425233743,9711,196
226225303171514435,9711,196
11068657774286551,9711,196
250570322182661796,9711,196
22575655009116494,9711,196
15202706194089619,9711,196
19090786550902590,9711,196
23438626382696042,9711,196
121693703336288030,9711,196
41087804745678827,9711,196
8604871433235255,9711,196
50640313008119983,9711,196
132852892789408866,9711,196
457793593308346646,9711,196
39331217188156340,9711,196
71952511372276835,9711,196
44378232799144849,9711,196
488343951715384414,9711,196
85163794530863387,9711,196
87147301018237761,9711,196
7717411186831353,9711,196
37018515233035916,9711,196
7068210855643651,9711,196
802829941067238,9711,196
72271845604104911,9711,196
6212024673019593,9711,196
8953139994728346,9711,196
3896430075285517,9711,196
36132768080117804,9711,196
63442751816070910,9711,196
43650003107643647,9711,196
374911509761068,9711,196
58980214497562650,9711,196
36850783971054576,9711,196
46788216426480351,9711,196
38456310101701723,9711,196
30664614114160551,9711,196
5597081501792665,9711,196
40676894080242750,9711,196
8372735578237673,9711,196
55053788604195317,9711,196
54935919297400815,9711,196
31197322322780727,9711,196
68912246870365331,9711,196
315262230210702889,958,26
47376532890267190,958,26
16764877391420057,958,26
12781750698115402,958,26
96833108277088283,958,26
28323831136907034,958,26
30736417643837754,958,26
1642150825393597,958,26
26201579847805665,958,26
31654979807576264,958,26
158238827437923509,958,26
77218070682873373,958,26
70851217490940425,958,26
78107604761092767,958,26
6559097714610897,958,26
450502390847065564,958,26
55840129160272657,958,26
24378148712443910,958,26
25710615006595604,958,26
50103944541273051,958,26
23971481751885336,958,26
26279951330407051,958,26
73071283523024772,958,26
70789732741194269,958,26
426518549554834602,958,26
3426869923361486,958,26
23516035123833256,958,26
385991191159456376,958,26
19233841838847865,958,26
45146576421368484,958,26
114192359807549775,958,26
186732861163411131,958,26
23409866327814918,958,26
32228082396653743,958,26
151437366253108587,958,26
13689063534706731,958,26
202035438058179290,958,26
76829938931072524,958,26
18032881738907334,958,26
13050484806207674,958,26
289072061267084918,958,26
39661629469110579,958,26
6568088863890986,958,26
11172906092788996,958,26
119870795024641965,958,26
16996557922831410,958,26
100056698327961083,958,26
103093167000404890,958,26
34090161178552065,958,26
5712801588463466,958,26
10723035498950327,958,26
392041337775000092,958,26
46072321815091882,958,26
124826927841934080,958,26
50257874760047391,958,26
48533109469320810,958,26
7105685867509833,958,26
19403568151176711,958,26
63810916118647220,958,26
1554974910422559,958,26
27589850754050231,958,26
10741118085123140,958,26
6792305695918476,958,26
14563642463900283,958,26
5432011496881283,958,26
238457540875827084,958,26
27670930067375616,958,26
59493897037149218,958,26
186933939327060390,958,26
1140029403506864,958,26
7817820730842062,958,26
37543835713953569,958,26
44503644153301330,958,26
13467852735351049,958,26
136094473022053378,958,26
47971035189904482,958,26
500677103717653628,958,26
427242528777454617,958,26
20142451559751262,958,26
36406605752925937,958,26
121422055119450764,958,26
19224516772156723,958,26
4452687991051156,958,26
127490188925166769,958,26
20814375902832513,958,26
29406126381229522,958,26
590844943125193322,958,26
21326868843432380,958,26
7923373200275243,958,26
32182079158187694,958,26
176857575100894701,958,26
42727891855656057,958,26
62665576078319521,958,26
55119758380922793,958,26
123649052602478782,958,26
33895229871358630,958,26
16673160819036881,958,26
428093629066880252,958,26
74201105066257658,958,26
26565890622420210,958,26
11783175941101221,958,26
10846519584916627,958,26
130003387034878461,958,26
22358543717139305,958,26
22655531787021938,958,26
15549489136380366,958,26
28989303041947053,958,26
22970814912451573,958,26
116004500482645016,958,26
22575833585449904,958,26
13580980554685016,958,26
1496212840392735,958,26
206998371805939449,958,26
13777115063321730,958,26
11911857939578252,958,26
25444677946649536,958,26
16257503913577851,958,26
56889456128082060,958,26
32101962483238801,958,26
119956763880749939,958,26
13849248986575189,958,26
46068240379095309,958,26
17815073894128139,958,26
71220534721582176,958,26
7842269760749398,958,26
128368426647687720,958,26
7157202605750239,958,26
296234490577846,958,26
9473771445457072,958,26
474317921226024947,958,26
10840549758253766,958,26
7090349636317038,958,26
6161124626266792,958,26
276120722489230792,958,26
19440438936447769,958,26
25049301806850847,958,26
4202969069539839,958,26
15376673890045119,958,26
615269282716675,958,26
6151631182874699,958,26
94838280954197026,958,26
34951068904628425,958,26
7756820457316670,958,26
79061344273391697,958,26
239613844026664316,958,26
110670553241518307,958,26
208852350965352439,958,26
7417744354966595,958,26
23109507143762763,958,26
109698446346167133,958,26
64231807307282136,958,26
14467245515807401,958,26
24245405397768431,958,26
1995074924263391,958,26
2395602365884434,958,26
24220436623860395,958,26
80943744326660225,958,26
23399958920917284,958,26
26946810875963706,958,26
430199746496016941,958,26
91283144934025523,958,26
6412891791412555,958,26
91176037280324856,958,26
3611184419185115,958,26
9936527579279500,958,26
5191161267626263,958,26
4571252434791323,958,26
98546654538003318,958,26
745568944559725,958,26
40033744784549191,958,26
344366787337111692,958,26
79587357121985428,958,26
55005586408568795,958,26
3882518543075334,958,26
79198461350534562,958,26
437485191960665725,958,26
67323649318682047,958,26
3140549191720765,958,26
59568937479098749,958,26
350263757795378782,958,26
89063672455836964,958,26
508182972589970930,958,26
46156105271905484,958,26
9772768942412546,958,26
421356497054108880,958,26
93484441764862353,958,26
30637771285240643,958,26
21174903109801467,9074,25
25308918251469456,9074,25
65580249741936945,9074,25
5206003525913909,9074,25
49962176369518940,9074,25
97776186193705023,9074,25
193373980279681492,9074,25
29478135291287591,9074,25
44616305744161737,9074,25
69680850509031232,9074,25
14602804690065186,9074,25
24839343829491108,9074,25
80391337839940707,9074,25
1035000269108842,9074,25
3820082408153128,9074,25
22087183905713938,9074,25
77371432758166242,9074,25
31595235198258131,9074,25
23947689706419841,9074,25
36104247420532257,9074,25
80397705557014357,9074,25
17820110842128258,9074,25
20739120903357735,9074,25
26910760551071419,9074,25
16783512849001483,9074,25
216009696091452549,9074,25
39758196674547904,9074,25
23840832090297947,9074,25
207192603338866676,9074,25
72416476647969781,9074,25
319447666608439917,9074,25
285077123956557486,9074,25
161648631453251075,9074,25
4322494280440180,9074,25
138625705493752342,9074,25
235902338534315621,9074,25
3590140353691610,9074,25
7277389393006447,9074,25
38361825711713289,9074,25
49657887042528141,9074,25
7002311251205280,9074,25
395257056974967789,9074,25
6166519923477819,9074,25
68601591291583961,9074,25
4481137233620593,9074,25
29361964585952653,9074,25
22963940050181260,9074,25
180043766245556162,9074,25
507559286168262452,9074,25
3626593307103518,9074,25
4350735923110848,9074,25
13186504771585130,9074,25
9107604731927118,9074,25
6637930321289364,9074,25
79064984494931773,9074,25
73986742144904526,9074,25
340732830075775533,9074,25
102491393090437964,9074,25
3795273718568837,9074,25
361306367174264224,9074,25
11964152670817577,9074,25
74570769476463605,9074,25
23299772673762436,9074,25
280960796819822243,9074,25
60291310606199684,9074,25
73824337758755350,9074,25
18266630581334473,9074,25
1439094597575878,9074,25
112959728569450614,9074,25
17168749405264340,9074,25
29897370505634531,9074,25
32131000285416587,9074,25
19374330540410738,9074,25
32376966546267310,9074,25
33770054592395157,9074,25
17389172258262397,9074,25
4446125862779927,9074,25
13321767440007103,9074,25
1186747744008157,9074,25
107622325283943795,9074,25
58385395300823843,9074,25
196081234437481605,9074,25
62199623729825888,9074,25
30786415449559012,9074,25
11955759409406400,9074,25
363141229886778476,9074,25
34345982904885510,9074,25
18068327748776114,9074,25
23634832356567114,9074,25
179313485239571261,9074,25
48927887595931691,9074,25
71957376168196530,9074,25
11397553156975753,9074,25
121298460661676451,9074,25
28968474300926342,9074,25
6617619990984043,9074,25
266790328977983,9074,25
66878489776475585,9074,25
66605215038861784,9074,25
149376574559499026,9074,25
10888937071557675,9074,25
155843416134499681,9074,25
27648290900703266,9074,25
19193568134964457,9074,25
20891700959024672,9074,25
1105089737209499,9074,25
16288678898078298,9074,25
269483597438024,9074,25
185739636760822880,9074,25
18754195778457734,9074,25
21114334753948481,9074,25
127256653372517119,9074,25
135769784858120763,9074,25
20235460797605416,9074,25
167355391635436092,9074,25
143807008824176923,9074,25
21926061766309775,9074,25
26950183812830467,9074,25
26052295431598132,9074,25
14208640037475013,9074,25
106182516017086025,9074,25
23661642502743851,9074,25
20672469251586893,9074,25
17335685719670262,9074,25
7808437562185232,9074,25
104851765468293846,9074,25
145326200210792889,9074,25
71912681975695240,9074,25
71711425336883760,9074,25
18309002406717480,9074,25
2072015844900528,9074,25
71115688616572802,9074,25
114910586896779442,9074,25
11830046772594211,9074,25
115814796679684109,9074,25
9541744984017549,9074,25
192135362801872560,9074,25
10715705023924771,9074,25
2332126513264507,9074,25
19324761906363490,9074,25
12299136518888344,9074,25
39898565003128848,9074,25
63985255249358818,9074,25
68625817720768447,9074,25
3796381329652620,9074,25
7803227473203363,9074,25
20892870055396433,9074,25
80399260701266653,9074,25
218680649173102286,9074,25
6795783858545572,9074,25
235153935353244600,9074,25
19708355188706624,9074,25
25801080534443999,9074,25
353410309479103174,9074,25
118649434961947072,9074,25
57595568847593404,9074,25
4717582861365778,9074,25
28005554469252159,9074,25
152008405260499828,9074,25
38425273475211797,9074,25
14968473050840535,9074,25
6762175677577083,9074,25
11854593273020364,9074,25
37092203476651682,9074,25
2455855208151142,9074,25
67420253453506155,9074,25
78909729408670249,9074,25
44377188481913085,9074,25
56159706076083363,9074,25
89459245585466603,9074,25
31849934482983014,9074,25
42616618847839442,9074,25
77977682472437196,9074,25
78907225142421850,9074,25
30048408945335949,9074,25
94850790104676214,9074,25
65180932775940946,9074,25
6847566550654986,9074,25
87713817521348696,9074,25
67661447910870066,9074,25
56320848365798260,9074,25
55475219885111581,9074,25
67447468226611209,9074,25
47518230904602304,9074,25
83041835282292249,9074,25
4444197577587164,9074,25
42382721318096757,9074,25
4136143788511456,9074,25
79638088875771493,9074,25
360781226343936829,9074,25
44456479514963468,9074,25
7727714978420384,9074,25
45092287617554546,9074,25
388920363861243019,9074,25
383920101079509662,1442,29
36523116286057297,1442,29
15934039596427196,1442,29
2786789742462514,1442,29
25085902622618830,1442,29
20549856123013871,1442,29
155526947334619655,1442,29
25308725354838000,1442,29
356591000976999684,1442,29
45062993228129547,1442,29
11029756876956992,1442,29
35845444254962797,1442,29
35213938361750185,1442,29
22920399703019184,1442,29
38620424269670806,1442,29
59086079678607520,1442,29
29155695208358960,1442,29
9716523547021972,1442,29
121281046225349475,1442,29
56939788163768567,1442,29
533823233410499298,1442,29
204142610973666800,1442,29
17844759498955789,1442,29
37456447712125611,1442,29
49867351071708230,1442,29
20104927483232779,1442,29
138254787218743129,1442,29
14488623956082871,1442,29
46332868089971362,1442,29
34031145127371164,1442,29
76731382525502101,1442,29
260776343761540488,1442,29
167310078519606215,1442,29
7066582733846850,1442,29
2588506531121160,1442,29
12258964815928395,1442,29
39116936327259278,1442,29
27983945225518524,1442,29
70244334600309817,1442,29
3041071383154898,1442,29
90751049613339207,1442,29
12723017760782076,1442,29
36605805323972863,1442,29
61934382049241880,1442,29
14487921482259303,1442,29
27854519381040464,1442,29
79922766665982643,1442,29
62041266391362769,1442,29
20054434734510238,1442,29
9937297166162693,1442,29
105482623533112982,1442,29
104842190856523482,1442,29
126444710705136339,1442,29
2722482894239785,1442,29
4556797190128469,1442,29
284725602350577544,1442,29
1633091510335997,1442,29
13508299359957750,1442,29
10490205074789641,1442,29
29295698429868669,1442,29
174112188646154437,1442,29
24604608486542648,1442,29
49498275191555901,1442,29
40292622480661727,1442,29
5550674759182732,1442,29
5621606903435706,1442,29
4809417261413765,1442,29
56050498580105252,1442,29
20554435845188087,1442,29
76897305219709397,1442,29
12328777418541477,1442,29
247364984301517296,1442,29
370977358584877441,1442,29
61906623922709490,1442,29
123975535778241758,1442,29
17528777477826177,1442,29
219721011933641030,1442,29
105432649183551926,1442,29
111159023397022397,1442,29
242077907962097301,1442,29
49199410246115472,1442,29
6464296950137717,1442,29
48104041113314012,1442,29
36942875587937720,1442,29
23470469964300532,1442,29
60923749778302092,1442,29
3142281664543104,1442,29
309795323186510236,1442,29
132899555376814129,1442,29
29244115938674997,1442,29
20991720327920251,1442,29
5531902429702838,1442,29
154590455530445856,1442,29
241575351631321,1442,29
18099731356488774,1442,29
23033427328757764,1442,29
13923570202393691,1442,29
189869501592560725,1442,29
27812254586139339,1442,29
1523846805353805,1442,29
277259233777940774,1442,29
15525616837138556,1442,29
130368876058049671,1442,29
10267887145588786,1442,29
107184129240918102,1442,29
19451183269394375,1442,29
2854184381048365,1442,29
23604220509814968,1442,29
170926591907963456,1442,29
14569768835833651,1442,29
252639938279548285,1442,29
10253774466795248,1442,29
16124526727397132,1442,29
189499702547079542,1442,29
113139922037850881,1442,29
19825923401734007,1442,29
19143210304701368,1442,29
15319711889756111,1442,29
4966627362348150,1442,29
36548336061339890,1442,29
407099514157297347,1442,29
18501829870122218,1442,29
8046876844440158,1442,29
5772784237039792,1442,29
33661241694770805,1442,29
62628707092681192,1442,29
42080575747534214,1442,29
26931820845073979,1442,29
287721741926109428,1442,29
19153974093042514,1442,29
122421758722938441,1442,29
4997429568822968,1442,29
1441197736699088,1442,29
118160301102625517,1442,29
87174316930873120,1442,29
8506956136574219,1442,29
6087504311434383,1442,29
37080531810066818,1442,29
38626519249335450,1442,29
28586303948160044,1442,29
29508166461425154,1442,29
8968242350263709,1442,29
51567571096906487,1442,29
335840714612115809,1442,29
152358061427482460,1442,29
20180348976748955,1442,29
8735606702806328,1442,29
2176259394361180,1442,29
5196599971121181,1442,29
107944118162646236,1442,29
25630941828803042,1442,29
319807440046394562,1442,29
456863660970382375,1442,29
41598037080995060,1442,29
16457743621478798,1442,29
2332281583801172,1442,29
12299144165041688,1442,29
36971921247213136,1442,29
83364579570782761,1442,29
97081980515921624,1442,29
2815225462077417,1442,29
282131809466546402,1442,29
29754842866217626,1442,29
40905627664827946,1442,29
63629451574037284,1442,29
50504589758861354,1442,29
46486628922863448,1442,29
74306514559351489,1442,29
57008005333083635,1442,29
464385075908602079,1442,29
3441996261057241,1442,29
59052648152200545,1442,29
45622273264270824,1442,29
31884855391106165,1442,29
50851657338278102,1442,29
38491294336153564,1442,29
85429983171270336,1442,29
375629095917261566,1442,29
56640902986319475,1442,29
29820583925078241,1442,29
90762981717883689,1442,29
74727871991507854,1442,29
43246993167120523,1442,29
37826419763907991,1442,29
6818237694672750,1442,29
4201635915583706,1442,29
343027296614846505,1442,29
47192782315596399,1442,29
45231634321162636,1442,29
73412694141881428,1442,29
52458275326337787,1442,29
3396335656318772,1442,29
3536357709206502,1442,29
