,cost
345222972187152031,31.04771661758423
50615341238722148,1.7372407913208008
55283887432744401,10.819650173187256
294298717339641819,9.52958607673645
144736143392187834,62.12855541706085
46892431787287090,10.596535205841063
80624705652681678,14.155033230781555
11867752120470166,18.199606776237488
22789741927325168,16.525038957595825
16662339208596574,2.243453025817871
57801146441732660,16.72942864894867
16126703496455461,23.21128821372986
471726319217819204,11.875480651855469
69357963598186237,1.9770187139511113
57936774984049232,5.828046917915344
109483860633104040,16.882830262184143
63418917565243533,3.4902021884918213
7842812135112278,2.45093035697937
7752002675748699,21.000784397125244
6208160809085086,2.537529230117798
85737362293581491,2.5331685543060303
29090959227789333,2.700561285018921
53482424371245635,57.93753409385681
7188227013904142,42.32130825519562
118374992182675281,32.00743865966797
94921768384131758,2.1371195316314697
18467234329667972,2.5974782705307007
28798921075665767,12.247562527656555
9511947319230830,4.3830646276474
9793105592978646,8.815071105957031
2632383878679747,1.6332879066467285
6225925391521215,6.91246485710144
71909733182411461,2.6052944660186768
229581059648261980,32.32947313785553
1300790572247429,3.466254711151123
94553654778916875,7.204417705535889
10230238713095848,54.11984825134277
17026385896475648,2.221863508224488
133625097407040903,7.6516629457473755
190364240137130594,3.2448726892471313
13198020097000394,24.909148812294006
79770917207900544,2.2958685159683228
194593626491108369,16.54352045059204
461780682997571650,4.4892555475234985
188437552866192896,1.7900984287261963
5832459478214036,2.396521806716919
17384133931472973,4.502888560295105
40772635308267757,34.68824923038483
22143460129649509,2.0560011863708496
7396828625212034,120.58427631855011
29031195553631734,75.72736036777496
88059400730188117,7.2468119859695435
377043153393836139,17.977901458740234
89585954411223983,13.917358994483948
251700859113926104,4.217635154724121
1856998313113918,27.00667977333069
62411666139327010,142.81257843971252
8105041344927782,8.496435403823853
129671857670917560,7.747206926345825
130656775959211818,2.9111320972442627
75732331274209482,3.264699339866638
18425143119380126,18.205639243125916
5507392730047327,31.810482144355774
36124986495600513,1.6516170501708984
22230899107177818,28.434038162231445
5947669352501604,30.745679020881653
3662248047950828,3.7309931516647343
26838858099122448,2.721186637878418
396346612272108314,69.45348489284515
40260947128086846,2.876071214675904
11621909250883227,4.2932469844818115
37451004202147980,1.9709951877593994
57272728109898334,2.308958649635315
37132718295355367,28.620858907699585
421592996225086074,13.661726832389832
480183588875415730,8.470978379249573
207493369308410333,143.34331154823303
9847638392273697,13.851085901260376
290573243334487452,2.9502713680267334
49626248526253498,19.415900707244873
70497243869818458,2.8075486421585083
38236869579720151,22.301305651664734
113634245023065688,6.581631064414978
59669472104099187,2.961720585823059
65734733054628622,55.80904412269592
51866013712187602,2.6406224966049194
86741227545813298,1.714977502822876
63085296420592636,2.5352604389190674
50667850091135764,2.5232838392257686
12447875998793882,152.9445550441742
419111838110904323,2.794188380241394
109398657732453384,5.181761860847473
34665460854940849,11.945024847984314
29481527163163181,1.5539331436157229
40940637241540560,28.9701167345047
45210896959705634,7.987695097923279
17425647825708421,17.156800627708435
31352476896683915,7.2370922565460205
28336080560505215,9.315637350082397
22938440168259391,3.734536647796631
12244073697546568,3.0199873447418213
2276416530687061,9.820245146751404
136828967523362997,3.0794522762298584
17844228569568845,9.385921239852903
13176267399429300,16.00516366958618
154557623922092692,2.9344162940979
26640753209413212,8.75938606262207
186489814544883159,2.484356284141541
17533608716848970,64.97932064533234
23660578091209598,3.4480334520339966
2753002277309746,3.297316312789917
121165667379195936,2.522854447364807
18490258494612199,10.246127009391785
27261059891101528,151.37745213508606
136017843913446998,68.561075091362
265932084934845722,8.643717885017395
161815212912911782,3.5637576580047607
237244568830518023,27.677969813346866
136758687744547848,5.41595196723938
127726962214524020,14.365134477615356
32202006076398696,24.90384578704834
28825623615294007,1.959226131439209
40759094567563039,11.176870346069336
28322063806168158,30.355072379112244
12034442897883310,12.559812903404236
130462675065780488,20.956657886505127
95295376922868455,4.152054667472839
155962234465488280,8.396212100982666
7613109617965750,18.852062106132507
56530737139211137,23.323189616203315
226175652230195937,24.866997361183167
346368543643885613,2.0277342796325684
225341577864343245,19.624106645584106
91400698872952960,9.585776686668396
89724903260494802,2.9252822399139404
18745237700155003,8.477389097213745
27093581119752221,2.749028444290161
71053259545142145,49.50951671600342
40322157912456462,32.664424657821655
14892305505884770,36.88819468021393
15254763561251266,2.0118088722229004
17218409501616383,2.119662046432495
94632502183352961,5.937272906303406
150546290791370702,2.5422585010528564
2066407035816630,21.070180654525757
96085787692379210,1.8084310293197632
96420395973280128,2.4624245166778564
100029732564441766,2.4624669551849365
206663618937411163,17.58219814300537
46352977059420843,2.748690366744995
24412669511977375,1.9494707584381104
29850584050787861,5.097601413726807
386481570075839764,2.431214213371277
118317146044782592,6.755205631256104
29270475523112397,6.3115915060043335
206187366575326766,43.709917187690735
15984392245871402,20.784671425819397
191454607807515433,25.229297161102295
88324213895758645,14.897632479667664
26144228081430321,10.251322269439697
4195626266793581,35.191458106040955
179531718081849480,28.366979002952576
177897324608758,1.6553139686584473
7848657408045151,37.95578217506409
95981151491795328,141.26573967933655
12865669653850086,9.617250204086304
5681506125377287,76.50578379631042
2552331030042358,6.8367016315460205
20824262599096898,11.863417148590088
7111396956531503,2.3107635974884033
415726692805445278,11.872578740119934
23216711555843901,2.3267481327056885
63375663385012313,4.317225217819214
354520234490891419,6.106342196464539
123290456614156432,52.28897702693939
16773090500213132,37.854042649269104
121762458255588202,3.0773613452911377
10291967571138863,7.383419394493103
26300581749904451,58.114659547805786
124879030232869236,10.605337142944336
229136786285498655,5.725375771522522
208523736909530549,39.861002683639526
11322842975319120,12.172600984573364
310012052318901843,4.090730428695679
10435646960014419,3.349379062652588
29839652072324179,8.111607789993286
250050498225893433,3.2158347368240356
23015399861133886,25.079042315483093
3041257484471558,6.972379684448242
102080910836505699,2.1038877964019775
57138601495089425,2.560102343559265
11432922914215262,22.691808938980103
40994301710317071,7.968177437782288
17978800732359475,2.893357992172241
65541398356356067,41.78734004497528
125066765518490703,6.347891688346863
106323433484026506,16.70006501674652
13688029190574151,2.049013376235962
28056512105822864,2.4474055767059326
67646309961070962,6.719651818275452
126121025326595780,30.39931201934814
69383195419785319,17.068091988563538
135928169144377120,32.73674273490906
30435874362552679,38.77696096897125
12860181206599429,14.117464780807495
121041346569761327,5.119632720947266
147896529283070794,1.6335768699645996
128632951886487383,16.415809750556946
196996099371709521,69.54265642166138
101087987138267592,23.09972858428955
51198487152919621,1.6899720430374146
881626050706053,11.147478222846985
23902269669855422,41.6402086019516
26506406067679689,7.2942955493927
5380262725741239,2.1296844482421875
65059743554654468,15.275925517082214
2058583216026356,1.6765590906143188
31026146583071442,19.204954385757446
88270067816039266,63.6699583530426
2483959696962249,4.781055212020874
12777744998454764,56.162662744522095
26692190244249315,45.591699957847595
960855866444095,27.173902034759518
103086283406927052,5.158256530761719
465084897249007066,51.043251395225525
27561595849752593,2.3802192211151123
17249505180800595,2.276166558265686
96698923248274719,6.2915884256362915
47128484853026796,2.777402400970459
73806691423520054,17.818668007850647
244873736748012212,47.626144886016846
7624716730609869,3.3310272693634033
26651502078059767,2.784739971160889
45251878787222763,29.406505942344666
99700897847952278,23.61398673057556
153613306767029145,2.1214693784713745
103112631330070842,40.34717559814453
370456837146222820,2.7440552711486816
15723725363795697,42.15406620502472
28480293908880863,10.75612735748291
51732776956465181,23.728969931602478
248805706678587163,29.483131766319275
12720751092012178,2.1299705505371094
58760767441896221,2.439193367958069
11918233197845660,4.048608899116516
17599136373908058,2.7513650655746456
69767865889326348,6.683949708938599
247891385769741396,16.210490465164185
20680899311035713,13.61095142364502
224105236529199349,2.8404994010925293
235383010996857036,83.37924826145172
50381597215130347,7.245938777923584
18036059077075873,85.62762403488159
123430005663565670,76.99612259864807
77827767794425027,93.13297390937804
47813800633677816,33.6451290845871
37115511014380519,134.38050198554993
149787809917755917,10.892590284347534
19592878060234507,3.2898902893066406
38619734043598084,25.32341897487641
30412502445112312,9.84773313999176
52414423920055920,68.30495011806488
9368588806000764,2.904332995414734
2364920240859323,2.13935661315918
39471314228824333,2.105416774749756
79469878587979736,18.75739824771881
102672875446499054,25.913434386253357
412530461139492127,17.976649284362793
58841433141789890,42.20108485221863
5285004944378338,36.27938091754913
151498848771555866,52.86635434627533
89628814542896828,185.48622596263885
83607331823840349,15.150144219398499
24435463378957256,99.69609797000885
80295366988649419,12.355730652809143
30496706209943357,6.586945295333862
8317201995902714,3.1937835216522217
7672552736060378,97.33289337158203
470948617882803,3.2334861755371094
32387871664765797,5.684862494468689
770160359391866,61.59323513507843
36681853532596074,6.062092542648315
148366616275643583,7.84959876537323
144905291280516116,19.97430169582367
11916764516605722,6.612919449806213
22609574024798677,9.4646657705307
26916764372647243,41.13759183883667
5205151422707707,25.95247709751129
15468855619095816,11.134661674499512
69486573722688282,2.4337472915649414
102028951010810560,33.65073382854462
20535816093723994,2.0890954732894897
802025843238669,16.49861180782318
112594978711966665,9.188233733177185
71147265267871422,5.468736171722412
398673410718771418,14.755340695381165
2488136020324186,4.8558876514434814
56374669477686907,28.724416971206665
43482251321679278,27.74615252017975
196906804184608658,1.949097871780396
21057657783006078,4.323489665985107
119676210675099591,15.181774139404297
17298923137498017,2.8050413131713867
115924699403681710,27.33144187927246
13679597020714012,2.9423688650131226
16350653119045442,37.711952328681946
119418553347786443,1.695173978805542
16298594771651265,4.972215175628662
19999224071748784,1.8866424560546875
215132676561674196,3.1235625743865967
187093119873340443,11.453559875488281
139557739866184,2.0036780834198
21360996112050266,7.850274205207825
15862488863492389,4.135592937469482
107153262547455731,12.503908038139341
2132344374513030,38.053125619888306
11133338625274520,26.781287908554077
14942572489032258,2.0619826316833496
116985048369107438,6.131168961524963
147311303479773509,2.994096517562866
169929246927807988,2.9786627292633057
155362124540563645,6.580723762512207
120469684702097121,19.60402286052704
183119388503328410,13.721922636032104
43102651017402636,42.83007216453552
83856679556373135,4.977873086929321
68178771710932667,2.6033822298049927
6042644030773705,14.106544733047485
3358470016119951,36.63667070865631
32580925871205665,100.4072654247284
3152406689109886,16.27070391178131
32456687388326539,11.276702404022217
74854462075746895,19.015522122383118
2126590510499403,2.902914524078369
30546634823868828,2.001725435256958
7072299734531635,59.805288434028625
26867959471240006,45.66509449481964
44677678024231221,3.083775997161865
77562526150240907,2.685272216796875
16990081036897342,12.945022702217102
19776545015704319,1.9102722406387334
78167436004585322,36.79914462566376
37814417582874050,92.78191256523132
67274458145732956,21.370952248573303
19734258129757852,36.849974155426025
109061831337630247,28.860545873641968
13704590894090667,13.94061243534088
18664494902754467,11.537124037742615
16005852960606739,4.0167412757873535
63925578364071622,2.685963869094849
110829753268529565,8.644566059112549
15384221073880656,2.744645833969116
114636843489509168,2.9719018936157227
2640692126730496,4.205229043960571
28510356123194628,1.9005270004272465
55484648352919640,14.192579507827759
59339651681888990,2.2307565212249756
38987162370573256,106.84019768238068
358491257192526931,31.49471926689148
241508387602149762,2.2103567123413086
85422304277460496,22.606440663337708
22944729635481712,8.88821291923523
6030477208498148,59.11645328998566
126104963058832920,2.1768040657043457
6973483024520722,2.2536182403564453
15130788574560220,10.483580350875854
21490171352802622,2.0818897485733032
15024487415810636,3.618475556373596
143196899842558235,5.299240350723267
5622877716060484,6.618890762329102
32694437302629505,2.593725562095642
241264768915134785,2.766818284988404
237097962571374617,4.925247430801392
396992845177262776,2.389395475387573
32598368813746199,2.638660430908203
69365021514515364,6.420945763587952
12781413311421024,110.26730859279633
100887952084393634,13.788290977478027
149545764501970622,19.678243637084964
24797272032687241,56.850332617759705
56300173573828317,5.9729390144348145
30148190478517916,7.32678759098053
2315338317561661,54.767383217811584
15528783549141329,3.1511439085006714
76526045062724924,1.9267321825027468
321923333476870020,10.787433505058289
19642532315693170,22.298921585083008
23514253483739648,115.57377743721008
117835365972572702,10.597669124603271
119135814970028787,9.481740593910217
6771106515689182,99.3649218082428
107332322135357924,21.44160783290863
48583784949997821,17.99595856666565
60069745710694031,8.62158489227295
82915807243322064,24.655969977378845
136286845521393466,2.606401205062866
27296506895699382,55.38786816596985
107787332439716791,79.43295240402222
36131687486762301,1.667415976524353
123663731510956170,45.29019045829774
8850379871194441,13.68959379196167
176932880045354120,2.9613752365112305
11405327406577444,11.505699038505554
36173872509908872,1.9438228607177728
186274799187483722,10.226831078529358
21994715936870516,13.336689233779907
186397994440288,1.823077082633972
125662475326502659,7.028587102890015
22624195081714077,18.162878751754764
65364064594545789,14.244673490524292
14417228439156781,19.480146169662476
22437261834324336,81.39483046531677
19587853912901065,80.91358089447021
145307258452218487,7.6790547370910645
160210994886161172,13.802471280097963
37494556068314253,30.24478602409363
293579176770542397,4.298640966415405
23059547142488366,35.86988568305969
31874329303906780,207.15381991863262
26231770948494385,15.771850347518921
26058071265426848,47.117905020713806
19454734844741851,13.379727840423582
10873819245857597,32.33555054664612
12557033154056405,27.04977536201477
31663648866603108,2.3538968563079834
28666197876296576,56.0438586473465
12753287204153028,2.3659534454345703
2885969436895604,5.018228650093079
13658524588603667,4.5288006067276
17571236806636034,20.078734636306763
128093207438845838,10.922347545623778
31981064665586528,39.840697288513184
15328002872825426,19.72833061218262
166145820698458938,3.097775936126709
24103045962798940,5.03648829460144
18194493335074437,48.50355291366577
13943586836833133,3.27341628074646
1285267236832008,16.67756199836731
108424010230952274,14.339998483657837
8091050978466116,2.1131612062454224
12588100990189283,93.76769661903381
30310825084702672,3.3369425535202026
123298788811676099,2.707756280899048
5216933040098168,11.917285561561584
31121424127998804,23.256951451301575
92032441347050297,94.14958834648132
25689747981431472,6.590978741645813
22889207105478516,9.347684860229492
60091768624957481,2.705708265304565
137163180643926778,1.685705304145813
126207219385312586,2.2222546339035034
16308088952130623,3.0848382711410522
5552716763025612,50.76674234867096
17402561272464670,3.3840930461883545
9853242208966440,16.860190629959106
10444281611670043,2.0167250633239746
114328720135606586,2.398144841194153
15500255639223772,54.40002703666688
117194335278895554,2.700409173965454
14357439987254598,4.519946336746216
42457907702524562,1.886316180229187
1871245184243617,7.032562971115112
27766132020915843,14.679370164871216
2080701514822798,103.0666196346283
25109842666519743,2.899194598197937
7956523314022411,14.677025318145748
482764567026054416,4.696173906326294
13303160757296213,6.1955119371414185
254801367881343837,2.4151461124420166
56140636270420379,2.8933088779449463
210331987518147940,2.8863112926483154
18314902710713344,2.7227107286453247
95512519654497018,79.13040471076965
1415411296200471,9.14989686012268
23386265841660406,13.048687219619753
241064563505848707,1.712437391281128
22548034337754398,2.3257068395614624
21158525401668344,11.380223989486694
34145768745806493,5.218923568725586
78339338719240020,28.801123261451725
59506003050623248,8.423844575881958
6141873845651459,2.234102964401245
45305868213106365,1.9089925289154053
30322651111522301,4.306064128875732
253581779444335194,23.991073608398438
5352356729644242,9.967958092689514
268757762310599744,29.608965754508972
22290365538822533,55.901761293411255
300634126133123072,8.777384281158447
2486270218177193,68.1519136428833
69596322314629443,20.09804177284241
4872757201458781,9.75826644897461
82520585156020906,33.45425474643707
66821770648976686,55.37184274196625
269640227880141387,13.92481255531311
13810956938465437,6.775146245956421
48575852746827675,3.614953994750977
34595852354401889,2.98717737197876
10596501979986228,69.43551468849182
37111965102124206,2.672554612159729
31167286433508213,3.8561112880706787
27243532818143411,16.983694076538086
28371141596715210,36.375194787979126
201657290188883208,7.8157570362091064
19287303902668910,20.843265652656555
3392601527502794,3.513070940971375
18299731055767984,2.381874084472656
128916837892190356,3.154779195785524
84923077963392201,27.27509951591492
75553496727431483,2.930607557296753
21097764613996102,1.8272126913070679
9526646242167828,2.5257736444473267
11791821526949211,53.47902977466583
161227780652150958,2.7979538440704346
244379989709339839,6.766438722610474
24120020204660685,31.519251346588142
15519313345666320,5.904078960418701
115490283543948307,1.9513022899627688
118513739716334455,2.301733613014221
2246011045444581,3.850454330444336
28515177146730397,3.278414726257324
50385622341694686,2.7661173343658447
50985307720614637,10.982657670974731
28565421524793740,22.780383467674255
11545992728329198,4.3554123640060425
307141457009612874,2.3400200605392456
55172976292644036,47.55696475505829
42454065400306112,15.97120189666748
73616485482405163,15.26306438446045
240138789864894,27.490827918052673
7048280970098685,2.215771198272705
56099791406409245,3.931406259536743
96315874027606582,131.3210573196411
74566742483544398,1.9492313861846924
13345042661151142,182.58374059200287
18613646512052170,12.233333110809326
47671667209645340,4.14440655708313
47928617645268502,65.22132766246796
17230584611058182,42.02134084701538
5090792471393797,81.77692103385925
60350285173644913,9.679798483848572
116558956500811568,24.363685131072998
171835462255803111,2.9120516777038574
80068678970391445,2.3253442049026494
41614466936110860,23.21353280544281
83344431866999977,5.487835168838501
3919573541365413,10.271249532699583
365895900698544734,3.961024284362793
150355582388317504,25.80304872989654
23984665181946168,6.253132939338684
573706549434390427,3.237998008728028
51582823448768867,2.8097240924835205
34506287077479446,121.70978724956515
20406565136612835,1.7404385805130005
2970901310379708,129.22144055366516
23887165898639638,6.200146198272705
54880969249800200,35.6370906829834
9077880390481962,28.56157696247101
63416518279673207,5.735912799835205
12552456758519359,8.426622152328491
25920814191047330,17.52515196800232
95150324003394595,48.36582911014557
98465150714320549,42.837799429893494
4215211895512291,2.81783390045166
55400952400464491,2.27707314491272
25050722616069637,2.58683443069458
15069690256275093,5.680108666419983
20739318234035854,20.993263363838196
21817120429766189,27.214239835739132
202005674700140811,41.93070673942566
3846578207056098,13.98451817035675
59808390614465418,47.04734194278717
9812195336263721,6.108944296836853
183264413944230661,15.760359287261965
82787187171901600,2.9877030849456787
34155268413241162,7.9018412828445435
110678950252621212,82.40632331371307
58710833885071899,2.27033531665802
22344806239226133,2.165724754333496
199027061188068093,3.258574008941651
124148415000946905,4.368598222732544
81144166814240167,11.109458327293396
59684164416105070,28.26684975624085
27471106066666771,34.306647181510925
82113324177777636,2.7585883140563965
90509371884713182,5.214475035667419
84719734757081249,4.262799501419067
481788030598064,1.8487896919250488
1614390228356610,2.7899947166442867
17667928284844883,13.355972528457642
112823368519789256,4.167076826095581
12744510292786618,24.711990475654606
1586662949147288,2.561464786529541
106617086874090641,4.722926616668701
19795483947325270,2.9946459531784058
129313285282511446,23.424206376075745
17136368690286146,2.3231310844421387
14116917720576864,2.4751768112182617
120149209610244516,2.953879714012146
18834167845884698,2.4754122495651245
10648293635965490,3.2011208534240723
18281108955665789,3.651848077774048
11365653322449342,16.72852611541748
10521452353778215,12.539613842964172
211387602870735268,162.82387614250183
16308906185786248,17.159077048301697
103971635892537307,3.4364500045776367
27356381315155821,49.673295855522156
11793054940059187,43.292715311050415
30531669707919614,2.478123426437378
313098402803140905,6.797018766403198
63919324728549224,95.57910406589508
41347193183415168,22.145012497901917
80349147021528360,58.47352719306946
116967584400112995,2.338268995285034
255275862981737855,2.5734262466430664
2196929350348093,17.975982904434204
100940050872493384,143.94304978847504
75834640657311149,17.87550115585327
30670532175791909,61.011605620384216
28122798259691090,22.49874329566956
110221533437268957,4.35041069984436
279881315131776318,23.002314567565918
43463259799746463,10.259509205818176
18401158072748767,2.290718674659729
126497677192022079,63.84565079212189
21235432152417642,34.20518386363983
4527538016790805,6.748432636260986
118202278518970531,1.8944807052612305
396278224139626596,115.78277206420898
132399194296637016,59.17336964607239
27245515114777582,1.988967776298523
126752470123310166,23.314712405204773
40811792990020209,12.461363434791565
157201432311082829,5.045708417892456
11053974974908328,1.6796916723251343
9790362284526906,18.320662021636963
76746421246844908,2.7579416036605835
11673079087840107,2.670214891433716
76027244875774825,6.8142019510269165
18646699321657363,2.452117919921875
3605374502875865,1.6804434061050415
95050594729282770,8.160077452659607
3425544400626997,63.089292883872986
954570730830666,13.693509221076965
54813829861439682,2.9255493879318237
6396729984672207,2.383209466934204
45240668986546376,2.538023591041565
28422201016422246,2.5056384801864624
26836462310749491,3.7458624839782715
27731301671103652,3.01034152507782
20799735820180695,1.9711321592330933
305405043422986056,101.65825748443604
18283922906093057,21.685097336769104
22350500205230129,6.839646935462952
189758163572040442,7.725781440734863
155348181567255519,7.661661982536316
93224182005959264,1.6885342597961426
72700493922639673,3.5291347503662114
289917922534346,2.1556923389434814
125417535495947036,2.9682998657226562
246953530338549581,2.788609981536865
15468185944772112,3.3938589096069336
94450174052481134,2.372090578079224
20533624987700,3.6937029361724854
46232561829016748,40.80078566074371
23420192128314972,2.52024507522583
64660965877563326,20.963887095451362
129728200154669745,3.68644952774048
25556110072078979,2.179743766784668
109152929214543065,16.599518537521362
87780176319590136,46.2810709476471
196385952880223181,1.7377095222473145
50069624994383957,4.134780645370483
14963590372227763,5.603816986083984
2171258959018548,6.530312418937683
23630317961544405,28.014087557792664
13721770607468351,4.86649513244629
3246460296816682,7.5064650774002075
5348197635740305,2.7985854148864746
27792564477692588,3.238347053527832
8683183987525,10.779189586639404
41706135700222529,2.5339475870132446
7150474546516968,2.14922559261322
88518266515434900,2.893309712409973
18272964474918129,7.353148341178894
66270634524669071,4.543285846710205
6815269899129053,6.098609805107117
196346155941102006,71.1745069026947
58375530118461571,4.797985672950745
96388578448889670,8.51402473449707
26661062099382667,8.29251492023468
3989434943256036,10.214345216751099
228650860523077528,29.99888277053833
336510845926167,10.902960658073425
16983256456775261,1.816483497619629
91658440275505096,23.174809217453003
26840291921586540,83.5439989566803
118664400052101732,4.445580840110779
106668003470081882,11.146814823150637
1556821070956858,5.488827586174011
23536444469074171,42.38258099555969
10658253822757689,3.764107823371887
225777071246954635,18.031442761421204
25060259942704658,36.49583578109741
1829521431496828,56.853219509124756
30898826979970525,1.720350742340088
131846329016954082,59.226813316345215
24980573403349259,25.53151762485504
17556818791547083,4.418134927749634
17259162626806716,6.407214522361756
182872357261951560,7.338971972465515
172341533832278299,1.8086764812469485
13999232475462325,2.881312847137451
2309456710516597,4.799249291419983
139876851184723572,2.4620431661605835
25847044012692982,9.615999937057495
15402745512315666,8.251508474349976
36231290221789275,20.935617327690128
378353532885800065,13.277876615524296
11827633987821006,68.66280579566956
22260156008594735,20.844439268112183
3125940099335835,3.173823118209839
104778511311061699,12.589162349700928
52542442393888564,1.9633197784423828
146400172374950739,9.269088387489319
74034574689518464,5.570106863975525
470847381033376441,15.96033215522766
233817705245673514,2.470545530319214
23185201363171881,3.074816703796386
21589634270152716,64.20993316173553
39662661295206443,2.275672674179077
342787727760628820,3.599696397781372
181103140596802873,2.105611801147461
36991546207362457,2.3319857120513916
328485556006031910,8.483556985855103
68899181392472384,4.709245920181274
6892646922436484,9.492242574691772
29548055329637137,101.21907377243042
22776257528930937,4.215888500213623
271073376657843110,11.40024471282959
32356510210847755,22.60242831707001
51101912705921031,17.591614365577698
23660831334510684,19.082670092582703
45862838550958417,4.813564658164978
9772441120946061,56.079416275024414
6234800097498428,7.156030178070068
13465889705719515,10.591307282447815
16278538007978547,5.402955055236816
1829036023968240,11.004326105117798
270648790229973773,4.623448133468628
25826741153946787,9.883273005485535
90715529052257128,88.97233533859253
52453072374661979,4.277392625808716
36738969137175122,2.5325095653533936
2688998167858874,2.6129934787750244
80711150765224812,33.574119567871094
445286837244854185,81.78913688659668
105323348556990821,4.694924235343933
30698110754144529,2.243309736251831
125240999126725558,13.434344053268433
3869652437099790,2.3962684869766235
32051340343840801,22.62651014328003
32620720111138048,19.229437112808228
9258725305092063,1.697195529937744
3182414522498920,7.358929872512817
67759274354544885,83.36466073989868
34511235602745883,14.231228351593018
74196432316722288,13.692799687385557
4452557353542680,4.869278192520142
27976839943195275,2.66252875328064
3898753541431943,7.970497250556946
17469152928343083,85.25402188301086
37580548006237543,7.906503677368164
27080385433066701,2.9458035230636597
25895028765517978,3.6844213008880615
433669737332085560,3.5251991748809814
23401961415260037,1.6543009281158447
10197700021494948,7.818841218948364
381493949191650712,96.41014432907104
30259194691045397,15.20356810092926
25944807207727868,2.6211518049240112
33688972691200580,3.0401339530944824
127732940607572844,2.0464999675750732
178543364392337208,105.45301675796507
47068812108577155,4.9468754529953
4257637317487922,57.796876072883606
125059899557650155,2.8487154245376587
119217405259963154,3.0590474605560303
19484292761653960,1.917198896408081
49994357626547664,2.1974425315856934
27451418226207491,8.393515467643738
56356091166019760,2.6800723075866704
90675183557375433,100.49796509742735
464270927504292938,6.502202153205872
47463833430637910,19.473016262054443
23341046220400842,8.455094337463379
24675034683227090,2.6816892623901367
138048612464236,3.6197813749313354
570530136938001560,2.4224188327789307
15505440438418556,2.573712944984436
1921359959098771,2.2625263929367065
50258570204686447,30.117028832435608
103438025302751202,41.99011969566345
3681317793229069,3.01850426197052
92844865718791584,14.991064667701721
21187891703219532,46.30660903453827
126103699948485261,3.4541622400283813
23215244944448865,5.898993372917175
43691041733725496,5.5980517864227295
13302518342445925,8.161020636558533
501152346741297370,18.69556975364685
81409117266836408,16.64856445789337
107145035354724139,5.718281507492065
64181261054650496,3.051334857940674
464295061789814470,10.309144139289856
22119222101137248,2.64264714717865
16148673305787955,61.61936914920807
34160827231363287,52.261645674705505
17706142768790058,12.995908856391907
14703788223984855,5.659680128097534
7781816029945675,18.24308693408966
20982625823614529,8.660682201385498
42832018287346699,99.16007256507874
35826666160905372,2.4006980657577515
78029982548652122,56.37272310256958
32339440503171524,7.995974183082581
7938124006611134,6.602528691291809
604837125546230,3.968904495239258
20680461251182136,28.093487381935123
1345696003752325,3.018352508544922
75607866895731250,17.4408962726593
76998891401558716,5.438292980194092
63266422161657550,2.799610257148743
52334763594381223,1.9561711549758911
1646821638764930,20.919143199920654
111845005384147592,14.861239671707152
250371626940787063,2.34805428981781
11860256017998200,6.379221200942993
13139925465258794,6.2410653829574585
5598048763855208,3.2209752798080444
45411264064909633,3.327589273452759
75799897936596973,16.33399987220764
105862515975143753,7.009862661361694
55937429806747338,32.460400342941284
2330016189511376,21.542990207672123
271690050820052864,33.30107820034027
3716886709408006,3.606293439865112
71927057902250485,51.226861238479614
1479643819284312,19.415010929107666
2419872122082361,2.521597623825073
27332482290893057,3.7252602577209473
25565411474223279,2.328949451446533
77992478909703216,18.91617286205292
10847634834772754,2.0041409730911255
46522217026715327,2.67249083518982
73142236217159489,10.156327843666077
70417773291676826,2.153320074081421
67315992138822248,54.03130209445954
173855265866606185,12.53167450428009
11679503186182648,33.271910429000854
104922372595768470,14.876980304718018
103949521431688234,31.63274335861206
13195822199918941,32.00345051288605
21121908890016849,8.346035957336426
185982272951945804,3.3044273853302
219395155497951485,4.5614173412323
12991767488321026,6.718216061592102
1700494221690642,32.08574140071869
15265209852951989,16.612288236618042
14499376149077395,5.148512959480286
15691478075536693,2.603415727615356
206101239516316090,2.5184472799301147
88973669170742941,15.92212426662445
168205190562271,62.07914471626282
3281454981442040,9.36646842956543
66742162259572113,3.223979473114013
165150108877270263,2.9204858541488647
12500697361429908,26.81201171875
43247813467691712,8.949214100837708
109954661905276925,2.8633612394332886
70175734501859226,67.76593935489655
1956694281521745,11.900693774223328
111826919517727942,13.83940601348877
66736355506482628,20.626080751419067
44716154591016569,3.535949230194092
26651148539618443,98.02397584915164
244283848289971831,7.192790389060974
128027116531237956,16.30763828754425
40031922202068494,12.256661057472229
30306242527099878,2.098787784576416
100626472494211759,5.278725624084473
140509296032617347,2.58571457862854
54591674392226694,28.47441077232361
40303469375019181,5.071586847305298
11227256949817701,4.330073118209839
8052368685602729,6.960894823074341
41082353354223495,2.245625853538513
56925506786091598,3.956210374832153
29879454146753729,35.916762351989746
10071359665062552,17.357078552246094
174870013171531630,142.03232204914093
47755714743381957,53.56637966632843
7687226712481520,5.40582275390625
835276435895757,2.412926197052002
5531748169861854,61.12331819534302
181892752342914,1.938738226890564
3229458362009649,4.5466707944869995
94483166617989469,33.17142033576965
247303798879430989,10.319908618927002
24984143103794181,3.272456169128418
68829995792481333,3.154033660888672
28659296121668434,44.887821197509766
54925078319779770,17.058279633522034
110181972889870060,2.7301517724990845
25865946411110381,2.495248317718506
22478678009541494,45.908230900764465
94805408379731060,17.245482921600342
40013232687724386,8.27309775352478
37835055118745014,240.2727768421173
3396885339914065,2.8675382137298584
7575362671253788,73.02748715877533
157580165710831944,27.522326350212097
144114710954275290,2.5089064836502075
130332118041166918,29.959990978240967
58222479987890054,257.93110275268555
312390878972314935,6.320516109466553
12841147725365932,137.65390360355377
58411543984643402,2.4832894802093506
10603549750818402,5.257543325424194
28023954434533677,10.096131324768066
126147339984128691,12.095496535301208
531912696297718160,22.099067330360413
57785292533547190,2.2573059797286987
5461602485060179,51.850613355636604
14162952546243805,2.565738677978516
26281030693716925,10.007927298545837
12397328204982744,2.158692717552185
3774120849593255,10.343075513839722
322489983867005345,2.593109607696533
47698431919606157,6.628850936889648
29177259203137556,24.977236032485962
24083455351752267,2.8223924636840825
29253845871751581,2.2820444107055664
355314262340515682,58.783567786216736
402883784452343454,4.961127519607544
266228471222929887,2.0633350610733032
26688447603913208,2.5196690559387207
25907731262211609,2.743069291114807
260497850836070575,12.58527421951294
681028884385800,107.51672399044038
315238406500617,4.4039459228515625
199067634787734,21.467568278312683
90962518033444258,2.807685136795044
4941250728763852,2.973785161972046
58466719910718386,1.8387950658798216
3498673763056888,68.1014221906662
22776378497430827,8.914574980735779
68588037958958714,29.799243211746216
1291112007195922,13.162533521652222
118437315982127966,62.137925148010254
65734611163545093,2.643596649169922
34272696510181027,10.149116396903992
275758020983319,2.70552659034729
18676040044642067,1.962378740310669
74943031875769764,22.73360955715179
61554123636619778,36.83200001716614
17494793974918660,39.315078377723694
25439001387444073,31.160732269287116
250336703960059745,2.930570363998413
19770555074994981,22.73962366580963
34132303952268822,16.831709384918213
15540782809318881,2.6246846914291386
114609163361744668,18.00133454799652
231766802678270604,128.30918419361115
19915205577799366,3.1821478605270386
20210393031739004,9.275585651397705
30563424684851210,4.545796871185303
168230727249729256,97.40666890144348
19625137550765066,40.53853178024292
31382122288508042,4.818144798278809
15207554150554722,2.3983771800994873
154332231865425247,2.6195245981216435
11856920394107292,2.198001503944397
18327133342823766,14.943251132965088
25730882664757801,4.228437662124634
103757664125467986,6.261292219161988
127446048469795538,4.84878134727478
132389104975452,23.152600049972534
26115637226692781,2.3200380802154545
220435756661989558,4.0139371156692505
26946514593266325,2.6565487384796143
15730624009691398,3.2818665504455566
30251766661050744,101.25999951362608
149868142075069031,36.947537302970886
107738083939125026,3.8953044414520264
5541371083581523,4.039981722831726
163023641776119118,3.1038438081741337
120251199701174569,2.522846221923828
35697374877895984,2.546702265739441
106721600144064812,2.8747470378875737
54247121881672647,4.908201456069946
236601681873256549,40.991419553756714
2375655935858892,67.26603150367737
89320696820636646,15.521792531013489
123618489074434399,2.0282230377197266
278990245220917434,6.337264060974121
52460826435239191,2.393521308898926
75887987666709676,2.9040130376815796
23425003139792979,2.583930253982544
5097478763150069,13.10575771331787
12521235650401806,31.29878008365631
77493344861381933,14.0874342918396
3382980088992375,4.08303427696228
26219757382018097,2.6585857868194576
113658315417418155,2.722231388092041
92571089524444324,2.9368598461151123
11870898189545085,3.572985887527466
31176471360386845,17.575985550880432
120869110065901838,3.6708388328552246
23268193201495791,12.194387078285217
110085512133077484,17.08572268486023
113505272314853086,19.43965744972229
238949625961038656,21.938639283180237
103882689945536908,2.8957786560058594
19356670958870936,3.971691608428955
51238883216006488,9.769999027252197
3014763066141845,4.199224352836609
18160921469678621,14.300858616828918
40124369755757508,2.743133544921875
122824402616471330,42.733980655670166
121082145108945436,4.238621234893799
49046910457405710,4.888988494873047
302240512645094605,88.58150029182434
68871843709557684,2.271898627281189
41765343395458348,2.0378109216690063
1561231533001225,13.94001626968384
86473704816994662,10.665891885757443
14141915618957917,8.552701473236084
14239638248980563,2.5910218954086304
3068274433562104,3.898693203926087
29334626090030724,33.29103469848633
39413517828162516,113.06054520606996
34209136015179414,21.214651942253113
26321788145417041,9.113011121749878
109480700192437077,12.209892511367798
11684105360681380,25.30024552345276
12363398077804844,36.88477301597595
4967272255570848,92.11525869369508
22021892525142783,14.768253803253174
101851542424649419,2.2318344116210938
78771714958379426,20.1863009929657
4117259502165032,11.35641860961914
204127198949135048,2.1568171977996826
56988575187550854,1.8405319452285767
26733353591589042,2.84829330444336
20999683176835358,86.95726072788239
61367758194932939,2.3942748308181763
33099839602351588,3.1119453907012944
31563549768659266,2.927349090576172
2600545390274895,2.578011035919189
66310453722232995,2.914827823638916
220414408189827698,12.168968200683594
55799664983521418,67.78806555271149
38422931378285530,51.51405942440034
195001600803064430,12.535696387290955
63748387339090370,102.37790071964264
118255342906183087,37.53449630737305
422991825777689196,13.556918144226076
280555718396509147,5.88449490070343
503037594423730732,25.15461158752441
84546384238861058,7.90953266620636
19082147477399886,2.2624013423919678
53697967992442473,9.857921719551086
14292024152161631,78.91181588172913
2222765870115756,17.611958265304565
1735503863253474,56.92968142032623
333900514147484198,13.512720584869385
132267954006930885,5.345096826553345
25981402863801998,6.570651054382324
10814221945484901,2.502084255218506
8638989444747271,13.281699657440186
3959120806547796,33.3194899559021
32778047775036943,22.548019647598267
56584336892232260,117.42594265937804
96211556534622566,147.28105878829956
20548244457797113,14.153956890106201
5791497152754841,37.273242354393005
3327623977913017,2.2241166830062866
90016003941340754,12.732901930809023
108565380521098573,6.495932936668396
17894908535094027,13.020832061767578
24046341449532993,6.869314432144165
15849716461423022,119.70361447334288
53449701139513885,8.473660230636597
19092829353023540,19.55354130268097
75621203572353365,2.1853445768356323
262682616570860694,31.398793339729313
5657756032925918,2.967608094215393
25260231343762656,62.8896164894104
203925871693940771,3.492985486984253
24400883422078232,2.6189130544662476
36025351270209154,3.486672878265381
12377376204224566,56.6506085395813
196821270474532043,58.247801423072815
83491851356663054,2.935554981231689
3171219857775368,10.612922191619873
22619966502914834,3.5115280151367188
3949479317322187,2.6230502128601074
49328003645066931,2.434415817260742
457695002391431506,13.93376350402832
7187102771464732,12.165985465049742
5298290374891000,3.464986801147461
12142342621209143,2.3426934480667114
303419672454776338,26.68075954914093
31142736744446559,16.68706226348877
4941621624286422,12.397773504257202
54129606238217829,5.159466624259949
63872397126654813,8.55366849899292
13108114657436946,9.06688416004181
169766463006897063,17.299046754837036
12006378341487802,24.595556974411007
37418444871890029,16.82927942276001
73874765003703164,21.045138835906982
1246311311690253,98.87520599365234
50329083933017023,4.459319829940796
18297672483664192,2.715675711631775
44385251958666364,49.16464459896088
13600911880282259,2.805570363998413
2596531855486014,105.29895782470705
344332277693748423,8.242024421691895
369923323893414681,6.914010643959045
13526362228923975,20.661680459976196
9357466563766283,12.036147594451904
5540662603769116,16.5315592288971
128933197131426218,2.2564640045166016
30985156749081209,3.853704333305358
3027208708147824,95.19008016586304
101792052567363308,6.642673134803772
16339323456390270,15.167530298233032
128447083418117885,23.275906801223762
19056264825798545,9.085229516029358
106834370596084877,2.2826497554779053
157579158371502739,2.343766927719116
15307167652903644,12.00385057926178
183079032113824013,3.924729108810425
15669584595869670,51.905160546302795
174200837273365514,3.5543155670166016
20416246119791678,58.19693565368652
14184377863729926,19.614015579223633
1856374975058620,2.8976247310638428
175377605453504682,26.9575217962265
14780802735083808,16.818343997001648
121540640286959234,2.402959704399109
127527934865524117,1.9764246940612793
266763266168119094,20.584140062332153
19633290347345823,2.39371109008789
89232770141202013,1.7398622035980225
9124865029173246,57.953617453575134
75969779107127090,2.490370750427246
26235997593807704,4.07384204864502
24601568503875642,34.188604593276985
2209599747700868,7.349461317062378
407903935900330968,2.5826288461685185
14919800567277964,2.40570068359375
368633007224304038,7.6356199979782104
504808132036521443,2.7137639522552486
125840237236772948,6.435408711433411
95074160966369683,5.142751216888428
11842525431813255,2.192821502685547
59342525506062087,49.944344997406006
24449925412436985,2.5187735557556152
20814058693946002,3.031205415725708
31794164213379487,10.083869934082031
85532013881345289,54.008158922195435
95524231083370183,70.95799326896667
13568493280987903,11.208795309066772
108233991511999785,10.057190895080566
25275129116641149,18.55743956565857
78781058459112705,5.865629196166992
27356937323525534,4.154601812362671
101233308578836232,39.21109485626221
73649790833406777,9.324777245521545
1326924280456496,24.692223548889157
8137136329313454,32.23349070549011
33065502740252645,6.609675049781799
2515481008951843,38.514981746673584
3387498816594495,5.186336636543274
15417762611869193,3.0789648294448853
127006619794323531,4.097654104232788
259813727532660656,2.9537757635116577
36874749311873648,9.12011194229126
85796778381269212,3.59409761428833
46050820732658088,9.48235034942627
37008095993439164,114.02926349639894
32046939977755054,31.42704927921295
57398686739932263,2.67565381526947
292479192035866589,21.496927142143246
8468530412558281,36.67801856994629
37883392571597870,132.13637900352478
283626552991709925,2.7496819496154785
63268443305095227,6.175429582595825
315161704217222781,2.352600932121277
189089982122096190,38.40870010852814
65618641475905432,33.61664378643036
25501109072636075,13.380890130996704
108547782862468051,2.9480020999908447
68637627863045903,2.3560006618499756
2305115254180530,39.70717251300812
136170080607925733,2.0890238285064697
27320198214311437,2.285470724105835
84334393164184351,11.331254959106445
96465819038405424,31.30387592315674
9470005907426154,19.014378786087036
108226582431846122,46.03644108772278
119980612962228576,2.8045376539230347
21830129636636210,3.916260004043579
181497849419553,2.2348169088363647
21784223980266508,2.0292457342147827
134399374360799457,22.14441299438477
7537305467796953,4.227145791053772
7266830358806140,6.309642672538757
69126407489670420,12.982922196388245
35153315462313203,13.752309918403625
110019661071680676,11.095272779464722
57832084841491769,5.44040060043335
13968592204997834,1.6696176528930664
30121151107054111,4.414643049240112
159797515847030473,4.503108024597168
4755400013681016,2.7037861347198486
91530720598035822,41.90473985671997
8462293298376642,146.17206931114197
1382233715545378,18.099467158317566
339541535011324151,5.223576068878174
14945901274799363,3.686845898628235
27266698774342326,3.252899646759033
8850743672442700,72.41493332386017
1096731605731916,4.400899767875671
31702574892893767,12.194833517074583
19800575301913993,18.881108522415158
103762163637551111,5.976061940193176
18029256409173000,106.7769238948822
125582853200226755,12.787303924560547
25837023010796614,2.4647401571273804
17350068813906844,19.60499930381775
10772811558774956,35.34536051750183
169170361930238869,8.731016874313354
107685962876802479,4.7779775857925415
140695233224255820,34.005696535110474
11437579743979902,3.1095567941665654
30042547983856591,70.70756268501282
129098261958843519,1.5271636247634888
10497092407305044,2.4372124671936035
124393019254282309,61.04759681224824
15380419341653640,8.888649463653564
135429260852966077,44.17121648788452
13591551798428484,1.9106236696243286
14817078620528190,4.08161985874176
31351158122147526,2.889093279838562
106889540929665273,18.59780061244965
20855373454355358,39.573383092880256
6913252775330540,26.34141993522644
103152529389850652,40.653539299964905
4036579317077151,14.38830018043518
126360731122737740,19.42718815803528
122815300331915483,17.883273720741272
32206082199310536,3.3342134952545166
15443948847373346,68.4605587720871
50665966885661598,61.23214268684387
94568362261586054,4.0600059032440186
30452347030565802,3.2493762969970708
21272604968737694,34.994166135787964
114461281736708561,62.920669198036194
13944414156929017,2.234131097793579
27757749325504243,1.9128458499908447
386345251372394168,1.9651187658309937
86313501869453483,14.531051397323608
24506517356569278,45.3957359790802
8036521083501758,85.21249043941498
93355263897444482,36.70143127441406
31006365110304258,160.95201992988586
20670006922499221,11.711058735847473
54324983382441731,46.36456489562988
44508165614654149,6.608130574226379
86521378899268095,25.492257237434394
13578932904381582,38.365387082099915
61175463962906707,2.3389644622802734
24087197450522449,67.2681211233139
29994134608726835,5.642929196357727
452922959985209715,4.195977449417114
24517469733231568,2.4371063709259033
21375949859910614,2.7639130353927612
51772222975082701,2.8969149589538574
30215729088521668,61.72678577899933
167745247642250838,6.222263932228088
68801878267272779,2.861979961395264
66044522336022342,50.97132456302643
16828736892321451,2.337923049926758
42152749140061695,8.862317681312561
51072752167357512,2.617451429367066
7626511381753084,30.0255686044693
33341008555132772,19.964904308319092
108737727887304292,7.400603532791138
34457804446714249,2.371630311012268
217378285496405651,2.382972478866577
18415444532151756,31.13146448135376
4443119081201328,9.06278073787689
77862006406634270,177.18330025672913
731544420081750,2.076855659484864
28221094192041274,2.3636932373046875
56509686901184108,3.4456124305725098
66845492546813103,3.153520941734314
165745808139373399,18.598226070404053
11432332382278617,4.988345980644226
12752947626538241,5.916807413101196
20507942290768493,7.929192900657654
134042567081058810,132.0843539237976
18877263081677370,18.01548147201538
23550590095527001,2.1086505651474
201460533698702233,17.764194130897522
47408889837560739,12.667237162590027
20046353479192858,14.046521544456482
19897967019763127,2.551411747932434
28146599137881202,112.57121539115906
10906626246348992,66.87520349025726
21561917849631762,2.358890414237976
121069338831943564,36.322946429252625
22440789065406086,3.7813405990600586
17512156053924383,2.15420663356781
54992531250833844,3.6681244373321533
35484190488240797,14.928562760353088
58893134161631406,2.727072119712829
402942382642646,2.4319945573806763
24473420948949359,12.213526368141174
95477527327506459,10.545762181282043
11076589034993386,2.785545110702514
11608843683094692,2.59637713432312
23786137887765637,92.52155995368958
65433686627545549,11.404694437980652
127012978614017920,120.79013764858246
30393502062479199,2.207802176475525
14367046710584936,49.26249444484711
13159339708408372,2.023542642593384
6836349431864985,2.6335160732269287
9503142730325669,2.711416721343994
92465218675139310,48.472646713256836
304999402359490756,94.84146642684937
160019405119154610,7.451784014701843
140014873458706176,7.661824941635132
9094721758489782,31.26207661628724
60774399760952297,26.639739274978638
29536110672859202,3.130666494369507
55394803917789789,16.603612184524536
8770671557269302,3.0384960174560547
45873486422768103,2.7889175415039062
94004890665710737,12.015443444252014
143600720256941724,13.318569660186768
63627351375669686,2.4418458938598633
370908201672970424,10.387124419212341
401177455320141732,21.232110500335693
259252936700370434,56.07359850406647
1125310999887753,3.177186965942383
63237667889981401,9.062825202941895
24190713623210642,3.3956315517425537
353680434942251250,13.509622812271116
498851554537799886,15.986661076545714
102957678042779150,3.266136050224304
51484665794819455,7.092477560043335
7960920725568918,13.32475447654724
117606090428560029,5.828701853752136
40122277234595838,176.5158052444458
17331038004501706,31.526625871658325
8628408705436993,19.755752205848697
116079213330134220,2.2878429889678955
208212292873897444,2.937151312828064
5341703500672431,2.366255283355713
55825230980889093,47.58656704425812
40275349422070669,14.55503511428833
34171110173620608,19.426840662956238
179836283651412878,18.012401223182678
142633523339440432,33.29751789569855
2946305225170598,12.662081599235535
42904503070387275,83.55961859226227
23581607258715705,2.741776943206787
33731662857852457,7.92157506942749
5761446558750555,2.5027996301651
344748275444558816,20.33771789073944
70943074485468413,27.754940152168274
31945744406347164,36.873772621154785
27558545997201492,2.4427294731140137
312997606375278306,19.66438090801239
118891322211227414,15.79304814338684
7948193191206617,2.244822263717652
138468937167014760,59.587732553482056
5777926207563547,30.70248639583588
257468327905956630,1.8040770292282104
15059578869002539,11.876636385917664
12174056541036596,166.66135799884796
15732505457581402,4.02950119972229
207216097274588191,18.430681943893433
21398514514836168,2.140645265579224
17148305976291357,27.43581485748291
81563139879536011,32.540542125701904
15133383613206203,32.847235560417175
1875380849699132,6.530346751213074
78174083453358782,4.656970024108887
8758876541335679,2.04619038105011
412786209267875103,14.298115968704224
127892488499659069,19.197153568267822
9082895900785902,22.00598704814911
126822622440112309,6.9939351081848145
121866379586056396,2.511059045791626
3923145249078876,25.436063408851627
29042401031839435,26.818498969078064
68281398004316276,3.0923935174942017
28249769390905122,2.297460198402405
1456187959231832,13.303605675697327
6260365145451934,3.082105159759521
49543574289881556,3.0084115266799927
20354179160398737,30.035483360290527
36533143761996367,4.4782023429870605
6892304457644762,114.80433678627014
5807946955036641,7.582319974899292
276455623360119488,2.676634192466736
123936639640353792,49.465654611587524
121812774409517658,20.24331760406494
9066977978568393,7.744027853012085
11174114318384316,23.559791564941406
2131927610575478,2.6211211681365967
84744254025124483,2.9236873388290405
17832957481332027,2.3852744102478027
103457066566653030,3.587888479232788
17470380502701756,7.541474103927612
11717832916631257,1.744415283203125
109299365727393100,9.812896847724915
1701346110151008,3.1380019187927246
15785918950860544,6.690864443778992
20465331009125538,3.022139310836792
218989428158321492,2.3799216747283936
102807935740864593,15.22020673751831
10228396819910001,16.27104377746582
116854930387369615,2.223566174507141
176682140407144322,2.07148015499115
127202949831878035,70.72593593597412
127411776974491554,2.5930731296539307
21983246392091035,2.8200438022613525
4264497472520503,11.53381097316742
76952514658387362,9.171364068984985
26535083538803968,2.6596982479095463
59387276710586225,1.860546588897705
156183187008790013,2.2733850479125977
29630053658635368,7.789163708686829
26385158736479875,2.480474591255188
240264045468189915,5.509392023086548
135083279025075110,7.340407490730286
117294838090769931,5.514836430549622
37641632603982107,5.6572864055633545
101912665641702543,41.120150685310364
14126852378667531,10.952998399734497
11628297655569455,15.030893564224243
10139818900189048,27.854940414428704
71269975731650118,2.320603132247925
21631248846002989,15.064629554748535
71733880746052690,2.56611430644989
5156591056448205,14.56724178791046
299864777096358792,69.8298773765564
21609891006468847,2.416133165359497
90592453407602098,2.998660445213318
9553020130855316,12.816812753677368
27477614220190611,19.014087915420532
210529338789321088,88.00669598579407
81963326330799894,31.755395531654358
41027085790602611,13.37298059463501
78185433232055971,80.92958319187164
11841411722379396,7.257079839706421
75152715443301559,2.5570113658905034
124053443703813439,29.877594351768494
499637354729661348,25.673622131347656
369508182779028931,2.9812358617782593
449258051203138131,31.935301303863525
28983091561967716,35.52502501010895
57580737540589443,9.49973726272583
30826947826434029,10.713708758354187
15037967954732780,30.76407265663147
9382918694908868,2.236722707748413
64326008524509443,4.637594819068909
1555989455822078,5.619937181472778
135180171456485,19.64007294178009
22730631065928699,2.9013067483901978
63798714579362047,2.201587080955505
3478069951516628,46.64100396633148
67134902285068029,24.073030710220337
23503966314118047,9.276743292808533
27239553082615335,2.4262250661849976
75653611601622349,6.940166711807251
106096101568156052,2.2022092342376713
71764779516411762,23.0598373413086
4356238485806488,39.14333200454712
32082353437181624,2.4382745027542114
13062326899561070,12.846035242080688
23830334379872141,7.098195552825928
121145709380324222,70.29044842720032
5622598201811339,13.999022006988525
59048762503833708,1.9689676761627197
17174279494288296,10.652554869651794
89164072132456800,30.56821084022522
65614639545381724,57.36986470222473
206668304291667700,18.146159172058105
49735929923917286,14.919122099876404
77186984267185791,53.24801695346832
161233054094166210,14.257682442665102
342333326957380873,3.258373260498047
10625510472197441,2.5273468494415283
55928853108691457,17.658191680908203
29605460918964755,2.182632088661194
45010587402668193,2.711082100868224
6672445496035912,15.571158528327942
125856121960659340,2.3077199459075928
4877620937986885,72.24407744407654
98050742846841111,2.8082916736602783
59315241225289388,2.7332422733306885
196556765571623,16.664006233215332
14573180523702793,2.4691829681396484
143124616662274189,13.31960141658783
10275456335548702,10.286486148834229
28115625569764116,4.012530088424683
15483004183914609,6.449186444282532
12284109331908418,140.6695945262909
33397486177609644,63.26954162120819
118337113120662637,53.31009352207184
19962285067854910,1.829753279685974
11493478149108581,2.741548776626587
25660115335554304,2.793290138244629
60867434511554063,2.931757926940918
48547885340649314,4.387147665023804
94959804039413043,8.007772445678711
17345452934082360,2.7582242488861084
56571072038241342,104.90661668777466
126411803661821096,105.68375730514528
39328052501382958,2.655053496360779
20181485448405319,2.6006665229797368
28370474603155085,94.80948841571808
91418681915031140,1.7263463735580444
465880325087554744,3.6539874076843253
10932265564129010,67.00035083293915
107292186010547498,11.428907871246338
178013171618200847,13.182796716690063
308176214301755150,24.862807512283325
163395447814213179,56.01417911052704
11040853661958138,19.063209056854248
12148601269954698,26.41265296936035
20805672201648968,8.029238104820251
24790081358861628,11.847756624221802
17408826588970822,17.56526231765747
23949360111585578,2.7466280460357666
1416789892573079,2.688810348510742
174415369217190170,11.10221791267395
294067385995659584,33.520424365997314
27758081488725874,1.650402545928955
253356047389330309,5.916046857833862
1142056934922543,29.4470397233963
245694578722289282,3.196855902671814
218700666705598542,19.02277183532715
27323278482880372,145.79045176506042
19308854269883781,8.258013725280762
31682791585130887,60.60645294189453
4934107190708220,57.019556641578674
23046164737704075,5.504164338111877
4911229237544313,55.35267615318298
80569607215556527,2.7660146951675424
33650385151072388,3.251782178878784
127933105988013005,2.954524517059326
107731788514623463,2.2072677612304688
144312124808461181,3.051472783088684
6512256405886092,3.1653964519500732
27603494366404262,77.51230382919312
25789318486229768,124.7788325548172
111303835163199187,7.949580192565918
19548542288223445,77.8886022567749
87417581433775363,27.771084547042847
129802101654334230,112.41000497341156
113888417481822464,108.65453100204468
31861757848223532,175.63667130470276
7043173325606623,13.225392341613768
25083897767936721,17.914332032203674
95212607772350,12.46227502822876
23390580772112240,14.80130136013031
39086808106538637,3.277623176574707
1170776935072178,2.147464871406555
7295360354535284,2.2628852128982544
25269516041013838,1.8385577201843264
13181486805121536,109.0637354850769
155592699304735549,32.05008149147034
13558417664756357,74.08534622192383
2762676995057700,9.049980759620667
113631413487912131,14.88832175731659
59552798393085169,59.722978591918945
5984641855660830,5.901797413825989
29491183958022147,15.781694650650024
7996078384031057,51.10973656177521
44189014309091815,32.524420976638794
31364792604602235,1.5434354543685913
63766728906140187,2.6871702671051025
48232645979630674,24.931729555130005
17962073943174734,2.477716326713562
85554440698038720,3.383512496948242
152813955983226942,2.491342067718506
17973336979408377,3.579238533973694
63314508384618619,12.966582417488098
72362415277694420,3.351537704467773
34766753414097357,3.66641902923584
70195939072534274,8.765304327011108
46047973954288893,3.816918134689331
4441510997193217,4.258743524551392
163319952404472433,2.204416990280152
43007642722858222,3.3870370388031006
32455344399694680,58.809483766555786
75111574109562350,3.0419949293136597
17999216898422645,63.25434935092926
324578584591378670,56.53960168361664
21569734766501083,2.92006254196167
302755228969154619,25.875608921051025
4841101675248933,11.578721642494202
22339407698388053,53.60225975513458
37977125639137789,10.41900646686554
64286813410695742,2.4464055299758902
864692244455530,4.165924906730652
105138035434616301,48.23835480213165
22578360958630063,22.89676654338837
13013338927053546,7.421573162078857
27365768692758262,3.080008029937744
162972729782572856,2.451062321662903
7927279450655696,2.5329129695892334
123645116132068007,26.822790026664734
92293252099311389,37.103515625
45629206894309275,1.96536123752594
180278885546394050,4.591904997825623
286546106869241835,3.364125967025757
90839074275891234,5.38734495639801
15887517496292809,3.359475612640381
110316674968512374,39.3578017950058
16553008455835094,1.69343101978302
56735173705461711,41.506977915763855
28621706291196652,2.353346586227417
20330837400730727,2.727760076522828
70815366906892566,3.1696536540985107
21975119163864578,18.903127193450928
108712640127560674,47.142300605773926
239323804896475063,34.73272144794464
28611147456875287,37.7367205619812
7743321909310609,5.342323541641235
72350315645714444,32.130972504615784
107784010473089222,8.363157510757446
98206950772741307,4.989249348640442
8303499074407394,70.71734142303467
72744317196555873,4.0914597511291495
59086498206353800,4.282088041305542
1336093467737712,26.819373369216915
7347612329754144,4.331071257591248
92959340213005652,137.26350235939026
134343988828454630,77.2716760635376
17975282216085320,109.01354718208313
347008047258962020,17.435892581939697
476631985882485450,2.4234507083892822
150832906201187316,21.086114525794983
77955063205199557,3.2601001262664795
2786171903346878,13.934709310531614
1675613414645653,2.4637359380722046
63040025365313894,95.57725298404694
44793333300079324,29.270657777786248
12726835903472271,4.547813415527344
6721750931662923,21.28990387916565
55500258620458973,2.0190529823303223
30721740803425117,8.197473883628845
6987836556445027,2.411065936088562
37397516838044014,43.42872869968414
12617326666549414,8.449409008026123
21984207260211964,96.5047252178192
391136112722070371,2.291061282157898
34198928734729209,108.41584002971649
6937824103486870,29.439719438552856
155101979533997799,2.5048218965530396
196425623615897799,93.77656698226929
26941622293683649,17.391779899597168
122729832590722944,1.9037501811981201
187763440787404722,22.25965654850006
114520986764799896,4.334495425224304
177627676558839950,32.95807099342346
261997962604187786,33.746786236763
159137630726822907,2.873600959777833
26617296409037018,2.3631056547164917
22539077950333879,15.00749957561493
62223849281442935,35.534406900405884
169124905871434792,2.6565256118774414
223764108084729697,16.28215789794922
14153001108139431,2.5077154636383057
136339756468752859,3.7922415733337402
15669662308212187,5.98462438583374
15554593703776220,83.38353157043457
21823633928142896,2.283096432685852
121505457717486653,1.6558868885040283
157652866129368755,2.64448618888855
18782789479608888,8.319119334220886
12703433704802337,4.848243236541748
134877508127157180,2.261382579803467
12605545753690151,54.57777786254883
10512117278869827,26.622114896774292
177673434003797,23.911156058311462
15825350600152907,46.571022391319275
219355976928010162,20.606189966201782
20341829162569392,60.77156317234039
126069404554454292,27.800284266471863
18533134822286693,6.350337266921997
21129849956719631,8.449857354164124
107782351058804868,6.489802837371826
17309571035193418,9.660466313362123
18734226074909715,56.31455433368683
161050483167332373,18.719683289527893
19651569389660845,32.09952437877655
16908504240762500,3.7106902599334717
19249181879593171,2.4987837076187134
132561785599098408,147.82552552223206
3151619197347793,2.2697025537490845
7738316934373886,2.9069589376449585
31634567501282786,16.47090208530426
43435257705736689,3.8574061393737793
454609036802359163,10.219317317008972
24419802126139658,8.02585768699646
56054244770464896,59.99873459339142
79782743601154648,13.343100905418396
78792458216276978,15.035484313964844
44132358143437280,2.411057710647583
17234645043511478,124.20229721069336
12938193734304048,2.7046613693237305
13113197646534828,5.2530059814453125
13516712177890227,76.35225772857666
75641980400697163,2.109166145324707
30668278716057881,9.272987604141235
55484880514153839,5.719855785369873
27666283593336698,43.177143812179565
156913114786127150,36.13063716888428
30031805545335490,3.6502840518951416
103563096255032983,2.7210694551467896
39476447042084124,2.180342435836792
65571820887147932,4.283261656761169
489410763351952072,54.22139835357666
34637385735296792,26.165601968765262
29112465554421466,2.360807418823242
85464567222285088,159.82562494277954
15882846473418428,2.722938656806946
4474171301038842,1.9612313508987427
8242860132508783,4.65436315536499
3323005787139165,11.648701667785645
19739287008466371,4.273899078369141
57770168086219135,1.830251216888428
14591274194749143,4.02477240562439
1956217706668094,6.57420539855957
44032994921607452,4.744591474533081
29161641730762677,5.577108860015869
40066760659764301,2.398901343345642
76258374428159190,33.04085171222687
226110992291539795,18.397935390472412
4545872166627656,1.9181509017944336
153653329682025789,8.218696236610413
65262530122273520,1.8770593404769897
112269417923598034,22.905181288719177
27572360840222955,12.000319719314575
27895174549633318,2.8299529552459717
83174608854001699,12.327012062072754
215953747066206244,30.86464667320251
24862853450906301,2.6762468814849854
77085707795780540,2.916948080062866
52966558258751362,197.3917899131775
238709615788029251,13.43586277961731
60377931737555833,27.74326539039612
121029068162557467,3.806288719177246
3467432215468088,22.36759614944458
19029821782338091,39.87755477428436
59987050900273965,24.759564280509952
30912699383098153,6.219650745391846
109613509204109538,30.890389919281006
6266851992078951,8.982825994491577
18476283603247758,59.38466274738312
18492528997192926,2.5462803840637207
20760439867559197,54.80559587478638
90578433831301235,2.432779550552368
10826052338982786,8.880783438682556
242979287935076411,11.256986737251282
80199036030182458,3.819328188896179
472011136665266549,11.979756712913513
87102264709668425,3.6855251789093018
31413750601504239,13.425501823425293
8325855644202576,15.053699493408203
63301052818966829,20.014912486076355
2643362090017958,4.516338586807252
157431976480516501,35.71243453025818
377449851356180319,62.8387805223465
5411708807251669,5.058846950531007
278866649327989040,3.1808457374572754
14540107401546185,2.3421404361724854
5464056605025695,2.489326000213623
20004684503901189,4.187852740287781
103446098553401263,11.406044125556946
106361706034891306,33.0782755613327
2952454902824858,2.4925094842910767
12999408356522325,4.9241368770599365
25151457278660206,2.2717268466949463
7647803592286465,8.386705160140991
78595707284191351,96.5506181716919
19889584013922752,22.15402889251709
14983457123699820,21.36025559902191
91495525403165534,3.5558385848999023
6950115672264286,5.014775514602661
64606727468485425,9.336346745491028
64336718873620470,2.8486342430114746
3020065878603646,2.092548370361328
31347277784397547,2.460402727127075
101940323741661874,7.399393916130066
160963653342104923,2.241066336631775
27663699538697460,2.8047220706939697
18695160456939017,3.7179017066955566
28565108894566083,27.482627272605892
234147286279455145,6.7565460205078125
118250714149947924,46.14054012298584
1711974404584702,8.983702778816223
105406221221065885,2.2643606662750244
30220970975043093,7.700296640396118
165290694568209822,3.0796217918395996
16212758867186058,15.364379644393921
11138735749344592,68.75287318229675
111263123397904553,3.3585782051086426
121601419527143526,1.8774055242538448
27126487593884414,17.608502984046936
153743629534486544,5.2431559562683105
28204308461924341,17.02692699432373
31127102257874546,18.851497530937195
27530293059215853,2.5072455406188965
11568492889235490,2.6863112449646
109729940619517848,38.35563838481903
24615360189699534,164.39617824554443
17693928950256810,111.716187953949
25357616057599457,12.026042580604553
17876513011092429,48.84252595901489
16268316355218314,12.184117317199707
170954866015584590,4.682908654212952
12175126445659593,38.837960839271545
71609280014271711,20.329086303710938
216700623601087,2.0546352863311768
2880428994495036,19.18052840232849
8018347169027326,54.6168441772461
155207660567445,18.276291608810425
80631794310968644,3.9434328079223633
32293491279712038,18.99379312992096
14040823673453443,6.016273498535156
127319393059709652,10.755294919013977
91743663571193490,12.45679235458374
1061097040628936,2.0206100940704346
708665603871198,2.309325933456421
6982736565854808,14.895235657691956
26482993369954688,31.654468774795536
76030883487679796,1.934363603591919
81566414746258215,35.00739288330078
124536567387484811,2.9819643497467037
66493562037559427,1.9645274877548218
70401696215586125,2.815525770187378
16139604072983817,85.11910009384155
31929678606798195,4.169665813446045
82646177662902398,66.09294247627258
124524974096927008,124.52953255176544
128953282930389961,5.763065576553345
104407406426095656,12.807088732719421
82327936959520514,4.119437098503113
137678605488004297,2.112729072570801
126111158521618792,35.343655824661255
2713855278669156,24.749772429466255
25405884080661974,2.3667616844177246
13959607624745715,4.623508453369141
269733484785982,21.34930717945099
15822655272211683,6.302110195159912
29531530625312731,3.885922431945801
26309691264251260,22.499332666397095
369052335786980450,119.3868498802185
204965966979659515,2.501629590988159
8691720539630523,33.50043165683746
88983970324782621,3.756274461746216
233091718732905274,29.805077552795407
113055190690866864,17.214593648910522
50279023332270050,3.2398922443389893
26383816424021947,5.347792148590088
83266621603373339,52.23794913291931
161598129206879133,4.830819129943848
10332854170154061,12.333093523979187
489889629492065391,10.630436182022095
6140962523500024,22.53899908065796
21219693301224128,71.43446397781372
152969136231604957,4.683113932609558
619812299459300,3.211250066757202
5265150736480015,2.984650731086731
32055895444981061,60.28936529159546
752112600951423,22.892670273780823
42022019651682625,6.361222267150879
10262677726971738,48.54332756996155
56689609759227762,15.334343552589417
73092712207135162,35.65427362918854
5318719627256265,8.106924295425415
15743957855997780,7.555121660232544
15894749825024689,15.284221649169925
24595441088605997,5.854846358299255
27854027055118257,5.793964743614197
21284184360923951,8.971522808074951
16980645369869696,32.54621887207031
108122930663590568,17.090054869651794
124059608026782653,2.3708287477493286
13308074316870860,50.60346531867981
287111688057745353,7.153341770172119
43062991023876337,5.568628907203674
15284863017989716,2.774598002433777
17950753386536368,35.74837005138397
63240557552750054,118.77982091903688
32146215212420297,47.498616099357605
3482354087917652,3.4522444009780884
4571531792907356,43.07065033912659
6297178630398296,3.1682159900665283
143900707992090681,4.212289810180664
431563600019553178,15.249632239341736
25714606304548389,26.56003427505493
13763381037527210,2.720171809196472
254856836119576007,1.9890506267547607
393136450389129413,2.966448307037353
11505420441228014,2.5973885059356685
24898833200497257,2.904414892196656
7512109255959768,6.278997898101807
55330118744876749,2.454298257827759
26180515255227987,4.907331347465515
17900301380413752,109.31093072891235
616069521097342150,10.36093282699585
89283178373156068,2.239665389060974
16814778873170227,4.504130005836487
14133273535121860,8.675541639328003
17504653138527825,2.0136709213256836
7336707096150822,2.685034036636352
12392795716672293,2.1861220598220825
81851807141368876,21.322819352149963
90315966450418366,2.6902173757553105
7110523268119603,54.49085080623627
76948607572153012,173.25630700588226
128842707219847767,2.959952473640442
165179595277310294,13.072921514511108
98380210351223438,10.08460295200348
447582170161096200,48.33253073692322
9733396025825937,2.1818615198135376
153582432127956220,3.2086727619171143
4457203095646689,2.3849821090698247
9927305255501285,24.71950960159302
127939980402644655,4.85777473449707
29932414552693641,9.807165384292603
14078409326653448,3.5309810638427734
14189553394781268,23.347619175910953
8621456159108822,87.76845407485962
193410663984598522,3.2615582942962646
79252893046895880,2.158786654472351
10813016227399762,6.923840641975403
29291602609336776,2.0459253787994385
106256778875850754,35.78085017204285
12543297309160775,5.158901691436768
68011076409421826,5.014362931251526
367507692494734638,3.985011577606201
10246110690576196,2.382558822631836
18303530949942971,10.08497703075409
26660484856303022,24.126665830612183
11788262785544326,37.373226284980774
15532338344733987,3.0182232856750493
110242777272754253,7.218217372894287
77546586462245473,6.766422271728516
35866694675651211,10.913829445838928
66000349385953158,46.72415363788605
8756342357277434,2.432235836982727
81637339192318822,1.887239933013916
3223494367011109,9.989185571670532
6606702413872567,2.2113704681396484
81918235280079219,38.37028920650482
1623165765553005,2.6051108837127686
119215780559986312,120.00947022438048
11939136485688282,2.848044991493225
108188952945931640,11.07928955554962
11808007103511234,23.40511679649353
16839861156403886,5.5006173849105835
13442210457758066,8.536544799804688
15673969849343018,17.33640456199646
15923411619956948,7.239871025085449
16763497856478298,60.008248805999756
20759195722170173,6.871228814125061
1561820927818071,10.050121188163757
216973542076620950,3.940106511116028
17129809234083096,17.932427644729614
178990961585415052,11.831433415412903
217023579543992314,17.978048086166382
11286474096216074,9.43649697303772
102316387553741260,3.969683885574341
148115724493323442,10.884578704833984
11888039478608511,3.0710642337799072
107427791507351208,2.297103762626648
20054645190441630,53.64412808418274
134447398188368983,2.033396482467652
1471305102591271,4.196781754493713
199181374437125970,169.94940066337585
15733151517559986,23.749420523643494
159143792165622176,12.137490510940552
140059196924249870,57.456716775894165
354505400471261546,2.573440670967102
23325816789036909,2.372223734855652
39782217067569897,27.325149059295654
142235794834780428,12.599344730377197
90964807812960893,34.25605618953705
73924951127921510,3.532728433609009
47878812568665641,5.550593614578247
227776555421163477,10.680241584777832
23964119343470453,10.518742680549622
16780467832153521,3.9307942390441895
72376701422385554,2.631984829902649
22305128437331045,14.589738845825194
121385981136002678,2.9214655160903926
25887852894580963,11.68968415260315
91040909409738847,10.814685821533203
192011058559600078,107.27391815185547
809274407552292,3.695605516433716
5601913343231760,5.59275496006012
234112116023496540,28.80910611152649
120600098020092115,19.84718608856201
675878007298079,5.27058470249176
9499623200482725,36.44871973991394
5205708307742307,2.314854621887207
57837840787107638,136.10799527168274
26093593674581746,2.9395320415496826
2352187666232583,5.834487438201904
7436581694966258,6.002443075180054
70029814096928713,5.832149267196655
641918987537904,12.774333834648132
10069408305057294,39.73540163040161
6441249803373483,53.81052589416504
21896310614769883,28.411564826965332
20051916966030168,40.88623559474945
66741017539669015,48.41849327087402
5347398213766616,2.475056529045105
80110793352668328,167.43141722679138
7361958064658008,23.66930067539215
88444785277372855,2.6904139518737793
37350531877396544,12.898244976997377
18858924937999578,44.51920819282532
17843817737622856,5.492180585861206
7097301304115279,67.39928698539734
11236618681089148,44.56833493709564
210989043825590876,10.028724312782288
38231629802780136,81.33022344112396
109232593315447434,3.5471843481063843
8132404465487608,16.594457864761353
11933739927502200,6.399565815925598
383644541514275812,2.0699256658554077
291762749932841438,48.43372082710266
137396384987319001,21.629270792007446
83326647195691400,4.927389740943909
89086992246977220,46.59050953388214
95610135804223638,2.1491808891296387
1294603735955681,1.9888306856155396
46606665941285913,36.89160180091858
453563138339673948,4.9542999267578125
25876846265654234,18.47053062915802
81132891966753184,69.03890001773834
21645224236439577,3.7318743467330933
24205454631414065,20.9834007024765
27185670191332941,2.688515901565552
146731478811037786,1.9167847633361816
10080768733699059,10.318775057792664
286387471220925954,3.1784651279449463
27884565326865255,9.176173567771912
6951670018465863,3.521714925765991
87143844468439847,1.8485954999923706
50124046360891759,4.096572995185852
26047838208830076,29.84298574924469
40881269092155842,9.066225409507751
321407685982836302,63.48290205001831
125765211714070792,47.53622257709503
22496895432216541,83.59774684906006
129456586316867827,2.7135841846466056
6413039869790881,97.89199614524841
88999844247735043,26.317608118057247
139317903909160741,4.622915148735046
292694410373246706,2.933180570602417
12242663194351127,3.8595962524414062
7408135778869816,41.00271964073181
4881936469654864,18.647961020469666
23511188231486540,173.64909756183624
34090208968085042,157.05030250549316
61776037812524791,2.7036452293395996
110654187571990174,18.105377554893494
4697309321472316,3.0195457935333256
20179258661594334,1.9936195611953735
308356608749523310,3.118791341781616
3051410635648383,10.60022783279419
217153312919644184,2.001197099685669
23605400297703785,2.3029032945632935
145799627172833569,2.24019718170166
155603388321449610,2.3211772441864014
238493729832613689,135.57631850242615
21355803444180705,2.4125605821609497
30382587114150885,11.232398271560667
23404213451667099,13.332495331764221
13911802850277708,18.755446314811707
16309655021959741,19.459249258041382
114713954483816995,3.528936982154846
11346059111692428,4.2755409479141235
27867624045977228,3.498774290084839
104508537442762477,2.189194917678833
31429609249568357,88.3516297340393
24858587523440701,10.90012776851654
28211036925035428,78.77533340454102
22475198554378879,10.17683756351471
12467026435450183,8.963080883026123
135732986685382183,16.346677899360657
29440257959265499,15.752691984176636
32145716728785984,11.823640823364258
14276357901757393,11.953808903694153
9260102898012492,20.39052450656891
18198468589879117,35.52129352092743
122790989615622650,25.703849434852604
39707592913751931,1.9239704608917236
62427023930225601,2.6149367094039917
37996405566757729,3.604657530784607
250654492972832157,14.330936074256897
47485340222747477,12.228645324707031
49272209791540044,11.9303617477417
97640547385688137,26.09790015220642
12462172912793669,1.953821063041687
12837808135772133,2.8508707284927373
33973331139157256,18.131909489631653
8963181241622143,3.974868893623352
13923197067657541,3.7513160705566406
62766114567255387,4.343623042106628
70917551838244001,12.188388347625732
220649568154286448,2.868543267250061
84814695860816922,27.56662368774414
71283171462733416,40.06432616710663
238577660506983433,4.808419942855835
20640559174198652,31.569142818450928
82407094503045030,107.29054760932922
96941972207095438,7.88826060295105
696152166484320,24.179890394210815
203455530081552648,23.371828079223633
69534167195604482,3.0530142784118652
38569307661497151,8.002004504203796
8306091001675516,2.489770531654358
22257106219124862,2.5480902194976807
10896551552396496,156.21286940574646
4529373401409576,15.863635659217834
323513581320706630,68.38032281398773
20374891182656941,3.5418980121612553
86677748784646133,6.465604543685913
142516034300852463,3.5712103843688965
33885983139589121,3.335597515106201
111834271770539841,7.966963052749634
13278755326941050,3.2591764926910405
2406224649795969,30.588297724723816
85475329109877082,5.786717176437378
418516730106506799,2.684201955795288
2695371079531074,1.5747461318969727
4865939188611858,35.46622681617737
39223090586814079,3.2249307632446294
26060310550746290,33.6545535326004
137788609194856020,5.01851749420166
38574964404223570,14.6927729845047
36248038413109401,13.825685501098633
1269388823447666,18.901422619819645
31184268084093911,25.909729480743405
15174173729194010,25.904375195503235
71230041894876332,37.27195191383362
205822950646717494,18.21542465686798
24489815872249422,32.56574630737305
212983910752555735,4.552550315856934
9483287664117440,84.51091885566711
90734536946470099,20.557878732681278
100691803581064410,7.729360103607178
23839991283991901,3.6205761432647705
64775485077189538,110.76593494415285
87383785309293230,2.8796199560165405
191455723453612413,72.84084296226501
120940620448780021,6.439585447311401
88947827358072183,2.245091199874878
215628186491789068,2.6464760303497314
3745860848616188,17.174704432487488
36506406218893930,71.63926434516907
128227202110898115,3.0570132732391357
34486632472092643,6.87633752822876
46206271757176645,16.98858642578125
10576181171623278,2.5166900157928467
397662282882874607,2.757643938064575
110591508653131000,17.524404287338257
5943961516829539,2.750333070755005
351678508093869800,127.99082434177399
382034577834083452,128.3308620452881
54896276623481068,10.805680513381958
62290490609542874,7.926632165908813
30706255023034374,41.26935124397278
208461504008210862,3.2080836296081543
106816794117354864,26.6225403547287
10549015433515001,2.3906939029693604
20940400109984981,5.132308721542358
5816281573378926,42.11065149307251
50981119220453025,92.99484467506409
39732799704800041,9.040226459503174
300975290468779650,5.33101499080658
16486863008994316,2.3117733001708984
334031326041973295,30.876356720924377
140870936525476026,13.90561294555664
15248591339799892,4.261912941932678
246494712846886548,47.974262952804565
24238594385688174,136.42443656921384
224815488610011673,2.564748287200928
58325340134782155,4.464573621749878
34055922943435000,20.21392023563385
31342099950186500,95.87458503246307
19017252227462547,3.881083011627197
9111069650332552,11.6431485414505
233742654956709914,6.149258136749268
50671502410464031,13.871529817581177
61684751236113679,2.444109439849853
7407382097673969,2.656054973602295
7515523859789991,14.767385005950928
50063836262201534,5.715611577033997
45590598408100809,15.576428771018982
71627419666117551,4.266012668609619
95391326812930132,2.4002610445022583
13922292169743799,3.1573712825775155
32862764047689671,16.487380266189575
14098427714420119,3.978579044342041
53552831865269171,3.1898421049118046
4005879059862951,4.052702307701111
50948742911463998,2.7735124826431274
8275085522423942,2.5358484983444214
57258290756501986,6.174384951591492
24650403002764948,76.66221189498901
38371408110579316,7.825223445892334
3912934373329554,9.20316994190216
45906537823250593,27.501575708389282
5696763164546503,2.440334439277649
13223408303501748,5.7577396631240845
20210773022297140,18.265063524246216
6725958746481280,2.7885332107543945
28893110440749887,3.6331655979156494
59306143239370740,2.7712242603302
55314626159715411,13.38503265380859
29206150507648093,2.46442711353302
15583592967152840,1.660954475402832
1146914673274401,2.335175633430481
2706072449683712,2.789524555206299
105124516159845345,2.6311415433883667
319453511239604502,23.230223178863525
108217766664950492,3.1768215894699097
1150415358992553,11.985623717308044
25341183908067117,14.0710746049881
40338729643938348,27.07077729701996
89535402274233422,46.13631749153137
133608981443140052,102.09180021286012
14542931729466852,2.736132264137268
63136572300295802,4.56134557723999
33476207747058792,34.66205060482025
44883160425589200,9.504631519317627
11441398216216420,19.176539182662964
15164742369207338,1.9247938394546509
37074177796727892,63.05402457714081
20500505884817608,15.750809788703918
29404904142616424,48.53793478012085
1308618236928332,53.08900797367096
111897921468471206,8.687651753425598
6145975752178180,17.174693942070007
46061780290740965,3.109571933746338
44822956946361343,3.875657796859741
383025142770832751,11.275867700576782
5072711049683518,12.517897844314575
52509075723495720,55.163848638534546
89544113576756482,42.581366539001465
77472170720992954,64.14411795139313
53775735838529798,4.861318588256836
1940539650349270,23.329017877578735
282315730778960910,3.380637764930725
84303104661982085,7.825655937194824
27456843864567010,33.91498553752899
42445522232767272,12.398501873016356
19574212402395874,1.77379310131073
16776227721479300,33.9695702791214
1502129985782159,8.174498677253723
114824046881879555,2.8800867795944214
112222042123703346,16.03869128227234
156833033141377918,3.7328810691833496
19615071670470526,16.11992359161377
21980590848018579,6.4246426820755005
19314803681608049,37.68786859512329
140055482105026533,3.345594882965088
17655255865852041,76.71142196655273
10997365054945668,4.126715540885925
215367795836585464,16.23242175579071
207677260354575025,10.15095591545105
18143784449251988,3.828379631042481
138543267532770852,3.4601123332977295
1176573299752849,3.298297882080078
16909620305411833,49.38793981075287
19214904860414857,15.912188172340393
43182600551844026,7.502021908760071
74588075410489070,27.39843261241913
5737104478527702,4.179315090179443
2218336327808000,8.811667442321777
19188936690059498,2.627081513404846
76874232822979863,13.195722579956056
499841375201395567,2.3267412185668945
7531236771847701,3.508302688598633
790842518864413,2.468072295188904
255827075052181832,14.413803935050964
499942643711738,12.482826709747314
39038414260794764,112.56968069076538
22810932840302659,15.914653062820436
313341537424652156,24.130032896995544
86402303626863120,3.531864643096924
31067234555053420,2.5447503328323364
65343782163797428,5.120641231536865
70067788537386334,7.532733201980591
801681475276449,1.7713680267333987
123228105561702436,52.84909796714783
12348726790188193,26.192607402801514
301459267201285479,114.74417424201964
146251042865301028,29.614800095558167
13747114074217531,1.949812412261963
15572489685102999,1.4685577154159546
74835676128208641,43.85533380508423
13138511493809148,124.41936290264127
398002383898245256,37.30005204677582
29399986847259223,3.6957345008850098
220994189585176215,5.306323051452637
48253796071024107,7.610477447509766
100792204074428891,4.177091479301453
9885771193266451,2.803452014923096
10064088771022210,2.6784629821777344
25727888467549578,2.213995218276977
402029176808924315,44.84556233882904
35657517889327865,13.708332538604736
25930738533779737,2.273729920387268
51403035753600819,11.146687746047972
339762287242777944,4.671769142150879
31276319918057611,12.570334315299988
56882338235573855,9.49953293800354
108631122079099291,69.20113730430603
5765428533334490,26.394578218460087
23466233408784311,2.1521177291870117
47445376355589592,9.961093425750732
55094486031499261,1.910599231719971
3367483479964451,4.8159074783325195
20255347693603410,18.921569108963013
13967808183753396,56.32819437980652
63149810546672340,17.325108766555786
886452564816508,18.792572498321533
29377112958665842,10.839793920516966
77713260483752923,17.145358443260193
24451528911904478,3.0617544651031494
225842095247178511,19.034679889678955
287326901243688242,2.7561073303222656
105778010764238912,2.9791420698165894
195240513225553658,13.283777236938477
5039828972529863,8.8648442029953
13507704027620986,3.4799909591674805
28257054175942354,33.071606397628784
14993049487015606,6.60583770275116
27970874674256240,8.669736981391907
18049001067265970,74.90349197387695
1629394030265893,13.676465272903442
68657125716735869,26.243919849395752
43267039336636972,36.81031000614166
92629055980250846,24.918941140174873
21698406393438071,2.9687082767486572
6716786612326370,12.099360942840576
18733007589270805,64.52730023860931
127161021316237569,25.47667109966278
173182006599924067,7.9807469844818115
596915757146119742,10.807725191116333
27467077030222237,7.913034081459045
321559411624162177,10.60128140449524
6438188845587784,18.500724554061886
124811777737382089,2.625147581100464
6946992978967556,30.588008284568787
15222044902001422,9.27217710018158
2390794988149950,20.291907072067264
135331641954579122,94.18940734863281
163825373320518764,47.47979533672333
29971296194017187,2.1538726091384888
114675299568942939,15.62279212474823
19042274462019940,2.965691924095154
126325278174147025,2.7947726249694824
19005477673749253,36.71399784088135
17031703178604302,200.85255432128903
20389180781275856,19.115625143051147
27596437272230084,11.247712135314941
10442696743879736,142.64462089538574
10026736101855853,1.6514415740966797
21084561779340336,2.1698251962661743
23825016427163668,107.166508436203
16685761118580876,11.850610256195068
11367441270076264,132.2661988735199
19454219083894788,9.45814335346222
25136545880115802,22.017831921577454
1440311267594506,34.048749566078186
2856356596447758,35.63468086719513
11267504179741415,17.47970485687256
281750503542538353,2.35164213180542
13214795857840497,18.259148836135864
8921192311098176,28.28747284412384
5821722212402757,6.586855411529541
13189217157254370,93.39505529403687
8848340375267430,26.143977165222168
138088518774759436,4.2316974401474
36398596935018758,16.42178523540497
98948203828446173,55.399797677993774
172957101474507492,11.97191596031189
85178334763494569,9.319047570228577
78797897358583178,38.31541907787323
79557736399444031,16.61011791229248
19328760972277638,6.291677951812744
31217255595243116,2.2158331871032715
8732871328479544,2.38675606250763
1740485245112159,16.19212234020233
48013600531128684,66.78278541564941
97492810100740931,3.4039909839630127
73318675034538032,2.689574122428894
22052325432375870,57.495116233825684
31539413528223581,5.2870482206344604
510303874090197404,13.615185022354126
17908621891368268,7.322399854660034
66195430489675538,13.989131927490234
29518058552000901,5.001222372055055
7067605366533482,57.574138045310974
143574641439838513,10.240022897720337
28794800113294737,8.405483484268188
29100184936972949,9.007149457931519
14994343892193232,3.792027711868286
72098016702999454,1.9997628927230835
53509600794031305,45.98681056499481
41043444861065791,2.151721715927124
11448873096956814,10.415258646011353
13921483129771002,2.3964911699295044
711477881235763,2.9233288764953613
5151480701785437,20.89251744747162
507932799581058131,3.3446983098983765
11332047501207497,4.714645981788635
51218935057014792,3.4744670391082764
7664111763530472,92.4735188484192
15523348416025568,2.6089667081832886
14187512100678090,17.737937569618225
3292289236440163,65.05862820148468
52559518256285035,33.50033342838287
52382209541644868,2.7132869958877563
95502713200416768,2.8967485427856445
21087630749971480,135.09339690208435
21529505019222095,8.632046341896057
59125276242923990,2.82478928565979
98624144078749499,31.201780796051025
32136295241220818,24.319320797920227
1660821492492815,24.77689337730408
73203482152567543,2.319735288619995
69595949788003497,78.30348610877991
126209688078543762,2.0462985038757324
428493341023248588,1.7775630950927734
101944205521943551,5.801542282104492
7677460229080154,12.1493239402771
7447578705066182,28.90599000453949
23800347585072285,6.896765947341919
2345124514039547,6.029146909713745
60232720382748802,1.975869178771973
25348224913819176,2.3522140979766846
21340274114533253,5.892496705055237
25160278548368643,17.674919962882996
76716611947414678,5.636052489280701
89773362251225653,2.924647569656372
31161433876125321,5.92371129989624
15219309611296899,19.49124014377594
4382835972526469,19.510544300079346
16936979048220784,5.260993599891663
16617604635612909,12.686434030532837
15323071729150390,17.233816862106323
29146016936518122,173.4756464958191
89964075591391755,15.499334573745728
469750938094167631,11.431630253791809
98128821557932802,2.2194759845733643
4793288458431494,49.493648409843445
8493778872608685,23.993778944015503
303515767499905287,5.025372505187988
52983569047845705,5.609671115875244
52472060299268087,7.726896286010742
22869505348517391,47.22484242916107
25423658522379827,5.473572492599487
13218538450032810,38.72668170928955
10614846223221167,5.110527276992798
35241527515085691,11.194512128829954
87924542303480859,22.505748391151428
36797458846774933,49.55132865905762
28508848728863469,2.7570444345474243
126681020270676299,53.71476602554321
7829671374485016,2.9609878063201904
59122703193304936,3.057399034500122
515674630745702262,174.72545623779297
40695882456154474,2.2189087867736816
43254238830305336,110.31929421424866
18981856249478419,2.1002354621887207
108059408244303025,2.623522162437439
108814207230178772,29.51092612743378
72644637757772841,9.855525493621826
15664655249540774,3.957827568054199
171486393685004183,7.195866346359253
64064520929983356,25.50053334236145
179453113618433806,47.29750716686249
71730509720961787,2.037362813949585
18840428064567801,11.9767986536026
2455977416287977,11.688121676445007
58059975633119882,5.381572008132935
17220422038349773,3.5108954906463623
19799528294473743,25.72467589378357
39562996346552674,2.256608009338379
67312524108319905,25.858491659164432
510812502699553,14.749216079711916
108572038437519290,3.72233510017395
54729672104231824,16.336064338684082
67874757209947002,2.3939380645751953
28759072906977048,155.8791582584381
73704095523750414,103.69356036186218
56484865291947741,2.5531580448150635
232459942719582,51.95123016834259
57825154633650752,10.092772960662842
6462409168779052,4.627329587936401
21813233007464376,2.431735754013061
22220680423396971,92.18884897232056
62310002545026454,18.522516489028934
322558572777090817,5.417850017547607
3415490000908762,9.136264324188232
166290213005893219,1.9874742031097417
2936414358244289,2.0007370710372925
113878625913247729,19.66371750831604
9147725833842593,74.504838347435
28506379884955965,2.575771808624268
64466661517627753,4.180544137954712
99368632217192684,7.654494524002075
261846960414730522,53.178404688835144
27597070580722512,36.8053103685379
81925829064976477,1.8809885978698726
385674893541724104,249.828105211258
446781688545740871,32.84167444705963
502587427591866681,2.6950215101242065
1876768083210817,16.537710785865784
65475066502424114,2.404882073402405
116234478123904175,4.938055157661438
96588531950760184,86.76331663131714
108482402863985222,27.633417487144467
2815219697266711,19.98712956905365
114004979190093371,6.041650891304016
3646198633787290,27.97204828262329
23737826689108516,1.789257287979126
781114039919347,36.36322498321533
224270593978233882,54.743155121803284
75933702610311636,15.169544219970703
8026130786289789,9.479818105697632
70764046173804157,13.982981443405151
207858997242346762,2.312031626701355
12631729225111334,21.59166669845581
11633090959701955,42.88662266731262
159079770334420694,137.14895820617676
176322546797252335,82.90588665008545
128517760503808454,2.860438108444214
114472233339818311,13.329657077789305
132646479576888810,28.94116699695587
120399974254472685,2.639582872390747
102751710105539709,2.000521779060364
200690153617595791,2.4927252531051636
210792877902451351,8.773329257965088
18944712482066090,2.613272190093994
17288799937507698,8.16408121585846
118734930943960222,30.640296697616577
142709468249813500,48.21862077713013
1029875535248986,5.457435131072998
12858076526110694,3.465975284576416
14751621649580932,30.262325644493103
20690728349199789,27.091978549957275
128200044986206242,7.284504294395447
11498050249623957,2.9395192861557007
125311506967953576,26.898471236228943
16887620375721837,3.3965275287628174
19183916132853765,5.336299180984497
164423204036422969,2.5608164072036743
13773630534633343,9.869511365890505
171895285985538238,17.126896381378174
21707617296681772,156.18690061569214
215278387914735774,5.908402681350708
15934291324065469,5.13596498966217
3878777614674570,2.378460168838501
34450236411676349,2.6062114238739014
15418660139883877,2.7303473949432373
6382851920115457,5.218355417251589
64345384788117232,3.2022839784622192
326490297340769194,2.3841185569763184
46122302163814290,12.524034023284912
28934423760389244,8.852033257484436
177607638209569217,10.556780219078064
34625851044417634,73.8618311882019
79601897078382978,205.29708433151245
13604426201680515,49.228833079338074
32367839998301068,3.820111632347107
684722939368394,4.991364002227783
46430453148281524,2.337023615837097
1168167477749121,9.211458444595337
21744713618303250,2.9336905479431152
132413613747369415,5.608775496482849
9065836886995263,11.176150798797607
91724526415408172,2.791603803634644
189415372750859092,161.11120629310608
29778781473833061,5.3092310428619385
50678320471994288,5.94435977935791
93882910398041,1.9297205209732056
79418485477487382,8.151025652885437
40377039825865046,9.773507475852966
267803934228292145,2.476219415664673
8800998603731160,77.13962388038635
36702382897191747,12.427073001861572
29991593065324148,2.3515827655792236
56926621958590751,6.914568185806274
111056488112162772,28.958003401756287
182559218474993929,52.815099596977234
226190309696200087,1.9534424543380737
127291833712091390,11.484359979629517
60539342520331108,1.707457184791565
8447548076440512,1.8830876350402832
8236397068904092,30.720528841018677
23479901500645838,26.281824111938477
282301938911751976,26.375778555870056
13762153247486148,5.919687271118164
63701423622815469,6.235526204109192
12503847546113082,4.024092316627502
23406933538688919,132.56111979484558
17679292966733702,18.81119179725647
78153482037299674,3.224092721939087
21977555267495926,13.63659632205963
19368382737469832,42.96993613243103
30322501057372826,109.10185194015504
434899617231246412,70.08912587165833
61101207318883152,2.3703027963638306
45438449242852587,17.672795295715332
316837595773079591,11.125741481781006
29671222237870525,11.296167254447937
222126191867823449,1.8358864784240725
30186146084561743,96.93470764160156
9836378289306576,4.354902267456055
20194961866044787,29.103951692581177
6468068363715604,4.569601893424988
33042997565583066,27.356510639190674
148452729632284590,6.574794888496399
345138786482359526,19.560161232948303
39322607857248169,22.04428064823151
24154089175846702,43.674566864967346
97936344926501932,18.60606384277344
19094467023640845,8.334654331207275
63606020452882381,3.672654151916504
331014372321888633,49.332791566848755
6697948802112255,7.495783686637878
2551910557701342,1.9920415878295903
24417423093269435,77.56239533424377
160298793290295350,1.909606575965882
500727611512664470,3.601098895072937
62743380579025032,2.8803153038024902
10046367356580643,5.237961053848267
14208880651921281,3.718306303024292
400087846830730131,15.629624009132385
45388804375874551,2.5993032455444336
258023296547740342,2.219377875328064
6905371242913517,65.505615234375
22466862455288658,46.17506146430969
6001532780484328,2.2092278003692627
24671961136713993,8.817405939102173
285758858760177,44.9770770072937
5113881471230106,27.78743350505829
136185649539091357,3.033130168914795
644799083511551,13.97024154663086
342427845040339254,17.286972522735596
1699831402583324,22.569218516349792
93523517642806161,36.46746623516083
5882191414914390,2.562443971633911
76080051268122230,7.6846219301223755
17071749575685874,3.0932037830352788
27211641118989908,2.972321033477783
319863760949473272,109.81534457206726
102447412947464888,17.04229712486267
150363085150565147,9.438674330711367
207178004719184663,2.3562979698181152
18108981108814188,4.0649778842926025
12366896650526371,56.00013792514801
14648014217718728,2.820488214492798
1540960539338659,3.3023900985717773
29192998281865388,3.4860517978668213
20769797195413860,2.213425636291504
17927993286973786,3.577397108078003
27378983940457904,68.98891234397888
293363750869352600,69.46928977966309
19103622375042226,2.3183034658432007
20320720036425257,68.60613250732422
283360501426193392,2.6033310890197754
278121173646416883,2.0882771015167236
125660662016106500,93.10232353210448
12563008434911522,21.1946222782135
24985567494270720,76.07687735557556
27050547171582036,5.822149753570557
84346679276963025,2.6374480724334717
5237477022064400,3.5160034894943237
14099401807223135,1.793083906173706
313471220571491,17.19563162326813
67965739676584264,1.9339009523391724
1617157734021130,14.836183547973633
209762066037522827,68.05813503265381
92372003570509236,46.19594657421112
7833130080151386,12.119253754615784
2225406894760506,13.3262540102005
4061757397384473,2.9701621532440186
160834788921124682,10.160858273506165
482387716764542761,10.509944081306458
70077551641283081,17.470513105392456
71206616745772371,2.5375458002090454
73680571964975085,2.645476460456848
29770726483723630,3.487948179244995
28395920670940644,36.3762149810791
11638131621139850,5.848899126052856
401194280459673,3.061628818511963
156273083256986264,55.46484935283661
105909970637637361,3.8061573505401607
53258781740032612,53.40389859676361
74952939768797081,4.026087284088135
474006510325750610,38.8135929107666
93936402370892124,27.818621397018433
301984339777351336,73.8923351764679
29501700877683687,4.329346895217896
9061976608584419,49.66756296157837
12707632426326011,4.519248008728027
196611407761503975,4.992812156677246
366606746694992,76.92073464393616
124157192030082787,7.8222010135650635
11598626917749002,33.04399597644806
106537952182488890,2.300299048423767
30033331848287898,26.41786885261535
2946396716953607,26.52846324443817
5058968027753902,13.055069208145142
251309487266051195,21.489923119544986
200786201516665784,10.379505157470703
9580176633430492,3.439737319946289
107577278464207850,2.940858602523804
24267257227980423,1.7167770862579346
126213501579593161,5.975865602493286
563713343286490364,7.428524613380432
30400535302956421,7.354716539382935
69597849556531581,62.19050347805023
86529384791620480,68.13071119785309
2532005408700335,1.7239943742752075
27405059967777188,46.36046493053436
16786652850676757,2.0406956672668457
79964846545485946,33.884572982788086
72502423443267944,2.3455268144607544
376693380517392344,46.16194224357605
278591235867982441,35.91247022151947
10583394351608072,197.6135077476501
4181643345555153,5.132042646408081
8926271380938479,3.112680077552796
8147677452959914,59.95727467536926
67262952435100521,81.63491761684418
43821311373580567,2.1080923080444336
176963231080389579,14.970831155776978
97089510009126435,2.5287915468215942
27362820050994124,4.95963978767395
146406797549884609,13.076138973236086
28341715603231838,28.55451917648315
30846290693765822,2.8565962314605713
411379365382303700,20.76557755470276
3357330306535286,1.7163037061691284
63153857816844469,12.040221214294434
66692602258567923,8.311329007148743
16154480131438041,3.1655218601226807
103832459907646516,32.152482748031616
65437118120288660,7.347014427185059
21652005408721238,138.9131166934967
20120755877609497,10.253978967666626
26790788014733142,12.244319796562197
18528747084854249,3.2113837003707886
3951522480137204,23.140353918075565
365750656580256,7.670578241348267
126549689225634465,14.690775871276855
62146444917112891,2.0520086288452153
20922641154080530,32.820462703704834
32766003497656160,11.29544723033905
17124339336730704,38.11357510089874
1672148891386463,68.50519132614136
22102661530831092,20.785343885421753
41736936895195055,8.35984492301941
23840638066541456,2.332965970039368
54376979339834199,1.8003511428833008
50966771297009982,16.271581292152405
29765571843083270,31.603593349456787
55024525205611443,2.2999203205108643
11392963648080955,8.70086419582367
25363269256651038,120.19600105285645
14327615714937252,2.340856194496155
26168096883556887,4.247353792190552
98510955709406030,2.2257285118103027
18397870652200894,27.330124020576477
26498658877744080,8.568267583847046
5521362398812450,2.4695003032684326
90561019475903419,6.633942484855652
565854068128791378,4.801451921463013
11273821093779915,56.5094358921051
12615549295570925,17.21815252304077
55038988930768169,4.6137306690216064
11611639323785094,3.1034207344055176
125506831704140299,2.472917079925537
16034469604314674,3.2373850345611572
15709795263042375,33.43460702896118
53505517009071530,4.4380292892456055
7949841325992694,41.92944777011871
194040746555566543,6.507967948913574
14358191681716247,2.7205340862274174
3074915825568030,2.708361387252808
66304230343740550,171.39096093177795
51549309003091078,24.00766432285309
2671700692871888,2.2809654474258423
217470171826329876,10.767158508300781
80418038553799428,2.5383652448654175
455334572747698768,3.046689987182617
27140846413813501,13.360837936401367
496321074165697744,5.490336179733276
69354687511805022,16.394298315048218
28987337183009490,15.555058479309082
20866646026888295,5.678625106811523
99209399417438376,5.082042574882507
1396282232097775,61.269145131111145
94389633160975809,4.660579085350037
71541007642374790,5.3967461585998535
30435230617794012,61.9686484336853
7123840137291486,190.79120135307312
7260393994875857,2.5065728425979614
98813532769680678,3.1913100481033325
21713789543319738,30.847639679908756
25297106302263880,9.751370549201964
26811977251129705,25.87884211540222
31931876981871223,10.400963425636292
27370945247293682,140.44668233394623
38097722633230815,2.559462308883666
12571723881404302,5.9227341413497925
254634921444653802,25.216977715492252
83603655901841545,9.526406168937683
22210326378309788,17.436087727546692
11757560229420462,17.554806232452393
89273754260459374,17.87434995174408
11716727850084241,6.175105810165405
20709022042091394,6.394829273223877
147925070073327663,2.86316978931427
4422437289252806,45.33984112739563
67876484942124997,2.788179397583008
124344778290274818,52.085408091545105
30766384263844717,94.03611099720001
72297249446281536,7.427160143852234
378828530722202357,7.895111322402954
41895964585922346,9.179572343826294
24550584109308864,111.34503722190858
6017490325824342,2.3003519773483276
49483315248312467,17.10845184326172
238147301763432979,2.3318655490875244
92303089228284374,44.41588115692139
21940510340777396,43.962830781936646
1695647896955341,4.389292359352112
1797514769316109,5.308398008346558
115308436197425865,2.2659597396850586
13843353448203284,8.589392900466919
20005775592230729,2.471266269683838
20196744480363960,14.561200499534607
114996744966122037,1.7698097229003906
130259132418511864,3.3261675834655766
171732224709783740,20.48985195159912
169631700073930220,36.43299317359924
11753681884420920,2.0130763053894043
179138161275681265,3.522354006767273
10502874725812770,59.27941882610321
170875033420157065,10.802634000778198
144602002733350531,2.300874710083008
118789312301165326,7.145223140716553
198336990404597775,5.777223348617554
19493302522475288,104.19488382339478
13307381433562580,27.57524609565735
107933343906109386,3.0949904918670654
153412807589603145,39.6814888715744
115903791153190398,109.38334274291992
12096950656405587,3.6370677947998047
138724672034348304,1.794998288154602
29591534746898589,25.976889491081238
4072523180065435,19.2479590177536
77378083976157090,2.925736427307129
63132356524580067,3.1683138608932495
7773382110241977,7.271856665611267
104674273388327414,10.210681080818176
54365073408168366,12.92198371887207
65431786362131757,13.08446490764618
25665815589314834,5.825429558753967
120618082142353915,4.614584922790527
44267460597669309,1.9740724563598635
52663408419309881,38.718523383140564
57049323934956127,1.9846925735473635
17710173457561581,11.61616313457489
115560809048399775,12.715476632118225
65848132533692438,15.134674906730652
126910789406099526,124.60124588012695
22338557926467337,23.02535760402679
46953351391017082,3.5494494438171387
183304351458366806,2.9158118963241577
2979704111858760,173.69414007663727
18528606193404522,3.5523645877838135
64691272162495507,19.348073720932007
31566596089102856,1.8545980453491213
18429636425325895,38.722262263298035
57893798508959433,15.168702721595764
5451691089804054,1.5873932838439941
31325693573470158,96.56739044189453
24938946975907719,1.9334243535995483
70707828113824370,136.1223585605621
9914645549380173,13.332919955253601
384055482529690399,24.838602900505073
11673417206271983,7.561619281768799
36303694667356140,50.1072154045105
3312614375904106,2.178338408470154
77920208222203076,2.437618970870972
381294759424366147,2.4999202489852905
77414429410385069,13.678347826004028
485101392403300,111.7933175563812
54497010446609078,138.25759887695312
297088987315243275,2.905976295471191
170565302290492486,97.8873052597046
69584042986313733,1.5966475009918213
36182075040931695,15.707008719444275
57034618009785007,1.8424131870269775
83916707781632345,71.5023443698883
96658955856047025,12.190193176269531
54142136283815671,2.7146118879318233
11974435343339811,2.60019588470459
92136290512886499,49.3075407743454
138684331652135906,4.644498705863953
65912785734503598,1.727925419807434
351534142210791888,19.238351583480835
13392692842585796,94.83884239196777
36126712996032679,2.268503189086914
55647520876076428,2.355254054069519
61609591261030963,5.757530212402344
70042054258842408,16.159398078918457
39193908248027093,12.294071674346924
43322160127118952,11.361822843551636
76411889105283930,2.469676971435547
68407089223726245,4.231272220611572
31646900264158653,2.832947969436645
31656127359931666,44.97089374065399
126675526063667981,14.537720441818237
102176788755184534,41.69398021697998
30375774344223698,1.9817206859588623
64227490880018318,7.394811034202576
467601119047045263,7.882609248161316
27570346083833726,13.322101354598999
265562474974093800,8.714883089065552
277049892652192203,4.455191612243652
39185309827896158,20.519487738609314
2089744310191599,1.9433259963989256
19886600658121129,5.84208607673645
7503194081989127,6.520915985107422
3471451999580114,1.7915089130401611
75598429503909065,13.451171875
117435323486580068,42.68625342845917
76615683720503125,2.2462823390960693
31180366266284939,56.40579617023468
5476867300407599,37.41532862186432
14055497166686213,6.97038209438324
17226912445659168,19.980604648590088
29935595249212860,157.63748955726624
116767780221541324,1.9793603420257566
19274465776047120,59.87623703479767
119560283708513023,3.892831325531006
2350487116469683,38.38971781730652
13612407159054283,8.278074860572815
129426588934666698,3.0664790868759155
101977939401103840,53.68273937702179
17274002375288399,8.450857758522034
118622043238650189,4.5307457447052
169301528084694469,43.6556636095047
22431047969893353,2.9575586318969727
19373722567044179,8.353803634643555
284058093365684350,159.32522416114807
26221212988752322,9.035944938659668
230627116240239460,3.327263355255127
10737108512678944,2.613400936126709
12093956639524437,5.265445709228516
225351791792782123,115.52041029930116
142511409449658364,2.9706974029541016
7466250256549404,27.494822978973385
38693882213759602,2.682724952697754
107629374522004258,148.69213366508484
27391099201423627,3.7924368381500244
22587304548533684,2.7522404193878174
79984936025944340,134.10083937644958
39457143013772830,3.9278013706207275
69340190628253020,18.923930406570435
47188791105788849,7.798647880554199
422497226845669766,21.41359114646912
26679619907976314,57.125585436820984
281216635748672530,38.914520263671875
44502363141299377,2.6495527029037476
1022864825952112,24.228214979171753
8921524171955123,7.938596844673157
1721329265288522,91.03891742229462
31037329178067096,27.85588073730469
101482655459183714,24.074941754341125
74311741756238610,5.059248447418213
404188400530057980,2.9425796270370483
5052809567627255,2.25315260887146
237687935371090376,3.12885856628418
57156818661226666,109.43888354301453
11521485561591042,3.409343242645264
67525099338954240,18.576011896133423
216169228746524491,2.897308349609375
7397477276702707,10.68319857120514
273525337895623426,8.786550164222717
52238229550613884,2.6314618587493896
1157382538146301,3.127914190292359
54224767788688810,62.129255056381226
19849426821755915,2.75237238407135
102552867369060032,11.106736898422241
6115822977502420,39.85793077945709
18309054754120779,3.462435245513916
19500566326886811,48.236419677734375
107078418133006,13.21234929561615
21272196242363287,2.198954939842224
72903090422285732,49.033443331718445
60730935178003896,4.352950096130371
84883908863779081,11.956198453903198
166450382661662551,6.270724177360535
8447750807922204,2.1004775762557983
12670235859898938,8.375620603561401
371733265185352952,3.264259099960327
6822145631961443,2.1034915447235107
16994316064115390,2.488150358200073
10478786555675036,8.122646450996399
236387422325724781,2.4512391090393066
35245945140044153,38.49780881404877
260972023854349093,52.44308352470398
39577492022671244,62.84570813179016
68576232704545722,75.92289566993713
6952203499343025,3.006795048713684
130649290806545782,142.15354895591736
104527059577809724,26.869470477104187
150998292102769826,7.65822172164917
6596764951079131,5.8874324560165405
176567630908614264,87.1458820104599
126567081846279174,3.2721266746520996
140889665234581,1.685994029045105
42186689266758068,6.080870032310486
2024392057634329,13.841096758842468
86933962656737144,18.53355121612549
61825541693402757,7.9233797788619995
1882189055832549,10.268059968948364
19876920405524823,12.189449787139893
30541510770923308,155.8729945421219
446252267375627253,3.3778982162475586
359115416710074823,5.529800891876221
13429243488723959,3.413213253021241
4624546464219039,6.23126482963562
24478435094913951,70.4616082906723
7362917103004852,2.452223062515259
5202822048383924,3.791028022766113
21262990500608089,2.237993359565735
29346366162720223,6.800877213478088
9122023190346610,111.89670825004578
497070572542638984,52.266292333602905
79358380773175339,4.415405988693237
24091046938281189,1.751040697097778
30172853717925368,3.396690368652344
64452074102922750,2.8220927715301514
9686180616003671,4.134215950965881
38766526551529176,48.125967264175415
10872502184797484,3.0725902318954468
80138402791165025,41.91988015174866
103331530601922189,30.302138924598694
38694002955358183,2.0159188508987427
120918953801829215,2.3589372634887695
28560111114029162,4.823929309844971
11729798502023953,18.00459349155426
24982593718888611,2.096404552459717
1324599366119,10.703025579452515
55749457653602042,19.13151478767395
3093313707142333,3.103048920631409
300649643727849119,3.2213480472564697
359541360414579702,22.310384869575504
39521701201608970,85.25135588645935
72331368629799157,23.09720206260681
159959311392400050,28.59057116508484
3386808812373939,76.42228603363037
272269935992490750,8.16854727268219
25136185231067088,2.7537816762924194
2354627684050586,14.977089524269104
97624473801196149,9.936113357543945
248530214745400878,15.873166799545285
12190143308465420,6.2568687200546265
3155242038426293,17.661736488342285
2506261504214332,10.038480997085571
129265016594151675,2.3629419803619385
17379411378100275,12.925884127616882
16744705539021591,6.367547392845154
25944166515495983,7.453397035598755
32590757143221868,2.4488030672073364
22853751938969533,2.474499225616455
4832518873760680,38.306618094444275
80500071974612841,10.352763533592224
17964162249135835,2.963029623031616
61185760937082321,2.7234673500061035
41125123404216378,11.953299522399902
33646195407868877,36.452032804489136
109058416118047166,7.026834607124329
250379187407587458,35.29429280757904
71877455803625216,16.317328095436096
54635205964749297,52.06409132480621
368677697002481214,17.679991841316223
9321858823069290,2.457216024398804
27947011827953640,2.446881890296936
115240908582329359,2.469573497772217
56523466418110149,18.080023884773254
68422583902124900,4.344337821006775
7657611771383415,41.89887344837189
22898921888853353,8.539267659187317
86876792638133860,2.2980830669403076
6395364784947937,2.0835551023483276
128163023539743484,67.75465214252472
307665801209522659,7.6905646324157715
20320468290252568,44.52532494068146
159019014773288684,13.530484795570374
10905379803865267,3.88247287273407
18275914776549974,3.4854054450988765
15469969497209578,4.272012114524841
180163636654611138,35.16591989994049
19159352900205063,2.8484225273132324
115104582331306990,18.73273515701294
21645262649290496,2.8376941680908203
15003565796664830,13.76459848880768
12780332516323808,1.7581344842910767
2168083784940433,29.660671710968018
1629981231041065,3.632113218307495
160797316006906124,4.139207720756531
140837518085064768,44.585170865058906
100076571650651098,2.4582093954086304
105218118839509,4.4183114767074585
175070394079632408,48.11702108383179
101167061308705465,15.54284417629242
100216806584346469,92.12950301170348
41534771582630970,7.425832152366638
5601793963064727,15.918180584907532
72319418256829200,9.415555715560915
730836193909513,2.1273516416549683
37246029567981378,4.1935906410217285
110615075798670054,10.399372816085815
96465057899610574,2.5355244874954224
100543520764105291,7.937509179115295
47013268273982272,1.953430771827698
16872618043033292,25.954466223716736
123530703062259679,3.2293310165405265
98270424759663531,12.021490454673767
164849429335812120,61.70674514770508
16544892332463787,17.516306281089783
128322036224632771,7.24740207195282
33067923140440212,20.296164393424988
5771458716237996,28.297367334365845
27609914670453696,4.237756252288818
317578086414636953,2.381725788116455
64377675300981067,7.620923161506653
89188873099839845,68.4559977054596
109473174602655523,2.2648122310638428
66634006747364986,9.762450337409973
25860307960271977,14.825151443481445
258843302320214108,38.30756962299347
117043078290523981,19.395857334136963
29429158676095182,2.048925757408142
19699295794660874,9.094594836235046
17952372827511079,2.35115385055542
70888645095327929,26.264464020729065
52508861916644240,2.60213303565979
106713869451746546,48.338627338409424
4541372873534812,7.342029571533203
82305849981272129,3.3892312049865723
397072557412839716,13.446641087532042
71729406298362821,4.633189916610718
192498897350070445,8.284846425056458
18883515830534610,1.955419659614563
139334906943956487,7.1700758934021
298093362151006768,3.405268430709839
14702627799123338,4.23434042930603
43598158462062929,1.6523652076721191
13970209576949300,5.739658951759338
14728998621745111,2.183708071708679
109749174597424951,14.77126407623291
304695232524258855,2.690449357032776
24950639288633907,8.305192708969116
18175410260072758,1.9178954362869263
174392166559006164,2.772528886795044
34263834494041921,2.1186280250549316
10352398464542000,13.95150887966156
147880606511984297,4.480395078659058
21770416436640577,12.694136023521423
9121548700344692,115.72369313240053
633542288466927409,68.27319407463074
119699951141366555,1.7212574481964111
27061560369687618,27.97989511489868
6782593190351684,2.865903854370117
128132904812759867,6.575811386108399
376914651540924,46.4935427904129
28999606822114369,2.933513879776001
88817598882136692,82.9478087425232
1421121959727988,7.948991537094116
5710566449844476,2.4315533638000493
39682106251413327,10.37734055519104
288231924266169571,35.36780285835266
45918399251501116,109.35341989994049
13491696364389991,10.18097186088562
14102179978678053,2.4120490550994873
93793218234461739,6.31097948551178
145164327890768063,63.41245210170746
231041320728509964,2.1301413774490356
25754591295636828,8.041272521018982
28659249441612129,3.345620274543762
614153836132360521,2.6439666748046875
120886611653821275,1.6770812273025513
12864285503950267,98.47079348564148
13478591694598645,3.558527708053589
118959842067254835,12.68382978439331
59405021902107738,5.485909581184387
22835271169303120,18.595438838005066
49547428488871514,73.30733585357666
74666663465690849,6.455850720405579
145236065572817366,2.083710551261902
107416581916968150,14.309254169464111
114951066336401270,2.3967843055725098
14225020565029234,42.22082757949829
167521428582198524,9.917713522911072
15651263357092037,2.22758412361145
22131025693699129,2.8057780265808105
2692355690218760,33.830583572387695
2850557385689181,2.361356019973755
116710816625617924,17.222232460975647
29452135639836414,1.877629041671753
2209601009238013,3.218624830245972
307815118355429716,6.7494200468063354
14450560865552019,14.333379745483398
176217406463531449,6.528386831283569
2817374288249967,12.296759486198425
1270088095633744,17.92843997478485
2755955778365072,95.22572803497314
116754599840875336,4.25043797492981
8855269393932544,95.64889311790466
31940545680413020,62.08486378192902
124942424606383206,6.897319793701172
7859311379889031,98.32136869430542
23941094345031823,2.2279367446899414
15773713069964854,13.436723947525024
17504156380676643,2.170929193496704
51567782684305440,3.8627474308013916
145781551421988711,2.61426043510437
468866028692475541,7.601485013961792
24843858598362949,7.325788617134094
142936158769303327,4.964072108268738
36533899402850418,3.8214728832244873
59875027159322708,3.469580173492432
26051573488661122,55.26564872264862
186047792256906850,8.591646194458008
149840761907372889,8.216038465499878
45062663804102790,7.135952591896057
77211813038397422,2.740096092224121
87436996955754004,3.2627623081207275
32565125300938406,161.0567409992218
156123212620689267,64.26548874378204
56772466396777038,2.8570622205734257
55096933057337978,57.85923612117767
29247298176577474,4.368951320648193
19271432355017086,40.78152632713318
13337937913394246,2.7630480527877808
29985926085387140,3.5560542345047
71831349230415651,5.161393404006958
73550800022210892,29.93206822872162
57691640419157782,2.3461579084396362
39065656994074543,13.805416584014893
518459760010808897,21.921976447105408
78941920571595621,25.944526195526123
31963543164794355,104.84626841545106
63308723415686118,16.242335200309753
71388385889031664,13.26831579208374
105537649460199823,18.244320154190063
28850050482690497,2.573184609413147
54489782510768010,26.852665781974792
21719508648695625,5.240651607513428
40906217010911100,3.528620719909668
276290679512969231,3.1541731357574463
10022238217651087,14.173749089241028
87698501402821874,13.434112071990967
40807200340807632,14.497894406318665
26834888648202768,12.340845704078674
74079689938144096,4.223054885864258
32586013862998840,14.766656398773193
5508232983731583,3.147485852241516
62005977353341632,3.68649184703827
26469182685461862,2.456182718276977
119715580417136105,21.12421333789825
18969084301423590,25.648879289627075
64167450106334545,7.49791693687439
32029670883521560,10.402402758598328
82584579086996114,5.686902284622192
49134129988937232,2.8140811920166016
75720544517132343,18.479365587234497
7670903825368544,2.666039228439331
18549197613862061,4.160630702972412
46460007500973912,45.987439036369324
20874315136544200,13.293596982955933
18610407385878736,52.94733798503876
29034605504973534,19.56283473968506
529021558397154,14.256057143211365
118703030277493700,7.240774869918823
29995435823587035,2.6815202236175537
36820943938153700,3.5167258977890015
108072779612831382,1.9452241659164429
2866549895161942,118.55635380744933
16727766170323438,18.577314734458923
60401481810840946,2.8131048679351807
228566950608778989,5.8851258754730225
16500620365593613,1.6379976272583008
17179049978450108,16.340546131134033
42835575838375700,10.377365231513977
30286847890605425,7.575390338897706
427443665285701911,19.996348977088928
64198779804396359,4.999324083328247
73244261177916743,2.5725232362747192
58525798053362304,2.122158646583557
98103183426976550,4.018438339233398
123682041046540732,3.7406885623931885
38395569742657586,2.523394823074341
93026135724151464,13.871816396713255
11444131850545548,9.94387173652649
46433490543790113,5.600375175476074
22956093690452416,19.009278416633606
65342422303049502,60.9640166759491
226954986432839272,2.0736756324768066
54164410675900208,2.130119562149048
75461059383505934,43.240434765815735
156278432019310786,14.39349365234375
29847164850911340,30.329349875450134
61354376708827223,5.14555811882019
18772758386108919,1.851431846618652
44977836393712300,37.76059913635254
388585270231612645,1.9993383884429934
303384433336928784,40.19877862930298
60635385211360818,13.022856235504149
47980668884485148,7.936987400054932
151776063015500455,159.89681315422058
47853727411823581,2.556529998779297
361880518415954610,2.51937198638916
28424834035595815,2.50283145904541
187684736628134486,5.606295347213745
28916922610357477,20.769627809524536
2296007032649384,54.17596232891083
313061746296796813,82.2553813457489
29451843018360594,21.360043048858643
70730427903757870,2.551187753677368
47652406417489470,2.9437520503997803
50599149924641345,34.55314373970032
26443491449544906,12.869434714317322
34465544109605330,3.7729203701019296
74455755018821370,10.726739168167114
22371022661846192,5.434829950332642
65027652228793761,2.3936744928359985
71546981131597098,2.618580818176269
64149646908588673,2.8190466165542603
37841899709758407,8.20176088809967
360110932354847345,54.057907462120056
13358723346250445,3.6334805488586426
23019359677377847,2.1228004693984985
182439110847333986,7.0140005350112915
15324517356249790,127.92880928516388
51833823514866526,12.008864164352417
34270063282509538,15.130918860435486
30667403002288375,43.69177722930908
14353884687630798,39.112112402915955
129317943497620999,109.30685353279112
26746733806750986,38.91884207725525
63744957772085343,18.1835515499115
12432460849756751,10.022732615470886
48542284019478132,20.922175884246826
13007310461398667,1.8018079996109009
31636564675683499,2.759040355682373
292607977756949515,16.041125059127808
37481907038065323,2.816766619682312
26450696236083618,9.166308879852295
13516223706913972,31.931318402290344
69240432759766979,7.44585919380188
23248365701691716,3.0044243335723877
92241457671612726,88.1392149925232
141053720371746447,25.881927847862244
79569824456043938,142.97848057746887
60974410442917123,15.329143524169922
1282100048613897,2.359868884086609
38705168259185465,2.228224039077759
85037467825073903,3.612175226211548
43239366843895188,83.63766694068909
120575718697795850,34.21588635444641
17207891787078050,3.9446005821228014
128627055731732577,7.691705584526062
17337520760859441,2.76554012298584
107362833434687560,37.95869266986847
102600246553025979,5.391586422920227
164335708268496852,7.049041271209717
14819752722487577,43.2440984249115
156558757833974136,2.642144560813904
163844068303329568,137.31725800037384
124799233591288374,51.42788553237915
11184078340199193,16.269310355186462
13566157502897918,42.374539852142334
134467837220851344,18.587925791740417
111603305795914665,4.226169228553772
202841553648352105,5.76814591884613
143084386100791057,2.67143177986145
213799510317633572,6.254961967468262
18706228701611265,4.637740135192871
19280798905311720,38.68118965625763
15540769979019746,31.858540534973145
110956804320745287,5.314715385437012
178966386862460790,14.064102292060852
17674797413262400,59.63515663146973
106738015527438454,5.129309177398682
255751837889599008,5.253955245018005
7013316163404647,1.7015643119812012
26545429374632319,15.678955793380736
51418908613230041,4.362475395202637
54993198845145322,2.8049906492233276
122684687635307757,2.584548830986023
6184347306303386,7.13764762878418
21210679480129190,1.6402264833450317
23945582065971847,1.9227745532989504
34306280620704468,14.003806233406067
504523272569916813,42.58702325820923
24689648792225197,31.467715263366692
116669928618992517,2.2169491052627563
39103727244465190,2.913859367370605
188514859335899620,3.403210878372193
5776858575523496,40.37314260005951
72407676120259383,2.5574002265930176
15232219031346549,2.6144821643829346
8750167696281324,2.8699328899383545
12533284782363822,2.037813663482666
22196014527627893,26.6104257106781
350508702946654163,8.465757727622986
76784641440746891,64.53691041469574
380803707462728192,2.8002872467041016
89355954643914990,2.9448416233062744
22479937238622942,18.7236510515213
20513835864829555,3.285817861557007
77032314379547257,14.301751136779783
70046132974791449,39.23204433917999
43354979685720249,2.054439067840576
218270252179152367,2.9306676387786865
481708428384941529,4.620149731636047
38957712211755477,2.2213157415390015
32268754033395164,15.375259280204773
6056487873245016,54.7075629234314
27401241711121593,3.2709193229675293
19209861747002740,10.868196368217468
18329366294436934,13.861557364463806
272003892474220196,2.1957530975341797
6882468076099406,26.170491933822632
28590784554720252,3.433419942855835
424253383970296279,33.46586275100708
344157821241634683,2.1864547729492188
98730368854513350,24.352389097213745
4611875733653654,2.490173101425172
845611921732960,32.60352385044098
23535847852576287,3.018871068954468
4990330988448489,2.317939877510071
478592374311652368,46.30801069736481
84889594664757600,143.41779208183289
57319087596610427,3.326898097991944
24804455893881783,2.6512279510498047
43700344259096690,2.392511606216431
7174675317077313,2.758121609687805
14318322516936490,2.5627743005752563
274074229989296745,4.528857707977295
42012735959766343,24.158434033393853
20216648006018056,13.227558374404907
1490458858977338,3.4229745864868164
12837223851139968,3.4738216400146484
487993833432202637,21.39467084407806
8187915104477375,32.272536277770996
1585899182250293,138.57607626914978
12599895428260339,2.0607739686965942
24664550010464253,8.979206562042236
102528652736856931,7.592775583267212
70135805632979049,2.340901017189026
1552059246011938,146.75043439865112
86299513069234240,2.500846266746521
23579583467402611,28.780030488967896
393061644275007141,1.8390525579452515
13766769930492238,58.564798355102546
82042980009153369,2.6179403066635136
243655691455027428,1.6210761070251465
110037456101710954,34.85433566570282
48038842106047164,23.347337126731873
32055738478325266,31.077907919883728
70931182293572048,32.70422303676605
242638716072200139,79.4529025554657
35251001797990109,2.261991500854492
122227455361684100,17.907376885414124
135223124910933659,7.50244677066803
1355394374532683,2.292168378829956
101506307282534142,15.36699628829956
14778374690160810,8.399378299713135
44913105197426184,1.735658884048462
60495316580580625,16.42503809928894
83397834449294401,11.448675513267517
100432269051137490,13.330414414405823
505956044752817,2.699007511138916
30190931866057380,16.004438042640686
1494793975405840,38.091763496398926
19230389271728883,12.52431058883667
2150919873536006,37.34978485107422
135614931365423887,15.718674898147583
35695800369477672,13.493881344795227
18731404091673024,18.12381947040558
7835168576284220,4.826694369316101
130172290809352291,13.280225038528439
37974067148467123,1.8735027313232426
155061730634124612,8.705081224441528
2870066749907938,3.042004942893982
111447823992844260,11.783849000930786
15928410780331015,2.3819234371185303
28737778808367831,4.49184775352478
151076334912546777,14.612647294998167
22939460597594186,104.69144678115845
121362523325306922,20.574029088020325
31337852354537070,3.160952568054199
15849564201306282,3.4379923343658447
109983487536547371,5.680109262466431
19936238286081223,40.226550698280334
13843592706376338,8.226211190223694
31856495668609718,27.198153138160706
15251555113177188,6.634930610656738
189765307008106929,48.819438219070435
292997238252581045,3.2657943964004517
239364485768812169,2.8590188026428223
112059541029972539,16.482930898666382
20467766533084348,6.485025644302368
16595870908910188,10.602877378463745
18261629124532948,2.2022429704666138
11105119888481666,5.626593828201294
121665689891127330,15.032344102859495
25740681894361325,4.657155990600586
11442498084872653,1.9688284397125249
5688378007504744,111.5864040851593
32247800533018488,3.920866966247559
1802844867623880,2.7424466609954834
21348006527583561,4.180179953575134
26476191627553100,12.052653431892395
10100994869172164,2.465380311012268
1032221789674202,14.631113648414612
161068682449391161,14.661137104034424
77793880150466883,7.962618112564087
72866761683638749,4.890219688415527
462284816381352135,1.7280240058898926
24435288744487963,3.396137237548828
12222921032189304,3.5199226140975957
29475791010024376,11.93003225326538
55554368202918459,1.7454335689544678
342312325057353246,33.72524440288544
91092401290565983,18.156098246574402
309080805493510080,60.195937395095825
186799683620607806,70.99287533760071
141489335850874185,13.772599458694458
112711263271107876,116.0015184879303
77254071452903093,3.401612758636475
419861744375961825,2.592560291290283
25135617131117181,2.413659691810608
55283171693269951,32.72837471961975
31086300434224278,13.12626826763153
271244269329027398,15.44428563117981
12251790608035641,10.668432116508484
9251080493350398,26.725635290145874
31500906693314937,2.8361976146698
62259876268573658,35.66105818748474
333796222645429484,24.604496955871582
143747419213980762,1.9459651708602905
28052713038103913,43.26541459560394
60476306932101068,30.969362497329712
42943163354955806,2.925548553466797
118612581014917682,2.9380156993865967
116089444975792401,5.299548864364624
87743512840862774,63.363261103630066
10880203429481531,8.047911763191223
123607029847015001,1.5604815483093262
274418741669002164,31.25091791152954
44822842045469676,16.665849566459656
12901548406888471,2.161848783493042
4071820610284753,10.21320915222168
282521856948202453,5.495343208312988
599740117760607968,18.028036952018738
1628653001550919,3.5955660343170166
31566508668597723,31.51478636264801
19879640911548373,38.97589814662933
70314428118639800,24.755411386489868
25414618001408073,10.097656607627869
227030782422661845,80.8873462677002
2606391247429465,62.44818270206452
192789195290729408,8.818249702453613
12607950538830433,2.8939900398254395
18824030036584760,4.973696351051331
5286808780387375,8.630659580230713
836555116057131,5.85215699672699
130621107588577192,3.991978645324707
13613804253567320,3.740018606185913
70566540016274123,56.441120862960815
42002322174515065,2.5547966957092285
11505575099218820,4.614875078201294
10482726735330409,7.854170083999634
82136071214990432,2.2934679985046387
2831202926658878,172.76984703540802
96994838904425579,12.762449026107788
236889235890857736,54.50852251052857
74661042640749993,64.65338730812073
89988830334140063,14.274706244468689
179362625098879518,19.071093320846558
6882388231216288,3.9851553440093994
23884169450331156,21.983492255210876
120015110753699353,2.00132703781128
23720100222259189,31.958894848823547
30391140979283815,5.8081523180007935
112993061770934997,2.9377940893173218
33010451011381140,45.19781970977783
22839029529428862,139.29881954193115
121126147316634781,44.89662945270538
22770920338468746,45.36308431625367
42163568544381575,34.170300364494324
10757254589257935,6.221076607704163
21548920381710224,12.984596014022827
86499231817382618,31.193265914917
256096038651803583,44.92491281032562
42480194741791862,85.21545934677124
277781009406308496,5.235779047012329
4426176976484949,15.51511526107788
585886468969037,4.205341577529907
49272934767188403,27.5519437789917
22725220713974326,30.157040238380432
25570544784314462,79.04037570953369
18974305381085698,68.78233766555786
35546975806793904,23.61496782302856
5796110922045836,33.158806920051575
121088016387301316,3.414065361022949
9358559562785248,143.04054927825928
122935485875360108,5.9460289478302
296464437687557682,26.776590585708618
478908974982270282,5.536222696304321
59845511491317817,3.684879779815674
20957638474333667,2.143123507499695
80803550961967342,3.199716091156006
38962293852440539,62.55587422847748
5121825242130648,5.679649233818054
147407148902092833,14.698418259620667
18159063665465121,5.964293718338013
20834676305704621,7.754048943519592
21680677730859355,113.54691004753113
30831939109203463,5.7738096714019775
52458344218555539,2.758288621902466
5904613424937578,181.42882895469663
17349378318356843,2.9098160266876225
10125920916039426,6.592927098274231
10925660300380065,21.595746755599976
1635891581131140,2.5494871139526367
7847283687003105,33.41029715538025
58145273210727656,87.71483290195465
4932285456840148,2.715894341468811
79671296170845168,38.110483050346375
215699291573845017,11.819966554641724
75299932082075340,9.037335872650146
58028743639153658,70.14005136489868
57394171744358383,12.316501855850218
26065893467480773,2.0405795574188232
16443334343462485,5.394181728363037
33365062574395492,9.132674217224121
164198680624589518,7.073197960853577
80027220092632326,44.295318484306335
126318961771317612,21.062445640563965
42811432566502510,9.295116305351257
555280388236036,68.16909205913544
243408876574569672,2.680702209472656
2810887190351520,3.0973178148269653
31923248139788259,12.09842813014984
4392903826235287,16.8087420463562
90914763599070362,12.95906388759613
41122475356765092,20.284595251083374
351780100663196006,17.80331575870514
36054368696623368,2.403143882751465
101266172505422569,26.290617227554325
8759988309179803,35.64570069313049
23999541242231656,2.4046928882598877
1706477623028609,9.891777396202087
31561562190574739,1.9932246208190914
110204179944576664,3.0863717794418344
31267633254970098,2.843207836151123
78871233236865997,15.971787452697754
13799302065967284,27.89721190929413
127707963582684668,2.7510733604431152
178226433217483686,8.145945429801941
20435504003765273,1.7172024250030522
109394299287232926,120.76050817966461
180728728951600663,2.9123387336730957
13929617454052655,1.6419930458068848
19516175845031912,2.769429922103882
1937372345896978,34.330432176589966
124440368777407614,16.09445285797119
18579877019772050,11.430707931518555
19806079592507481,2.1369069814682007
128127165369939188,58.58745527267456
21215530940004048,33.08719861507416
141539664652646589,1.768113136291504
109683780000933072,2.0557310581207275
19421840581009710,4.215144395828247
9681684361749438,2.2342978715896606
184269197218988898,7.240201115608215
7997201963183030,2.0076706409454346
60600634716802343,2.041860342025757
38129065114676118,2.0163708925247197
219585497443910520,4.384198069572449
34329319476220913,93.06243062019348
53203118125312974,9.639046549797058
30004814840204164,24.982653379440308
44728986906837922,26.704587101936337
205391217604367445,6.056640148162842
103446504508877123,4.7512617111206055
15542244776597792,3.035905599594116
3506344555283198,4.430414915084839
17695002655537046,3.320220232009888
72816966451427132,44.77710008621216
53713322788764093,2.420532464981079
37265379410557451,15.536808490753174
174332253012443575,4.675543308258057
14183451438433633,2.114699125289917
14499527027228196,109.89446234703064
18378815631773411,1.834104299545288
21255960493899074,4.706750392913818
34998202920302180,10.300620079040527
51297827149782246,2.580566167831421
88187238733097046,2.0803195238113403
161822874785488004,12.713600754737854
3176128899996256,2.049420475959778
378208248170341982,3.4820775985717773
39556276855400226,42.688955426216125
55938193195786366,12.89907681941986
55442343135636365,7.431690096855164
11946253485717105,20.624744057655334
138325117602950006,1.8354835510253904
53044687036267890,37.06468367576599
21287090131002175,2.5308464765548706
7296876386948256,68.64108085632324
35582948130941608,2.687362313270569
370177793345175662,42.7293496131897
21528431771473722,3.124407768249512
19467163432094718,77.6781222820282
234481725779901094,3.75676155090332
124220866757033046,2.6088757514953613
80623741960982592,29.758236169815063
382364250383420548,3.1335787773132324
26483820595270004,46.6278430223465
52694880393796265,26.147629737854004
38483522887209151,2.5651235580444336
85842958242836524,2.7750824689865112
32406806322114855,4.004064083099365
10400908812054297,8.303334951400757
17468265873253238,18.147377371788025
55698743884087293,2.2881429195404053
21569747352608959,2.636367082595825
7867652732612606,22.532626986503605
22430052385833616,102.48680329322816
15703597574564674,41.5968964099884
8871712723710041,23.463456869125366
13127179272633078,29.678716301918033
137479382330727704,2.370054244995117
23764978309486198,17.004372000694275
10539780712383172,2.2123053073883057
19395098858750656,45.67766606807709
115328316021889432,101.18299221992493
5565389012571994,50.69272744655609
16789172348882844,79.34589910507202
29269093956430425,2.5925352573394775
32366017775032242,105.78083634376526
3601036742390408,3.7851063013076782
67745363973074127,2.092154026031494
363816291525121132,30.79039764404297
4977128861364485,2.4236068725585938
92879485114712566,4.59777069091797
52199131407336156,43.42622423171997
42968741349110046,2.2115898132324223
106635416326471520,55.94412136077881
33859977508633757,3.199063777923584
21095952564523692,23.410475730895996
138539422870313155,18.472096800804138
31226162321877669,2.034562587738037
81474056798078556,53.484606981277466
23920770001613772,39.06920385360718
14236709109048390,2.786886215209961
143155062019942550,2.764501571655273
242620477713086682,9.70474088191986
22734467300545689,3.856074333190918
18785362258175231,2.107442021369934
20359458009277457,2.6116827726364136
10900983267320857,64.40911650657654
23210511157050787,15.230417132377625
310695629048713779,2.0757391452789307
24670398250260524,3.672685027122498
1801591962441718,34.88344204425812
29426591016111831,2.3820810317993164
27505078659408366,50.27644681930542
11282812920350216,2.0350688695907593
133288795163650861,16.496832609176636
11608776300358648,2.0202791690826416
308801688747953086,5.190351486206055
11271407386620008,30.844320058822632
20523403777656509,4.683294773101807
28045235619594920,4.341411352157592
25390723228390562,6.669557213783264
15688091346632964,112.429589509964
115244502235008484,33.579275608062744
147590134036107980,2.090168237686157
381029226869750408,2.952427625656128
188837767405282230,55.20025432109833
57885854199303625,11.833231449127197
88203926863100625,9.13888716697693
32901781508565701,2.409191846847534
33017260478951679,11.375467181205753
254045912894891586,8.238200545310974
117835109157030742,1.909647822380066
74174551548975267,42.95610952377319
370903200868978643,7.086273550987244
98311300368627251,4.481494426727295
23418075677035731,11.213157415390015
12973137202225274,2.210214376449585
28308676867952753,2.1670048236846924
122772524447524671,11.53403925895691
101987103175542501,2.4472177028656006
3581345624935927,3.028003215789795
31478506836429126,2.8752567768096924
51434542473713435,10.029820084571838
247335034457492222,3.825116872787476
21194994869345632,108.98120999336243
1562133032438701,21.912553668022156
25926580214134335,24.243710041046143
101222913005614191,13.934078574180603
14653533304536379,14.814735293388367
28892789857403092,2.6784623861312866
15369831689395478,42.06333529949188
308906316075344266,15.144655346870422
6837795908239690,3.657718181610108
38170261006605137,2.73537826538086
193550962275294,14.715345859527588
35853280114566753,11.991828322410587
2160938861104256,1.676571249961853
16742737080548125,2.118839144706726
238058353084215035,31.318928837776184
24120272736967761,3.0759973526000977
4501045274134990,3.211263060569763
108439601740278990,11.648959040641785
170320801578795,11.573147773742676
223619316929942502,11.313965439796448
8781921978358662,146.42905378341675
77347309594667699,44.5280921459198
112739305151153279,11.63241457939148
20144799467833570,2.725095748901367
62490006805720671,2.3047683238983154
61575046705764215,29.147831320762634
99881762603231634,14.297596216201782
183373744861397756,58.08068609237671
21094173441602879,66.5153659582138
41103720931639242,3.1384205818176274
21302009724771907,72.3108458518982
37994901225815728,2.139603614807129
117255021964376169,15.728140234947205
28615441883870376,19.79645347595215
465029788303473354,26.16838848590851
3798102115003432,17.393331050872803
1529793408856786,41.48795962333679
19269762581499926,2.2935285568237305
176360980992977164,3.7149637937545776
28587161066967818,9.364922761917114
172666607945713555,2.7975337505340576
24811605752006503,31.747307658195496
415471711820429820,8.92568325996399
138205223363673056,37.0347021818161
257746059195352388,21.375336050987244
16665162130812513,4.727742671966553
230071907646253,21.251747250556946
197881171128301568,4.150731563568115
31839808999060885,5.32886266708374
63449219144100434,3.58027982711792
52884127927027778,18.694729804992676
27346304505613388,2.7892004251480103
37283918681297001,4.0082409381866455
16226753673944392,116.36659526824953
100996831823317282,11.677440524101256
15238744109055125,4.553923845291138
15923665109760282,106.88613724708557
6857963992503490,19.949756741523743
110489041979158958,2.3194563388824463
2585779387469888,3.080106496810913
121921862239277048,19.71748375892639
90553317658607781,1.624450922012329
30846636335178496,10.506407022476196
23092758864519564,3.124248743057251
19630702959117967,4.7849671840667725
278271345088977926,91.80428218841551
58712298070473128,5.356629490852356
218569549476344753,2.182667851448059
25977906249070765,2.0523823499679565
80473387602382768,2.661770820617676
61061098422539765,3.2923731803894043
15829052491635866,124.09816217422485
202355129011653859,2.694484233856201
7205874235515140,34.272043108940125
47684903668021851,9.018157601356506
274170131766867622,2.305231213569641
275974584221728644,24.73125445842743
23951033853060188,10.352579236030579
105681621160446787,7.490790843963623
2491354266342001,1.7196688652038574
302745051462280063,4.222184658050537
67030685314339811,2.6029484272003174
93577228158977525,33.95709753036499
4435839886036860,41.56298792362213
229241552608557649,4.582199573516846
57285414572173766,3.0937070846557626
382745693640915032,7.7551069259643555
54029044527214145,3.0644949674606323
37170292768551377,57.01664650440216
45613079873077541,31.028184294700623
2156819548715805,10.405161023139952
24510483316190761,16.4153550863266
51325264514926926,15.57491648197174
6724051802959721,7.397347688674927
138551256699511717,21.615957736968998
27651695717158628,2.7045981884002686
123126475433724796,7.793457865715027
44299980217217085,14.256553530693054
78246687985953691,3.9540140628814697
93168890473914501,4.485643148422241
231517492644395016,49.803016901016235
1996177871990823,107.69358611106873
381890423809662890,47.21965515613556
40167462460333813,15.482894897460938
3210119637434706,42.544743061065674
314838177915532307,3.109977126121521
54135660248735523,2.556925773620605
16319830089878384,2.3352444171905518
224409946054645495,8.79669725894928
60380663771028039,2.768516540527344
15952071962313163,30.215328693389893
152817948825199153,7.881549000740051
86086500759028192,23.614844918251038
74942349866504852,2.713400959968567
150904737130402653,40.77549493312836
26916965873340640,30.533655047416687
4099126675440873,5.014887571334839
189282971825842217,2.7236396074295044
22124109688419734,6.4977192878723145
22920996651568927,7.529919862747192
16064598737276849,19.45367527008057
354283853444598807,2.143125057220459
87994088501043822,46.88395810127258
72971874516073826,4.783917546272278
24334728560019445,14.099906921386719
31574441068430493,27.325229048728943
27951803237985391,27.004386544227604
57275383200276140,6.248861074447632
53232404619035853,2.6636576652526855
36608612124353865,2.605147004127503
18419395072203712,1.8453552722930906
321192818289067675,3.7893552780151367
62158671329261228,14.077455401420593
67036394578865694,2.5931273698806763
57510098032622958,19.927241802215576
19421170951104392,3.709319591522217
84443795160446657,2.3454954624176025
19846415340848978,7.310081601142883
27221281779069186,2.016514301300049
49585568404347224,20.321876883506775
2366135803050331,3.994362354278565
257502128250056315,2.0978829860687256
143388174737051756,3.050545334815979
42842345004261699,4.345118522644043
68114460866601452,3.0468196868896484
37142037287651011,2.850964546203613
6827131022264313,5.535195827484131
73515913009591622,3.6228493452072144
2395815284296517,6.785635590553284
163083463505894619,3.066170215606689
16676325574759182,15.109470963478088
20844063164253189,29.48220932483673
21650258201458918,18.05401372909546
21279146286876939,4.544740676879883
19883123394200968,11.153337359428406
16629802768020433,6.0237226486206055
18208305437729995,15.21795403957367
10328202933819627,7.139370918273925
18910067488393626,34.12835645675659
11253052444661433,51.43485140800476
111417002071671000,2.7307615280151367
1884863496098388,60.780046820640564
128141713877632641,1.7800425291061404
16199200311365041,10.387185215950012
1411723846780222,6.314728379249573
14069377560100350,2.0950734615325928
127757463216680664,52.530263781547546
14192698189254078,1.9793206453323364
1030553605439631,1.4663450717926023
10061063403132621,22.535449385643005
19422413789052431,1.603410243988037
14103298565143790,14.489148497581482
124731250206656689,25.74773025512696
188830075267812119,9.942151665687561
1633658469244323,3.080691337585449
21267990683010281,2.5297985076904297
16233614963126967,7.155961394309998
2130427362759661,29.97099733352661
17929448570554709,13.82825779914856
1635595610981174,26.955369114875793
12444855544668799,30.789202332496643
6446022168664206,84.55213761329651
10188543715595798,3.1764795780181885
29615071277348912,95.96259796619415
119959374935522466,6.211555480957031
18192862611332641,18.42896509170532
92890436137602317,10.753517627716064
1729590510504498,3.0579209327697754
20022593319258644,5.596716642379761
11168283808749738,10.817692875862122
20090149883640505,31.02870500087738
2149227385329133,7.60478138923645
45896245695460257,3.1571185588836674
128178038112349375,10.013854742050171
61751384310737485,3.8231959342956543
43895511552760849,6.3994128704071045
63054567602535496,19.419142723083496
24673326411918207,8.550063967704773
55579922703345646,59.97331488132477
7915969930529077,20.157085061073303
24777007271390149,6.8877434730529785
44863214478081420,4.142989873886108
332591498288785105,13.058326482772825
106160353232239188,9.808883666992188
17964168105751941,4.498287916183472
465277410127630,2.774765729904175
154811896651743418,2.228994369506836
162405461334688173,94.8258205652237
32955973147561253,15.659392714500427
28898603762503221,2.00203800201416
26602294716387858,2.3623048067092896
19819153671562584,8.054312109947205
18996726256165320,2.41608190536499
52440498616024539,12.539152503013613
16019298165604766,52.79826235771179
2992423546166388,1.9133226871490479
258112341456856528,2.449695587158203
10850235494912960,2.783928394317627
201215819142272238,1.8713654279708867
19649775118717929,23.28523564338684
59354981973721805,4.919092655181885
475250360905782,5.932117938995361
233236433747002109,5.734572052955627
31488212612429971,4.675656199455261
105532420228018154,6.127559185028076
40326763112806250,48.508808612823486
444636036895313831,6.550735354423523
44524161475364721,7.685239791870117
66066007115072545,2.5433331727981567
405083397760752906,13.89700448513031
14713539676251595,10.867243528366089
27294786722211282,17.92563831806183
3120769099500704,3.396790742874145
88232968914205396,6.082083225250244
41042945887261074,9.572968602180481
22313606654811044,24.186835408210754
230778333153191571,6.418976545333862
124375403657612864,7.464188456535339
26040786874830795,5.346980452537537
12383108915688059,6.151642084121704
32392247399145675,3.232400417327881
7242157021004310,2.6756621599197388
118241929462992177,60.1562397480011
95306857059421920,42.25774443149567
67211497168614957,3.2285996675491333
150602886341846109,13.644620180130005
333101589026091608,35.046602964401245
27379757846871677,14.284607887268066
22101996868760248,51.15004909038544
189722710117164224,59.75734508037567
128247105574513392,2.363424301147461
110548682735027709,61.77888858318329
20497896963489674,145.03973770141602
23869644479423216,15.036407947540283
127087524352989915,99.58074533939363
31872881441435216,7.286718249320984
39149664638732681,57.036723256111145
28015564694573099,2.4025737047195435
22739467116102103,7.933972358703613
54674886400700643,2.258559465408325
37859654435898161,53.89224445819855
50101463820672689,4.628567934036255
210522869560890,40.18793523311615
88473938412240555,2.3442561626434326
313851564833304565,58.78502511978149
21260421276486052,6.715154528617859
79900673308429780,4.4870781898498535
12256564456907672,2.5308268070220947
6062993629597785,12.724350571632385
93228115225874483,5.639683842658997
17829781552172927,1.7187448740005493
118516021842634066,20.740714192390442
186207761559160304,2.1228479146957397
14285042130284845,7.812386870384216
28017625805729106,3.014572262763977
12746011885492487,13.260385036468506
20855544018039643,6.275069355964661
119704609234077236,122.16657316684723
21060798657710537,34.22850465774536
101666936096525983,2.3826781511306763
131589561561041719,7.16238272190094
14439211452898836,2.118188738822937
286071574942724897,48.64450192451477
11550703567261742,2.2611743211746216
11336130421010380,1.60206139087677
111832563213696924,72.60975134372711
24311445388564844,49.52244973182678
10315953157978325,17.37889337539673
321649387474600110,3.6828316450119027
12725253274334912,3.056832790374756
104343264907905520,3.326558351516724
136928441167462180,74.82737040519714
14333283295901672,2.7845879793167114
29985258272407574,20.260544776916504
115408905806518390,43.210755705833435
14444706782533340,3.826200246810913
252641781750690474,2.9573781490325928
1615977351601616,38.696112632751465
62366386218864845,2.6420488357543945
72854112524526036,20.57389461994171
49346372156332262,2.9547929763793945
22365935700044144,2.477823495864868
74743932093347424,27.392914414405823
20614730665526761,2.311256170272827
9981205194228232,4.5378217697143555
9620687234359541,8.335822224617004
10238680615979666,5.980841875076294
37661224638984522,38.776211977005005
67650614980595205,2.134792685508728
99589538617150689,3.17342495918274
3598552887824081,4.70017147064209
322844643239085440,1.8696407079696655
28217100834548481,3.5490963459014893
29516225303347570,82.13524794578552
17069767803711721,8.145402669906616
30947413742106543,1.943599224090576
36934787124996225,12.711293578147888
2732019829497403,22.792226314544678
15669853909055276,11.685853481292725
117372948912384056,26.084480047225952
81523206281345095,17.915380716323853
55541515896526875,2.36856746673584
27440050306672046,3.2329323291778573
127977972112444939,3.46496844291687
97123522440832914,2.457962989807129
44552299136653185,5.509878396987915
68628397834039507,4.065344810485841
27571748184905720,2.2136300802230835
89494965798735089,6.083168983459473
220680644053384047,19.499022126197815
45092120134945456,4.005573987960815
190705829783488006,7.0581759214401245
62756697372902489,9.194215297698976
4264331041649894,2.31308650970459
75245469077300634,7.1199023723602295
128587377915584413,10.322335124015808
147780477610791844,144.57824873924255
169186742329472934,10.388073205947876
43589627802531432,79.23649740219116
16913096161087731,4.651688575744629
6851086242102339,2.6296122074127197
29421473853805684,8.010628938674927
136429854447262150,85.75447511672974
22980058382432216,24.781270146369934
25891321600961048,18.753886222839355
67963360452028420,5.8165963888168335
87873726455627978,52.30325472354889
74720334706976758,3.744369626045227
10060900638580333,19.30212116241455
34036387245076241,2.4096839427948
90615204231559486,145.3151741027832
57599130774301060,132.04917907714844
10199600088732159,3.75694727897644
4280823155326585,2.886006593704224
61879047005543081,23.210331797599792
6842255719295578,105.45938706398012
22725945431954157,13.737067103385925
82054850728207928,2.732342004776001
44661434110562418,91.78190064430237
8337694248956202,2.3189269304275513
215079798775955316,127.97713375091551
32681701876922609,3.605632543563843
96436035456434175,30.4994900226593
7525840612542952,5.843891143798828
22140956294684380,2.3771740198135376
47468452355374762,1.8098020553588872
8923535618271949,9.858109712600708
1821193377056701,4.664376735687256
5483894058082574,1.9665733575820925
78385891738494008,29.770924687385556
78014485664512159,3.8062267303466792
66115690251258268,2.178264856338501
19314568084091551,70.65968370437622
20739497124240082,1.6963202953338623
12401855045616559,6.227738380432129
7061675974169928,47.272294759750366
515805054139857,16.87600803375244
43161588382186472,122.52086925506592
7933582106616305,12.70054042339325
13641457645674716,2.487945079803467
41759871763423799,3.25156843662262
30362549325105413,26.458842873573303
595045404726880558,12.896260976791382
11247361716129453,13.166579842567444
105084561646747443,37.17737650871277
10135591975396034,29.093544125556946
498117517321587152,13.022603034973145
1686978174854980,1.8782045841217045
126907336762782943,2.8253867626190186
13331219770567855,11.835294127464294
25516601083693223,59.159313917160034
84904606038585248,41.282824993133545
8184349691913975,15.922748446464539
23641251740197596,24.48361361026764
19741345859552608,214.6955137252808
112462010162258387,37.68683695793152
265077264622477,2.644657015800476
28660073101030772,4.768549799919128
108574404870334853,1.8497343063354497
174825301654039519,27.746410727500916
41449746077598143,6.287127256393433
7080845250021103,10.453365087509155
269872875510063589,57.65192449092865
270029571623601879,14.596922397613524
32708614276237166,1.4517375230789185
44129009408787925,7.982582330703735
20235123697202712,30.22413015365601
7291460268299192,2.615679979324341
21697934899096453,2.119638681411743
156423962602220548,2.8780442476272583
13430386221437397,5.0391823053359985
30421010913524374,3.231743574142456
25761575135017880,1.8889257907867436
17879138716247253,13.536407589912415
2270801363377450,22.246384143829346
11358191276157848,2.432743549346924
1611669124028323,22.562434792518616
121281390089120688,1.9991053342819218
18912610545586281,2.781067132949829
327099949860743454,2.18840229511261
91546830691519442,3.094045877456665
14413420579962268,13.826729774475098
13863545899323592,32.10626435279846
55545245308539511,3.1089019775390625
12337973314073040,3.467700719833374
27682154846771007,1.6736483573913574
8134119738698565,12.015681862831116
1588992841013474,2.543173909187317
17421883849782761,50.18140459060669
81576425392820066,14.399999618530273
235898765839371728,4.498706579208374
55669537818747965,19.384554266929626
59995714842483467,80.94248080253601
10867393009555266,10.072324275970459
426718638310178636,2.382957696914673
92921628973489528,2.636625289916992
117900968439012500,31.034135341644287
106698294433084596,63.734657764434814
119844260501024907,96.57985329627992
17678481285103884,10.786746859550476
217085523247768351,3.0800337791442867
178896556660201537,2.144412875175476
122676723077217339,5.025590181350708
19858141461821617,49.29648244380951
13617768474427295,1.776637315750122
11678614740400464,26.759506225585938
139114888074982029,27.754695773124695
106857167206651311,8.688137531280518
1431623991435846,18.535362601280212
17934108819131618,110.91836738586426
17894780906526055,23.324899315834045
171160109573935950,81.14706301689148
14071492644857681,8.733997225761414
15488881918258043,51.82900023460388
100926927265712191,2.0433417558670044
183374405363177370,159.66576981544495
119384554255408322,2.198364019393921
80043086696251287,26.445564508438107
1928703684649257,15.159814715385437
22030979198091615,21.922282576560974
19965442616008345,6.517229199409485
31186310609156015,3.089631795883179
40161957925712445,37.787604331970215
80639420803060116,2.2101924419403076
87569341662566901,10.024071097373962
42212453847527522,8.740227460861206
78306508701572725,5.339026570320129
14689431070522344,110.42180383205414
4935441652498648,18.910877108573914
149015392828665879,16.412697911262512
108692512098366278,23.203297734260556
156146910970975627,2.0400229692459106
77093145589824615,14.552405118942263
28985281059947865,2.5093926191329956
5238507443598479,1.9713085889816286
133998080742027569,1.8535407781600952
25745638109920765,3.035515546798706
3111739300402023,8.226564407348633
9868677217542475,2.214770197868347
318268278125990140,17.033565640449524
32878106309006802,4.192984461784363
60805513517540659,8.501554727554321
63371886237906930,26.402332305908203
57764969340374731,17.857267379760742
18749747701313984,4.721252083778381
65999831525408013,3.005242347717285
441445193845760774,9.470796942710876
86133443908396238,3.102565050125122
1440364759422063,3.0448755025863647
17353525712642775,2.2521227598190308
14658040722353186,26.524577617645264
75753801767779434,4.246279001235962
25742687394051028,31.487040162086487
68660815072135379,36.75755822658539
16159310986993385,37.81031954288483
378619060112359251,2.710742712020874
66650801576313349,18.51845955848694
119673713810985223,4.041691303253174
9207471057886966,13.158992886543274
108958629010356510,2.8491432666778564
143725639622730114,11.925557136535645
384774699586090496,72.4852979183197
3590093481734674,3.266101360321045
1865697424542318,3.167843818664551
248754379244535651,11.964871644973755
6501479223528938,10.175078988075256
61837231350869912,28.85489523410797
21783151238260453,4.64108145236969
173445336319179941,85.86137664318085
32875019491531752,45.82474887371063
38546937465785176,4.57420814037323
22086034698184635,13.144997358322144
35100842360110537,3.7483999729156494
31932215075724471,4.27976393699646
5117883582194160,8.256860136985779
39581520173583501,4.631944894790649
51368931328468135,70.63547646999359
13996968893828892,74.35916233062744
3234958593579334,9.821387887001038
12910389973362407,1.5229265689849854
32935632933824139,35.9612090587616
330324155483556589,4.642805099487305
207171657635352860,10.341959118843079
38861754399456828,44.89223873615265
38003010783391237,9.630626440048218
48424544887707773,50.91607916355134
70270750931609525,29.989910006523132
73870826815352877,10.946752548217772
8245972927746050,3.430118441581726
38987425269979638,2.190096139907837
77761244743268854,2.5015276670455933
9416752801313216,30.86497175693512
51757235817720552,41.38604152202606
89384861296622347,2.624414801597595
285513055509214697,4.118650436401367
182281420296049831,12.295682668685913
15567111898814325,1.6329300403594973
1256922563350577,10.017455816268921
109003939049758559,11.430727958679197
117074169326021136,2.2597402334213257
95086621346856774,12.613227248191833
67619697381010473,7.484361410140991
341512806712812642,22.865219354629517
17996867817517921,4.069027423858643
16390803211463330,2.686351776123047
232648471677575285,34.87760066986084
296669352512393750,9.667375445365906
376765155203673,4.260509371757507
168546120202753363,24.902416706085205
159469937247154290,1.6229093074798584
13125324883282511,4.975681781768799
203552491322099765,2.574035882949829
25535675445448713,34.78376042842865
16976365521956995,19.319652199745178
157492324457058708,10.766323924064636
17628928649066514,3.772680759429932
145546182441686803,5.0112221240997314
142076094747338610,21.527018427848816
153808051415644066,36.9785715341568
14993064999444577,4.569805383682251
136785750318656052,1.9156816005706787
253991179823293257,2.2024221420288086
219455345918717259,3.0193933248519897
11340044604235547,2.101367235183716
1926876036887754,3.3255178928375244
31707619068534410,8.93027138710022
29729424025816711,46.233548164367676
29691889095753265,2.8355886936187744
293657788270953057,5.918764710426331
29339847941596848,10.504522919654846
64902755682730433,2.138608932495117
127602401651631246,3.309422254562377
143203970760668285,17.73536479473114
189809334476201738,10.179072260856628
17223729218907231,3.7153340578079224
47417998111580705,5.073909521102905
175781448977389646,3.4285531044006348
116200251099742716,78.35317671298981
97143413937453261,2.6670706272125244
80982682478375586,3.672188639640808
72411729176332080,51.65448725223541
38651710361566785,16.011022686958313
1461467635265763,3.550734281539917
101382815496322102,2.5401898622512817
28978979704736405,2.591772437095642
15323262650380441,18.651684880256656
181818591660940375,32.41788613796234
32474194751493798,17.99482572078705
60575876029355694,4.700978994369507
20968188427144924,59.12088418006897
41377897544482315,76.33657240867615
45086435831165647,3.240806818008423
81729322266148263,1.8024145364761353
12043696201788120,2.0088765621185303
85949644544104720,7.489936947822571
234213677423423720,25.2880357503891
10572996025062699,74.18745386600494
7346074712963143,2.4071903228759766
1830465246013079,7.289443254470825
38369499739754295,11.298991918563843
50832645420651347,3.3657405376434326
25779569054933184,2.608595609664917
16138046247145432,42.50923562049866
7047173846242301,8.444692373275757
22155236843781402,59.507198333740234
109222950175936712,27.730149269104004
13237917848381605,2.1194158792495728
345213220694416445,2.3041226863861084
409870172437847256,3.4039300680160522
4322524346021671,13.763679265975952
30597210917829327,11.806447863578795
32852572498574034,3.2847931385040283
208133738633417274,6.792292356491089
12407427338855963,4.1801146268844604
128657711457735084,8.730985879898071
10118183300871186,19.012593388557438
20256739107336262,1.778919339179993
61647179257566191,2.801322460174561
33570570973606926,4.269970655441284
203387210599845749,8.782411694526672
119148857140673624,2.8343324661254883
66771989476391998,122.25621891021729
5756611643470344,2.281976580619812
5205645757312332,100.52328932285309
85169005477934271,2.5686333179473877
259426761811939100,3.0346282720565796
168381629260797339,11.591460227966309
321064170930017572,15.822863221168518
10009840037488201,8.507370233535767
16039012600036576,2.1763757467269897
260152022422047857,5.718670606613159
245170412465084942,2.2936272621154785
10141065781932324,2.9102132320404057
1119228907243172,14.992423892021177
40363197282462590,44.18850493431091
4748482518902475,2.694913268089295
12105688718319875,2.413452625274658
18945469907475345,15.909036874771118
18647362973821492,8.580186605453491
1828358360991320,32.96169054508209
21266517807548258,34.73797166347504
23475068666966883,4.470321774482727
86333353819745478,2.8951447010040283
25060617854098794,29.16040551662445
26475336962540280,18.735179662704468
5599749912996528,7.185615301132202
126242323206971762,8.562404036521912
15117038016170313,3.6221187114715576
45536247270507088,14.832395434379578
13752233951245798,24.061701774597168
27400943252179729,8.9109206199646
32883688463726570,3.566525459289551
98174777949016885,45.59947121143341
69572300553285977,2.6339224576950073
18041212426703210,15.365804553031921
406518743889192243,4.934538722038269
84872116592984744,3.117717862129212
173275879176133143,85.93599784374237
2971090239249262,3.5954421758651733
57534125081785592,70.29541349411011
3679084696575054,2.7026010751724243
500032465582026097,4.34479546546936
7233261395917925,47.24728274345398
48251808196733276,79.77096700668335
40354145202870621,1.849018931388855
23679780161872628,3.9901498556137085
117500078949491507,2.688114047050476
7347632850903663,2.397324085235596
11852637521809301,44.6103892326355
57792764765582391,76.50690460205078
63153285991902425,3.151205539703369
118234336229752666,28.568657875061035
3175331236588191,76.8736310005188
224376496348908262,24.168202996253967
205131506212567578,27.38925611972809
4736755764667719,1.5654540061950684
56025438144169937,11.7584969997406
107403587718287123,2.6952171325683594
2382204527272129,2.1474941968917847
24381577047353304,2.0819709300994873
5376020504619299,5.976224899291992
13466454034358692,2.4494619369506836
77577737025830926,19.67807388305664
2143593793439688,15.349793910980225
336571167902196183,41.33109891414642
64189545844601862,68.46327757835388
96839583385864526,16.913095951080322
168918809898030463,11.107190728187561
14792878789805162,4.402875661849976
374268496678650596,33.473674058914185
24074772452261069,14.262798309326172
148977982838297629,3.179534673690796
241048362395680858,63.763041257858276
53255630557886177,17.21781361103058
10828644475265338,45.23512327671051
92982761067818319,6.37259304523468
7749679355484341,7.739167332649231
24219742576323027,12.571868300437927
106816523455363287,9.118123173713684
5786825499248995,58.76454055309296
25465032846433619,4.150594234466553
351974974451245473,13.244726657867432
137200373150861839,3.229208707809448
42126730956469323,4.563050031661987
102181628760441286,2.5880024433135986
103676434597495890,24.64733636379242
30845948754339437,10.942589044570923
7542544744060266,3.0334603786468506
121236127791746065,23.025327682495117
224560078975048558,105.95719420909882
22439299314069888,12.729663729667664
17794969164591042,8.842255353927612
12281323578041036,18.648660421371464
170889435725198199,2.5550482273101807
374313410570693167,30.257800698280334
15694442364124099,8.562975764274597
4722244592971230,13.966398119926453
294108702529623059,4.0095155239105225
122130243789621797,10.633336663246155
224605039268212844,15.517834663391113
8348209311894878,55.36053681373596
19174473769413835,78.2099609375
140665821200781624,17.40052616596222
13559257636195646,66.39875733852386
140271918308458166,19.297604084014893
207016630284833869,3.589782953262329
181507595487001920,25.958232879638672
19675675042712972,19.117875456809998
1561413688850570,4.119487285614014
10357746004839096,5.630239009857178
10277090788016353,3.945919990539551
1789361867768655,5.432019591331482
136519465491307156,153.78246200084686
160724770473729261,3.1889123916625977
11052065905676706,13.624109983444214
14803239407108926,2.651332378387451
105152595729930082,1.8158818483352666
17113679153940080,6.522173523902893
29781297175001946,2.9156420230865487
166479346190718525,13.975102663040161
63991555600580541,2.016347527503968
7797814596215228,39.141637206077576
50800319322694459,46.339433670043945
65418375209190718,36.355674624443054
3758855938566943,21.495564460754395
32738081217012391,2.0733722448349
235804101739514505,13.965574026107788
51843966273621787,10.948390007019043
30816616454001742,5.758213877677918
92234848079849731,15.578529596328735
334426668978393504,56.60310876369476
24525090854250463,29.847188711166382
40155631569233367,2.9785408973693857
31058464346986847,3.992531657218933
19544989141717657,25.157740473747253
207892780451126469,2.478244543075561
4043614938313847,7.682137608528137
59132067655692168,30.396325111389164
12089291707903141,2.651893854141236
87999594920004169,31.671817302703865
21897009349963561,7.084332346916199
155525941794889437,33.41161286830902
11179776534755711,33.51264703273773
44266319998032342,1.8312286138534546
4606614415084504,15.224384903907776
20078517929443908,55.48907518386841
9200077272726632,16.931649327278137
12242330851157204,2.527242422103882
15027740187227658,31.955183506011963
41067498037471525,23.698436021804806
18319098499799932,4.194377899169922
31711022050458012,4.536083340644836
229330763829075920,3.33988881111145
2795745933763118,53.57765293121338
15565439464701203,3.518383264541626
7646619153641089,12.972534537315369
46868586722496281,4.259217262268066
727581333136692,3.108915567398072
57600492225354933,2.2199923992156982
6626031685324136,33.500152587890625
136549537947820260,74.51938557624817
4911578174978592,19.4854838848114
2982940424633500,2.8830604553222656
11232176506173553,2.23806095123291
15712126029760577,48.103973627090454
47019126278192551,6.182960748672485
57301740740142664,18.41265892982483
50024373688856785,44.867964029312134
83508953346278023,2.3898212909698486
1860803172781859,20.98353683948517
3225788550585573,2.154064893722534
10660352685477574,39.2977215051651
51147378281306364,2.3511606454849243
38134056551694655,6.642143130302429
36789272814043306,3.5327372550964355
106439546272670275,30.270460605621338
16068780182643169,2.032500147819519
12879775882075662,30.139995694160465
74114868598822210,71.42936873435974
20188398647535321,65.27930951118469
17488837396044905,3.9411646127700806
17831098749123245,5.188803911209106
469151918977026087,87.43941462039948
86052314049118401,26.041035294532776
88923893981051609,2.9673900604248047
333926673172101357,21.66233801841736
14006137844090000,90.38272058963776
216424157673213055,4.477790117263794
6972500652188401,26.28637266159058
17435031515298223,6.172772645950317
816831909239933,13.515794277191162
457263548638680368,3.661064982414246
336054198772914,8.793874025344849
71535467132374169,13.742517828941345
196550209167189930,12.358309030532837
73978186439912257,12.943862080574036
26908332579366567,20.52352881431579
50029652844603146,57.68821477890015
93237605999139212,23.195668935775757
17979121113476947,20.502756595611572
20359497692943028,3.63372015953064
9381533902457771,64.37374579906464
8717474255597850,15.952304363250732
71513606219817925,8.936250925064087
165918337462769626,1.9942073822021484
17833810217078669,11.063628792762756
14228026018183418,13.740631580352783
107529255495687267,3.49372935295105
291337881604519979,2.411879062652588
57997497365049287,2.176368474960327
22110643433935827,2.696112871170044
149657191910096350,6.092250823974609
65799442908532568,37.11378192901611
149888764939512,1.9729151725769043
26689382213059499,6.287501811981201
37018178705783809,38.03880333900452
9957758074208862,14.310228943824768
36267213522586334,2.2563854455947876
22044539537799293,1.8402152061462405
3110431007541032,29.029877305030823
62908040908106859,27.55551302433014
352984306461555552,9.076373934745789
31956942183605073,73.06995749473572
17245231747889641,2.2487568855285645
14330565052499480,80.39461088180542
22836079841290291,10.328758239746094
3580785022349979,3.010854482650757
141697691202243722,16.90962278842926
252691306882195694,3.084354877471924
59470946056322,3.0598212480545044
6721943583558497,2.886749029159546
49368924680218268,5.57127857208252
24879127841247697,1.5711662769317627
453458456302137313,2.1760642528533936
11999436211258763,8.66931164264679
179127989820116313,3.2173213958740234
29890541174157651,4.237046837806702
13893591551849033,2.833582639694214
9863261183687379,2.589838981628418
10477012874445053,6.214214563369751
13795275565753156,36.12212109565735
21837777669757503,25.85126030445099
120729790649558816,2.7132058143615723
28115665751827887,8.595542430877686
259846970169995681,2.586369514465332
2516734186893275,8.256117105484009
17080092129698186,6.888520956039429
30035233285600433,9.942477703094482
300800291229750033,2.367061853408813
22696200956027810,97.37083864212036
252579762873119965,26.997442364692688
16134638376896192,51.97080063819885
15266928104339750,3.563244938850403
2991403450593555,7.083064794540405
19795348602027028,2.067848563194275
194441081807925810,178.8490173816681
15643105478327974,8.64852225780487
12541812309923811,9.437896966934204
25748234968582431,3.816984534263611
112262357994030671,2.3365237712860107
12463028111767566,4.01174783706665
128862185268138024,1.830187201499939
11648925614222449,102.19545185565947
24928830920436167,3.781948328018189
23213214298654931,4.954462766647339
161169739678969228,3.3788065910339355
22660170969139572,16.6541485786438
29159892205907775,3.909404993057251
19779827910361428,182.2559690475464
25389925029415972,22.148196578025818
6449903309725384,9.693150520324707
178531638551748566,2.0600647926330566
315532522785420912,43.48309314250946
73357172816844953,2.705718517303467
49747111254195724,2.084529995918274
24560267206598237,5.9194416999816895
51744154569830319,5.484171628952026
67777361357881816,4.360889196395874
59708172033437217,7.876927614212036
367976826019100801,2.988589882850647
44263383423231065,3.3204798698425293
25606373669172279,1.5481269359588623
17228571665681864,6.050725817680359
499756052929392055,34.16214632987976
42830126130762771,80.955730676651
91859716349255924,34.389559388160706
17247528167992295,27.62745749950409
284361872222253673,6.0512107610702515
6726723710049247,2.1117136478424072
58403622129919876,3.687635660171509
5491297577405925,2.2503386735916138
107289157939357928,7.553289175033569
80314091939583062,2.194870710372925
6308493048530384,40.14750373363495
85541405597648234,2.167278289794922
47923629752267779,8.953572154045105
231488236037743196,6.613705396652222
9318805916315024,24.706317901611328
51139311352171064,2.544543981552124
3803559373540076,19.548843502998352
116868714503556389,10.315547585487366
65894870400257137,2.7688941955566406
199011988417921130,18.118056416511536
4110577538344265,44.54509353637695
48257636515967923,2.777721881866455
167419508742783221,71.98693823814392
361681265616333871,33.248053550720215
21230042650884673,1.651217699050903
5398195850037423,14.109979033470154
151576396880888756,37.165014028549194
26772766654362279,62.75322616100311
13382183775104583,101.13962805271149
19438249258023925,2.1723151206970215
110833626029671033,2.4131627082824707
189515383712345244,3.1005661487579346
61011086217820044,12.177112460136414
137859651438100599,25.769707083702087
22726187607518893,14.227480292320251
23654394618960513,9.12803602218628
192130703634209625,1.4822978973388672
16614585544953078,6.692560315132141
16137379912401810,43.258495569229126
3750889564690601,9.879181265830994
239098338607632061,1.8130592107772827
30250669460527514,5.015388369560242
20099552019229216,19.18407940864563
24850483114113312,19.53153824806213
47422852219979603,8.422295331954956
104552778478507526,5.445094108581543
7313253617804099,14.08260464668274
57353752832638728,31.130378365516663
172232333217383636,4.679540276527405
44660272844980046,19.286043882369995
260478835469103947,11.067117691040037
5204565267493484,31.22691547870636
20579685197366983,2.8607635498046875
21808858637579926,3.5341053009033203
48347821851866055,3.1360442638397217
37777648459715438,10.790941596031189
1299422797318865,4.261683940887451
5753805717242985,4.770404100418092
67506680301694115,7.067701458930969
31042100290221909,3.0169978141784677
68646452208977168,4.696386098861694
45477968460009762,2.166677951812744
639778642457705251,12.979629278182983
3637614132076149,1.525033950805664
22303468825570502,94.50345754623412
19278730581896371,64.118337392807
83050738810783354,2.225729465484619
21326162695749167,6.943017244338989
60110218832157691,11.722712397575378
19714222863979300,14.228967785835266
14415218045553249,24.920724034309387
16794693720858127,92.90142095088959
14248131822821657,2.763423919677736
6177192636455442,24.09506464004517
200041815526107184,19.08180809020996
62818733110174188,2.070234179496765
18605406031281650,47.13865029811859
63938395383541462,58.15616512298584
33343374294180474,93.16845226287842
11198630193482529,2.4576215744018555
46128536890203333,3.0180987119674683
74851082399897364,3.266972064971924
56158077930987035,2.529867172241211
40348175371486984,12.331983089447021
16299540729370462,53.86884617805481
21534604364629753,2.2456294298171997
101066846830335871,13.148168802261353
150756204437636484,103.43957114219666
335906456266854336,10.946884751319885
99190898855424554,3.2070236206054688
34036343128730041,13.779271006584167
194675732769194203,2.475282907485962
60264096232501701,2.372086524963379
58027707386965827,98.14193868637086
87408704571127256,25.642965197563175
36557937885503506,4.162481904029846
43112212631687729,81.71879541873932
25014150976318466,3.508620023727417
59869962162763354,51.0525689125061
174312635381564403,55.30758500099182
25624751289267543,117.39958596229556
57507632159932158,3.124479532241821
97591788303231811,10.406460881233215
5013096569135233,6.77937638759613
13289181317672275,8.110147833824158
4300962479224650,104.80279266834259
1246599069385668,3.3336405754089355
25524353034359732,20.21349513530731
7664667648089682,2.534566879272461
13393060572770006,3.743116617202759
28029635188700608,2.2028168439865112
5680764116362228,3.411505699157715
21560672595257554,26.050995349884037
14598397333512186,36.77109849452973
1194050525215392,8.964158415794373
49758479463899755,28.230987071990967
73765153700039387,2.304053544998169
8175093774360553,23.871690988540646
5455861678553735,52.60399687290192
142098926482522156,9.641223073005676
20042930220913140,2.9061249494552612
20777663622359113,4.874357104301453
26042239206802080,81.61080360412598
16705164782495794,20.085460782051086
195905284549291573,2.4106680154800415
11112527302579918,122.8626799583435
124850876271936881,48.98776006698609
19920574214145470,3.410646080970764
32152249684223083,60.63646626472473
2084571160992688,2.367710828781128
145522347685928011,9.085784673690796
2162523128226837,26.229230284690857
44272908418904208,32.74033486843109
28461469686946369,2.7380959987640376
155482851837831448,5.033186912536621
15079325996062248,11.555543541908264
210703475321822675,10.287902116775513
60955882292758323,16.716994404792786
32002803992682667,19.21174430847168
211654009354122789,2.752966046333313
114482347867967712,1.7166746854782104
5537298918500300,24.507941961288452
2677337992836220,142.5000457763672
93805051500247450,31.392602562904358
36283082968201151,1.6930428743362427
4714339656709109,22.556360244750977
79554655332743746,4.88774561882019
4717693518137519,28.299067616462708
22240226094353742,4.714630603790282
35383200748126609,12.477427005767822
21552631395564244,25.781211614608765
16152983879843877,7.94841468334198
1031609719946541,15.770182847976685
187764604034971201,4.6577231884002686
17240046859821156,55.73888611793518
10781878282704600,8.815647840499878
15832330329334333,9.746213674545288
12921543691906161,22.646871328353882
18345405488492361,5.707292199134827
11785555395329894,32.22142136096954
109565257381409239,1.733971357345581
19690218206828982,9.339804649353027
32583189348109072,2.6078888177871704
19300641488870637,2.7440874576568604
51043409296566343,6.085093140602112
389170455920430616,2.7232155799865723
30866874818604862,80.05938720703125
15115403953884415,2.1806122064590454
323483348847172867,15.488527417182922
90694157392734735,3.755011796951294
19308582905850310,26.270654439926147
426922379432084954,5.533561944961548
36986713263230292,8.058924913406372
8828614019474235,7.499979734420776
44656700603331047,1.8432371616363523
330645634429855614,11.529045581817625
23053387270779696,61.17731249332428
94922800670183330,4.5713276863098145
120816772351380551,2.0326178073883057
430733022819891512,2.892515778541565
123716331092369309,6.032066822052002
41830727014384263,2.0667998790740967
96005617858919407,56.67202615737915
7967480245489692,31.02644634246826
66096380669434263,2.007583260536194
4487595973004075,1.4880785942077637
89035617366655029,7.601407289505005
235731558481658354,42.14384949207306
5310274176625553,70.22366797924042
152367397991660457,5.3867347240448
15711643182510095,2.37359881401062
46530525122080779,12.549181580543518
3102410977642811,2.506352305412292
52004524526207028,39.82502198219299
9067931327464921,24.023760557174683
6202073345627935,14.663230419158937
110308665057484954,2.3235440254211426
240025046404636586,3.1515337228775024
63752303561972646,43.281259417533875
31494364979581724,3.1749749183654785
75569745812553567,7.673753976821899
60475750578731543,12.088485598564148
22175152761335620,4.807116746902466
13480203360011457,66.90368604660034
7288260362889181,5.280002474784851
105310686524159205,2.261970400810242
36152006623647813,9.47166109085083
67911339619723291,11.948004961013794
71529411629867979,3.2727686166763306
38979055960847759,1.8579585552215576
31996640012672124,7.167810440063477
33377438372390392,9.153241395950317
106343198255016089,64.90814936161041
3396489004834482,6.813533544540405
23779928658205867,3.2923864126205444
14912297524994694,2.5281386375427246
21575796960768167,2.470663547515869
29138415494409886,69.38521087169647
45877468917591897,13.34522020816803
3349023146172883,5.147265911102295
45235954925338352,2.4829370975494385
2212088794746895,29.5864337682724
9746670228764380,39.05547559261322
32129356365608676,6.245884537696838
70929472377312701,95.9949303865433
335631344440626330,16.383034229278564
87350274726972739,2.1379306316375732
20966876470191087,77.12246012687683
11006247324495861,11.703975677490234
10166100789249663,2.870990872383118
28850478901541884,2.733469247817993
139827988289376803,24.256799936294556
45534778850989644,45.11113774776459
36405713942427409,37.357380747795105
27250333562988201,25.21112334728241
106643435949509517,6.577144622802734
291548040934253345,47.0112521648407
23840103090408728,4.656044244766235
69274663431851413,34.96895146369934
21399184663253425,11.80190646648407
24946172928564026,9.936328887939453
205601623962250411,15.958410024642944
9586635927666274,25.320380687713623
19328141561523157,32.6231153011322
127862588039098340,18.089710593223572
80300636913972214,46.45734167098999
43277455285223098,52.19416785240173
440275476437767676,23.030237555503845
3836558616700530,128.41803693771362
5302477381973674,22.898196578025818
103463593050149968,40.477365255355835
26286505406733523,1.9575461149215698
80709582616384110,15.127694606781006
20129844250042051,2.444717764854431
27201656196426148,3.7170522212982178
22116883793183755,2.8687549829483032
225881421708482338,3.2441468238830566
15694819722303512,76.86548948287964
31685061830127529,71.9087769985199
30507692163255087,4.907413005828857
13543771472173810,2.594072937965393
148926659223708640,2.115778923034668
13816769058079309,61.726149797439575
25747892397122438,17.15157878398895
22200617459096925,4.622164011001587
107507825867205987,3.190412759780884
12036175031139542,18.76149308681488
26585777731838232,22.234095215797428
10319793345453846,23.66015589237213
29121390734196970,5.187831521034241
23981134293957179,2.2586565017700195
133419838378697745,2.3245644569396973
7895813426059586,2.5974719524383545
163364915083223908,2.3734335899353027
54361839058854939,6.740468740463257
23654624292866831,13.55685257911682
29810314393182362,60.61933600902558
12373992803194318,136.83164238929749
2570513275051570,2.0224331617355347
54362765164093575,4.08772873878479
154446802248941037,43.4296817779541
60306107858127343,32.94682264328003
140389032229115633,2.410576581954956
63306705658981045,3.2366082668304443
94066248823293420,85.15796637535095
4731911977717738,4.165077209472656
57839359077802651,2.441420316696167
74622244845467314,9.24194884300232
53060559834714398,3.071641683578491
24562434889643671,5.51208233833313
375438652086378453,26.625568151474
24588463819452065,11.013400077819824
23486055865798159,26.373630046844482
17057335785253115,6.879977703094482
22623035282358618,3.953618288040161
44306536321260134,2.959887981414795
2189967784367767,2.592602252960205
52621646798023259,2.801845669746399
268269365471797760,11.386115789413452
11671502448100288,111.77377986907958
85569618658083744,187.11871421337128
69441882501193065,1.9684686660766604
37769753019149897,22.17035984992981
50223561183004134,2.679464340209961
195084280250460018,24.579673171043396
247174592543386188,2.7414530515670776
15301530523480142,25.69400191307068
8505729688459109,3.5376019477844247
13163955788724157,32.01302182674408
13583066889834190,21.681628227233887
60121053864727364,18.565309524536133
79701539906392974,16.81141495704651
109728905534847868,2.556131601333618
167513744740025881,10.48677396774292
50151551778495639,3.0506646633148202
248625337633000020,75.96476244926453
158178670718491693,43.83840370178223
31811138187018242,3.3942418098449707
4082416787362726,3.744670391082764
33133190928237534,1.6750447750091553
57479605674185905,3.0414910316467285
169558856394692,2.8385000228881836
18293512575643711,2.101698160171509
241682517388854724,7.728309154510498
3680204626432805,3.4362382888793945
26652027467903713,4.918209671974182
419281716611182789,31.30528473854065
6287078156278436,1.81813657283783
206348559708488962,38.20905160903931
1055390275466652,2.78384006023407
22110024493322212,137.8862521648407
13723972218559662,3.0129683017730713
9248193768963590,2.979907989501953
2980590515344766,4.2949923276901245
268362773244509005,7.3649961948394775
13302641971585746,23.1283837556839
6282567407506189,2.984329462051392
22960284183935122,79.94962453842165
175465932685904958,7.048949718475342
9612795085253141,7.468586325645447
74130816554908816,32.37712550163269
412960885739124440,3.107349395751953
5826828071758407,2.2882293462753296
7442093603541143,3.10562539100647
2944584731316428,3.480411410331726
30702076815312756,100.0697557926178
24662746991558299,14.734787464141846
26802010270014200,30.35331785678863
27597974759908549,12.130371451377869
4849933284118356,27.373693227767948
65543998614186,2.457310199737549
32393261306573582,61.176685094833374
254201329118392938,25.20475542545319
33531109907402777,13.279777765274048
13013832316960579,2.746098041534424
227431822441264171,76.54019117355347
199270734914206598,3.949331521987915
28867212959031542,28.460156083106995
22287109903225120,14.737544298171997
417260583800411545,88.83513081073761
4805882275917302,18.82772696018219
6697453906292094,11.26131820678711
15217082279031764,13.087072014808655
45276906700308854,9.5479896068573
56298909886282357,2.111848473548889
14929146967555451,2.2370455265045166
127272763552381644,15.28449296951294
71336693290458587,9.452439546585083
18731501766280208,13.523684620857239
45432823796282421,7.384199023246765
9587085551634507,2.784564971923829
7028297704225967,3.894291400909424
247454155543737616,3.177814722061157
17624501038101981,18.77201676368713
113268822573502003,2.6329519748687744
27886089738591075,9.755900740623474
3399321042533452,48.2221599817276
320419195647310026,147.88922882080078
2860907831560911,88.48551774024963
102808947799717294,5.765878438949585
21192172310616273,3.0784430503845215
74835113545378610,69.66347074508667
34795130597277212,17.97665786743164
55544928099815615,14.213045716285706
112288420426124705,8.13887357711792
138740134040808682,3.5378204584121704
37250076115299611,21.163860082626343
24623160148692706,2.2635003328323364
144001883205632395,17.35426914691925
6953164523728368,8.82836365699768
11102078363077993,4.901547074317932
25691448800886648,19.05506658554077
23544473058420085,30.09159481525421
84084421749116059,14.749892234802246
1676668638267632,32.04304790496826
65709676147649117,3.38495135307312
7769714773142611,11.133662462234497
13237206110802782,7.5187071561813354
88429344858669691,13.283282518386839
97246254796826579,26.000282645225525
118851110634622335,2.907304286956787
29103830170024928,2.6058627367019653
22676977732038454,12.655334115028381
19214331553472112,35.759928822517395
475957961132306330,4.3133708238601685
8741514443777682,66.50689768791199
252141348090364605,6.93608033657074
284116501541379589,2.1892815828323364
244730583575227698,36.28101682662964
74497060294172011,26.061343073844913
2541043267843716,15.94164252281189
82868118829469654,63.05959212779999
9363990902610180,2.4182018041610718
4472188406293879,7.41237473487854
21272837114934144,74.36024880409241
346983386308447303,28.011966824531555
79511074519002271,4.221636414527893
79693567404519240,26.775042176246643
15228417277792298,16.672131657600403
213509606393620822,15.228650093078612
2112080724498341,5.827863812446594
21263217593018769,2.1253840923309326
122925730141593345,7.675773620605469
17854964149383507,10.32852578163147
10227729670840801,22.533624410629272
12142297874359145,22.866809725761414
114434269736600209,2.19572114944458
135300298459944567,44.31449794769287
1551802441096238,3.684636116027832
1173239451037623,2.485126495361328
160808386387327923,17.830828189849854
113794881994161174,2.414649724960327
13307190064368575,10.3764328956604
156722604503167258,82.27946031093597
120568413713321925,5.390659928321838
6230430387995904,14.919383645057678
2571630609363240,25.9997136592865
8322573591948832,107.15110754966737
174227615732772485,61.654948472976685
323089014621560519,3.283618927001953
363681744680303348,9.336708426475525
91621653030036749,2.312974691390991
21265870444946165,4.426181554794312
218080620225136424,5.422736048698425
87178094275945555,19.28754460811615
82699473024673146,6.7395182847976685
36708609266121651,33.253106117248535
8385367173947475,5.472677111625671
63046907456824452,3.4279125928878784
54640017771952928,4.2244088649749765
9977002583248901,1.9434951543807983
248359097957365861,11.509783506393433
78788695825634540,22.78389000892639
11980271371651449,2.436800956726074
82855789608307565,22.21005117893219
237842282585034650,39.571333050727844
264938414517634694,4.554748773574829
351654188430116533,2.4136425256729126
7154628162137487,5.928621888160706
9316657825620053,23.65892660617828
6567093053167842,7.283540844917297
4932855361791748,2.001800060272217
52764379248055181,2.549146294593811
79104593286683937,5.228389501571655
67946623528818979,2.069419384002685
394862137841780592,6.792134404182434
59665778211223500,2.5705673694610596
1155460503130265,4.3308424949646
15059542935014162,20.616949200630188
76841382426527288,36.816826820373535
28108310489301810,2.8727210760116577
324785026127100287,12.844244241714478
14581784885489590,110.64472901821138
2704659434629491,5.973957777023315
330204120563779996,63.47288537025452
252111039076776,3.001368999481201
28393177671295391,9.82820725440979
4776341667169340,81.15517354011536
2028247284697120,2.0239020586013794
68691273874320794,3.7019251585006714
125765690840262589,7.833853602409363
347138559415771063,82.32525885105133
26750409092656095,8.869044065475464
150792658804993492,18.926554679870605
64020761016221401,2.5468665361404423
25571983551944808,88.40117835998535
379858645182698475,4.029399394989014
119246239292556926,4.936793327331543
3499330950539203,26.770175218582153
23789656866559578,10.053784608840942
62413996962337568,2.259424924850464
96575049524910414,2.1685632467269897
17244007772881809,7.415351629257202
15530947839672009,5.245919704437256
13116983247462152,11.499652624130249
25828480779057008,2.6937931776046753
14800618294286754,18.59619975090027
13321751730024733,10.07033669948578
5637064764486382,141.23284363746643
64775822991696542,15.317544341087341
4026421290509016,2.7957050800323486
1076208842903233,47.63521671295166
86410302517784900,5.0951539278030396
470402165841801256,4.399410247802734
5076802591621151,10.09702217578888
118904159962654226,58.78924596309662
580677045573998344,2.064448595046997
158391159486459404,22.571768999099735
62069018950987869,1.8908040523529053
82466940625614540,33.9149751663208
17084336224874727,19.707577109336853
322162852191538647,3.799605369567872
27507166688966600,3.2403531074523926
36753794724906615,9.11557936668396
40296633210007628,4.319844126701355
29438624212614554,2.6503913402557373
12177777661522998,22.511775255203247
41590705437235892,8.374876856803894
4595285351680785,10.869758367538456
139188312491895672,12.537095546722412
1085548822532256,3.428607702255249
145179885326435280,6.12920606136322
16066372716428170,32.37395000457764
126887297522905634,27.275071501731873
26339299045888695,8.127037167549133
152673454207274267,5.561236023902893
26165899721594350,12.347554087638857
23923757949171374,5.101843476295471
28566790280480719,45.794265270233154
1668152893546493,5.410258054733276
146105587673813544,13.380425214767456
265573238570287,2.5286835432052612
20824042415551430,5.798416376113892
27255332672151553,66.17413461208344
146287146718179612,45.20557129383087
240724071336378313,7.968416213989258
2542228684570214,7.96644389629364
12695567754367409,14.442322492599487
155668876137124104,4.875922441482544
11693828988157284,9.183400511741638
13124244161422903,4.543395519256592
14590260636080822,8.164560794830322
13067495486577300,91.97308731079102
254767207284799808,54.84720003604889
114939478083859408,5.178146362304688
109112772435499657,21.488223552703857
26789799478676286,2.6779530048370366
111679765398667784,44.23321855068207
13442867780930514,18.94661283493042
347272755597462452,13.609054446220398
1401220708196910,8.776849746704102
23302063032030792,37.836403369903564
78023505655628873,5.587143898010254
165108811964039604,66.04371809959412
14907326376131920,11.741950988769531
15992861688169736,2.628418803215027
13620467231579655,9.872337937355042
151346827722539141,2.4147889614105225
66706968291707478,2.4188199043273926
142199600350820486,9.432225942611694
14435220109994369,31.054007053375244
43170510196709532,7.271679639816284
13014096030548803,18.647145986557007
27191862892079191,21.6472088098526
58555420609403349,11.754955172538757
57467192304548061,4.9521543979644775
40107595070819074,7.480350136756897
97812975777808322,11.713746547698975
420997846228789340,27.28126585483551
7693196725862874,12.034237027168277
105506721899965597,5.6025567054748535
14923096474439427,7.947811245918274
18650426601620768,13.107737183570862
61025583999509314,60.628562211990356
70826686793340308,29.280946254730225
8908437811626673,2.3046813011169434
9161226347198130,72.0922019481659
3792406109365932,2.5165690183639526
8907129812989095,2.6286799907684326
19322121659687145,2.0804831981658936
46290788155212058,43.904975175857544
180563234458577071,3.0029693841934204
12673814981671179,1.5985560417175293
12861613474382557,7.2771888971328735
23917024751149587,8.072955131530762
12161607154127429,8.832981824874878
55402124722127934,36.01776468753815
36691945889236789,27.445902705192566
19625432245956561,4.1562371253967285
1430126551627215,5.41725218296051
30988834807215036,134.14443242549896
13946242145282934,35.056997656822205
123260558379620196,3.015045166015625
45258816737872771,83.95881223678589
1849914040772196,12.7600839138031
72183537734023502,57.08205199241638
40880846824658611,4.248114466667175
102524846777283601,23.55258560180664
380914963914028,65.72743010520935
42912681524480378,35.78300321102142
96575232697751156,73.20567178726196
20423083485387366,44.53751814365387
204611400945677226,15.264267802238464
10129094407056334,14.6575266122818
56222033921270677,10.865764498710632
8091562893120864,49.94329559803009
42427779637503958,4.730428695678711
330924911373246899,33.16941773891449
52845338421766565,82.98563325405121
24500525145708165,8.796020150184631
278410880722802853,26.10718667507172
55821909169968985,27.64581537246704
51237126470645559,2.043940305709839
34512528735374567,19.231849551200867
6686443813798129,1.968388319015503
98375566170703446,109.89173424243928
1925875498648773,2.525958299636841
3713367230488797,101.54515051841736
1355578118601414,4.135876417160034
26851965601827056,5.331278681755066
63988585085171583,6.017937541007996
96850413368420632,81.32802176475525
322293398670577128,5.675828456878662
18489772469019666,2.1492435932159424
22020379579918986,2.450337171554565
1054885949281198,9.014679074287415
421161699885870946,156.82427966594696
26034282476792093,2.307615041732788
20495430881797554,26.088376760482788
896332847232409,2.5016307830810547
33965082976441875,2.1952502727508545
235546483462541138,61.34483444690704
12683608357105237,7.673150539398193
20578434243783828,2.4399853944778442
346954127849702147,4.806977510452271
48655633805664861,20.27146303653717
39682252849782590,2.1807034015655518
122591117291509355,14.821105599403381
96350953201873174,42.256901025772095
54623561588673618,2.838262557983399
205517091717020529,2.615011692047119
1937090475847284,2.8391661643981934
167523703935579599,24.902223587036133
85093724604902332,2.2104735374450684
24524739359811262,2.3011680841445923
10981779318154252,8.741825342178345
12157439518174045,19.8820720911026
92153233142873275,8.135151147842407
21670931073998133,4.850852847099304
124765105399641263,17.862754702568054
75435832125571630,31.26837730407715
5624648723467535,5.235939621925354
23817150123839726,34.98591601848602
525948902341805,3.435826659202576
30631014163760927,2.7719480991363525
404429828891354718,58.17419922351837
96185504301541691,10.2460618019104
613928946586397040,43.83892118930817
40000695100414576,62.78192484378815
54382985064379537,1.9810935258865356
21274295515741977,2.350257873535156
174550691129270307,6.1728389263153085
3697453945454788,3.0615729093551636
16383570241068084,11.234419822692871
140889369655181606,17.31216609477997
72151047622739373,3.532027006149292
403108996738745756,11.496060490608215
21906009369942944,2.356932282447815
373653954327434966,29.320088982582092
61090639164158203,34.77384400367737
143611887025188856,2.004534125328064
20224031577697125,1.841768980026245
5228438056123848,18.495622158050537
63571326583523577,3.142807483673096
12548207065079713,7.720797538757324
11751711710354551,59.079691648483276
119976160204217920,34.043293714523315
493760049220846645,49.803486824035645
115333922575359911,4.674696207046509
119516456232068782,5.950073003768921
640784334480216904,2.5246747732162476
59328964357014178,22.82578277587891
113491563980254754,2.355495095252991
23876459037192837,38.486883997917175
196264331875239681,16.555267214775085
47733719680451885,14.427520990371704
40537475367145275,4.099005579948425
22289821626287892,2.431058883666992
136479542140249157,4.666448950767517
24041254144333508,106.81163167953493
237838537763026268,2.216766357421875
8095534890032693,4.776394844055176
93361521426566961,26.509694695472717
10784572790762063,7.994555711746216
28420294096522140,6.280649185180664
32630654595042631,25.14950454235077
346953620805230626,52.37063980102539
146024701329026731,25.612720489501953
41907547507210852,119.139275431633
173209886915041015,2.957658290863037
383840858692455362,4.915598630905151
14180513147012485,6.8060935735702515
15377917234802947,3.2968631982803345
7218819918052207,3.3380218744277954
20440271468430947,1.7132669687271118
99346846521688972,74.20143795013428
163999811250257486,6.595965623855591
109354600626414545,4.934915065765381
204463393849519382,5.210978150367737
18235149241571989,7.3530426025390625
109638031513638734,3.7509554624557495
18920290275047133,127.89678585529327
2196694799833524,15.492051601409914
1027147896123020,8.824936032295227
109804448972081228,52.05940556526184
16168611675131993,31.102917909622196
113708928085054770,20.785323977470398
1320722945101621,37.99026119709015
16118874483072855,12.042534112930301
17712070688378532,4.832629442214966
21904056419424307,22.01430332660675
10098612514129920,8.541146993637085
108674050563014710,12.72758173942566
15198599470676022,69.62977361679077
10879950522418445,8.570029020309448
125734405538067898,77.91979491710663
21018293418913019,46.69918513298035
195196244792635267,5.697466254234314
125087416353104535,37.237987995147705
154586617620344051,2.916458368301392
156488327717660746,19.447648286819458
1227064387753952,61.095718026161194
53544413222407167,19.866352558135986
18223623590221012,6.429831862449646
467300208176649592,54.45452129840851
33040329402055442,17.24660813808441
41897317393265838,81.34622716903687
3106098290838484,3.814516305923462
6976526964420609,22.268768548965454
12744989277544791,2.341047167778015
11779897739860234,5.061574935913086
81308211782247848,3.4824016094207764
110410000140096901,3.512397527694702
122979204135153440,30.364627838134766
14903266149504266,2.5820436477661133
155363862911157218,7.027051329612732
95335043525029760,2.6810436248779297
141296481468585677,2.0648834705352783
91962928088143769,50.482975244522095
12204208789130624,8.198793172836304
13305354709568678,15.170711278915405
17655303820234874,1.997978687286377
58524462075039534,12.970279574394226
18308221759110970,25.70609486103058
6408191585507820,26.281039118766785
181557045976343061,7.596551418304443
20183818358814076,12.846308827400208
4992914828137472,47.845614552497864
38109145635583345,17.045318841934204
39834214834433852,3.349424362182617
55228512524693874,4.328023195266724
111496829955397922,37.13015651702881
187810202326253143,12.819387197494509
119311801752515423,2.047776460647583
78967931247156430,2.1766507625579834
67740418986167255,13.53844654560089
47201751949110695,2.100677251815796
55161992368920623,5.497938156127931
83637282628964134,1.9855195283889766
108783167871063662,14.59285271167755
117640019982003765,6.75220799446106
42353523685696727,1.803337812423706
39218154131180913,3.774878025054932
24469641010137638,38.68423783779144
146516336974784786,2.5037519931793213
28988201319150586,7.1033631563186646
123921059000715222,2.6613744497299194
45079277552342351,29.678496599197388
22187720546378641,6.272120475769043
206843445917671307,2.1445724964141846
42102642941089639,2.920637011528016
59695964619479683,4.846642017364502
19644612528543306,29.106865525245667
527894037571140,9.19767951965332
886478342265729,14.671245098114014
132974323050634634,4.643497347831726
43866117249470558,67.4091329574585
20157294383167654,111.3925802707672
2165721309807270,17.18879270553589
29255886892112001,8.719390869140625
3496310291360567,15.067861914634703
23895864124958438,55.725790143013
98066920943124749,3.242196798324585
736319349334470,14.76703679561615
56879507554361172,32.92675495147705
154352554573866010,79.07349336147308
28718744639051018,25.469526767730713
69872907871556996,4.610274791717529
132124449480700892,14.973685026168823
23635617441921144,39.22725486755371
62566518831954414,2.1551250219345093
148684662790471267,12.170623302459717
26943294228197305,2.33219575881958
9367990328212365,3.7518495321273804
350294427192985930,8.76980185508728
53692062644750947,70.58043563365936
71491927100258853,2.736865282058716
66419760283790979,70.41768956184387
28558823050773787,11.99901294708252
1621558534752256,24.39819347858429
23196374766686362,24.587340712547302
12512201197600755,12.564520835876465
13262801055243847,13.086194396018982
98587320021900776,6.555608749389648
431969270548253194,111.38241839408876
7185948737480091,2.5965847969055185
21100804086425383,43.2805050611496
676990839436297,1.917799949645996
124320811293244114,81.86981213092804
14215265152504818,2.053699374198914
398998371595241666,28.04825353622437
26324490836711210,66.97389960289001
54443952837646411,3.094745874404907
56528350080486450,10.549113869667053
1938730296348833,3.604319334030152
21984344161025834,24.38487958908081
10503157916934830,9.316578388214111
10438184995380644,3.117242574691772
109093804383851970,2.29340398311615
14857982717611676,3.5948855876922607
30604547555370943,3.4581050872802734
15583588286486718,3.0214388370513916
21801064434728476,1.963976263999939
24167684861135201,79.12701392173767
184408402641339931,7.651434898376465
12811432133055680,17.06958281993866
28173135563233479,21.66311001777649
17688421768213365,2.352300643920899
238142545075662990,34.06894540786743
102001452193279720,60.40669631958008
150951599317249964,2.844264507293701
27960747770614252,6.249654531478882
13177374076002658,2.013704538345337
123348178372262226,2.050858974456787
29781007787612575,4.005305290222168
16514707549726088,129.84644269943237
172487196049465912,19.88602089881897
109794606917166327,77.00621700286865
20164539195608119,21.94225287437439
43852192403116276,17.400160551071167
72779152177188641,48.67703580856323
125156444818301146,14.462505340576172
2936540253602959,6.11017119884491
76977940889955943,43.53120231628418
23618096792138201,5.200624704360962
22619795562803861,4.525916576385498
12371518355062238,2.2570873498916626
14364116211378214,35.172197461128235
11332806164161298,5.783928871154785
97221891091482186,7.973755717277527
83892174459808575,31.64647662639618
264191917513315017,6.077654600143433
105746961797066418,10.004033923149109
1206944563199483,5.261417984962463
30910759723698645,8.474606156349182
33971058995261396,20.892935752868652
132141894260015901,14.834957718849182
23303950279892727,94.38265836238861
38274701384374866,35.096383690834045
61189134319750176,9.08203125
102620751995457995,3.389456629753113
84904832077371434,38.84846234321594
110378656887250334,42.65333902835846
9762947503670901,14.859415292739868
12350304731145186,18.258109092712402
19845513899660971,6.846137285232544
7611789966173119,18.759453535079956
24939093430689877,59.28939867019653
35380706667189017,7.7796547412872314
2159413552749176,28.144346594810486
3885335444427887,57.3220351934433
7487430224464540,4.06998598575592
369412088999328382,12.109085440635681
14594307611361570,6.802601456642151
31663958286277227,27.565134525299072
2446886837367302,2.5690057277679443
111123840788482328,27.43476140499115
187523653842967166,58.73853957653046
25513103876558960,25.673454523086548
5395351982305141,77.01970529556274
33322903914737003,16.52421808242798
12884448160124792,4.877497434616089
451082107158518182,55.368717193603516
27591641966985466,3.2865618467330933
368316847178378937,2.6146388053894043
1805867116237282,3.3082666397094727
336575914336656563,9.3264080286026
14195534798834288,2.0079245567321777
421827075652170233,3.762092351913452
30554081365642915,79.76306164264679
2804040538591466,34.58837044239044
3390433678480778,1.9774293899536133
8626125086715581,92.04004061222076
133398947905919473,10.016645431518556
54251576001780168,26.127426862716675
157602020668895315,1.9838337898254395
5674261963352406,5.257747650146484
14413515829993870,3.919883728027344
277985584142834819,7.722355365753174
7685061616414971,4.222599744796753
159249594118224835,7.3359339237213135
106842658807206974,46.853269815444946
8353071274209867,141.81238532066345
14823705706291966,9.561148166656494
36321135353854256,39.3523885011673
27879517417891956,95.25264883041382
7675931638541193,10.246939182281494
334845838522063112,2.8310099840164185
5730206652682662,2.3761744499206543
265422533306615638,59.370540499687195
997164536699993,4.502269983291626
119403598468319398,2.536372900009156
5316014939777163,25.353023409843445
33517674049935619,31.61732006072998
16019842953683565,1.7656506299972534
57886452686193102,56.11157202720642
61201555528557398,21.790027141571045
20103886787089334,32.0785368680954
12723309264706855,4.798895001411438
454668873754620972,4.958002328872681
8682275383231461,2.2490227222442627
58059364829272111,2.4345388412475586
151497882412303407,41.863322257995605
174950382897597250,2.3585153818130493
43731080481185762,2.776555895805359
90655487657988430,9.920794844627382
4212495118929156,119.83764970302582
4061513522694916,5.569580674171448
51475448302415351,3.2654824256896977
21411901028993027,28.742825031280518
286697884086661573,9.439285159111023
19063910714999869,7.051360011100769
29909737609721922,61.60137176513671
16510070532484957,63.878743052482605
168123863324538478,3.758610486984253
55214282276311924,56.12754273414612
33161175708673759,28.631362557411194
13680604288131566,2.6552152633666997
12069036036156777,94.82350516319276
338917621637914155,3.865954041481018
24586278573673119,7.570419549942017
41010412275062076,168.7466082572937
5511713797889400,17.781549215316772
3171513152546923,4.80743134021759
9591348078432968,23.070824027061455
52559571523025936,3.7689483165740967
736258769280293,12.80427861213684
5671471363364899,52.43708157539368
25656082538992477,3.0222903490066537
21849151705732329,13.866970896720886
261776754555991798,39.378891825675964
72430385096571910,124.70976972579956
86782889572682748,53.691417813301086
36990198157608993,21.43997037410736
44586462638471745,13.442004442214966
51371129038487807,2.309288263320923
22250373743474714,22.44039797782898
4199505282606777,4.905455112457275
170631462517737736,5.800192356109619
46104059367847267,2.0526760816574097
4681745825908526,1.7930423021316528
20449579570521472,218.9253795146942
92935446421418941,12.614410877227783
99268046936598390,23.335586190223694
37176978389887167,5.270225286483765
63036389677793995,12.665889859199524
59669907767327207,2.3519572019577026
20284819768592945,74.97577095031738
97335506748591329,26.76327645778656
111878784333578349,9.518973112106323
4964364381206535,2.4547325372695923
157184307010008504,8.719392895698547
19792539656047059,2.873829364776612
9877902109478694,59.74909996986389
25795838353610021,2.8322713375091553
31849851711114714,2.5153896808624268
28875758013815177,2.1906675100326543
12725286765482934,8.018588304519653
9579842420609461,94.75047731399536
5321827315504309,2.216493248939514
22209942905077055,90.81707167625427
72580345782113647,39.446937084198
111948100521653002,8.915719509124756
214558139500642541,6.040569305419922
15257545698002899,13.362929582595825
109543649907691966,3.0502564907073975
29039997821264298,37.37856447696686
23180100983126315,5.127180337905884
25188974859688803,49.068496108055115
273698854723249062,76.7773665189743
33685142774628744,27.484793424606323
43207365894504103,4.777387619018555
2852285254293694,32.138325214385986
108974573695738560,2.8643953800201416
139345465685871222,46.59486794471741
3672046481497607,2.7298442125320443
19404756636925948,2.3866775035858154
528946640675605643,7.789980530738831
34174301454398683,24.01081001758575
47544320596422298,10.974092960357666
218443961573193938,135.19026231765747
139304296351266828,40.454110741615295
136267664862272515,8.314141154289246
12349190438439722,14.869053363800049
19230209662875224,2.734889030456543
21530500075764955,37.5865204334259
20748923557453472,3.3632923364639287
19582287236066161,30.24487030506134
15246940967408497,79.73113536834717
122591048443931412,91.9525854587555
107436957344245721,1.9367828369140625
106629842424997176,2.6188613176345825
1661732568088696,2.9317169189453125
19763628729242876,3.5651822090148926
15536592777517726,21.868494868278507
1690984519752605,61.8012079000473
11542486686995288,9.94900095462799
12358513674355188,15.777545332908632
20805322615678255,16.10857582092285
69707860067379050,5.939046740531921
468865193654602137,13.17958128452301
25959323476649340,53.407750368118286
7862940955828220,2.535642981529236
21808658390721786,15.484474539756775
591823214053525,18.17855381965637
32958804082254728,69.97969222068787
35046006930834519,24.70719003677368
12787999212949700,2.441130518913269
234488564581382366,3.7517218589782715
111345542427997539,3.742721557617188
8939135211798947,8.041263103485107
22615576819980619,3.1227550506591797
168404102056508512,14.295445680618286
7743070307953073,2.709697723388672
22764133460508596,14.715985655784609
3498012943085777,8.014305710792542
15620723996007943,19.277249693870548
12107015967032032,44.71970355510712
2611018974135783,3.720255732536316
88294204012146433,12.86740529537201
28126596676629257,45.33910393714905
80719016801580711,16.244911193847656
51952486366053253,18.640437960624695
3942113001870748,159.62012767791748
77563327107890400,13.393463015556335
11041425383980231,17.641605377197266
383000253793981688,3.890359878540039
3288799927830774,2.7378084659576416
72092226311128031,29.49069738388061
8207867525976061,5.023978114128113
35726523920653348,71.2828860282898
169840833829111664,36.00946760177612
77643533360697106,40.01599860191345
134668301919225003,2.0381170511245728
347137956735273904,12.140977621078491
10115635016864258,89.09609365463257
32562990637210683,54.40250849723816
84399533489158598,161.56467509269717
238597235292823044,43.11722505092621
26960377393665781,2.0506603717803955
86187523843986504,13.546554327011108
17624873548038863,1.7108354568481445
23242487045910199,1.7269773483276367
166365727888372925,5.225751876831055
57856848408933089,24.11083209514618
14534023494953121,8.765930771827698
51837595445648659,2.700831651687622
22508651317658475,7.687700033187866
139500013285934975,1.9323037862777708
661474935027705,9.692083358764648
46408638269941449,7.698054790496826
14180170949070213,29.751054167747498
25705745190298805,8.52790629863739
381439136086492351,26.42551016807556
23130821061857613,65.52003228664398
44911864146837470,3.5012441873550415
36185555757136310,30.43025767803192
51568942828698114,42.00812041759491
211053733851964685,1.8227789402008057
120559384835687456,9.02318012714386
546191060761057757,2.7968353033065796
13203662254831774,37.0673987865448
105183581266851667,20.539704203605655
7459099321466819,1.865058422088623
9573405992982668,53.316269755363464
182582880485714486,3.616495966911316
69091365881302520,28.281404852867126
119120531134842278,2.6768484115600586
12307599154980369,6.4932781457901
4050842002802166,2.1219403743743896
21159321955789737,13.648601770401001
18504289757803652,20.47591543197632
3240307021494197,2.320312261581421
24089175575871903,9.21886956691742
129062028519250022,174.8987159729004
38463838500431019,31.147490978240967
5761255923865653,36.35276162624359
32054823745287954,2.277110457420349
46110785660643006,15.559412837028503
402659455977396101,114.46950697898863
566285887310774,4.757228136062622
167191423185336507,1.712336540222168
370567064529407322,101.42586946487427
27085556461734104,2.354596495628357
7355330609182779,8.98440408706665
21484387295956341,2.852029085159302
18217811233132173,13.064412355422974
16484945349233188,3.7318618297576895
23487658857891396,97.95700788497923
2106332331746289,10.36171531677246
53839493724217925,2.62394118309021
285121039284639467,19.678462147712708
29692121223105650,49.50161695480347
25358044975782329,5.42138671875
17919146174626320,25.388777256011966
16514114087030664,85.39465284347534
10165262122100990,23.87917971611023
109362168364073227,9.380438327789307
14109570013729117,5.37257707118988
158513676528509820,9.024106502532959
16288586954513003,2.4451276063919067
1505622169979290,1.9261555671691888
118004364674280825,2.4505906105041504
2324643159469535,68.2662582397461
116595356622937899,2.508475542068481
111098760731106777,13.406559705734253
22294334650144307,3.4928879737854004
48154824157581999,2.739278078079224
104208326249443308,86.9384595155716
35174464669724847,8.05284321308136
455939261531369139,6.540142178535461
3411159558666644,20.07756543159485
44427439434968788,29.217215299606323
73470249487375296,2.5765397548675537
18245372474105231,28.24954354763031
64179325006307335,28.778164863586426
405428404741521,3.386820554733277
26306847710288282,102.41744434833527
11882841800687645,10.980873346328735
31885814911185924,10.062460899353027
415981100264702264,47.14821898937225
20530179387821268,38.709529042243965
185528654825192316,20.609267711639404
419052542428595741,49.94640803337097
275866409198358902,8.495531558990479
119200327595296084,14.312082409858704
8446661593255323,21.748970508575447
211582415752803022,22.10960566997528
120096989280806943,27.200496673583984
382725746335436713,15.988391757011414
48021863551808139,60.94352471828461
41491885588059137,12.59181547164917
12121623148788795,22.66815662384034
9877482007282532,4.921645641326904
11243915242898773,2.012617349624634
65867715349511,6.534433960914612
196965925956266532,113.3940304517746
9666485044352540,3.758342504501343
290904573715990930,2.034576416015625
45576379447516092,34.58433377742767
10051286806569809,2.4960050582885747
34301865652053291,3.425312042236328
14758420303346552,33.00942647457123
1357065802002568,39.654658913612366
35905912838087341,2.310741901397705
69135173454009971,4.301891565322876
8631290225065487,59.617141366004944
716917016910088,4.18060564994812
67798195752706064,9.00055456161499
34610568577377419,2.2028743028640747
230116861297683025,13.527349948883057
126296526384966355,11.67283821105957
68070483536161573,17.929608821868896
128222397770563897,2.1749002933502197
13379035713324610,15.937376618385315
32226785784987903,3.1263574361801147
38760892077324619,30.70470714569092
866518192076143,2.78687047958374
12290868322920181,26.075997233390808
3295288435648721,172.2402310371399
108337949447287488,7.748725056648254
385789835909848,5.706770062446594
40497140507789917,19.838167667388916
8828442199128605,15.423842787742615
379588663799337600,29.256277441978455
20533625325661187,2.08559513092041
115843173020086422,2.3584811687469482
15482964685537572,29.278767824172974
18743832119338853,69.60094594955444
22542465239564584,6.251573801040649
11423493084553436,18.014087319374088
19703456948576953,10.638171195983888
255690372779472169,8.5611732006073
119138816698430809,2.513450026512146
10596019248387392,3.058619976043701
48501969804648554,22.571733474731445
2890239486899588,1.772374153137207
34825517903781977,38.070860266685486
47939671069380973,8.620005011558533
348097572113037941,82.3643262386322
43503978964281745,107.53716111183168
5822774665386198,33.280429005622864
6673036709042503,20.5927551984787
7243030388509472,250.76704156398773
43720090678234496,37.15836012363434
73977901064586426,2.0767552852630615
83994534407994452,2.55819034576416
24929041399360592,3.7159502506256104
14108473633351982,4.907477617263794
90924338180175934,15.687330603599548
94036507106134815,2.3215465545654297
68203068154223934,2.9345033168792725
3501731068647885,1.885826110839844
21665847816123048,54.53117334842682
71942164767472256,43.34460055828095
1975393692974377,28.3559330701828
57220487114291328,2.0438854694366455
82648793312089440,12.334004640579224
121941528808812765,3.390736818313598
280391524544299762,16.833569288253784
148342197963077767,37.605950593948364
43778197722770058,140.07479774951935
598610075863552532,8.382038474082947
380044852140063550,10.900398969650269
18554815988206609,2.4813358783721924
22055003151961468,5.155163526535034
23519869325062755,11.919578671455383
20681083924485462,17.62700593471527
77705847966612123,70.12706637382507
2107036144450883,3.363415241241455
210058591140810850,18.23945689201355
85317667226977755,2.73224139213562
53398022562465220,2.7476398944854736
15386729923992393,21.769421100616455
106175365459967941,11.860159516334534
22277225836129220,159.19009637832642
27926101838288439,4.222056746482849
66353427314233093,11.012404918670654
1786344029011911,7.755524158477785
31722841441147374,20.497000217437744
30387327382213634,40.38789343833923
255403353723714,35.625986218452454
15304451202563548,20.757733464241028
350494700362764867,11.652210593223572
107077949524113575,3.9146898984909058
25341316217692532,4.02914309501648
2357295739784222,2.7827975749969487
117910763063446849,102.36276614665985
40863500480394982,37.3814742565155
4395843754760938,13.625911355018616
20941117504352896,13.50196623802185
45600723787559395,3.2188448905944824
101938061534611761,7.110322237014771
12755425375879862,3.4591770172119136
12902287850793685,5.815368294715881
54464722018461511,7.119049072265625
112874603290924359,26.24761724472046
67767871020598627,4.568319082260132
67650833440404861,7.3959059715271
19649068230470312,46.80609881877899
4455692761563103,7.442957401275635
96175387190612288,65.83679819107056
18792656733794648,16.963807821273804
59158975674452517,2.28453266620636
21649605540100774,156.11176800727844
95006679500345387,4.777177333831787
27094313543137851,18.58430254459381
36756556487936052,13.933044314384459
5184340547291917,2.5532881021499634
7461913777884729,15.514459252357483
20186133355310470,2.228346109390259
65533225238885984,14.501185894012451
54063112962931586,4.836916923522949
344237668221140671,1.7620954513549805
73255809857005081,37.2476019859314
90827960108624899,6.4744004011154175
36124369981550679,2.96241855621338
68280171784050808,91.73208522796632
27450731043727754,97.4091968536377
26155242829954490,2.834655523300171
28344851485039340,6.710471034049988
71892145248971166,11.956582188606262
5042232612919170,21.47100257873535
65345693257239210,66.13450765609741
35236941665217537,1.849766492843628
26615164493698860,2.784931182861328
149332968251488440,3.0393067598342896
16580617625616445,136.30710363388062
17164372771888140,107.57729923725128
11633317827237621,3.0511056184768677
119613934269185,4.453084945678711
17234027075226223,20.25563132762909
139068525029075874,14.946735501289368
106447483208639660,18.92911124229431
20484136768401255,29.00654625892639
20683032254695382,44.24267339706421
15331730134748468,10.477120518684387
173116996806043152,22.42922711372375
1851791750973230,62.7478951215744
122578191665744083,4.495007634162903
101391871903275070,3.559037208557129
106536981657337409,2.3431739807128906
10418278065864386,52.934619188308716
122902090109151963,5.8273985385894775
19078893681653312,29.858934640884403
15267963492755340,2.298537850379944
107852169725855731,8.324873805046082
120009549296988489,5.039665222167969
4106441988066633,3.061795949935913
57280717246724270,6.732327461242676
152373394514365,14.783011794090271
29221533259129066,24.95132493972778
230398215085113495,28.23243951797485
48287281668148491,88.34781992435455
60663167680886666,2.004489779472351
29601195734144161,8.2604478597641
20649432784029343,1.5147321224212646
15181179816806702,2.20377254486084
18995363312173017,2.567509412765503
53940864244489788,2.667497396469116
14847387399025689,3.802756071090698
72750593338162729,1.7378625869750977
65405835342170722,16.508044362068176
57693242524522188,2.447199821472168
1626466199440272,2.3345004320144653
29603078227857483,9.663685202598572
25844013145982880,20.66818368434906
39781562988071026,18.120375275611877
10804896167694854,2.091097474098206
358145780057518164,2.375716209411621
20893728512798829,65.76095342636108
2465584914008059,6.016990900039673
49028507413442162,3.6360878944396973
48108522795119079,3.558061361312866
31339097577158192,46.18804669380188
84036852733002774,3.8014512062072754
2812226475170017,14.591315507888794
33971442451441057,36.11101973056793
17789132743430591,2.1691396236419678
28007791225565950,1.9533774852752686
54148484306487337,55.325968742370605
16252605403416544,7.944204807281494
20927621322021223,10.198382377624512
173155375999716380,2.7003166675567627
59323156434780013,74.12641215324402
2444987260226588,2.731118202209473
31371801275080781,38.416218280792236
41151829478907702,2.6955089569091797
73134538052258618,9.52286171913147
399988098508145958,13.348780393600464
73994337949491274,1.9917439222335815
10207461071584764,59.10410821437836
178391763677721440,5.667794466018677
38300180686860721,7.713430643081665
27315753092099716,5.351779341697693
340826371014360731,17.725270986557007
429664240218706255,17.61297595500946
60534052391759152,20.475860238075256
33213201032765502,9.529338598251343
105968737019523550,9.135815382003784
291758532651611,66.41600906848907
108494128626268826,175.78168773651123
275344582577530672,2.164972543716431
17584777285704789,101.2550354003906
59244905044066562,173.97762060165405
22923640081104441,2.426335096359253
80314029319784492,2.922670364379883
25923919695485586,2.767985105514526
8898641120819440,17.320106506347656
4145223987000000,39.16402471065521
75759702018053251,3.0807238817214966
77382022729183739,5.017806053161621
28732391815053574,9.061713099479675
106082089963184378,13.440192818641663
10338942236266706,2.215126633644104
12014268508129374,69.58241069316864
87288917061196185,2.526597023010254
29827013982323001,15.305357336997986
63545987857729091,3.4931883811950684
333205781505881706,8.164324402809143
126857766807126110,14.37121832370758
245543607438903753,20.814677715301517
13296678695457133,3.8221359252929688
37812179926809363,15.355731725692747
13644222987720591,2.4141879081726074
99162587899498104,18.64633023738861
5581178463381745,1.8784304857254028
99653823147162414,3.044130086898804
14123238531611748,8.980159878730774
4571782476788343,3.125511169433594
874816672839395,1.7021441459655762
1022056702706433,4.785443186759949
264703387153067652,2.299151301383972
20541869769022014,89.6971824169159
16813201367437701,18.914107084274292
398238737163923607,17.575978994369507
15194728270846445,37.76303768157959
19699797362571360,25.69912135601044
29728611005096048,2.322153091430664
29692410714441417,4.126089811325073
59669499363960523,7.7344841957092285
24729774237889736,3.5452812910079956
24686187079746994,2.690887928009033
1147120282104675,9.914763689041138
104660090625705382,13.739872932434082
32197507861439407,2.1674426794052124
15920742141474603,14.087141036987306
23151269287833219,4.821477651596069
272109129176208747,9.161773681640625
186969770234753976,16.02363657951355
24091709820807024,24.973187804222107
188184825008545396,24.142857551574707
157342567647695824,2.7448861598968506
227677786542417463,4.972431659698486
186384629724267223,16.08969795703888
1270528087782552,3.156947612762451
19743437555672421,5.092503547668457
12349220974612598,2.9373010396957397
25835576930990255,10.15232229232788
23687962582395937,2.405100107192993
229542710620429724,2.693176507949829
109473291636334366,14.280478596687317
127841917948738964,8.52560579776764
19082992019883024,125.92222046852112
8613337885381244,8.7889164686203
324334924758673507,8.658752679824829
17647005810476832,16.30920898914337
77318104829473186,115.2179639339447
14626421977310726,34.458401799201965
428178695430696199,3.780897378921509
3052553266828635,5.91522717475891
9138363138894170,29.47244107723236
161477220234829692,12.778083801269531
11637979348704474,3.094467520713806
4941613032809043,7.140796422958374
61018973232249930,181.10958623886108
60919698526711115,10.025748610496521
39151607594543826,14.763989090919495
12209264370456955,69.24384927749634
5828960063242093,2.0521998405456543
11286299914862792,3.5041310787200928
376858227221146254,13.534220218658447
31607902366028258,3.085378050804138
3587255444962933,8.33862829208374
24705707294728445,6.534742474555969
154737704681487299,3.8164312839508057
6811145899415798,2.1632965803146362
27530670403420627,2.6773152351379395
57258061894122336,24.480550885200508
199626104525607068,14.618586659431458
39566342430143240,14.65004539489746
52503572987243480,48.81725871562958
113620269066984981,13.29494035243988
415021714144636637,52.69898462295532
79120988529463368,48.117169976234436
5536816510481188,52.161622643470764
30256015069748516,2.998920679092408
76231203064241373,9.867613196372986
99710783670478104,47.795361399650574
18404426473290860,13.316241264343262
22864786598443598,15.952006220817566
25717043711373426,53.021202087402344
53478506346957621,6.065874695777893
28947798112512049,5.183075428009033
29467279417417700,3.60282564163208
58380851743754465,13.219772219657898
29647002498620718,2.0370486974716187
2722445693768534,112.56632506847382
29582479961465292,16.126699686050415
27420286358254424,3.238526225090027
175868031923810416,22.723152279853828
10668687238301552,11.80997371673584
382704720487520279,2.201407194137573
8658404022528882,75.03796243667603
213809273137166504,12.698575735092163
69398698439144952,53.0648330450058
240179046155987407,63.870861887931824
35137667609888515,2.060107946395874
276370775465802645,4.556490421295166
31246400837886152,2.603476881980896
9681281791938422,3.7295103073120117
2449633316168595,26.399619579315186
6221857282163535,7.6371917724609375
96800722171585894,2.0572288036346436
24571427186945125,32.73348832130432
19310043396338300,36.881452322006226
23184956593863814,3.941455483436585
6461343098975582,3.970487117767334
19239711397996832,3.905411005020141
5874115588982876,41.45860028266907
74617877304515296,6.509891033172607
13857281879330042,38.75991666316986
34881950186635155,2.4406925439834595
181348130379289628,136.35246336460114
3422583787179745,15.460420608520508
39000351017358548,65.36672174930573
446021044292020490,32.58686280250549
1835092401156781,5.993439674377441
26696733372844182,45.85050129890442
92407682157016993,4.233557462692261
58635811843705284,9.959632635116577
1085860537947015,2.8496369123458862
291067138656237,26.912541031837463
36894555380309519,2.488419771194458
89076042226824080,2.473900556564331
40340408975233218,8.206774592399597
31401336373925936,150.85248923301697
2195243695175045,4.97417414188385
97061085352913895,10.351132154464722
45694014758668087,3.0443131923675537
89342556617656134,6.687236309051514
21665852062312470,20.17759728431702
2294786209552287,10.337262868881226
35566898496647045,21.984595894813538
8925483484650931,13.158727169036869
1236743649467262,36.35826647281647
7655559123805944,54.567081332206726
10483747750493967,3.80893898010254
359510393896754671,21.22264015674591
3132235944339728,33.51887261867523
66600402106325105,4.9615243673324585
7752795767747633,83.68926894664764
24269839532463947,5.293812036514282
181098689797593406,28.756572127342224
253405375436401628,24.18170034885406
133268545252087028,2.6047909259796143
5848972463869,9.271843194961548
19744708167475226,1.6328465938568115
25864539748495155,16.426304578781128
12125874555855455,5.98945951461792
58304529894907161,105.12720298767093
26234541163346399,4.384296417236328
64438221351689417,65.58261835575104
7990067046598370,1.460783839225769
70731714763247288,42.57639026641846
128237985756260301,9.119157314300535
263498105301689078,33.067530035972595
29270710943560628,94.30586791038512
132222763191992096,32.53789699077607
65095074983058094,6.926162958145142
140039542482425691,23.624014854431152
71139276571782327,8.058643341064453
59876237708140995,12.544613242149353
9501415866496021,1.855151653289795
33683395314277005,3.073086142539978
5237172556712835,12.586341738700867
43324766773305421,2.303881049156189
177407994105674977,9.814112544059753
119945454413380022,47.08336555957794
42552139844466163,21.741958379745483
16659946347114786,12.973797917366028
62735805994039060,74.05040717124939
51929482938896954,17.468432903289795
15739206887893182,10.936707854270935
147825836138721584,10.302389144897461
20941379852416544,53.824312686920166
24709966573963970,36.701284527778625
10612974524236239,2.710658073425293
30802120745145048,9.331046104431152
63680389388488162,3.1026554107666016
34629490359607125,9.352107644081116
75869517381143,7.5188987255096436
34200228350180707,2.9142616987228394
311755704727203789,82.83729243278503
38372747077223427,3.360093832015991
4345507334554377,5.471412658691406
42397822209154152,23.374861240386966
4956046772016297,19.89208722114563
74795668168033606,74.92404866218567
430734956980307803,2.5300774574279785
144654579855224014,5.4014469385147095
609136983754274,5.092569828033447
29525427140846391,4.721795320510864
2493645606535536,86.15234971046448
11893132684056453,2.5487202405929565
160864960805790274,8.906360507011414
20771659516024568,17.177176356315613
81140340827294982,24.684261202812195
121437541590485589,13.692408919334412
291428235979480013,6.554699659347534
22738920582215592,56.537686347961426
145012652706638801,2.7236016988754272
96746758538053986,65.50461733341217
13023395953612266,13.017116904258728
21833350658672969,2.844688653945923
106929071925871096,18.04454731941223
10757714636409814,2.4132182598114014
117155607599502800,4.169745922088623
114291531534888978,51.16592013835907
21772498260825441,45.59384059906006
111113171718217443,28.105097651481632
13798219585867686,8.165183663368225
158144489329995043,1.8742660284042358
135750989681078,2.81444251537323
20339604170503392,8.56862723827362
17336453931733748,3.0845049619674683
14099858830656684,99.90242505073547
12528063489887737,19.872888803482056
125187460559124070,1.994935870170593
13202653071421710,67.66766345500946
127910325493122816,3.356563806533813
20552475112900710,24.592679500579834
12212488548586562,3.3398234844207764
1010196933642082,34.9262261390686
21542566464026231,6.5567625761032104
21685950177500118,15.073601245880127
198804863723414774,2.4155431985855103
163974928019045615,80.2368471622467
21953719740949157,2.2114946842193604
118205695567619050,2.889024257659912
1585361501109636,2.6261223554611206
20755234103046670,2.117423176765442
80055144588018465,1.983826756477356
125502512555586709,5.100954532623292
10980904628887596,22.447004556655884
111009347805074810,3.2662603855133057
11593872890702519,3.9284732341766357
90119012542975967,2.010992288589477
69564516587391358,2.836360216140747
434624781575112000,2.622044563293457
71263822527335042,2.0388855934143066
82758720254363339,3.8777493238449097
53174273610145258,29.043262720108032
276510605490542174,2.7723084688186646
12563718874889264,11.347031950950623
25840978725710181,7.8220062255859375
2547489520350146,73.54930543899536
16880871940287284,4.838156819343567
19628916372295465,2.05848240852356
137078199028864131,1.9640531539916992
270070643027694192,18.84103512763977
35763895248526339,1.9968609809875488
121278013117631267,6.046770453453064
20195454601969251,2.7428979873657227
73708727487267336,31.104061722755432
146958997854300781,2.465390682220459
59846507081797941,4.882786750793457
8057709134202555,3.9238526821136475
27627577045616008,7.370256304740906
510759488778751467,6.6747742891311646
77457284905378680,6.064189434051514
21197202270817309,4.878284931182861
10709522953844585,23.63724207878113
119760181457183460,110.19091486930847
40557116272863260,4.295612573623657
78920374451680007,32.59854245185852
15658064073053213,10.319608569145203
2150769558817706,2.047000527381897
24313811698071561,20.135109066963203
3612864108596446,9.950177192687988
197171294337853300,1.9559071063995366
103801909989522244,2.3969993591308594
2510825841849582,47.50130534172058
20747088102498220,2.861601591110229
8387008538110876,2.3446719646453857
50213903821835389,3.953762173652649
64544576640282249,3.980009078979492
57393960955667107,2.3813626766204834
20174434080412340,61.679442286491394
46176378692404132,2.1398810148239136
94273665200247377,12.646508932113647
28503328849167578,73.5473325252533
25584802680353215,1.7944788932800293
94296089281877616,2.491127610206604
360986131152343362,33.5079243183136
304309295302867015,2.049487829208374
59305022045218844,17.12464439868927
24293814337813089,16.60326647758484
50024856627592020,33.9413343667984
1220140403094962,34.93983030319214
60620133761896035,27.026827692985535
48362568411053943,17.22481882572174
24270525947977824,2.168450117111206
1142477799886839,3.8907651901245117
37080976364229669,1.8343281745910645
61397484612166676,35.00570595264435
134408212929419481,8.153430461883545
364336607425407581,2.791540503501892
566630784806509,10.649305701255798
1171279174530873,13.073221921920776
360410802682075886,22.263269424438477
154998622151877783,18.467720866203308
92973561968759810,65.10840916633606
1252859968620180,24.723107337951667
276585947170751633,2.5940581560134888
2395147107146130,5.44640851020813
6478747698795761,2.1164181232452393
162724468677256227,14.255551934242249
17139336558176719,37.69620382785797
203352362567470699,96.43718242645262
249024452951521280,24.10069465637207
26310599626535643,27.838574290275574
32912988646937984,238.0325083732605
216039563657137291,2.2114806175231934
212469185435335655,24.45947253704071
17572171142619067,10.58316946029663
23537434764277862,7.497426509857178
19249093293581028,77.03555858135223
15105179108656731,25.67539405822754
10732951822840955,63.923792600631714
181912014265681749,5.4803794622421265
10012265378637145,6.874645709991455
29361170003590563,4.789693474769592
26983756869947355,2.0110933780670166
30828907485177090,76.76384568214417
14252615370402010,18.81061124801636
11792365683063703,31.706622362136848
17367852408230607,2.911094665527344
278226119926524649,2.1187669038772583
31411032428558480,1.838730335235596
2662346720087401,6.096147537231445
23529646204287481,9.306044459342957
29958255209427841,26.87529420852661
166003829269222212,6.980140805244446
22541108276564429,42.27582240104675
102907349598262682,2.212319612503052
11527616328597740,39.71967828273773
19774062964030887,2.4083802700042725
163805079091179416,3.298023223876953
25431719767656436,23.62642788887024
76702142251795898,9.88999044895172
106278888230428633,13.738582611083984
70956053418778836,34.16006147861481
121815949817915013,1.713780403137207
7948500909077019,73.71227812767029
44903222597584918,5.517695426940918
29963325224632994,2.1238385438919067
123966385305588403,6.159835934638977
1200490124722215,2.5845773220062256
9637652761981533,10.457844614982605
475507987317908535,43.403887152671814
6751609845355874,24.604965686798096
59620003616187620,2.0325798988342285
17588456923414921,9.169358968734741
22945950931292784,116.79232883453368
10614820443731295,2.9355822801589966
9052858726844482,17.998520016670227
55813671734893999,10.272883176803589
8005969462411263,5.683245897293091
112615102691017744,145.29807221889496
16234924357469909,5.424500226974487
37314988113636589,6.691319227218628
6457510910026873,14.266398787498474
16473908097176184,22.7561856508255
60108005449398404,24.6500461101532
55094034324911238,24.981333255767826
45252352778246087,3.346365213394165
339392394908866531,152.91421389579773
14033661905038972,16.80730152130127
41885487395487561,10.321355700492859
42557350325725755,4.897548794746399
23133398007615203,26.49849176406861
10482202066381007,7.54321026802063
71134171903702765,129.07754826545715
221786604843321191,3.4021055698394775
50083473383821615,4.60790753364563
107697375574127155,20.57739758491516
35282960212221662,3.054473638534546
88376743494414492,2.6188327074050903
491105087707261716,47.099509835243225
7832193945469611,6.871587514877319
101392943833758195,2.0374109745025635
80899537040879130,6.572487950325012
124292311547254776,32.21550762653351
4232212792215864,10.059038639068604
706632883346830,3.2707040309906006
56871943273594926,53.91825747489929
80633738987966056,41.16672921180725
8022875724100360,3.7046165466308594
25286635842442061,8.141993165016174
14269023852412955,47.36939775943756
27230499368570719,10.601845264434814
39563719467840420,60.55269539356232
6657543102458454,4.002740502357483
199030020730765040,70.13420927524567
15505711462312886,3.6580734252929688
52012703583965853,2.217010736465454
376503376119637635,2.4238343238830566
454588868735629076,22.532613635063175
2962219379241427,3.137015461921692
31672926283122480,29.962509274482727
3022083185083251,3.443159818649292
6402225964628633,3.31453275680542
8805674505827488,26.723293781280525
619139933804097139,5.27886176109314
19565129143269804,4.004622459411621
52264691382541525,125.4845142364502
77998562941409219,75.72035610675812
16173877108913990,99.09903359413148
67356496926316840,116.9573826789856
16950904253517181,2.8533496856689458
101677089416189563,4.00179386138916
161709941854661813,5.347520351409912
9269252726028505,3.9809622764587407
15013156207051718,139.56820285320282
78390681378115772,17.512314438819885
23275839353369886,8.389570593833923
23372944701575087,3.2664904594421387
32327336795758134,4.10006844997406
108190402492800433,2.346749782562256
22890412308437443,32.425700664520264
114241593524750292,63.75190818309784
460694253733738772,2.984193563461304
63435085956693621,2.9236706495285034
25361949052920299,10.881497621536255
62446455649684215,3.759302854537964
80459787714789136,5.356462121009827
59661956019705674,51.329928159713745
86399153235997063,3.147961139678955
178053421058232400,25.238081574440002
342836764459506474,3.160062074661255
29666127894428100,2.968416452407837
20939384783786472,51.23641633987427
108587875542027230,11.192948460578918
36776227841811731,14.59608793258667
894863165618588,2.536120653152466
98512337955247650,30.487255573272705
32832043490362391,4.478848695755006
40207947475817763,2.1377068758010864
29997186900309167,11.60287845134735
75132150786269175,15.812574982643127
79152464108482246,24.295416116714478
6217864453519672,3.7129069566726685
174517513795407699,24.401832699775696
124212305005557781,5.492739796638489
20422095818231178,14.355088114738464
40508910042209000,2.5376861095428467
1056514307856824,56.637194991111755
30040492946797848,18.79138422012329
46128410269281408,52.47569155693054
96730796908046263,2.7952258586883545
71157135486127345,2.0045053958892822
30999519614612661,2.870558261871338
183326935880322561,4.153870582580566
28114935812215814,12.069148063659668
47833929076318906,68.851198554039
8317685013409926,45.114017724990845
48689727275706424,3.715388774871826
105300006683628608,19.099120974540714
94324483496312107,13.793897032737732
12593839624829488,37.660934805870056
316367275908492968,56.9811053276062
27729090816949226,18.986420392990112
12773373271389488,37.411234974861145
338911668604932220,1.8693150281906126
95505260504288070,68.31625509262085
20804323862831962,30.581612944602966
95995202925438729,4.67397403717041
14378767821422745,2.7888617515563965
1837303035245976,8.424886107444763
62114005435106611,6.488163113594055
57642577230842019,2.757030248641968
67427237779618766,2.6506150960922246
61791446975980932,9.256888747215271
61137591383944644,3.6188859939575195
73586471749762829,33.95798707008362
237372423318095991,3.21904730796814
70639358259298345,15.08989703655243
22219251079276490,33.84463357925415
40457397399910641,2.8833447694778442
23061250616031407,12.84414863586426
4066430701629340,2.241401433944702
16555139643877928,2.692122459411621
121926698667443136,13.08820915222168
38518457965767681,2.449753761291504
528816626617379289,3.1490116119384766
3112400809769538,36.79672420024872
159738767087266693,45.03652584552765
39683339780018935,7.7488404512405396
85829544775062980,21.888910055160522
33388101744943722,2.3320815563201904
80518645238471196,63.02707874774933
11069242905325106,6.591004848480225
43794938984145068,23.864287495613098
34410317700046343,9.848398685455322
4476625817228583,3.1204755306243896
318222459575515418,5.148587465286255
4339992955455995,5.091097593307495
357114431320547379,2.1321096420288086
19140021616229770,13.79298734664917
24800858076211238,10.207831382751467
13089370707643958,18.885578155517578
67530343445359256,12.098383665084839
362540800242839097,4.079546093940735
101862941585456326,2.811217427253723
223306730500672059,2.666882038116455
71730291819999772,57.421836256980896
2855888428431071,5.997259855270386
13301689241233693,26.134541630744934
20194582474136251,33.845377802848816
26184947659236371,2.4991501569747925
125420725842555439,6.871510744094849
60925642390030202,15.161038517951965
19650644262397246,4.906601905822754
29334040759415020,3.262832760810852
131879166532261040,27.098296761512756
79911009646182314,2.457864284515381
21729135963278506,13.909546613693237
20265260038682285,6.451233506202698
144696291914282262,2.5395857095718384
116714894882393726,2.689969778060913
100873081767143271,22.270344138145447
18702362066587701,2.731579065322876
214152873332329571,17.42937481403351
115256329270635442,5.519957065582275
21170464584914876,10.291586875915527
1411934369323473,99.75303196907043
104438127867612614,2.4364318847656246
17511970496792754,9.61828637123108
206538448583274576,2.1685632467269897
21820951780719330,9.993379473686218
19840908105866233,16.137154936790466
15483272087713691,1.6603589057922363
168511138139110136,2.2354573011398315
150257390951454480,20.084445118904114
18750352965909872,3.353801965713501
17215758320988691,6.5644850730896
13044449730703774,2.901530385017395
1295357324877644,3.064162731170654
13311739638064950,147.59753131866455
61443574216653477,14.984827160835266
128108856601487015,5.301555156707764
2791543962924994,13.520703434944153
4003637151027245,5.084237694740295
12313088415204053,11.623863458633425
25219960883740707,23.63649070262909
15011680958102312,1.964878797531128
7687973054589806,4.462656855583191
299835147839917673,2.4862897396087646
206857970489151067,14.611286044120789
2547994939772137,13.576108455657959
23143236617213288,26.06474316120148
23388657785331157,29.473536014556885
7595166932455980,38.57125210762024
147832670357381109,13.150402307510376
90145208766029670,9.664401054382324
92823411990541455,1.7426074743270874
100497772278644024,32.581332087516785
29943222520255363,12.17145299911499
24446534071834345,21.616001486778256
126275714793657050,3.572428703308105
36020664576366610,1.9957607984542847
2409426618138992,19.94169306755066
4142297071967337,3.367071390151977
15552465413633644,64.93182671070099
8906367072711278,3.7447510957717904
2674945029430951,51.698452234268196
7426672043172633,57.772395849227905
3969787273450632,31.514818429946896
2485971815682748,68.89372372627258
120723953141762372,12.920560836791994
125327013615755102,11.275955080986023
27875280182781971,1.725968360900879
156981736841029795,6.1242533922195435
108423608384295517,2.4556643962860107
2872096177149780,2.613990545272827
245729981959117135,2.121093511581421
54030204140101166,17.554671049118042
60563911404425997,10.120064616203308
94041256747420000,38.78929257392883
65670967859356070,12.029079794883728
58192704356996909,2.0181667804718018
61421195269769841,5.999274969100952
110117687951927006,2.492595911026001
88098553350300840,1.9531118869781494
63336357380045872,9.296557307243347
145265622946360438,18.100082039833072
87062838587556941,16.2748144865036
5714064047908955,2.0581142902374268
34567562033918252,3.1212539672851562
4426991774332904,12.272128820419312
108867737876588753,19.89007592201233
18741276044802360,42.404465317726135
137403700715692076,14.69237506389618
18440246388660652,33.437748074531555
73630452581299695,2.716144323348998
16083865923358559,28.30308711528778
51304610049489638,2.226528286933899
12467773921238282,9.902453899383545
126385204967445721,18.80599594116211
116344358776184639,7.440009951591492
4899244350912760,3.475247144699097
31055784419076949,2.905210494995117
102236658645343030,2.791586875915528
10680702940609207,2.3912928104400635
73546278645881369,2.856412887573242
47819473611813803,4.244960784912109
96042813860167266,2.157337784767151
129146791970018317,3.405573606491089
4097639712712861,61.96804094314575
175307680617676508,6.98654317855835
52932580389509276,5.312262177467346
70780521090023481,7.23218047618866
20964925496103408,17.246674299240112
20245560768508116,16.867139220237732
335010680696470854,3.44879412651062
49561396020502058,51.84248208999635
45094754093357042,3.8618245124816895
26110664814361307,2.582758903503418
18292466035918684,3.081640481948853
12566038556535217,4.51438307762146
1339281463673027,1.6130847930908203
15539380493774916,2.9083462953567505
348528742080614952,2.6245331764221196
14038220182411604,22.58364892005921
31172856831363848,2.532759666442871
4591049122955436,48.77784526348114
7677632667903648,3.0930668115615845
68172705861361206,2.0452767610549927
123505984529772632,171.31048250198364
25155461191309654,4.114483714103699
103591849684730731,13.379141569137571
174542635154742235,2.2451847791671753
6187846315434242,7.629989862442017
74365926562388852,7.7858041524887085
89829315167614546,2.6760205030441284
13712954824742054,46.64873468875885
11699119275126445,17.8266521692276
17850411197990018,2.461774587631226
2431673906230898,10.943767547607422
289778249807164589,9.819629549980164
31915043263345647,4.072310209274292
17030711620413085,5.803488492965698
25891610912608499,4.282533645629883
185244250179035368,2.791008472442627
117014963666505075,73.66751456260681
235258873058129420,10.189501404762268
28810811863706548,2.629049777984619
1212767391131841,34.38872039318085
11591926600858170,8.400934219360352
24675170757976813,2.0711170434951782
11833303562915309,4.6281843185424805
265338539427209390,2.3106898069381714
29207064000997140,16.620930910110474
159424743930436858,34.183571100234985
25085323432569699,22.048022508621216
151536190759321203,10.664542913436891
438171186850697558,4.907902479171753
56166956270708202,12.022157907485962
5393750666315299,72.48814916610718
32704561465119138,17.86191236972809
74072868498664495,13.368316054344175
7577605447431490,2.907767534255981
184974063043764241,28.0947630405426
36517568642487305,2.54725193977356
1319944212236623,1.8195161819458003
13927008431550844,3.6888041496276855
83034282597574268,54.070672154426575
15081189189256336,12.120861291885376
503692547666032701,36.06073272228241
149311295424857729,2.169465184211731
1951538255130794,128.52230203151703
28051461946154733,3.198038101196289
11988940198068699,13.32859754562378
16234008270953265,2.1332377195358276
104032079183002143,6.824121713638306
81568080208749319,12.412660121917725
53452533839187969,18.530749917030334
113652421196224479,3.309246778488159
99534939554078504,1.9147437810897827
274364363170404691,3.32955265045166
16264183186614374,3.3691465854644775
3186625032163086,2.711451292037964
22216528860872721,15.44538938999176
968167075542448,8.02764904499054
491460195897753329,3.0214736461639404
90230753733139195,2.6312034130096436
30995946173425957,32.08484470844269
16687544433181680,3.340510368347168
71372259146306757,3.643044471740722
144576077661232231,76.94051206111908
41617630069086884,5.600805282592773
22105671789936650,2.4856202602386475
206927764304876967,74.63266289234161
97825613752403532,12.735010147094727
24896414855493440,5.738302946090698
1770342019375402,108.55661177635194
33682775001015099,3.56644606590271
3095434349768199,2.0976343154907227
194871080089246921,3.46871817111969
20370141814340504,39.34967505931854
25267268569088272,7.6364816427230835
71851101511628270,8.386677742004395
30902907466382384,11.524818539619444
71886493286667079,7.756367325782776
214509259084248199,30.950912833213806
29022475059588037,28.072588086128228
2970082692863697,14.011271834373474
26531552077956659,1.957290530204773
100961937426770698,2.1760174036026
46739434511584625,15.08903455734253
8380368370833451,2.744839668273926
18509358834981566,11.698989987373352
4177623488968786,69.83832716941833
435525096104627649,2.411652445793152
8681919337921919,23.787908673286438
3532028218547857,3.049598455429077
23990721278799929,14.039681434631348
34674355822749566,13.657902479171756
76083564046693674,2.013319253921509
21588979724713830,13.008830785751343
60284353841340135,2.9689738750457764
29257277112303999,13.371034860610962
9386564377984352,149.22201788425446
18999656179793914,23.070874452590935
66463244920536266,9.786818265914917
103812486569030645,4.043581008911133
4502073662614465,2.5389492511749268
79948154040816921,2.8102691173553467
30428556865572089,53.234585881233215
1116052394750314,16.686695337295532
70576777967191071,6.655146837234497
3987413441261579,2.2046661376953125
16289827312359315,4.769205093383789
60816394427327605,6.587949514389038
31975326174268171,48.02440142631531
8725802407151342,4.695796370506287
30988679838356592,13.526522994041443
318743511459140957,3.88933527469635
10575684861673766,2.429537296295166
91906869575513636,2.4562326669693
23049608652872452,100.33783149719238
52684786087302468,29.949867129325867
32064412836002244,10.77159857749939
426082655126588405,2.90113627910614
47458749917621593,11.541696667671202
3154787949485774,7.253505349159241
15375567770431477,20.4821115732193
23933343551916618,20.758280158042908
69714343868380193,48.380181074142456
22348144922915250,60.66724956035614
31752602494324242,196.9705045223236
68383636786757576,36.829211592674255
51870081935142767,2.48270034790039
37026803351228627,3.131966114044189
45372148888059168,23.770972967147827
33858074510646359,3.9077558517456055
23589795856318386,2.559483528137207
67694664182448253,13.017768144607544
19989910555555789,84.18741452693939
6930141929815143,18.766136169433594
46411801832693202,2.97339415550232
70698661062784985,67.6280711889267
52294344855839533,17.544549226760864
35999362911487385,2.02267587184906
52059491298243326,28.310635685920715
11510510243826855,3.376293182373047
246659912882754597,15.546816349029541
541342250606962,2.3812429904937744
28441769059849851,2.3487738370895386
3607518366657648,22.120598077774048
39321757288252543,1.7739670276641846
123845542274502925,2.014757513999939
62686603308155952,6.289037704467773
111269332375513857,5.620782375335693
13322929412395647,3.2024863958358765
12621531652274526,2.6490172147750854
49976402887383756,110.70568561553954
44031211903783111,77.2511785030365
222571047227551654,27.72215509414673
23520761549508233,15.241133213043213
75141872464705568,13.286694526672363
469810681597791954,28.52978515625
109644478909728892,110.15090775489809
113520232897587804,2.911053657531739
171016688622829388,70.84684944152832
61900579048304378,50.62428045272827
64750931471393289,2.001532793045044
80572922107292780,37.165265679359436
17220084573621392,24.07066035270691
11782623810735526,76.17690348625183
28120372938908196,63.29808294773102
96420613413774800,12.41159975528717
13577324806230122,38.952953934669495
42811164872709326,11.684011459350586
65202336459123721,7.412128925323486
12583651568274728,3.1661036014556885
42582561249136792,10.721459031105042
6149340752456565,3.762341260910034
491285599048720,2.3189446926116943
12349088312553986,138.17069518566132
82909206449550830,4.589698314666748
13769047716649395,2.9837491512298584
162369973583849655,18.29687416553498
13175174639902011,2.4147249460220337
128521545030783309,5.262111783027649
5980216638315373,5.888665080070496
86163968027562991,25.08548140525818
42082281860233200,90.58243668079376
125021611735474386,2.7220466136932373
171096958507581545,3.1968263387680054
15513361980119468,25.10718560218811
120167651796533689,2.755906343460083
13988923823563082,3.0161114931106567
215985312147375694,8.650247693061829
18474236259950052,5.827925443649292
21146812054012537,61.830219984054565
1649157073365850,3.793069362640381
105042589266193419,14.654677629470823
112280716771438656,5.605269193649292
1381932115032092,35.460944175720215
202701932815457388,2.243921637535095
13113746998091272,55.23421537876129
206307026431294917,19.588199019432068
14168193894673444,1.767452597618103
1289732188223312,3.3568228483200073
11673109236967634,18.812050700187683
1867375061084491,9.627017974853516
13872501604521450,4.242020130157471
15633103125946410,33.05610644817352
132992970963160493,21.38121891021728
40206495039778433,7.792534112930298
14187362628070257,2.344457983970642
19559554068059822,34.11055791378021
511204419345648718,1.887561678886414
39651976671511261,2.153117537498474
21926727543636975,29.37744951248169
79227164629150200,54.34341824054718
48239288421176705,12.094526410102844
25872282776609515,47.326969504356384
5711577543110667,83.7939202785492
44019660664849140,36.00492882728577
28156164099279230,72.16125571727753
176162498136951684,10.222594738006592
18202768156531314,40.47607290744782
374568150337374852,14.584877014160156
86511632938852418,147.30195951461792
22830480929087020,3.3165814876556396
87229914260791000,9.954708933830261
95867507639169,7.714568614959717
2148732554443256,14.734424829483034
259521862691697837,17.743855595588684
13512116578645807,25.09852027893066
16959046580868343,1.8312406539916997
41206841840372178,1.9862645864486692
13969013031664057,16.173627376556396
4825006266087276,1.6750229597091675
112658995792839476,37.441155791282654
45341249456938562,1.8764270544052124
78513601311191788,32.74688649177551
33891224218876975,10.285672068595886
7347469236817214,22.937085509300232
18988260372544586,5.903992414474487
82883158921421006,2.2664918899536133
160472864188453658,135.95009219646454
82350122916657168,102.27122187614441
72360485666504912,4.730758905410767
209637003179797156,1.8739629983901973
37376598877147973,32.544410943984985
13485298528297155,2.8373024463653564
88673393674345002,2.299617052078247
68193587703021159,66.50108003616333
16073182312682522,1.9706177711486816
180587550581823379,21.379018306732178
83073610219494528,8.310442328453064
62643805599442581,2.9329183101654053
150695879893248231,6.331078052520752
16308256933418013,4.795453071594239
10559464127021889,21.217681765556335
39915082137072190,14.755820274353027
45338265325587024,54.49546694755554
9458611362464426,149.1209626197815
5661763611239236,4.361072778701782
512079724708032884,147.7823007106781
11491775783586023,9.869065403938293
8700144109875921,30.144581794738773
52154577899129740,19.192763566970825
360682579783076,3.212538480758667
25940029518879017,36.08846092224121
13996140306414726,61.588765382766724
98922054758934389,6.382661938667297
92638387762537808,47.98961901664734
23180004117669213,3.81398105621338
156392482045184205,10.911648750305176
82483012800236387,35.53830599784851
16438723386339781,148.9719638824463
364200787402732900,1.774405837059021
109203352483296650,3.0203579664230347
1996724392547760,39.92389619350433
60560338676284772,15.049288392066957
21711775824918478,2.8616628646850586
18650143646130119,2.5230069160461426
86209646054239383,2.7255640029907227
66885314039014119,33.67184233665466
4582407649491516,3.741023540496826
50313863313795373,43.3443238735199
26932724635753120,5.682539224624634
11497067153626032,51.031729340553284
491395277562110572,12.792393088340758
22810860818781151,29.656573295593265
10722232526343809,5.053394556045532
44399766843015338,18.955926775932312
11688291690728030,4.245914340019226
4537605779584371,13.420989513397219
94231077999352852,2.9669159650802612
52034559092449349,13.73625373840332
1605866851211315,3.1624772548675537
1986233025460582,2.1171224117279053
102422958402675246,36.152549624443054
13401702446490306,10.634787201881409
20944155164353035,3.579759120941162
29879474387534019,4.63936972618103
103200368684564369,11.061589002609251
22885459637757378,12.841424107551575
124278505807392132,59.94952368736267
153277748162542903,10.43203353881836
101989327338585781,5.238705396652222
17174089865602648,2.1047950983047485
230831377250940397,7.381800293922424
10137655432410632,36.315871477127075
284625998406597605,4.984804272651672
11072919114515660,69.56572413444519
21158602759368676,2.2265108823776245
22508043216046213,13.343279838562012
157928582671726098,2.0385499000549316
25174533852587113,115.25664949417114
19405559814186476,19.46945083141327
26664304479915597,3.690994501113892
111039334828028492,2.551797032356262
107951256192075224,2.943246841430664
14976843311239997,9.226694107055664
24240598889902913,59.65695285797119
131349660822977237,9.92484426498413
113893535958567931,6.99248468875885
14252235753808757,2.1569923162460327
148394277486977701,2.6449995040893546
6558084033690799,4.846202731132507
33996443245000444,65.10373437404633
24699358549614913,14.29811155796051
17488496774228478,56.68162548542023
2994679753726828,13.45674991607666
38593794617172010,23.085766673088074
9421236202228215,2.577200055122375
129542970633464275,6.309721946716309
104158562542832787,5.459797739982605
41448044126809156,34.71492850780487
74736797186824388,36.80729269981384
126236298208590174,160.27693688869476
39853211361564643,13.365920066833496
15165873424282018,3.456676959991455
13599479510927735,2.6149673461914062
437440771630951,3.0150784254074097
12556886776203774,2.2969448566436768
529273033345551913,13.17896819114685
27437475282777309,12.6901376247406
91267911609370660,2.1815345287323
20819432147659619,1.3437211513519287
306611265269883181,2.4415621757507324
6705378787351342,19.642279505729682
220360033262145160,26.398216009140015
2857392991273603,2.496569514274597
72573344457831055,81.68638861179352
7828838946446759,2.6645543575286865
92717804002406763,33.72228801250458
15637886592596821,10.043763995170593
173831607849447504,130.79474985599518
295558269371079289,8.738178968429565
19978312861928525,5.825578927993774
5076548200687883,3.442031145095825
17744711416541357,50.64240825176239
20365147831259322,39.744616627693176
35465373761438395,19.961692452430725
31174550661760507,17.239944338798523
13903873274952153,2.9716124534606934
17818480628425430,3.6230438947677612
14359763173473347,4.049688816070557
28042449535264827,25.519927620887756
47526208464897717,57.2995023727417
23301390696450680,108.5440810918808
250909649843891562,24.062511801719666
15299526718724990,8.921141982078552
54303491893748773,3.4066379070281987
6527582787711884,3.498303771018982
89775413109144273,54.00568509101868
68104833290823646,3.106644630432129
9228431938060856,5.702443480491638
310087514839920531,2.720610380172729
16496621088126307,15.717193007469177
109368050611890164,2.9203929901123047
26197934295666919,3.732824087142944
90419905341911765,27.029931783676144
133253026236387904,12.676477551460266
111674313789568718,3.630004644393921
65418125072175914,3.203185558319092
65753466878963128,25.512197375297546
66674957891299410,2.682540774345398
34193149948414753,1.8442556858062744
8652341381209578,19.56028151512146
31668131979773276,36.52546668052673
1554506403467025,8.678499460220337
414915443394882302,33.04667401313782
4927183835424937,9.97652792930603
52644325916510412,2.9627472162246704
166775828351992363,2.726637601852417
382495864732500220,137.081401348114
23344645558343457,6.764750480651856
161484990604162819,110.05176091194153
50409755025306968,28.62464141845703
19585230935152356,43.736714363098145
7171143448476029,4.0503013134002686
41837414449267557,5.037440896034241
10293599917465869,5.523830890655518
25291266733340072,35.732157945632935
57857625506173278,3.4436511993408203
62518182380939813,3.254292368888855
155256390333065829,18.16800594329834
110868653412812210,3.294706106185913
102068097104091567,15.828999400138855
97649659146981602,170.60479497909546
4403619759514766,2.439048171043396
58674882905628274,25.350716710090637
23830004465777739,10.03902792930603
1426919650204191,3.971480846405029
22409568056443765,2.2602696418762207
4099951889844688,14.754897117614746
8001859281055231,2.8136339187622066
20235518941216807,19.674184560775757
68128610852251006,51.1248322725296
5078867284612423,3.042123556137085
106370210522631925,8.238649010658264
363601055205042133,5.771479606628418
12912098283597780,87.20913398265839
275230050482195277,7.651926517486572
16031321778606864,2.000544786453247
98942859496801444,6.541405916213989
30687046349598030,3.105347156524658
222885224463747441,12.827289462089539
203307521521520433,26.063429832458493
122869978230318432,33.477895975112915
1455784318525931,4.895187616348267
152035830507345485,16.014434933662415
8427324007638298,37.19643449783325
415196270219793614,2.160827159881592
1100397939219050,2.223207235336304
66175352134468568,19.080585598945614
81506130242096758,34.704765915870674
4187634526975226,7.723285794258118
23799681741848324,30.595524072647095
21350105107272350,3.2391436100006104
218063373813011870,5.91406786441803
59790633284200728,3.0390347242355347
26539769434879173,8.590368270874023
24396084560804279,6.274190306663513
119550767024156071,3.200233578681946
295614024907773550,6.175641655921936
96054807834341563,5.303135633468628
34314439988321816,2.7162084579467773
84403199413611935,2.3772506713867188
118549413736243385,8.28404450416565
30822009333485185,37.56719505786896
3465765594145489,3.0482378005981445
6056482059043274,43.13288748264313
85148618712341363,3.605053424835205
56949762240762286,13.41854739189148
20254163615011185,2.9124079942703247
105706535187731823,2.029338002204895
9280491047532688,31.233508586883545
11479854566157189,2.502798557281494
41001005282223026,5.601651906967163
85018506709550171,4.076337695121765
6696267022020088,2.4814999103546143
4587666884272065,31.84445548057556
192980908192620392,2.924701690673828
50159151230524076,3.240200638771057
52063244355881656,13.657956838607788
18159793238386962,30.41303241252899
10871901030045060,9.690528750419617
50026311852671817,29.538491368293762
76525645118677228,2.6063120365142822
25393129122869033,6.527222275733948
65020035118478744,23.1596018075943
9322294028678605,19.2244815826416
91024327468616265,2.4019670486450195
85804546931447601,2.5008041858673096
10554006729227271,2.6924270391464233
60564783387411732,2.6552361249923706
121214972203338426,19.135137915611267
19034108857032905,1.989711046218872
48602058916489927,2.020685911178589
3946088595909188,25.67448139190674
64678447273632896,5.454871296882629
127507043158991897,81.31537115573883
11762883742858799,24.389877438545227
22415670825539446,3.585417270660401
79781309741529623,3.8051156997680673
32650812891680436,78.59713578224182
13454197224328492,112.81545102596283
172061065077480709,5.411258697509766
3937881148577705,24.157769918441776
113304272211663816,42.873390793800354
12263724428021012,18.498469591140747
4252652424273404,27.624581694602966
73772051436979926,15.179217696189882
152276849867730357,2.7820420265197754
6518073484572571,6.583684086799622
87417691994580422,3.0877352952957153
54624217505157085,5.789627909660339
74133750847301777,8.735759377479553
99882254245873421,3.8314170837402335
22564561586738842,52.37903594970703
21969143602888455,14.08863079547882
27526558409042120,9.237733960151672
11812131857389816,18.230603814125065
20059167526033145,5.00986123085022
171576042691438461,3.8525229692459106
117337186854588682,2.4666939973831177
111782563918270426,8.320628762245178
11938889304764970,30.74222958087921
13421368643448668,4.129149913787842
129617149092232256,6.369259357452393
198781358646259526,3.309649109840393
156302694484594039,11.565802574157717
11282181303855245,7.9478760957717896
138408454886041042,53.09402310848236
11952394674101820,48.33824384212494
109828109685826566,5.840809226036072
11618095756529639,12.777860522270203
12813941765777319,1.853289604187012
19420412980841789,2.50285005569458
121806252538728936,11.143731594085693
20733434138935588,162.03284668922424
209833178089935809,67.07805478572845
15682329080447575,12.304797291755676
114315077726234918,7.050698757171631
19657684151067838,2.567908525466919
196551527277295766,43.74910116195679
10899555693040971,14.174515962600708
19041605811415260,28.019299864768982
11351150163909708,67.22251403331757
81838283465550177,35.88718628883362
33502273536312717,26.128742933273315
171564639133429902,13.31760048866272
5399044020050760,21.03411328792572
82870316147895770,43.217251181602485
13652500971053667,76.68820559978485
348968563338247694,57.316097259521484
45079785436510122,34.333773493766785
27216596450214871,12.165687799453735
445651174660937428,27.40876817703247
45983226396592055,17.36405658721924
197396056095183270,15.93718433380127
116678857123127406,2.8114945888519287
36905347000011935,4.7856285572052
54288363198147348,2.803995370864868
52834716889717268,12.016526460647585
25098900711073362,61.37850248813629
17974985203692992,47.818487763404846
9736002440894705,35.4336473941803
52764879364082087,3.5320429801940922
38692648396948294,74.41239643096924
447926688301724609,7.370527029037476
10883977414643188,1.7951833009719849
15374168120331284,3.556969404220581
2697878546436555,77.4086685180664
72291862674411644,27.370278358459473
47053434308598105,2.2835710048675537
37307671495575800,2.6702120304107666
85600996499942748,49.726035714149475
118365331027723443,2.937159299850464
153728648509898949,14.091167449951172
40946550970229175,8.074343800544739
37787064348041360,1.927350640296936
28813375404150350,2.4551849365234375
80041810376325138,2.3728431463241577
99023671304204678,2.4726518392562866
17018415581468115,5.358793377876282
333045979075319604,21.121885895729065
652063154710695,9.284377455711367
23577612642847100,23.066604256629944
287392906424834442,17.252532362937927
10135883719448613,14.52445137500763
14049981946866524,3.0008342266082764
25648450549690879,16.046862721443176
15440182990836210,20.252128720283512
28299745878010839,2.8473503589630127
93965625704450106,5.301498174667358
5367029309490949,2.686579704284668
102247753308052890,231.35268819332123
33401507899339662,1.9621939659118657
70251140498220408,137.17361187934875
29311333766627852,9.498604416847229
14629313813201358,2.593422055244446
24267071353634825,4.415648937225342
21245536829031020,64.34431302547455
34359170508591466,23.315021395683292
5432463160845770,58.06387209892273
87548721187699047,10.436499118804932
25603173029281109,3.130511522293091
272754350319523953,12.336408972740173
19866258438247900,3.048931121826172
1909037918452032,23.048225164413456
199811196793470313,57.35912621021271
128500878370536033,5.619011759757996
485707420831394,45.615744471549995
68925171074282859,13.718076944351196
72405821903013879,16.278823018074036
1708659698344578,100.07743799686432
113012111338555080,136.3838095664978
106837375492828009,7.625121355056763
15273840602843112,107.3720865249634
1476943210878979,2.2530802488327026
11653276385486946,16.295170783996582
2471011398545671,40.72034823894501
180578584128989322,89.05236601829529
4032655659820008,7.4809476137161255
11883518542599124,14.656102895736694
24935273774464855,3.7756175994873047
268395347758103053,2.8779351711273193
31802849313049730,83.55092740058899
189672889360168902,142.91179227828982
28130668286254134,13.382980227470398
24881137230773763,2.887762784957886
2011738064057848,2.094004273414612
19235514037458932,1.587029218673706
22279786830034048,1.5514702796936035
2536176108434517,2.493793487548829
177881319682661009,4.829303622245789
10989092002012959,14.92185163497925
21865021759007058,16.052232146263123
22658817077024432,3.3492670059204097
1787187444837583,2.72010350227356
28217123295435433,20.66654920578003
188438004930158896,8.591892957687378
17313902084426955,9.64050817489624
278716144833939235,2.165266275405884
110863751174350484,15.42311716079712
17957045812667353,65.83514165878296
31356384256173174,18.2485328912735
14137814267855481,4.344875812530518
212712227694090501,16.957427382469177
14639286713868569,2.239041805267334
16898513926187646,171.6252794265747
25645738502127597,5.608277797698975
249891225763172879,2.1704916954040527
135567366859701796,9.505262851715088
158004329698705698,6.655924439430237
296177837735679,15.073185205459595
30002440725420577,130.47944223880768
43598854998606435,2.4283721446990967
4011400041175823,3.6592764854431152
32999068966866260,2.7069584131240845
17810010062773256,12.180505394935608
7046630557754926,72.9359061717987
61244034133515295,2.609277606010437
110649118296310044,48.15781772136689
20860801348666877,13.150982022285463
20833923306549903,2.133877277374268
62896108438511509,25.88452684879303
73929480252066152,9.149569988250732
68103845268558188,141.35269963741302
64246330232496841,2.408780097961426
15238431253943346,224.37112164497373
9996706102651179,2.6079498529434204
482338583626598390,14.533220648765564
168410870526875894,18.23884630203247
22646606891693899,2.7365031242370605
28843005143107716,7.38366961479187
101992801936125661,2.4511401653289795
30145753482095474,3.7457587718963614
39485209352523128,15.062252521514893
956202886107468,27.03278124332428
11953340104264637,2.985911130905152
42666410457358888,7.7812652587890625
49428554470006232,3.883782744407654
66254729638246563,76.12311291694641
115550659408032764,18.376987099647522
49442667634751324,3.139320611953736
60394940000294061,12.746419906616211
66985881409821557,6.720163583755493
606475752898296,2.869402050971985
39994308011544249,6.523495078086853
101347044349056194,5.217859268188477
13960291344758189,64.85950434207916
16728753901707188,3.5196049213409424
82476776830035980,36.018823981285095
30981048133575061,23.68826687335968
42807989040699517,27.540671706199646
116117708370166785,13.860665440559387
110257910177269042,10.213563799858093
18254587038930140,3.4964225292205806
50634008358152019,7.56421422958374
3277203753957177,15.545817255973816
4452361512867836,8.729098439216614
128602251891302970,51.41678559780121
353839958431953681,14.272260904312134
4943788134014909,2.9300363063812256
5417425133365162,56.66042363643646
30990526145506041,92.12977695465088
192890853383337242,1.9124990701675415
7773442861030092,9.098062634468079
103263872312699938,2.47445547580719
10481900395370304,2.0086673498153687
127822192371972348,4.763359427452087
170605231247387800,2.340237855911255
103955283105909226,55.60999774932861
3602014769110359,68.61276412010193
14495646775376813,4.447454333305359
3344158290730125,8.845877647399902
12098368689071804,3.867722511291504
405180143722255544,7.350013375282288
2666763429563636,4.201245665550232
119441360440948158,57.783697843551636
9210675776399885,13.730045795440674
42398452310392272,72.65228867530823
3947093284314009,5.784989714622498
101297288243819973,18.878199934959415
3147255428183448,3.24403178691864
9148264969101253,9.38180673122406
10702285864796384,31.965572714805603
10293815792888203,8.337514400482178
10718849329058620,105.71033859252928
58321041741566471,4.488031387329102
27491921943440456,19.108612537384033
24896587052028183,7.471079349517822
28841171367839946,6.112237453460693
20066447040853515,32.089343190193176
86959867964968577,2.34917950630188
12417926371784235,3.2244036197662354
197425773056722302,20.89427387714386
23556202678635916,20.993880033493042
15109839745652369,1.973935604095459
54664437210365445,4.535719156265258
34146012624750199,6.730577707290649
7908186033487683,2.1090584993362427
500876257377784,34.744433760643005
4662265685909486,3.3735952377319336
268613397283007973,12.338295578956604
353444165242631646,1.9808868169784544
91972099601412624,22.43336284160614
58330696069615519,9.034493803977966
12149260043429600,48.940964221954346
29018944295494357,2.303096890449524
240118432750634137,3.2423019409179688
99821402694586971,33.50282347202301
12019032674284761,24.781361103057865
9808293737248525,7.759595036506653
57164688682466996,55.15757942199708
22758764616042203,2.8289337158203125
37981355849533181,7.137799382209778
13670404822629420,259.3104724884033
74874330552882718,3.194311499595642
8949528035994816,36.73685121536255
16863057972562370,12.279118299484253
11236598352097409,2.8601324558258057
174533761335058,185.83731496334076
28061077180484183,95.4742510318756
32887622484510666,25.929585695266724
3510904678176475,42.63195824623108
30218539777538029,2.032611727714539
63926955559519573,4.826220750808716
76978926380852017,4.412216782569885
6415090874763975,2.3782010078430176
123676199220634326,10.153931498527527
39141578696877270,42.530975699424744
454202495356292438,3.615904092788696
79963733675764270,5.068844795227051
14988155525754637,1.742715835571289
2080749976975795,2.5804927349090576
5755345254679123,23.797770380973816
42091400433174833,10.504742503166199
41255379509324449,6.865528464317322
345187299181497966,34.188490867614746
31739680755515201,9.318344235420227
27836055124265276,2.4429978132247925
62154618820088064,135.70462250709534
356985255519198375,14.377683281898499
442165389864054706,22.317680239677433
428062876615604251,15.270516037940979
303335082862193733,4.330035448074341
1445294910566383,2.1159192323684692
1982033228196237,10.691220045089722
10341466487156010,3.0210518836975098
2746047220948386,18.89724826812744
22029089827992597,12.607272028923036
96585954526903851,2.6013087034225464
87159308485743415,8.892267227172852
85694385449181072,21.910327672958374
32039188238465834,3.867374420166016
139994863451089466,4.455462455749512
62724210240470349,12.89316689968109
7435477782882306,75.6624790430069
27032600555889168,8.371102809906006
342432173562706532,56.79116654396057
25332656794339122,5.460166335105896
56896274438980850,24.481666803359985
171300837541249638,72.59642696380615
446901258722469977,3.050547361373902
66906561355153009,1.831155776977539
480739300982187008,38.65453290939331
21846125765285532,33.42194044589996
117477479961141908,2.4102046489715576
18155071108167486,2.7299100160598755
114873572691215321,2.8215434551239014
166789346292986582,5.255113005638123
215125318926848834,18.602841615676883
14616270422469202,4.9286558628082275
18513045168621524,1.8726909160614014
118494912780933474,2.6026084423065186
17825313053489742,5.665953040122986
12136635938135325,18.590057611465454
127079270916655878,7.395980477333069
15922838769075910,3.8286066055297856
181826798189310127,8.406668782234192
12834754743206373,33.09236776828766
13480722015667031,2.009942054748535
13284276258817087,3.1794447898864746
1768172576418715,22.94288742542267
87913640560474761,24.54837203025818
64001858668438532,2.91986083984375
464470510057529085,44.04536974430085
198525910199192493,2.430013418197632
7645165774860774,2.9504107236862183
60846235134089712,2.3019062280654907
79756321510232575,1.6534836292266846
3755384103365887,6.20560622215271
28766055060806708,10.836511969566345
167444796419363607,2.0700478553771973
33336325831711488,4.217150926589966
396332885484403669,20.830142974853512
69697520719261068,2.6934802532196054
24317185434482641,3.239617347717285
27128121773722983,2.8153347969055176
3637049094646590,1.7940870523452759
94897232811258114,2.532997488975525
46587082486737746,10.448524236679077
78467444329332034,2.0162867307662964
4839935553650816,3.1606181859970093
7285258310473481,2.124412178993225
20053248097261087,38.548711538314826
80936769164213894,3.0067334175109863
15341245251080172,3.1329478025436406
44118914172852736,4.058197498321533
63605619931918188,2.328890323638916
107513085938561179,4.401201486587524
39195896026214985,2.463491439819336
47568858221203623,4.372022032737732
19360187080209792,14.712079524993896
19630553722843092,1.737290859222412
118640280636692215,2.766188859939575
15645903043095378,6.11958384513855
27237805394454361,2.05918025970459
30621658434029939,72.8352301120758
79892411706704160,12.953136801719666
9044023870570730,12.64226984977722
72982175555545452,30.32732903957367
67594768991026426,1.93096125125885
7212752003848104,4.742979884147644
99172376918749682,151.59982335567474
9893408302018785,16.17068076133728
4627230623051149,6.4024834632873535
17555922779135317,2.54683780670166
317052006904083795,15.176797151565552
89571880448440438,77.75217962265015
2474987769698600,8.487084984779358
6656690795856951,24.689456701278687
127264709317303190,8.473055481910706
19527515991434708,16.98386001586914
87048416608424643,19.192460775375366
23553278223992429,4.697695374488831
376689781061107076,47.92314028739929
117169562334722844,3.559321880340576
572214788982845074,1.743302583694458
60499568208248561,1.6972650289535522
4612387144595225,12.21596908569336
199327420503063504,16.529784679412842
14587359435923160,2.4714837074279785
3500338014359925,13.508773922920227
371253029702747536,18.556229591369632
37595822866249681,9.246910691261292
6292512919658458,2.204857110977173
29453059386569061,1.9277359247207637
104872940363547915,2.905818223953247
170406690374712888,17.758683800697327
31720807792811054,18.430822968482975
17642410413950028,2.748839139938354
1307086958435646,18.18582332134247
14234187459915092,26.419225692749023
150286140920060722,2.5058521032333374
83559001154938372,3.40368914604187
15701137085873928,3.400087356567383
21737672124951954,4.118818283081055
5207820555183045,15.81754994392395
6647780826608220,5.655151009559631
48314884911064248,114.07983469963072
159192211545292580,2.6500797271728516
24599204686554531,2.590198040008545
32362742810480933,2.271009683609009
54417982027936761,10.310400128364563
116679760336076307,2.671082377433777
29695492476557997,5.4432432651519775
2499096115052197,3.826528310775757
1676995737972392,27.708353877067573
12317889286688505,12.834477305412292
30396106698110385,2.5144741535186768
22089108470881081,1.9397096633911137
126033636711421546,4.982517719268799
5852962737010098,4.216697096824646
255380122786840011,27.776010751724243
257236073432456080,14.853188157081604
21157901934431775,5.022175908088684
99471453891527522,2.762455105781555
142451384323939466,3.699596405029297
31082938790417398,1.7922793626785278
426878720036850535,11.57746958732605
238349126452399924,6.976707935333252
26286436825169139,2.3593167066574097
4575498349125757,60.71104419231415
45093225978059323,3.1399354934692383
8458275731832457,4.849919319152832
136263604316210752,8.464640617370605
39418304086349564,3.3887009620666504
70556997162365562,176.5417206287384
93055000154167452,2.836454629898072
21529061122964636,17.112014651298523
28396244405212156,6.485821008682251
1364596647431603,29.801919102668762
3187449789695672,5.2937257289886475
135525088263465188,11.988542199134827
18356103319521288,4.8080925941467285
310710990452779797,2.5462279319763184
13665574072889801,76.93901205062866
126476507943960074,4.6039018630981445
226014565860265924,60.21710550785065
19989433952409442,37.50742208957672
151177042529119594,2.0523842573165894
106239575614808362,28.163621425628662
119451324081160337,20.525536417961117
26843542792492523,6.1977618932724
14844798379623568,23.48520505428315
103680787705149948,2.0364186763763428
1260931986672348,2.1428200006484985
27060056044374510,104.8557870388031
6411563881790013,2.135945439338684
26546575575923685,2.0842225551605225
50342872795473715,4.820038080215454
132733180530191142,9.157751679420471
645279585793679,8.745613098144531
147970371509985999,6.231438755989075
26096831133914459,1.9379249811172483
25837247522423956,10.693570733070374
298913509826650415,7.72868013381958
12547551991224608,2.671732187271118
148220750498706964,2.408306837081909
179981277407113348,16.272504925727844
4702732342774689,8.620395064353943
255577428650162092,3.2551761865615845
26665936844762055,6.142909407615662
21380761035175002,59.63883185386658
5770942684045619,4.969548583030701
27126660813717823,2.669065237045288
15450268463952343,4.02851128578186
83146525250018994,5.201379776000977
8275601332150531,18.26652216911316
26872021404196838,101.34949839115143
31849467294299101,7.554770469665527
7343355336364189,31.60680067539215
108428343764037038,1.8180847167968748
93345383200732502,13.232912302017212
38626768403994530,21.936337590217594
62527406578786279,42.92568039894104
80752114813123305,28.782199144363403
67473623867406524,17.597164273262024
7016541528093160,6.620461463928223
211413442929859647,40.518086671829224
86340070343554316,16.701114416122437
27020656778119321,6.42691445350647
18203984001100286,1.8168419599533085
40267800437919491,1.9518556594848633
108844229079193793,64.29269325733185
58652596617409461,54.24833285808563
125472580384194243,1.450194001197815
196540257724975504,2.766535758972168
69334088696898781,3.043617606163025
86845126514674169,59.64738464355469
78933549700117698,13.664560914039612
1359569785745049,2.499095678329468
123101602590750393,6.2441565990448
4139625811693798,11.701985955238342
6807644770242971,2.1078641414642334
20798257787948527,9.193562507629395
2070745972498129,2.380103349685669
205480778910644829,4.542978048324585
66368304975181789,7.101731061935425
7146391688455601,16.29270625114441
24280712216155743,16.480640292167664
39174238411247800,24.92815399169922
25300987355264113,26.959339499473572
35941256945788025,137.0878963470459
14924590849100884,7.06818151473999
378679423401611209,29.763479113578796
107160684133660393,1.916483640670776
12344727425294306,31.292086362838745
152068294225780690,50.936124324798584
2208752863411997,2.16392183303833
42642716357626603,68.74489450454712
11542248333354259,49.89332103729248
45692495539007034,9.921914100646973
16873929356179415,6.397759914398193
50989197512256069,2.856144666671753
27736300115742219,2.8740832805633545
7295302169717139,2.3052821159362793
17493313120042529,8.39036238193512
23151730438271450,30.58855521678925
22667282440872742,23.961681008338928
220784612023742823,14.089589953422546
6015488726055651,2.934535026550293
10111746400963206,16.56294083595276
33192630388216002,3.305938720703125
13663326286517387,5.949824333190918
37026079273383939,29.184560775756836
101716407741402717,11.923842787742615
1260795533017856,2.4611836671829224
11611990784143830,4.009939908981323
155562122587730881,13.163594961166382
220429341967826613,27.721928119659424
19218624000282013,18.46383571624756
46631591455650664,3.640131115913391
95410572716608960,42.717249751091
124451907731020702,14.093791723251343
47968886149645266,148.71536123752594
185749869798905963,6.536276698112488
40168772372986296,18.21150875091553
59553878397253982,7.6390745639801025
16575029384902466,7.132705450057983
18682017874588008,36.60009014606476
53150401722532645,15.985459327697754
13704592836881256,6.373719811439514
112643285127585510,3.036600351333618
12689415538781420,3.7899138927459717
48971582538252661,37.57907545566559
78922349344536063,2.911871671676636
137607425429320112,2.7538609504699707
295054843803285829,6.331060767173767
14443426118032922,21.95447266101837
50536828532688271,3.533415913581848
15682122975772975,42.78337371349335
2720849667743944,88.81596088409424
14348035886937216,55.88750755786896
21940945174970847,5.5807271003723145
103962226628433570,9.75742483139038
8196922984368737,17.87032175064087
75560664928839004,3.5637179613113403
8436952205447780,8.097867727279663
16224675928708957,2.128652334213257
90243938065662867,30.387756943702694
124380860840972911,23.008468866348267
45913027014445490,2.086757779121399
122474434196339838,29.906336307525635
57079419680492888,9.799418926239014
40918949729684316,20.34905850887299
197765646434635530,59.32676434516907
37433751657626043,14.207971096038818
12157782281297661,7.63942551612854
22639419499038327,3.865652918815612
6087493925630374,39.82786190509796
31242763223570328,8.327208995819092
72563089142622434,3.178763628005981
676647506368946,30.463247895240784
30251979144322545,13.916284441947937
143869089647058949,35.122138142585754
7259707574042868,81.50227069854736
45552676942241233,17.32380485534668
419827867956841014,9.215287804603578
4868420427973719,90.58531045913696
87395759035585286,2.9735202789306645
11737797237781921,11.23966121673584
54605397068860780,3.060294508934021
91625248847340761,6.8050196170806885
110700930194087360,3.483648657798767
350624528824884564,3.298614740371704
126277199442590429,1.7836591005325317
11200956540497431,3.0110363960266113
15277383036910949,10.904725074768066
130978749632819060,6.461035370826721
12937057246008236,4.052073240280151
122589425679880562,48.01738154888153
14943083693575780,32.51704752445221
153496603031529937,4.248805403709412
18513431128549715,4.746564030647278
15999856999736429,13.388556838035583
20229514864927335,12.433870792388916
15511815798867647,62.472922921180725
108782520343015025,60.13607573509216
106724997767574971,52.79448676109314
154002821857802277,9.219151139259338
19090228761744637,13.780144810676575
21745384964068676,2.7717442512512207
31757725675935404,3.007045865058899
7916506192497336,22.736594319343567
124011975671125549,3.02694833278656
27195437120445246,2.5179784297943115
8249476069903950,7.249700427055359
94478252301500115,3.2455024719238286
8363094983365387,1.9880098104476929
17808806541745713,4.831149220466614
31967133523346048,17.26568877696991
428503092849587920,37.259488105773926
22076698918687509,17.147432804107666
127824734095933045,11.220051527023315
91677386830437246,2.4130730628967285
61218302677607034,8.968331336975098
39620474952268766,2.635807991027832
94915536677622832,2.2156442403793335
3944922950647818,17.383442163467407
71488234114223184,5.543107986450195
95490635436537273,8.236534357070923
310111041279898293,4.656924486160278
369063353231934321,15.518552422523499
358270969683719958,1.7322202920913696
7902003973441865,1.7452936172485352
117149812167292096,3.856406331062317
39407297329918179,1.9552781581878662
19900769235193071,3.3323073387145996
245724238040230004,1.872833490371704
69274609454105864,17.101613521575928
81069776747224024,71.85523247718811
99078177971234322,28.080471873283386
29275932154287726,7.505180835723877
197226040320423186,139.51810896396637
68334495234014599,5.8111488819122314
32002972067725388,2.2777904272079468
28066889555011327,3.167489767074585
16993288256164062,4.3572176694869995
22318986515122395,5.958957552909851
254111250360453232,35.99128437042236
52339737301002655,2.3375808000564575
107813155684948015,3.6768405437469482
10045918611432373,1.744144320487976
4460685948766320,12.101890683174133
59415131402969188,2.08893883228302
25078217484234223,45.48785483837128
121724752304254008,5.027289628982544
42421801139590253,2.9101576805114746
24235869409440036,16.162789344787598
840580710636734,3.1955617666244507
17609959793457606,4.286779403686524
35381338725281729,8.888874173164368
170621168190063754,7.09727942943573
74892098811953595,10.606676816940308
66079187861058005,66.09976315498352
292343656570422184,33.93641924858093
506293405185970,2.1006217002868652
35406612725807750,7.635230541229248
19758546767090530,2.191428780555725
36966727721701432,3.3903822898864746
236203295562089892,6.574444770812988
106609031083563095,2.048283338546753
7779967136500106,61.59043896198273
1135509782546345,2.357593536376953
95797827360442476,38.051085352897644
481249385106989391,1.70388925075531
190865658703375747,21.60603439807892
65161942952934,67.35098731517792
61682213372672738,8.543810963630676
30304666960863866,80.02005219459534
18210487695345834,2.5064167976379395
67334454571310755,3.2656936645507812
6582483848061946,2.971702337265014
36256779377476260,1.8303172588348389
202822676102721016,3.600222110748291
4902276474675946,3.012298345565796
191928999762011343,4.025076150894165
1736689811307240,2.2540146112442017
14469667017377772,7.1971107721328735
172895881514095973,13.926178812980652
41477597757243050,221.3055238723755
82463209068026648,50.36654877662659
38962583308700308,3.0798122882843018
64795719115508710,42.92462921142578
47395208435961672,9.473036646842957
373978606126429863,13.492421627044678
1480795025513688,10.200562357902527
116312792079743685,1.7125229835510254
25565820353364532,25.013733744621277
124514021833450670,8.345908761024475
197860318578861434,5.598498463630676
275909915403128211,25.36357808113098
13621780905987414,3.1279096603393555
12953432264108014,1.7267324924468992
120675470612974910,14.928971767425537
22980277743625958,7.560639500617981
112087050927866917,11.7622811794281
101940103448022419,8.444029092788696
25217596135705292,2.6385338306427
116011729460041489,7.171737194061279
15401410009118020,3.059733629226685
26837554421011377,3.835613250732422
1542065923721831,27.622320532798767
82237684305810323,2.056494116783142
16170821669196807,14.97190260887146
2140754809087050,9.842360377311707
32111483662945083,8.84089732170105
102293325056782340,2.8644341230392456
143915590787284082,50.67814886569977
120859001722527366,3.466990232467652
99961198873470690,75.58617997169495
427773296025362301,2.602243185043335
17963536376842251,2.1948388814926147
25760492614056708,18.168840050697327
5826868320741910,5.253518342971802
23889889439058762,6.131846308708191
40162530476715848,12.227317690849304
46513825926298052,57.91443657875061
19460308627345448,12.817198276519775
42491510788196449,22.861918210983276
46458575405587638,56.985464334487915
5057541996817000,14.16182839870453
243855658037941470,23.039638876914978
17734087506879446,4.739555597305298
25439092054236562,92.2428903579712
260046618631247353,2.953160524368286
16763183095004125,3.600142240524292
4479689460284256,13.699804306030273
6262849201264185,71.75619697570801
29577216174754422,3.0548547506332397
95785875628555150,12.885717391967772
21131681401651656,5.46539831161499
364516298547054775,9.562518239021301
128283210171545424,3.090235114097595
1791861795185998,7.046717166900635
46919786502981468,59.557952642440796
26899965676320303,28.829057097434998
107617291851452883,2.661739945411682
19564876143394246,1.6939105987548828
30359231601772670,2.2512543201446533
292518945747621859,1.82516610622406
2487306551966867,21.72571885585785
45432613606058879,21.639020204544067
122511644979652121,3.4248545169830327
15004093605617057,13.848382949829102
90731513502640130,3.109736919403076
25888964145228693,1.7171424627304077
17964734802697701,7.452168226242065
403439440334328766,2.6004366874694824
71427307403952189,7.525047183036804
32806276158339575,3.495167255401612
1959517509180593,12.844595670700073
9733616814849195,14.179352521896362
13062747700584966,2.764443039894104
31970620170364120,32.12806987762451
61071100014436617,20.016631603240967
425618717956660586,8.471292614936829
34377339156113164,33.323323130607605
18725080840846344,20.60457611083984
9198748979693125,26.975812911987305
75623183677404478,136.29385805130005
16612221614939515,10.644533514976501
156833685920524248,79.14748799800873
4777239209847457,3.2310631275177
130508688984301424,10.404792428016663
15593682556448301,1.6650919914245603
36401135836940340,4.210410118103027
13347560477298955,3.284964799880982
126642244551555754,19.425084233284
7493483148574668,26.615418553352356
34661811376321465,2.062518000602722
145796136013215596,6.527737617492676
37262752912406545,18.53338921070099
35691171491309702,2.630183696746826
41282734002666546,14.962722420692444
73660731491481932,11.77564036846161
30321841664421141,95.20910048484802
26213434108640173,32.61281681060791
33589445223719179,32.508092164993286
31015974416654401,21.16166603565216
446831955980961751,99.32726883888245
231186427063876787,43.14614391326904
12946107279210020,19.706958055496216
123885826606623466,22.698704481124878
1736502389959476,65.91449022293091
209702711935391252,2.4902474880218506
15196831760267805,18.076302409172065
48332463132142549,16.289119482040405
8134986690521119,10.631486415863037
52003530967032193,2.4261144399642944
6216675936523458,23.356178402900696
22145417878604338,3.137370109558105
370975550687190,69.99544668197632
18611516100066042,2.437143564224243
23596417190596115,7.699369192123413
38866984970833604,14.303014636039734
48239770565621740,118.26955819129944
117681875868967381,12.00585830211639
113938599260329849,32.91798460483551
57975958484449489,7.202725410461426
111333331678330423,52.98262667655945
1044680763645955,22.104238748550415
52137675541246221,31.1841402053833
33645718450529628,2.5253690481185913
139298258251423081,19.503751516342163
86558514540905107,37.071940422058105
142524508294062965,2.6957461833953857
2985593800548100,6.837344646453857
107023397531181312,18.61793303489685
26760917008872321,6.614725589752197
23067035370401610,2.194467663764954
14624023353649107,20.039597153663635
14549109656488402,27.903835892677307
93433335318444935,22.58184015750885
6139502750704122,27.22847890853882
32340758354336709,4.747872829437256
178963303091650490,11.19720458984375
64400212366123577,6.936402082443237
3336305626352884,33.61754930019379
51225272976971636,58.19103276729584
121878153823887483,3.9313864707946777
23780550748062691,21.060165882110592
117169647396144385,3.2949581146240234
53525374653280010,3.972114562988281
36235985743021590,22.137511968612674
3085758903548498,28.24620509147644
7377727550728711,2.5436761379241943
5480728521777311,3.696201801300049
53767427340106081,46.33578598499298
43372652362324310,6.618369102478027
11381816531984749,4.936662673950195
14614143758929688,2.4699859619140625
168456470536512912,35.995919704437256
8221060837763448,43.51898443698883
1396167184561721,38.074584007263184
197219699559113869,10.035266399383545
80775113203936103,2.587120771408081
3026795800414628,4.71145498752594
21289579911912799,15.984574317932127
3546331431750919,6.43061101436615
14743015921767777,4.567767858505249
1775838719768439,39.96097540855408
30370532456984557,4.984482169151305
68621648521133076,7.95514178276062
27130188617666083,28.42156124114991
203612745290344552,63.16463232040405
52153793599111962,9.371755123138428
72800059016415160,76.04795813560486
29396291838162942,2.201431512832642
4490956792700450,3.338297843933105
7722624121259360,46.46604371070862
93585152739263933,2.881978154182434
61371079874535480,44.38148653507233
43341539775678634,6.834059238433838
40364217980088948,8.359806418418884
36061749505108867,38.26138627529145
3082865662745712,44.3008348941803
393432362227976482,61.66967701911927
81423964235686973,3.589637279510498
40095466643415636,5.401187300682068
10955758768599435,2.2679495811462402
51082485972099115,3.917277693748474
21546899232969990,12.310952186584473
2026900623493661,16.98670732975006
31626822409072116,26.3737815618515
23309284459567072,68.25250363349915
20132465254890008,12.441018223762512
171201436183534776,4.4632309675216675
44646155038105495,2.1493831872940063
12482027869127037,3.4285225868225098
28605830072065528,59.59392440319061
233822671026300079,8.656014680862427
379997950354437,3.957116723060607
7348113928833030,8.279728055000305
37579107212721812,107.0599789619446
125717018915293335,6.428428530693054
15083325088776131,5.376520872116089
12926440838526123,28.734859585762024
11953412643791677,3.2521169185638428
17207972866556319,50.33180618286133
12983289833101397,13.615373849868774
15853358767088836,25.834614396095272
11037789766877516,12.683927655220032
21119354020986359,5.285778284072876
19098804459795345,17.263346672058105
12450046923910606,36.23830735683441
14006990953460532,3.2203853130340576
13008116776024440,75.00668680667877
114885249262014141,9.182708740234375
11402509935744860,190.9225492477417
101921338202525191,11.460866689682007
14988757806596298,14.830584526062012
108957107733114286,2.466476798057556
21015664427979115,8.969850540161133
127381544779318441,125.64846432209016
13174740258025674,2.1656031608581543
19878874837428958,136.87710654735565
10441662017577943,2.220991015434265
192188547402260689,6.858954429626465
12191301620633116,100.4665162563324
118781061370135337,104.60030472278594
170411662869308363,2.6857229471206665
133964622352229777,38.30517554283142
42609450373979202,27.53657841682434
22372547401009346,2.835805654525757
24977046746377920,3.346432209014893
31486977796219508,6.886811852455139
67810545367997062,2.454171061515808
78989720682840909,5.3392980098724365
107409742292311680,24.28079104423523
122278862930794664,12.145786762237549
33580588405980154,74.12618947029114
225241288605605974,4.259351372718811
5726269451781155,1.8394643068313599
34822441434684820,2.279487371444702
11894483721835378,2.5614962577819824
100218491334032881,18.327128767967224
2331099160200451,7.1165302991867065
360039838852778807,2.459905743598938
8549765784069332,4.31808876991272
181049026720307402,3.0829144716262817
495501345327022819,64.13325691223145
36737788414269585,15.91886293888092
33000458711487693,2.406140446662903
24101556346949446,3.339598298072815
25944534896843828,11.752709746360779
169890817968303265,6.259140968322754
44588462039161355,2.6083559989929204
22434516310285843,2.3689589500427246
6706668508480134,40.55659246444702
17869967140534544,22.425734400749207
15073190617507623,5.475919723510742
59770661223609606,2.0903866291046143
59503171196096897,7.232922077178955
369752397011849347,1.7510581016540527
2130864457921125,2.470520257949829
3085414136665512,60.067240118980415
4546219541825244,2.204332709312439
204727573637427503,3.606552481651306
96902343864137214,6.853758454322815
22190395238418397,2.619301080703736
3195608833052878,35.62855529785156
23225303567342383,22.106024622917175
27242478981741921,2.66254198551178
62257847702549968,41.132763743400574
71583174996308894,33.25180900096893
138478458230035931,1.8138071298599243
176077404580121277,21.972761631011963
90423711244262747,8.389314651489258
54495740757766434,4.2244250774383545
28606253809309355,5.077828407287598
146751916626750102,1.7979495525360107
55442670152173153,23.192991971969604
19044824801197801,16.707834005355835
6982822072140014,61.25849437713623
23084840398820567,101.65429186820984
27040456129521654,54.759968996047974
44333305141007668,67.81159365177155
8651725418650721,4.068916916847229
19676880411262238,16.93471002578735
16169245761843540,78.75621235370636
41241851942589673,2.399273633956909
707440647670926,2.444779872894287
204898144875440575,2.149124503135681
42479809817138042,2.283647298812866
56875657304501440,103.77699041366576
31940468052746491,23.50445365905762
119145958023017595,3.984628438949585
72626961239536706,2.8386595249176025
13033911660737423,4.234057068824768
46086499391353169,52.850833892822266
259858716850972412,33.31310772895813
123567153954327978,1.8295339345932007
157509838723212079,4.102046370506287
85776181512709377,5.15206503868103
26205698387084687,25.165057063102726
33703764580837126,2.160038590431214
71858225155548852,18.708059787750244
6031497164645597,3.0313892364501953
207353561171218122,3.101845979690552
6342978604942021,6.390601634979248
42576632347615726,4.323151350021362
49463794251349172,1.7726984024047852
139613974690501743,2.382947325706482
169484610476123461,25.80285823345184
81388931741776106,214.12250208854675
26556130301580081,109.6325021982193
32178553955246026,66.70732295513153
158234029177106244,39.04230725765228
160348246552321306,94.11584568023682
53811393916316227,3.9392166137695312
435599460961193526,8.345572829246521
246149366055708895,2.872780561447144
67147524082063005,10.470423460006714
159422707124124862,13.432489037513733
40341261140444581,15.627630949020386
121395796538829986,18.86030626296997
12894273103064433,12.750487208366394
21110783024045975,9.480442881584167
25877160800904687,2.3824803829193115
44530819866188586,59.73110806941986
65531260338459738,27.393569111824036
5047105299644603,3.22882342338562
3806554995645911,21.813458681106567
15189884470788164,2.618427276611328
17630698642784167,5.093103408813477
1116869979905334,15.294411659240724
18413936465347974,78.51368319988251
14689602935136504,51.02204740047455
29386169839019228,41.36831879615784
102770100575843936,4.099043369293213
1147863850069036,12.502298712730411
16330602743285213,1.816401481628418
2749837981592727,6.193339467048645
224995575854395216,3.6011300086975098
15927739214224476,8.719032526016235
1814364221881062,2.089057445526123
24115315384991083,15.380726814270021
115066597318415730,145.38745939731598
23646622666388315,19.648085832595825
209891509541808669,10.625268936157227
321047408051812,25.69053018093109
1600492997777890,6.989465832710266
1320129862603494,12.344553589820862
90567604880444620,3.2367396354675293
63080182273463833,2.5094048976898193
25453134990424576,3.087574243545532
98136398464514540,6.820803165435791
42549091225637544,27.35125410556793
19424577865792937,2.5435502529144287
17510194135042565,31.195905089378357
467766294632047999,35.228132247924805
367342457220160026,60.523056745529175
74107661928438987,2.3973817825317383
13444390139334197,2.284029483795166
25362293207222676,2.4652199745178223
102625234111640294,42.97344923019409
292772528038210454,2.544061541557312
39757618171388956,41.04727327823639
328794587749425969,1.9707369804382324
42602697418679215,3.0993258953094482
94295374217109516,6.365222692489624
10007663344298227,24.028501868247986
79851320024304159,2.7652807235717782
168565945626616983,3.2740159034729004
886670752578401,96.20446693897247
90302194995078648,25.29630410671234
40662391148801722,12.42816960811615
58575837949991704,2.1546133756637573
18647635555742819,6.465350389480591
20839445718300381,4.6074676513671875
111468703299027297,3.251678228378296
16682974905813782,7.4490203857421875
180292212156214461,4.008880138397217
297293934406159140,54.234458088874824
9562456856626419,11.95869445800781
243314625649250361,4.456695795059204
9568931085844928,2.938047409057618
109719452768966742,1.916715383529663
89600281505291833,25.702871441841125
10637855182917631,7.0295727252960205
75766551909459046,2.552781343460083
84836058559618043,3.322394371032715
73543714930486120,9.095702409744263
22715410761909710,40.09941530227661
107875609808864313,7.533921003341675
43057953121398326,1.424930214881897
67953553897629916,3.45740294456482
70693028126591407,12.285480976104738
42145051727597230,2.1683297157287598
181261858802326152,14.744479656219482
2128726536973729,4.958074688911438
5416500277279077,20.31198501586914
6996237410720952,6.5758278369903564
23283117538608638,24.67693018913269
188124404039826536,139.25193452835083
50859550056587031,2.0336238145828247
196899832095393118,17.11468541622162
89059446855539582,34.90517771244049
49664385815882563,7.458258628845215
291117437161370142,9.456304907798767
114170124537448490,10.942487001419067
1987293147255235,16.903310894966125
14549255024115486,37.64767324924469
245914440141629477,7.389791011810303
26003942657194756,19.64011263847351
27506000784318092,1.7830041646957397
70809538130437397,3.5605874061584473
22655608204756002,46.21756076812744
6908637292771639,2.621819019317627
14849337214013968,2.6394662857055664
20152466804047837,8.449556112289429
3748094438274698,3.587519645690918
395837452517998454,60.58162772655487
116898530891097140,9.824171781539917
449806698887000413,8.191583275794983
11712694678789075,2.02706241607666
15849274721804792,4.327471733093262
129107407168194120,101.56328654289246
40491099973961840,13.117560029029846
60936275029312712,18.17836725711823
174562219943520367,46.50506293773652
9938535980410558,99.48534607887268
90108687964242414,7.517867207527161
178652889966126908,89.96778738498688
303765473248082211,48.169992089271545
58700922513014544,14.30069375038147
17238498069599766,39.619547605514526
417851978930881197,82.42282092571259
12381350556429470,6.821695804595947
138243526855749447,29.84597337245941
112814422558584240,8.38238000869751
93625803494036722,2.654054880142213
61475505193896212,19.59667444229126
46055191336466268,193.2607228755951
15747347966361359,8.190232753753662
159807457653151002,42.12535107135773
2930906138692290,18.383180975914
20539643167210091,11.634662508964539
67325217772100251,1.8899532556533813
111027770658629631,65.02220737934113
80556471562623968,12.580311179161072
46528394986107490,42.81764054298401
96178342051420998,2.0607225894927983
26020775928817104,6.376964807510376
41698490296024795,4.2738847732543945
6422402536917036,5.228981137275696
22401398886052785,9.089931964874268
32751314233640344,3.0747439861297607
69492945098602994,31.446784377098083
557763050535901165,4.369231700897217
629196812724717450,42.91888988018036
475322226161501972,33.58760094642639
16134021590070745,6.37517774105072
47223492798901044,4.9283599853515625
15202320980930239,2.1856123208999634
27584549644225839,2.6309797763824463
119519609142873125,5.927276372909546
642693519908547149,14.943564057350159
19025374629683953,5.640981912612915
5524556103093444,11.58171021938324
64334604601511813,14.341272115707397
14329016386428271,2.516164541244507
49072320459075358,1.8970499038696287
51722713513846591,5.090564846992493
28430568873583017,3.102386236190796
12269823669502614,12.876302003860474
36185109100566086,26.84771180152893
120531189936128990,182.13703382015225
144319928930540117,115.8227288722992
4356832102931706,2.021094799041748
102682746176777942,30.098573684692383
121371552641411296,34.77732062339783
17014539811332403,59.425506353378296
7347947360523914,4.879919528961182
44004412641279164,37.134674429893494
424973913951489,2.9008184671401978
25020111128186657,15.22980535030365
82402746192218224,15.816036939620972
1298642206373879,6.114736199378967
11832622069771796,2.997665762901306
91318644352401872,3.1054959297180176
4492340045755597,6.833394289016724
8162913572343598,24.100101828575134
4072195735964902,2.5745736360549927
2695957848746092,2.582676410675049
145021378561689820,66.62003350257874
42599124682020127,26.009663462638855
7993526303878668,14.890714287757874
298433700966556619,31.00607931613922
31099638045869574,2.039194703102112
24717787293995910,30.916180253028873
109584553242780693,4.459657430648804
5077320164910667,9.711719512939453
80378491712922677,5.358552813529968
89438521921644513,15.906330347061157
73357688060838094,3.2024985551834106
497896201582026251,13.269769549369812
390311247241172379,14.69849967956543
21872724105854009,4.493372917175293
100121641106244096,15.414018034934998
137542413534851136,2.4078304767608643
109703278931629168,2.0894486904144287
20770344536172846,24.992395639419556
21335416949515307,42.71493637561799
125451382748649523,2.515886306762696
11902700479828857,2.174185872077942
125715167569552395,23.340185284614563
15108406245996221,1.9920790195465083
16317476038172269,61.63612186908722
20473207719133388,2.879246473312378
150546280337252445,12.879615068435669
190384701561050112,31.609533190727234
18969977450620905,16.185214519500732
124075343421213203,11.57873785495758
21268137864934985,99.14456820487976
103109752146524893,77.42781841754913
14061673749827759,7.853912830352783
12674338481131401,3.9454495906829834
18723545952247563,3.0369120836257935
169861315531891234,17.484076738357544
1386172955285086,18.143115401268005
14282041224433446,6.583205342292786
14417063895003436,2.5042471885681152
249929918180131319,21.611379981040955
37382275699742908,2.6275060176849365
19508483859357548,8.138399362564087
16042543600635612,17.1235089302063
46817941223112069,12.44107723236084
15242358260369384,1.7117419242858887
83922706054262724,1.6801693439483643
239382413338978020,6.936010479927063
18744377994879537,8.55678117275238
171326524705688629,44.591811537742615
9238701142071554,2.6816173791885376
27552855852577480,55.22657537460327
755598495017606,3.0559822320938115
75141906236903709,13.878928542137146
51052907209769590,66.8801862001419
15365414734365212,1.655996561050415
18082322084891184,2.398770570755005
482554035342574293,11.639843940734863
33332527593944498,12.096235036849976
70868192366658944,69.68433856964111
125535736886555568,2.336665630340576
24389675923670806,14.075206398963928
60333795443254597,6.255641222000122
93800163319976312,1.4273571968078613
31606671110183437,1.7326743602752686
10171816101931319,10.725337743759155
75919255196397765,4.916051268577576
78400823950364211,26.000367403030396
4080955826101908,3.2295637130737305
2146256561148829,17.265430092811584
123168954757762619,75.22075045108795
1945861533001686,2.146146059036255
60946741992296525,24.541674137115482
393626801611726498,3.312606811523437
87502873346023402,2.384529232978821
4057597409723835,73.47362947463989
42775556929277441,12.280322313308718
139759661253164860,3.1094470024108887
87458652258143782,23.93123698234558
84230420739437256,18.392140865325928
2855877560007778,26.921624064445496
12437194090257841,2.1073861122131348
20268832964063914,3.318963408470154
136452706257461170,17.44067406654358
13638187783078870,10.8202862739563
30411762518102641,4.901994466781616
6086492731286040,48.004093170166016
48437652386166435,7.076367735862732
64954184444234330,43.599244117736816
14672219916781554,4.8874348402023315
2892068605041081,3.1273322105407715
77891812933876036,114.22188234329224
118097620368023092,23.622428536415107
8693451030957971,6.6772990226745605
14013553280204880,10.05121922492981
54136421995167375,5.073983669281006
45560927405228439,7.575627446174622
60611141419076304,34.65458559989929
27195097553821724,5.590587615966797
327548991739461535,10.13362717628479
37340366985655094,10.92859172821045
26112216291693241,2.572366952896118
5967963917410307,29.545892477035522
78783369181714823,5.427680492401123
22137442802957601,2.476946353912353
43197893397378421,11.958532214164734
36409619485307823,2.556856870651245
169501805052463071,13.167994499206543
3447165313490215,3.3826336860656734
277550973043025670,147.24181127548218
17579599163424690,4.2112157344818115
222616737295682313,3.895779848098755
87937496634253346,119.7664542198181
36318975650525963,2.380711078643799
17339398509852459,81.75675988197327
10361303280849273,2.9674885272979736
1634653881695899,2.876372098922729
141245874152656928,2.472031116485596
269788018127824429,15.212522506713867
291985683639305,2.263859748840332
28345457608323847,1.7525668144226074
279410574564148929,12.480398297309875
16179124600681327,7.827049612998962
239193708805896247,10.731627464294434
11381499113989760,2.024232268333435
10242147455350106,3.654067993164064
13117580794977203,17.339855432510376
23334513188211063,2.497212529182434
275324520624200136,133.34607672691345
152991231482611225,38.653116106987
16437651619176505,9.685229778289795
26281198862614183,2.133481025695801
31682043979971330,2.700037956237793
1682190809972504,11.405872344970703
58768172192297939,7.903626203536987
18328861435038741,2.6942186355590816
214992451147631922,60.033082008361816
365197622117247385,14.066336274147034
105452429379457437,8.46342408657074
25313804925207067,2.965918779373169
210143441605535072,44.793426871299744
584251892838811,45.21800637245178
94225916228837995,76.53846478462219
114474206488880800,2.840354561805725
85634620960904050,13.553028464317322
62249447526533212,18.0412175655365
2596174587191147,12.935938954353333
279010692726155347,2.362303733825684
81413641826613,2.406461715698242
278450627447742606,22.061718344688416
18269494606194430,3.280549645423889
134252559761160897,3.8485143184661865
142290461230432651,14.654130220413208
115700099155829898,8.236984848976135
89680217529207740,3.0140669345855713
26450431854069876,2.1646726131439213
25314324433750998,9.138790488243103
2726423410957456,32.8927241563797
25555253208488471,14.071354866027832
375917749398789779,2.272978544235229
445322282994929016,38.456504344940186
207232082786719220,2.617489218711853
7847698019919037,2.3233946561813354
8136847198941022,3.059199333190918
28306667447780036,2.9048197269439693
14858641108790961,7.134959936141968
180673017175371684,2.650435209274292
32459969522157570,148.11006951332092
2992065600740778,158.3434238433838
128811319400559020,2.82327938079834
22546145543799955,6.3816304206848145
16924827939047315,4.660378456115723
470942465438902377,16.280391573905945
48763725226753321,7.969630479812622
11232167717949699,3.6417355537414555
194590893288615609,12.78528642654419
24730507094971875,2.7611931562423706
15752469032315227,25.40317964553833
8016581099107370,31.618305683135986
122750681094717438,3.056298017501831
29396524294510003,8.806207418441772
61982185218538526,235.08651888370514
33880916048593118,4.314631223678589
6100337108680448,16.578024864196777
69399694575243746,4.882874965667725
144259667117117277,2.955721139907837
19271522103972751,5.0600175857543945
449313286995832456,2.4913840293884277
324823277417632398,21.859982132911682
7806640133700570,59.81782948970795
19780089069404306,126.0685362815857
26229529513004256,17.43522357940674
2512391742281583,12.069701313972471
9117229163870774,36.2975732088089
181677025291226084,50.38233947753906
171221073467316653,1.831555843353272
129472295389510856,2.863805651664734
8971195702756007,42.52472722530365
45403155742670930,23.155733227729797
225341273800005509,4.8999199867248535
32914723078499498,3.009366273880005
470871938694237468,2.0729587078094482
29801160542929010,3.2351253032684326
50643946838373426,7.921929717063904
40465553643461948,6.6873207092285165
26033744554851745,6.101104140281677
25727180024043578,45.42372798919678
29355541026418791,2.9729135036468506
42731943575623426,17.357126474380493
110169658264783946,6.357830166816711
47628280568638560,2.724611759185791
105170839881241461,68.18319773674011
155728517833517321,2.631600141525269
296829546895753204,19.9666485786438
17696784614153429,7.596644282341003
351644915180808117,3.100355863571167
10188630601125337,22.82647585868835
75090079687390722,7.52745521068573
45278295795115496,9.771579146385193
4182963189635508,97.54957008361816
286617282079388215,16.38725757598877
186439457925804038,17.23762547969818
61427472986362532,2.885793447494507
56912193734765602,5.800915479660034
16992247669781677,2.6665828227996826
110094784185957735,15.093751311302185
160878076614973,9.907981395721436
120982554819956930,5.432794094085693
22919791588980242,2.619614124298096
29645512178501254,20.013878226280212
1865040622121349,2.016674160957337
936351885651592,95.21054792404176
90029584623910218,2.017798900604248
77248998008718562,31.146375417709354
12083147548234458,46.005727648735046
11805914927369614,4.1895060539245605
25346805036586097,23.51542103290558
11623606505697071,9.678383827209473
67614304863409484,3.3968207836151123
2005540512822111,4.692294239997864
12456357351849527,11.799339294433594
42410613777026287,1.8657293319702148
41720893731729094,11.190591096878052
18225767733546363,47.46926438808441
20508541003136581,12.489213228225708
79551109051669789,5.940444588661194
115160429941623573,5.4411948919296265
185023326195338716,3.987550973892212
35506949591293927,72.22115516662598
4025940725386610,9.101645588874819
14784620949497719,32.00718653202057
114679198567461166,3.7178874015808105
44475024781363506,2.2035109996795654
64386449034225759,14.620779991149902
235398024570511180,18.835620522499084
7051168405050207,26.8246876001358
25920100654690105,9.033574342727661
7212286786807578,2.274420142173767
37071064948853142,6.7473384141922
75127060229680394,30.868503332138065
111968598811980294,27.2113630771637
37066905113715636,79.89398837089539
10031709041357713,2.1759536266326904
6802538205397134,2.6917011737823486
124824241780794005,13.727727651596068
21204663472684638,53.533217906951904
18189341889804283,2.3945682048797607
1570067999022275,15.5526522397995
20196995368310901,1.8211443424224854
86879880456715667,5.985506772994995
20821977609545073,3.7731876373291016
10936217642800305,20.211511731147766
209098090964665926,11.250682592391968
10001989645935807,2.069119691848755
20919925511958375,1.80517053604126
191843515682454446,4.594619393348694
181171313267878688,3.449702262878418
21788482101356006,2.930933952331543
13711479896377593,73.90968120098114
143152295471887051,32.0340222120285
15073431481359986,2.712238907814026
1325439256391983,24.909716725349426
104475118403537775,12.11842429637909
16403007205336461,5.174806714057922
120352716139158010,2.3127763271331787
112918498713395921,21.323862552642826
10438609601528803,20.074324965476993
129247293009889704,1.9047905206680298
15683707685676932,2.6050840616226196
15512788357483905,22.528069972991943
12936658222443944,11.608396768569946
1259531079997059,2.8638490438461304
1125559143214827,2.0480124950408936
