,num_samples,num_classes
345222972187152031,456,19
50615341238722148,456,19
55283887432744401,456,19
294298717339641819,456,19
144736143392187834,456,19
46892431787287090,456,19
80624705652681678,456,19
11867752120470166,456,19
22789741927325168,456,19
16662339208596574,456,19
57801146441732660,456,19
16126703496455461,456,19
471726319217819204,456,19
69357963598186237,456,19
57936774984049232,456,19
109483860633104040,456,19
63418917565243533,456,19
7842812135112278,456,19
7752002675748699,456,19
6208160809085086,456,19
85737362293581491,456,19
29090959227789333,456,19
53482424371245635,456,19
7188227013904142,456,19
118374992182675281,456,19
94921768384131758,456,19
18467234329667972,456,19
28798921075665767,456,19
9511947319230830,456,19
9793105592978646,456,19
2632383878679747,456,19
6225925391521215,456,19
71909733182411461,456,19
229581059648261980,456,19
1300790572247429,456,19
94553654778916875,456,19
10230238713095848,456,19
17026385896475648,456,19
133625097407040903,456,19
190364240137130594,456,19
13198020097000394,456,19
79770917207900544,456,19
194593626491108369,456,19
461780682997571650,456,19
188437552866192896,456,19
5832459478214036,456,19
17384133931472973,456,19
40772635308267757,456,19
22143460129649509,456,19
7396828625212034,456,19
29031195553631734,456,19
88059400730188117,456,19
377043153393836139,456,19
89585954411223983,456,19
251700859113926104,456,19
1856998313113918,456,19
62411666139327010,456,19
8105041344927782,456,19
129671857670917560,456,19
130656775959211818,456,19
75732331274209482,456,19
18425143119380126,456,19
5507392730047327,456,19
36124986495600513,456,19
22230899107177818,456,19
5947669352501604,456,19
3662248047950828,456,19
26838858099122448,456,19
396346612272108314,456,19
40260947128086846,456,19
11621909250883227,456,19
37451004202147980,456,19
57272728109898334,456,19
37132718295355367,456,19
421592996225086074,456,19
480183588875415730,456,19
207493369308410333,456,19
9847638392273697,456,19
290573243334487452,456,19
49626248526253498,456,19
70497243869818458,456,19
38236869579720151,456,19
113634245023065688,456,19
59669472104099187,456,19
65734733054628622,456,19
51866013712187602,456,19
86741227545813298,456,19
63085296420592636,456,19
50667850091135764,456,19
12447875998793882,456,19
419111838110904323,456,19
109398657732453384,456,19
34665460854940849,456,19
29481527163163181,456,19
40940637241540560,456,19
45210896959705634,456,19
17425647825708421,456,19
31352476896683915,456,19
28336080560505215,456,19
22938440168259391,456,19
12244073697546568,456,19
2276416530687061,456,19
136828967523362997,456,19
17844228569568845,456,19
13176267399429300,456,19
154557623922092692,456,19
26640753209413212,456,19
186489814544883159,456,19
17533608716848970,456,19
23660578091209598,456,19
2753002277309746,456,19
121165667379195936,456,19
18490258494612199,456,19
27261059891101528,456,19
136017843913446998,456,19
265932084934845722,456,19
161815212912911782,456,19
237244568830518023,456,19
136758687744547848,456,19
127726962214524020,456,19
32202006076398696,456,19
28825623615294007,456,19
40759094567563039,456,19
28322063806168158,456,19
12034442897883310,456,19
130462675065780488,456,19
95295376922868455,456,19
155962234465488280,456,19
7613109617965750,456,19
56530737139211137,456,19
226175652230195937,456,19
346368543643885613,456,19
225341577864343245,456,19
91400698872952960,456,19
89724903260494802,456,19
18745237700155003,456,19
27093581119752221,456,19
71053259545142145,456,19
40322157912456462,456,19
14892305505884770,456,19
15254763561251266,456,19
17218409501616383,456,19
94632502183352961,456,19
150546290791370702,456,19
2066407035816630,456,19
96085787692379210,456,19
96420395973280128,456,19
100029732564441766,456,19
206663618937411163,456,19
46352977059420843,456,19
24412669511977375,456,19
29850584050787861,456,19
386481570075839764,456,19
118317146044782592,456,19
29270475523112397,456,19
206187366575326766,456,19
15984392245871402,456,19
191454607807515433,456,19
88324213895758645,456,19
26144228081430321,456,19
4195626266793581,456,19
179531718081849480,456,19
177897324608758,456,19
7848657408045151,456,19
95981151491795328,456,19
12865669653850086,456,19
5681506125377287,456,19
2552331030042358,456,19
20824262599096898,456,19
7111396956531503,456,19
415726692805445278,456,19
23216711555843901,456,19
63375663385012313,456,19
354520234490891419,456,19
123290456614156432,456,19
16773090500213132,456,19
121762458255588202,456,19
10291967571138863,456,19
26300581749904451,456,19
124879030232869236,456,19
229136786285498655,456,19
208523736909530549,456,19
11322842975319120,456,19
310012052318901843,456,19
10435646960014419,456,19
29839652072324179,456,19
250050498225893433,456,19
23015399861133886,456,19
3041257484471558,456,19
102080910836505699,456,19
57138601495089425,456,19
11432922914215262,456,19
40994301710317071,456,19
17978800732359475,456,19
65541398356356067,456,19
125066765518490703,456,19
106323433484026506,456,19
13688029190574151,456,19
28056512105822864,456,19
67646309961070962,456,19
126121025326595780,456,19
69383195419785319,456,19
135928169144377120,456,19
30435874362552679,456,19
12860181206599429,456,19
121041346569761327,456,19
147896529283070794,456,19
128632951886487383,456,19
196996099371709521,456,19
101087987138267592,456,19
51198487152919621,456,19
881626050706053,456,19
23902269669855422,456,19
26506406067679689,456,19
5380262725741239,456,19
65059743554654468,456,19
2058583216026356,456,19
31026146583071442,456,19
88270067816039266,456,19
2483959696962249,456,19
12777744998454764,456,19
26692190244249315,456,19
960855866444095,456,19
103086283406927052,456,19
465084897249007066,456,19
27561595849752593,456,19
17249505180800595,456,19
96698923248274719,456,19
47128484853026796,456,19
73806691423520054,456,19
244873736748012212,456,19
7624716730609869,456,19
26651502078059767,456,19
45251878787222763,456,19
99700897847952278,456,19
153613306767029145,456,19
103112631330070842,456,19
370456837146222820,456,19
15723725363795697,456,19
28480293908880863,456,19
51732776956465181,456,19
248805706678587163,456,19
12720751092012178,456,19
58760767441896221,456,19
11918233197845660,456,19
17599136373908058,456,19
69767865889326348,456,19
247891385769741396,456,19
20680899311035713,456,19
224105236529199349,456,19
235383010996857036,456,19
50381597215130347,456,19
18036059077075873,456,19
123430005663565670,456,19
77827767794425027,456,19
47813800633677816,456,19
37115511014380519,456,19
149787809917755917,456,19
19592878060234507,456,19
38619734043598084,456,19
30412502445112312,456,19
52414423920055920,456,19
9368588806000764,456,19
2364920240859323,456,19
39471314228824333,456,19
79469878587979736,456,19
102672875446499054,456,19
412530461139492127,456,19
58841433141789890,456,19
5285004944378338,456,19
151498848771555866,456,19
89628814542896828,456,19
83607331823840349,456,19
24435463378957256,456,19
80295366988649419,456,19
30496706209943357,456,19
8317201995902714,456,19
7672552736060378,456,19
470948617882803,456,19
32387871664765797,456,19
770160359391866,456,19
36681853532596074,456,19
148366616275643583,456,19
144905291280516116,456,19
11916764516605722,456,19
22609574024798677,456,19
26916764372647243,456,19
5205151422707707,456,19
15468855619095816,456,19
69486573722688282,456,19
102028951010810560,456,19
20535816093723994,456,19
802025843238669,456,19
112594978711966665,456,19
71147265267871422,456,19
398673410718771418,456,19
2488136020324186,456,19
56374669477686907,456,19
43482251321679278,456,19
196906804184608658,456,19
21057657783006078,456,19
119676210675099591,456,19
17298923137498017,456,19
115924699403681710,456,19
13679597020714012,456,19
16350653119045442,456,19
119418553347786443,456,19
16298594771651265,456,19
19999224071748784,456,19
215132676561674196,456,19
187093119873340443,456,19
139557739866184,456,19
21360996112050266,456,19
15862488863492389,456,19
107153262547455731,456,19
2132344374513030,456,19
11133338625274520,456,19
14942572489032258,456,19
116985048369107438,456,19
147311303479773509,456,19
169929246927807988,456,19
155362124540563645,456,19
120469684702097121,456,19
183119388503328410,456,19
43102651017402636,480,20
83856679556373135,480,20
68178771710932667,480,20
6042644030773705,480,20
3358470016119951,480,20
32580925871205665,480,20
3152406689109886,480,20
32456687388326539,480,20
74854462075746895,480,20
2126590510499403,480,20
30546634823868828,480,20
7072299734531635,480,20
26867959471240006,480,20
44677678024231221,480,20
77562526150240907,480,20
16990081036897342,480,20
19776545015704319,480,20
78167436004585322,480,20
37814417582874050,480,20
67274458145732956,480,20
19734258129757852,480,20
109061831337630247,480,20
13704590894090667,480,20
18664494902754467,480,20
16005852960606739,480,20
63925578364071622,480,20
110829753268529565,480,20
15384221073880656,480,20
114636843489509168,480,20
2640692126730496,480,20
28510356123194628,480,20
55484648352919640,480,20
59339651681888990,480,20
38987162370573256,480,20
358491257192526931,480,20
241508387602149762,480,20
85422304277460496,480,20
22944729635481712,480,20
6030477208498148,480,20
126104963058832920,480,20
6973483024520722,480,20
15130788574560220,480,20
21490171352802622,480,20
15024487415810636,480,20
143196899842558235,480,20
5622877716060484,480,20
32694437302629505,480,20
241264768915134785,480,20
237097962571374617,480,20
396992845177262776,480,20
32598368813746199,480,20
69365021514515364,480,20
12781413311421024,480,20
100887952084393634,480,20
149545764501970622,480,20
24797272032687241,480,20
56300173573828317,480,20
30148190478517916,480,20
2315338317561661,480,20
15528783549141329,480,20
76526045062724924,480,20
321923333476870020,480,20
19642532315693170,480,20
23514253483739648,480,20
117835365972572702,480,20
119135814970028787,480,20
6771106515689182,480,20
107332322135357924,480,20
48583784949997821,480,20
60069745710694031,480,20
82915807243322064,480,20
136286845521393466,480,20
27296506895699382,480,20
107787332439716791,480,20
36131687486762301,480,20
123663731510956170,480,20
8850379871194441,480,20
176932880045354120,480,20
11405327406577444,480,20
36173872509908872,480,20
186274799187483722,480,20
21994715936870516,480,20
186397994440288,480,20
125662475326502659,480,20
22624195081714077,480,20
65364064594545789,480,20
14417228439156781,480,20
22437261834324336,480,20
19587853912901065,480,20
145307258452218487,480,20
160210994886161172,480,20
37494556068314253,480,20
293579176770542397,480,20
23059547142488366,480,20
31874329303906780,480,20
26231770948494385,480,20
26058071265426848,480,20
19454734844741851,480,20
10873819245857597,480,20
12557033154056405,480,20
31663648866603108,480,20
28666197876296576,480,20
12753287204153028,480,20
2885969436895604,480,20
13658524588603667,480,20
17571236806636034,480,20
128093207438845838,480,20
31981064665586528,480,20
15328002872825426,480,20
166145820698458938,480,20
24103045962798940,480,20
18194493335074437,480,20
13943586836833133,480,20
1285267236832008,480,20
108424010230952274,480,20
8091050978466116,480,20
12588100990189283,480,20
30310825084702672,480,20
123298788811676099,480,20
5216933040098168,480,20
31121424127998804,480,20
92032441347050297,480,20
25689747981431472,480,20
22889207105478516,480,20
60091768624957481,480,20
137163180643926778,480,20
126207219385312586,480,20
16308088952130623,480,20
5552716763025612,480,20
17402561272464670,480,20
9853242208966440,480,20
10444281611670043,480,20
114328720135606586,480,20
15500255639223772,480,20
117194335278895554,480,20
14357439987254598,480,20
42457907702524562,480,20
1871245184243617,480,20
27766132020915843,480,20
2080701514822798,480,20
25109842666519743,480,20
7956523314022411,480,20
482764567026054416,480,20
13303160757296213,480,20
254801367881343837,480,20
56140636270420379,480,20
210331987518147940,480,20
18314902710713344,480,20
95512519654497018,480,20
1415411296200471,480,20
23386265841660406,480,20
241064563505848707,480,20
22548034337754398,480,20
21158525401668344,480,20
34145768745806493,480,20
78339338719240020,480,20
59506003050623248,480,20
6141873845651459,480,20
45305868213106365,480,20
30322651111522301,480,20
253581779444335194,480,20
5352356729644242,480,20
268757762310599744,480,20
22290365538822533,480,20
300634126133123072,480,20
2486270218177193,480,20
69596322314629443,480,20
4872757201458781,480,20
82520585156020906,480,20
66821770648976686,480,20
269640227880141387,480,20
13810956938465437,480,20
48575852746827675,480,20
34595852354401889,480,20
10596501979986228,480,20
37111965102124206,480,20
31167286433508213,480,20
27243532818143411,480,20
28371141596715210,480,20
201657290188883208,480,20
19287303902668910,480,20
3392601527502794,480,20
18299731055767984,480,20
128916837892190356,480,20
84923077963392201,480,20
75553496727431483,480,20
21097764613996102,480,20
9526646242167828,480,20
11791821526949211,480,20
161227780652150958,480,20
244379989709339839,480,20
24120020204660685,480,20
15519313345666320,480,20
115490283543948307,480,20
118513739716334455,480,20
2246011045444581,480,20
28515177146730397,480,20
50385622341694686,480,20
50985307720614637,480,20
28565421524793740,480,20
11545992728329198,480,20
307141457009612874,480,20
55172976292644036,480,20
42454065400306112,480,20
73616485482405163,480,20
240138789864894,480,20
7048280970098685,480,20
56099791406409245,480,20
96315874027606582,480,20
74566742483544398,480,20
13345042661151142,480,20
18613646512052170,480,20
47671667209645340,480,20
47928617645268502,480,20
17230584611058182,480,20
5090792471393797,480,20
60350285173644913,480,20
116558956500811568,480,20
171835462255803111,480,20
80068678970391445,480,20
41614466936110860,480,20
83344431866999977,480,20
3919573541365413,480,20
365895900698544734,480,20
150355582388317504,480,20
23984665181946168,480,20
573706549434390427,480,20
51582823448768867,480,20
34506287077479446,480,20
20406565136612835,480,20
2970901310379708,480,20
23887165898639638,480,20
54880969249800200,480,20
9077880390481962,480,20
63416518279673207,480,20
12552456758519359,480,20
25920814191047330,480,20
95150324003394595,480,20
98465150714320549,480,20
4215211895512291,480,20
55400952400464491,480,20
25050722616069637,480,20
15069690256275093,480,20
20739318234035854,480,20
21817120429766189,480,20
202005674700140811,480,20
3846578207056098,480,20
59808390614465418,480,20
9812195336263721,480,20
183264413944230661,480,20
82787187171901600,480,20
34155268413241162,480,20
110678950252621212,480,20
58710833885071899,480,20
22344806239226133,480,20
199027061188068093,480,20
124148415000946905,480,20
81144166814240167,480,20
59684164416105070,480,20
27471106066666771,480,20
82113324177777636,480,20
90509371884713182,480,20
84719734757081249,480,20
481788030598064,480,20
1614390228356610,480,20
17667928284844883,480,20
112823368519789256,480,20
12744510292786618,480,20
1586662949147288,480,20
106617086874090641,480,20
19795483947325270,480,20
129313285282511446,480,20
17136368690286146,480,20
14116917720576864,480,20
120149209610244516,480,20
18834167845884698,480,20
10648293635965490,480,20
18281108955665789,480,20
11365653322449342,480,20
10521452353778215,480,20
211387602870735268,480,20
16308906185786248,480,20
103971635892537307,480,20
27356381315155821,480,20
11793054940059187,480,20
30531669707919614,480,20
313098402803140905,480,20
63919324728549224,480,20
41347193183415168,480,20
80349147021528360,480,20
116967584400112995,480,20
255275862981737855,480,20
2196929350348093,480,20
100940050872493384,480,20
75834640657311149,480,20
30670532175791909,480,20
28122798259691090,480,20
110221533437268957,480,20
279881315131776318,480,20
43463259799746463,480,20
18401158072748767,480,20
126497677192022079,480,20
21235432152417642,480,20
4527538016790805,480,20
118202278518970531,480,20
396278224139626596,480,20
132399194296637016,480,20
27245515114777582,480,20
126752470123310166,480,20
40811792990020209,480,20
157201432311082829,480,20
11053974974908328,480,20
9790362284526906,480,20
76746421246844908,480,20
11673079087840107,480,20
76027244875774825,480,20
18646699321657363,480,20
3605374502875865,480,20
95050594729282770,480,20
3425544400626997,480,20
954570730830666,480,20
54813829861439682,480,20
6396729984672207,480,20
45240668986546376,480,20
28422201016422246,480,20
26836462310749491,480,20
27731301671103652,480,20
20799735820180695,480,20
305405043422986056,480,20
18283922906093057,480,20
22350500205230129,480,20
189758163572040442,480,20
155348181567255519,480,20
93224182005959264,480,20
72700493922639673,480,20
289917922534346,480,20
125417535495947036,480,20
246953530338549581,480,20
15468185944772112,480,20
94450174052481134,480,20
20533624987700,480,20
46232561829016748,480,20
23420192128314972,480,20
64660965877563326,480,20
129728200154669745,480,20
25556110072078979,480,20
109152929214543065,480,20
87780176319590136,480,20
196385952880223181,480,20
50069624994383957,480,20
14963590372227763,480,20
2171258959018548,480,20
23630317961544405,480,20
13721770607468351,480,20
3246460296816682,480,20
5348197635740305,480,20
27792564477692588,480,20
8683183987525,480,20
41706135700222529,480,20
7150474546516968,480,20
88518266515434900,480,20
18272964474918129,480,20
66270634524669071,480,20
6815269899129053,480,20
196346155941102006,480,20
58375530118461571,480,20
96388578448889670,480,20
26661062099382667,480,20
3989434943256036,480,20
228650860523077528,480,20
336510845926167,480,20
16983256456775261,480,20
91658440275505096,480,20
26840291921586540,480,20
118664400052101732,480,20
106668003470081882,480,20
1556821070956858,480,20
23536444469074171,480,20
10658253822757689,480,20
225777071246954635,480,20
25060259942704658,480,20
1829521431496828,480,20
30898826979970525,480,20
131846329016954082,480,20
24980573403349259,480,20
17556818791547083,480,20
17259162626806716,480,20
182872357261951560,480,20
172341533832278299,480,20
13999232475462325,480,20
2309456710516597,480,20
139876851184723572,480,20
25847044012692982,480,20
15402745512315666,480,20
36231290221789275,480,20
378353532885800065,480,20
11827633987821006,480,20
22260156008594735,480,20
3125940099335835,480,20
104778511311061699,480,20
52542442393888564,480,20
146400172374950739,480,20
74034574689518464,480,20
470847381033376441,480,20
233817705245673514,480,20
23185201363171881,480,20
21589634270152716,480,20
39662661295206443,480,20
342787727760628820,480,20
181103140596802873,480,20
36991546207362457,480,20
328485556006031910,480,20
68899181392472384,480,20
6892646922436484,480,20
29548055329637137,480,20
22776257528930937,480,20
271073376657843110,480,20
32356510210847755,480,20
51101912705921031,480,20
23660831334510684,480,20
45862838550958417,480,20
9772441120946061,480,20
6234800097498428,480,20
13465889705719515,480,20
16278538007978547,480,20
1829036023968240,480,20
270648790229973773,480,20
25826741153946787,480,20
90715529052257128,480,20
52453072374661979,480,20
36738969137175122,480,20
2688998167858874,480,20
80711150765224812,480,20
445286837244854185,480,20
105323348556990821,480,20
30698110754144529,480,20
125240999126725558,480,20
3869652437099790,480,20
32051340343840801,480,20
32620720111138048,480,20
9258725305092063,480,20
3182414522498920,480,20
67759274354544885,480,20
34511235602745883,480,20
74196432316722288,480,20
4452557353542680,480,20
27976839943195275,480,20
3898753541431943,480,20
17469152928343083,480,20
37580548006237543,480,20
27080385433066701,480,20
25895028765517978,480,20
433669737332085560,480,20
23401961415260037,480,20
10197700021494948,480,20
381493949191650712,480,20
30259194691045397,480,20
25944807207727868,480,20
33688972691200580,480,20
127732940607572844,480,20
178543364392337208,480,20
47068812108577155,480,20
4257637317487922,480,20
125059899557650155,480,20
119217405259963154,480,20
19484292761653960,480,20
49994357626547664,480,20
27451418226207491,480,20
56356091166019760,480,20
90675183557375433,480,20
464270927504292938,480,20
47463833430637910,480,20
23341046220400842,480,20
24675034683227090,480,20
138048612464236,480,20
570530136938001560,480,20
15505440438418556,480,20
1921359959098771,480,20
50258570204686447,480,20
103438025302751202,480,20
3681317793229069,480,20
92844865718791584,480,20
21187891703219532,480,20
126103699948485261,480,20
23215244944448865,480,20
43691041733725496,480,20
13302518342445925,480,20
501152346741297370,480,20
81409117266836408,480,20
107145035354724139,480,20
64181261054650496,480,20
464295061789814470,480,20
22119222101137248,480,20
16148673305787955,480,20
34160827231363287,480,20
17706142768790058,480,20
14703788223984855,480,20
7781816029945675,480,20
20982625823614529,480,20
42832018287346699,480,20
35826666160905372,480,20
78029982548652122,480,20
32339440503171524,480,20
7938124006611134,480,20
604837125546230,480,20
20680461251182136,480,20
1345696003752325,480,20
75607866895731250,480,20
76998891401558716,480,20
63266422161657550,480,20
52334763594381223,480,20
1646821638764930,480,20
111845005384147592,480,20
250371626940787063,480,20
11860256017998200,480,20
13139925465258794,480,20
5598048763855208,480,20
45411264064909633,480,20
75799897936596973,480,20
105862515975143753,480,20
55937429806747338,480,20
2330016189511376,480,20
271690050820052864,480,20
3716886709408006,480,20
71927057902250485,480,20
1479643819284312,480,20
2419872122082361,480,20
27332482290893057,480,20
25565411474223279,480,20
77992478909703216,480,20
10847634834772754,480,20
46522217026715327,480,20
73142236217159489,480,20
70417773291676826,480,20
67315992138822248,480,20
173855265866606185,480,20
11679503186182648,480,20
104922372595768470,480,20
103949521431688234,480,20
13195822199918941,480,20
21121908890016849,480,20
185982272951945804,480,20
219395155497951485,480,20
12991767488321026,480,20
1700494221690642,480,20
15265209852951989,480,20
14499376149077395,480,20
15691478075536693,480,20
206101239516316090,480,20
88973669170742941,480,20
168205190562271,480,20
3281454981442040,480,20
66742162259572113,480,20
165150108877270263,480,20
12500697361429908,480,20
43247813467691712,480,20
109954661905276925,480,20
70175734501859226,480,20
1956694281521745,480,20
111826919517727942,480,20
66736355506482628,480,20
44716154591016569,480,20
26651148539618443,480,20
244283848289971831,480,20
128027116531237956,480,20
40031922202068494,480,20
30306242527099878,480,20
100626472494211759,480,20
140509296032617347,480,20
54591674392226694,480,20
40303469375019181,480,20
11227256949817701,480,20
8052368685602729,480,20
41082353354223495,480,20
56925506786091598,480,20
29879454146753729,480,20
10071359665062552,480,20
174870013171531630,480,20
47755714743381957,480,20
7687226712481520,480,20
835276435895757,480,20
5531748169861854,480,20
181892752342914,480,20
3229458362009649,480,20
94483166617989469,480,20
247303798879430989,480,20
24984143103794181,480,20
68829995792481333,480,20
28659296121668434,480,20
54925078319779770,480,20
110181972889870060,480,20
25865946411110381,480,20
22478678009541494,480,20
94805408379731060,480,20
40013232687724386,480,20
37835055118745014,480,20
3396885339914065,480,20
7575362671253788,480,20
157580165710831944,480,20
144114710954275290,480,20
130332118041166918,480,20
58222479987890054,480,20
312390878972314935,480,20
12841147725365932,480,20
58411543984643402,480,20
10603549750818402,480,20
28023954434533677,480,20
126147339984128691,480,20
531912696297718160,480,20
57785292533547190,480,20
5461602485060179,480,20
14162952546243805,480,20
26281030693716925,480,20
12397328204982744,480,20
3774120849593255,480,20
322489983867005345,480,20
47698431919606157,480,20
29177259203137556,480,20
24083455351752267,480,20
29253845871751581,480,20
355314262340515682,480,20
402883784452343454,480,20
266228471222929887,480,20
26688447603913208,480,20
25907731262211609,480,20
260497850836070575,480,20
681028884385800,480,20
315238406500617,480,20
199067634787734,480,20
90962518033444258,480,20
4941250728763852,480,20
58466719910718386,480,20
3498673763056888,480,20
22776378497430827,480,20
68588037958958714,480,20
1291112007195922,480,20
118437315982127966,480,20
65734611163545093,480,20
34272696510181027,480,20
275758020983319,480,20
18676040044642067,480,20
74943031875769764,480,20
61554123636619778,480,20
17494793974918660,480,20
25439001387444073,480,20
250336703960059745,480,20
19770555074994981,480,20
34132303952268822,480,20
15540782809318881,480,20
114609163361744668,480,20
231766802678270604,480,20
19915205577799366,480,20
20210393031739004,480,20
30563424684851210,480,20
168230727249729256,480,20
19625137550765066,480,20
31382122288508042,480,20
15207554150554722,480,20
154332231865425247,480,20
11856920394107292,480,20
18327133342823766,480,20
25730882664757801,480,20
103757664125467986,480,20
127446048469795538,480,20
132389104975452,480,20
26115637226692781,480,20
220435756661989558,480,20
26946514593266325,480,20
15730624009691398,480,20
30251766661050744,480,20
149868142075069031,480,20
107738083939125026,480,20
5541371083581523,480,20
163023641776119118,480,20
120251199701174569,480,20
35697374877895984,480,20
106721600144064812,480,20
54247121881672647,480,20
236601681873256549,480,20
2375655935858892,480,20
89320696820636646,480,20
123618489074434399,480,20
278990245220917434,480,20
52460826435239191,480,20
75887987666709676,480,20
23425003139792979,480,20
5097478763150069,480,20
12521235650401806,480,20
77493344861381933,480,20
3382980088992375,480,20
26219757382018097,480,20
113658315417418155,480,20
92571089524444324,480,20
11870898189545085,480,20
31176471360386845,480,20
120869110065901838,480,20
23268193201495791,480,20
110085512133077484,480,20
113505272314853086,480,20
238949625961038656,480,20
103882689945536908,480,20
19356670958870936,480,20
51238883216006488,480,20
3014763066141845,480,20
18160921469678621,480,20
40124369755757508,480,20
122824402616471330,480,20
121082145108945436,480,20
49046910457405710,480,20
302240512645094605,480,20
68871843709557684,480,20
41765343395458348,480,20
1561231533001225,480,20
86473704816994662,480,20
14141915618957917,480,20
14239638248980563,480,20
3068274433562104,480,20
29334626090030724,480,20
39413517828162516,480,20
34209136015179414,480,20
26321788145417041,480,20
109480700192437077,480,20
11684105360681380,480,20
12363398077804844,480,20
4967272255570848,480,20
22021892525142783,480,20
101851542424649419,480,20
78771714958379426,480,20
4117259502165032,480,20
204127198949135048,480,20
56988575187550854,480,20
26733353591589042,480,20
20999683176835358,480,20
61367758194932939,480,20
33099839602351588,480,20
31563549768659266,480,20
2600545390274895,480,20
66310453722232995,480,20
220414408189827698,480,20
55799664983521418,480,20
38422931378285530,480,20
195001600803064430,480,20
63748387339090370,480,20
118255342906183087,480,20
422991825777689196,480,20
280555718396509147,480,20
503037594423730732,480,20
84546384238861058,480,20
19082147477399886,480,20
53697967992442473,480,20
14292024152161631,480,20
2222765870115756,480,20
1735503863253474,480,20
333900514147484198,480,20
132267954006930885,480,20
25981402863801998,480,20
10814221945484901,480,20
8638989444747271,480,20
3959120806547796,480,20
32778047775036943,480,20
56584336892232260,480,20
96211556534622566,480,20
20548244457797113,480,20
5791497152754841,480,20
3327623977913017,480,20
90016003941340754,480,20
108565380521098573,480,20
17894908535094027,480,20
24046341449532993,480,20
15849716461423022,480,20
53449701139513885,480,20
19092829353023540,480,20
75621203572353365,480,20
262682616570860694,480,20
5657756032925918,480,20
25260231343762656,480,20
203925871693940771,480,20
24400883422078232,480,20
36025351270209154,480,20
12377376204224566,480,20
196821270474532043,480,20
83491851356663054,480,20
3171219857775368,480,20
22619966502914834,480,20
3949479317322187,480,20
49328003645066931,480,20
457695002391431506,480,20
7187102771464732,480,20
5298290374891000,480,20
12142342621209143,480,20
303419672454776338,480,20
31142736744446559,480,20
4941621624286422,480,20
54129606238217829,480,20
63872397126654813,480,20
13108114657436946,480,20
169766463006897063,480,20
12006378341487802,480,20
37418444871890029,480,20
73874765003703164,480,20
1246311311690253,480,20
50329083933017023,480,20
18297672483664192,480,20
44385251958666364,480,20
13600911880282259,480,20
2596531855486014,480,20
344332277693748423,480,20
369923323893414681,480,20
13526362228923975,480,20
9357466563766283,480,20
5540662603769116,480,20
128933197131426218,480,20
30985156749081209,480,20
3027208708147824,480,20
101792052567363308,480,20
16339323456390270,480,20
128447083418117885,480,20
19056264825798545,480,20
106834370596084877,480,20
157579158371502739,480,20
15307167652903644,480,20
183079032113824013,480,20
15669584595869670,480,20
174200837273365514,480,20
20416246119791678,480,20
14184377863729926,480,20
1856374975058620,480,20
175377605453504682,480,20
14780802735083808,480,20
121540640286959234,480,20
127527934865524117,480,20
266763266168119094,480,20
19633290347345823,480,20
89232770141202013,480,20
9124865029173246,480,20
75969779107127090,480,20
26235997593807704,480,20
24601568503875642,480,20
2209599747700868,480,20
407903935900330968,480,20
14919800567277964,480,20
368633007224304038,480,20
504808132036521443,480,20
125840237236772948,480,20
95074160966369683,480,20
11842525431813255,480,20
59342525506062087,480,20
24449925412436985,480,20
20814058693946002,480,20
31794164213379487,480,20
85532013881345289,480,20
95524231083370183,480,20
13568493280987903,480,20
108233991511999785,480,20
25275129116641149,480,20
78781058459112705,480,20
27356937323525534,480,20
101233308578836232,480,20
73649790833406777,480,20
1326924280456496,480,20
8137136329313454,480,20
33065502740252645,480,20
2515481008951843,480,20
3387498816594495,480,20
15417762611869193,480,20
127006619794323531,480,20
259813727532660656,480,20
36874749311873648,480,20
85796778381269212,480,20
46050820732658088,480,20
37008095993439164,480,20
32046939977755054,480,20
57398686739932263,480,20
292479192035866589,480,20
8468530412558281,480,20
37883392571597870,480,20
283626552991709925,480,20
63268443305095227,480,20
315161704217222781,480,20
189089982122096190,480,20
65618641475905432,480,20
25501109072636075,480,20
108547782862468051,480,20
68637627863045903,480,20
2305115254180530,480,20
136170080607925733,480,20
27320198214311437,480,20
84334393164184351,480,20
96465819038405424,480,20
9470005907426154,480,20
108226582431846122,480,20
119980612962228576,480,20
21830129636636210,480,20
181497849419553,480,20
21784223980266508,480,20
134399374360799457,480,20
7537305467796953,480,20
7266830358806140,480,20
69126407489670420,480,20
35153315462313203,480,20
110019661071680676,480,20
57832084841491769,480,20
13968592204997834,480,20
30121151107054111,480,20
159797515847030473,480,20
4755400013681016,480,20
91530720598035822,480,20
8462293298376642,480,20
1382233715545378,480,20
339541535011324151,480,20
14945901274799363,480,20
27266698774342326,480,20
8850743672442700,480,20
1096731605731916,480,20
31702574892893767,480,20
19800575301913993,480,20
103762163637551111,480,20
18029256409173000,480,20
125582853200226755,480,20
25837023010796614,480,20
17350068813906844,480,20
10772811558774956,480,20
169170361930238869,480,20
107685962876802479,480,20
140695233224255820,480,20
11437579743979902,480,20
30042547983856591,480,20
129098261958843519,480,20
10497092407305044,480,20
124393019254282309,480,20
15380419341653640,480,20
135429260852966077,480,20
13591551798428484,480,20
14817078620528190,480,20
31351158122147526,480,20
106889540929665273,480,20
20855373454355358,480,20
6913252775330540,480,20
103152529389850652,480,20
4036579317077151,480,20
126360731122737740,480,20
122815300331915483,480,20
32206082199310536,480,20
15443948847373346,480,20
50665966885661598,480,20
94568362261586054,480,20
30452347030565802,480,20
21272604968737694,480,20
114461281736708561,480,20
13944414156929017,480,20
27757749325504243,480,20
386345251372394168,480,20
86313501869453483,480,20
24506517356569278,480,20
8036521083501758,480,20
93355263897444482,480,20
31006365110304258,480,20
20670006922499221,480,20
54324983382441731,480,20
44508165614654149,480,20
86521378899268095,480,20
13578932904381582,480,20
61175463962906707,480,20
24087197450522449,480,20
29994134608726835,480,20
452922959985209715,480,20
24517469733231568,480,20
21375949859910614,480,20
51772222975082701,480,20
30215729088521668,480,20
167745247642250838,480,20
68801878267272779,480,20
66044522336022342,480,20
16828736892321451,480,20
42152749140061695,480,20
51072752167357512,480,20
7626511381753084,480,20
33341008555132772,480,20
108737727887304292,480,20
34457804446714249,480,20
217378285496405651,480,20
18415444532151756,480,20
4443119081201328,480,20
77862006406634270,480,20
731544420081750,480,20
28221094192041274,480,20
56509686901184108,480,20
66845492546813103,480,20
165745808139373399,480,20
11432332382278617,480,20
12752947626538241,480,20
20507942290768493,480,20
134042567081058810,480,20
18877263081677370,480,20
23550590095527001,480,20
201460533698702233,480,20
47408889837560739,480,20
20046353479192858,480,20
19897967019763127,480,20
28146599137881202,480,20
10906626246348992,480,20
21561917849631762,480,20
121069338831943564,480,20
22440789065406086,480,20
17512156053924383,480,20
54992531250833844,480,20
35484190488240797,480,20
58893134161631406,480,20
402942382642646,480,20
24473420948949359,480,20
95477527327506459,480,20
11076589034993386,480,20
11608843683094692,480,20
23786137887765637,480,20
65433686627545549,480,20
127012978614017920,480,20
30393502062479199,480,20
14367046710584936,480,20
13159339708408372,480,20
6836349431864985,480,20
9503142730325669,480,20
92465218675139310,480,20
304999402359490756,480,20
160019405119154610,480,20
140014873458706176,480,20
9094721758489782,480,20
60774399760952297,480,20
29536110672859202,480,20
55394803917789789,480,20
8770671557269302,480,20
45873486422768103,480,20
94004890665710737,480,20
143600720256941724,480,20
63627351375669686,480,20
370908201672970424,480,20
401177455320141732,480,20
259252936700370434,480,20
1125310999887753,480,20
63237667889981401,480,20
24190713623210642,480,20
353680434942251250,480,20
498851554537799886,480,20
102957678042779150,480,20
51484665794819455,480,20
7960920725568918,480,20
117606090428560029,480,20
40122277234595838,480,20
17331038004501706,480,20
8628408705436993,480,20
116079213330134220,480,20
208212292873897444,480,20
5341703500672431,480,20
55825230980889093,480,20
40275349422070669,480,20
34171110173620608,480,20
179836283651412878,480,20
142633523339440432,480,20
2946305225170598,480,20
42904503070387275,480,20
23581607258715705,480,20
33731662857852457,480,20
5761446558750555,480,20
344748275444558816,480,20
70943074485468413,480,20
31945744406347164,480,20
27558545997201492,480,20
312997606375278306,480,20
118891322211227414,480,20
7948193191206617,480,20
138468937167014760,480,20
5777926207563547,480,20
257468327905956630,480,20
15059578869002539,480,20
12174056541036596,480,20
15732505457581402,480,20
207216097274588191,480,20
21398514514836168,480,20
17148305976291357,480,20
81563139879536011,480,20
15133383613206203,480,20
1875380849699132,480,20
78174083453358782,480,20
8758876541335679,480,20
412786209267875103,480,20
127892488499659069,480,20
9082895900785902,480,20
126822622440112309,480,20
121866379586056396,480,20
3923145249078876,480,20
29042401031839435,480,20
68281398004316276,480,20
28249769390905122,480,20
1456187959231832,480,20
6260365145451934,480,20
49543574289881556,480,20
20354179160398737,480,20
36533143761996367,480,20
6892304457644762,480,20
5807946955036641,480,20
276455623360119488,480,20
123936639640353792,480,20
121812774409517658,480,20
9066977978568393,480,20
11174114318384316,480,20
2131927610575478,480,20
84744254025124483,480,20
17832957481332027,480,20
103457066566653030,480,20
17470380502701756,480,20
11717832916631257,480,20
109299365727393100,480,20
1701346110151008,480,20
15785918950860544,480,20
20465331009125538,480,20
218989428158321492,480,20
102807935740864593,480,20
10228396819910001,480,20
116854930387369615,480,20
176682140407144322,480,20
127202949831878035,480,20
127411776974491554,480,20
21983246392091035,480,20
4264497472520503,480,20
76952514658387362,480,20
26535083538803968,480,20
59387276710586225,480,20
156183187008790013,480,20
29630053658635368,480,20
26385158736479875,480,20
240264045468189915,480,20
135083279025075110,480,20
117294838090769931,480,20
37641632603982107,480,20
101912665641702543,480,20
14126852378667531,480,20
11628297655569455,480,20
10139818900189048,480,20
71269975731650118,480,20
21631248846002989,480,20
71733880746052690,480,20
5156591056448205,480,20
299864777096358792,480,20
21609891006468847,480,20
90592453407602098,480,20
9553020130855316,480,20
27477614220190611,480,20
210529338789321088,480,20
81963326330799894,480,20
41027085790602611,480,20
78185433232055971,480,20
11841411722379396,480,20
75152715443301559,480,20
124053443703813439,480,20
499637354729661348,480,20
369508182779028931,480,20
449258051203138131,480,20
28983091561967716,480,20
57580737540589443,480,20
30826947826434029,480,20
15037967954732780,480,20
9382918694908868,480,20
64326008524509443,480,20
1555989455822078,480,20
135180171456485,480,20
22730631065928699,480,20
63798714579362047,480,20
3478069951516628,480,20
67134902285068029,480,20
23503966314118047,480,20
27239553082615335,480,20
75653611601622349,480,20
106096101568156052,480,20
71764779516411762,480,20
4356238485806488,480,20
32082353437181624,480,20
13062326899561070,480,20
23830334379872141,480,20
121145709380324222,480,20
5622598201811339,480,20
59048762503833708,480,20
17174279494288296,480,20
89164072132456800,480,20
65614639545381724,480,20
206668304291667700,480,20
49735929923917286,480,20
77186984267185791,480,20
161233054094166210,480,20
342333326957380873,480,20
10625510472197441,480,20
55928853108691457,480,20
29605460918964755,480,20
45010587402668193,480,20
6672445496035912,480,20
125856121960659340,480,20
4877620937986885,480,20
98050742846841111,480,20
59315241225289388,480,20
196556765571623,480,20
14573180523702793,480,20
143124616662274189,480,20
10275456335548702,480,20
28115625569764116,480,20
15483004183914609,480,20
12284109331908418,480,20
33397486177609644,480,20
118337113120662637,480,20
19962285067854910,480,20
11493478149108581,480,20
25660115335554304,480,20
60867434511554063,480,20
48547885340649314,480,20
94959804039413043,480,20
17345452934082360,480,20
56571072038241342,480,20
126411803661821096,480,20
39328052501382958,480,20
20181485448405319,480,20
28370474603155085,480,20
91418681915031140,480,20
465880325087554744,480,20
10932265564129010,480,20
107292186010547498,480,20
178013171618200847,480,20
308176214301755150,480,20
163395447814213179,480,20
11040853661958138,480,20
12148601269954698,480,20
20805672201648968,480,20
24790081358861628,480,20
17408826588970822,480,20
23949360111585578,480,20
1416789892573079,480,20
174415369217190170,480,20
294067385995659584,480,20
27758081488725874,480,20
253356047389330309,480,20
1142056934922543,480,20
245694578722289282,480,20
218700666705598542,480,20
27323278482880372,480,20
19308854269883781,480,20
31682791585130887,480,20
4934107190708220,480,20
23046164737704075,480,20
4911229237544313,480,20
80569607215556527,480,20
33650385151072388,480,20
127933105988013005,480,20
107731788514623463,480,20
144312124808461181,480,20
6512256405886092,480,20
27603494366404262,480,20
25789318486229768,480,20
111303835163199187,480,20
19548542288223445,480,20
87417581433775363,480,20
129802101654334230,480,20
113888417481822464,480,20
31861757848223532,480,20
7043173325606623,480,20
25083897767936721,480,20
95212607772350,480,20
23390580772112240,480,20
39086808106538637,480,20
1170776935072178,480,20
7295360354535284,480,20
25269516041013838,480,20
13181486805121536,480,20
155592699304735549,480,20
13558417664756357,480,20
2762676995057700,480,20
113631413487912131,480,20
59552798393085169,480,20
5984641855660830,480,20
29491183958022147,480,20
7996078384031057,480,20
44189014309091815,480,20
31364792604602235,480,20
63766728906140187,480,20
48232645979630674,480,20
17962073943174734,480,20
85554440698038720,480,20
152813955983226942,480,20
17973336979408377,480,20
63314508384618619,480,20
72362415277694420,480,20
34766753414097357,480,20
70195939072534274,480,20
46047973954288893,480,20
4441510997193217,480,20
163319952404472433,480,20
43007642722858222,480,20
32455344399694680,480,20
75111574109562350,480,20
17999216898422645,480,20
324578584591378670,480,20
21569734766501083,480,20
302755228969154619,480,20
4841101675248933,480,20
22339407698388053,480,20
37977125639137789,480,20
64286813410695742,480,20
864692244455530,480,20
105138035434616301,480,20
22578360958630063,480,20
13013338927053546,480,20
27365768692758262,480,20
162972729782572856,480,20
7927279450655696,480,20
123645116132068007,480,20
92293252099311389,480,20
45629206894309275,480,20
180278885546394050,480,20
286546106869241835,480,20
90839074275891234,480,20
15887517496292809,480,20
110316674968512374,480,20
16553008455835094,480,20
56735173705461711,480,20
28621706291196652,480,20
20330837400730727,480,20
70815366906892566,480,20
21975119163864578,480,20
108712640127560674,480,20
239323804896475063,480,20
28611147456875287,480,20
7743321909310609,480,20
72350315645714444,480,20
107784010473089222,480,20
98206950772741307,480,20
8303499074407394,480,20
72744317196555873,480,20
59086498206353800,480,20
1336093467737712,480,20
7347612329754144,480,20
92959340213005652,480,20
134343988828454630,480,20
17975282216085320,480,20
347008047258962020,480,20
476631985882485450,480,20
150832906201187316,480,20
77955063205199557,480,20
2786171903346878,480,20
1675613414645653,480,20
63040025365313894,480,20
44793333300079324,480,20
12726835903472271,480,20
6721750931662923,480,20
55500258620458973,480,20
30721740803425117,480,20
6987836556445027,480,20
37397516838044014,480,20
12617326666549414,480,20
21984207260211964,480,20
391136112722070371,480,20
34198928734729209,480,20
6937824103486870,480,20
155101979533997799,480,20
196425623615897799,480,20
26941622293683649,480,20
122729832590722944,480,20
187763440787404722,480,20
114520986764799896,480,20
177627676558839950,480,20
261997962604187786,480,20
159137630726822907,480,20
26617296409037018,480,20
22539077950333879,480,20
62223849281442935,480,20
169124905871434792,480,20
223764108084729697,480,20
14153001108139431,480,20
136339756468752859,480,20
15669662308212187,480,20
15554593703776220,480,20
21823633928142896,480,20
121505457717486653,480,20
157652866129368755,480,20
18782789479608888,480,20
12703433704802337,480,20
134877508127157180,480,20
12605545753690151,480,20
10512117278869827,480,20
177673434003797,480,20
15825350600152907,480,20
219355976928010162,480,20
20341829162569392,480,20
126069404554454292,480,20
18533134822286693,480,20
21129849956719631,480,20
107782351058804868,480,20
17309571035193418,480,20
18734226074909715,480,20
161050483167332373,480,20
19651569389660845,480,20
16908504240762500,480,20
19249181879593171,480,20
132561785599098408,480,20
3151619197347793,480,20
7738316934373886,480,20
31634567501282786,480,20
43435257705736689,480,20
454609036802359163,480,20
24419802126139658,480,20
56054244770464896,480,20
79782743601154648,480,20
78792458216276978,480,20
44132358143437280,480,20
17234645043511478,480,20
12938193734304048,480,20
13113197646534828,480,20
13516712177890227,480,20
75641980400697163,480,20
30668278716057881,480,20
55484880514153839,480,20
27666283593336698,480,20
156913114786127150,480,20
30031805545335490,480,20
103563096255032983,480,20
39476447042084124,480,20
65571820887147932,480,20
489410763351952072,480,20
34637385735296792,480,20
29112465554421466,480,20
85464567222285088,480,20
15882846473418428,480,20
4474171301038842,480,20
8242860132508783,480,20
3323005787139165,480,20
19739287008466371,480,20
57770168086219135,480,20
14591274194749143,480,20
1956217706668094,480,20
44032994921607452,480,20
29161641730762677,480,20
40066760659764301,480,20
76258374428159190,480,20
226110992291539795,480,20
4545872166627656,480,20
153653329682025789,480,20
65262530122273520,480,20
112269417923598034,480,20
27572360840222955,480,20
27895174549633318,480,20
83174608854001699,480,20
215953747066206244,480,20
24862853450906301,480,20
77085707795780540,480,20
52966558258751362,480,20
238709615788029251,480,20
60377931737555833,480,20
121029068162557467,480,20
3467432215468088,480,20
19029821782338091,480,20
59987050900273965,480,20
30912699383098153,480,20
109613509204109538,480,20
6266851992078951,480,20
18476283603247758,480,20
18492528997192926,480,20
20760439867559197,480,20
90578433831301235,480,20
10826052338982786,480,20
242979287935076411,480,20
80199036030182458,480,20
472011136665266549,480,20
87102264709668425,480,20
31413750601504239,480,20
8325855644202576,480,20
63301052818966829,480,20
2643362090017958,480,20
157431976480516501,480,20
377449851356180319,480,20
5411708807251669,480,20
278866649327989040,480,20
14540107401546185,480,20
5464056605025695,480,20
20004684503901189,480,20
103446098553401263,480,20
106361706034891306,480,20
2952454902824858,480,20
12999408356522325,480,20
25151457278660206,480,20
7647803592286465,480,20
78595707284191351,480,20
19889584013922752,480,20
14983457123699820,480,20
91495525403165534,480,20
6950115672264286,480,20
64606727468485425,480,20
64336718873620470,480,20
3020065878603646,480,20
31347277784397547,480,20
101940323741661874,480,20
160963653342104923,480,20
27663699538697460,480,20
18695160456939017,480,20
28565108894566083,480,20
234147286279455145,480,20
118250714149947924,480,20
1711974404584702,480,20
105406221221065885,480,20
30220970975043093,480,20
165290694568209822,480,20
16212758867186058,480,20
11138735749344592,480,20
111263123397904553,480,20
121601419527143526,480,20
27126487593884414,480,20
153743629534486544,480,20
28204308461924341,480,20
31127102257874546,480,20
27530293059215853,480,20
11568492889235490,480,20
109729940619517848,480,20
24615360189699534,480,20
17693928950256810,480,20
25357616057599457,480,20
17876513011092429,480,20
16268316355218314,480,20
170954866015584590,480,20
12175126445659593,480,20
71609280014271711,480,20
216700623601087,480,20
2880428994495036,480,20
8018347169027326,480,20
155207660567445,480,20
80631794310968644,480,20
32293491279712038,480,20
14040823673453443,480,20
127319393059709652,480,20
91743663571193490,480,20
1061097040628936,480,20
708665603871198,480,20
6982736565854808,480,20
26482993369954688,480,20
76030883487679796,480,20
81566414746258215,480,20
124536567387484811,480,20
66493562037559427,480,20
70401696215586125,480,20
16139604072983817,480,20
31929678606798195,480,20
82646177662902398,480,20
124524974096927008,480,20
128953282930389961,480,20
104407406426095656,480,20
82327936959520514,480,20
137678605488004297,480,20
126111158521618792,480,20
2713855278669156,480,20
25405884080661974,480,20
13959607624745715,480,20
269733484785982,480,20
15822655272211683,480,20
29531530625312731,480,20
26309691264251260,480,20
369052335786980450,480,20
204965966979659515,480,20
8691720539630523,480,20
88983970324782621,480,20
233091718732905274,480,20
113055190690866864,480,20
50279023332270050,480,20
26383816424021947,480,20
83266621603373339,480,20
161598129206879133,480,20
10332854170154061,480,20
489889629492065391,480,20
6140962523500024,480,20
21219693301224128,480,20
152969136231604957,480,20
619812299459300,480,20
5265150736480015,480,20
32055895444981061,480,20
752112600951423,480,20
42022019651682625,480,20
10262677726971738,480,20
56689609759227762,480,20
73092712207135162,480,20
5318719627256265,480,20
15743957855997780,480,20
15894749825024689,480,20
24595441088605997,480,20
27854027055118257,480,20
21284184360923951,480,20
16980645369869696,480,20
108122930663590568,480,20
124059608026782653,480,20
13308074316870860,480,20
287111688057745353,480,20
43062991023876337,480,20
15284863017989716,480,20
17950753386536368,480,20
63240557552750054,480,20
32146215212420297,480,20
3482354087917652,480,20
4571531792907356,480,20
6297178630398296,480,20
143900707992090681,480,20
431563600019553178,480,20
25714606304548389,480,20
13763381037527210,480,20
254856836119576007,480,20
393136450389129413,480,20
11505420441228014,480,20
24898833200497257,480,20
7512109255959768,480,20
55330118744876749,480,20
26180515255227987,480,20
17900301380413752,480,20
616069521097342150,480,20
89283178373156068,480,20
16814778873170227,480,20
14133273535121860,480,20
17504653138527825,480,20
7336707096150822,480,20
12392795716672293,480,20
81851807141368876,480,20
90315966450418366,480,20
7110523268119603,480,20
76948607572153012,480,20
128842707219847767,480,20
165179595277310294,480,20
98380210351223438,480,20
447582170161096200,480,20
9733396025825937,480,20
153582432127956220,480,20
4457203095646689,480,20
9927305255501285,480,20
127939980402644655,480,20
29932414552693641,480,20
14078409326653448,480,20
14189553394781268,480,20
8621456159108822,480,20
193410663984598522,480,20
79252893046895880,480,20
10813016227399762,480,20
29291602609336776,480,20
106256778875850754,480,20
12543297309160775,480,20
68011076409421826,480,20
367507692494734638,480,20
10246110690576196,480,20
18303530949942971,480,20
26660484856303022,480,20
11788262785544326,480,20
15532338344733987,480,20
110242777272754253,480,20
77546586462245473,480,20
35866694675651211,480,20
66000349385953158,480,20
8756342357277434,480,20
81637339192318822,480,20
3223494367011109,480,20
6606702413872567,480,20
81918235280079219,480,20
1623165765553005,480,20
119215780559986312,480,20
11939136485688282,480,20
108188952945931640,480,20
11808007103511234,480,20
16839861156403886,480,20
13442210457758066,480,20
15673969849343018,480,20
15923411619956948,480,20
16763497856478298,480,20
20759195722170173,480,20
1561820927818071,480,20
216973542076620950,480,20
17129809234083096,480,20
178990961585415052,480,20
217023579543992314,480,20
11286474096216074,480,20
102316387553741260,480,20
148115724493323442,480,20
11888039478608511,480,20
107427791507351208,480,20
20054645190441630,480,20
134447398188368983,480,20
1471305102591271,480,20
199181374437125970,480,20
15733151517559986,480,20
159143792165622176,480,20
140059196924249870,480,20
354505400471261546,480,20
23325816789036909,480,20
39782217067569897,480,20
142235794834780428,480,20
90964807812960893,480,20
73924951127921510,480,20
47878812568665641,480,20
227776555421163477,480,20
23964119343470453,480,20
16780467832153521,480,20
72376701422385554,480,20
22305128437331045,480,20
121385981136002678,480,20
25887852894580963,480,20
91040909409738847,480,20
192011058559600078,480,20
809274407552292,480,20
5601913343231760,480,20
234112116023496540,480,20
120600098020092115,480,20
675878007298079,480,20
9499623200482725,480,20
5205708307742307,480,20
57837840787107638,480,20
26093593674581746,480,20
2352187666232583,480,20
7436581694966258,480,20
70029814096928713,480,20
641918987537904,480,20
10069408305057294,480,20
6441249803373483,480,20
21896310614769883,480,20
20051916966030168,480,20
66741017539669015,480,20
5347398213766616,480,20
80110793352668328,480,20
7361958064658008,480,20
88444785277372855,480,20
37350531877396544,480,20
18858924937999578,480,20
17843817737622856,480,20
7097301304115279,480,20
11236618681089148,480,20
210989043825590876,480,20
38231629802780136,480,20
109232593315447434,480,20
8132404465487608,480,20
11933739927502200,480,20
383644541514275812,480,20
291762749932841438,480,20
137396384987319001,480,20
83326647195691400,480,20
89086992246977220,480,20
95610135804223638,480,20
1294603735955681,480,20
46606665941285913,480,20
453563138339673948,480,20
25876846265654234,480,20
81132891966753184,480,20
21645224236439577,480,20
24205454631414065,480,20
27185670191332941,480,20
146731478811037786,480,20
10080768733699059,480,20
286387471220925954,480,20
27884565326865255,480,20
6951670018465863,480,20
87143844468439847,480,20
50124046360891759,480,20
26047838208830076,480,20
40881269092155842,480,20
321407685982836302,480,20
125765211714070792,480,20
22496895432216541,480,20
129456586316867827,480,20
6413039869790881,480,20
88999844247735043,480,20
139317903909160741,480,20
292694410373246706,480,20
12242663194351127,480,20
7408135778869816,480,20
4881936469654864,480,20
23511188231486540,480,20
34090208968085042,480,20
61776037812524791,480,20
110654187571990174,480,20
4697309321472316,480,20
20179258661594334,480,20
308356608749523310,480,20
3051410635648383,480,20
217153312919644184,480,20
23605400297703785,480,20
145799627172833569,480,20
155603388321449610,480,20
238493729832613689,480,20
21355803444180705,480,20
30382587114150885,480,20
23404213451667099,480,20
13911802850277708,480,20
16309655021959741,480,20
114713954483816995,480,20
11346059111692428,480,20
27867624045977228,480,20
104508537442762477,480,20
31429609249568357,480,20
24858587523440701,480,20
28211036925035428,480,20
22475198554378879,480,20
12467026435450183,480,20
135732986685382183,480,20
29440257959265499,480,20
32145716728785984,480,20
14276357901757393,480,20
9260102898012492,480,20
18198468589879117,480,20
122790989615622650,480,20
39707592913751931,480,20
62427023930225601,480,20
37996405566757729,480,20
250654492972832157,480,20
47485340222747477,480,20
49272209791540044,480,20
97640547385688137,480,20
12462172912793669,480,20
12837808135772133,480,20
33973331139157256,480,20
8963181241622143,480,20
13923197067657541,480,20
62766114567255387,480,20
70917551838244001,480,20
220649568154286448,480,20
84814695860816922,480,20
71283171462733416,480,20
238577660506983433,480,20
20640559174198652,480,20
82407094503045030,480,20
96941972207095438,480,20
696152166484320,480,20
203455530081552648,480,20
69534167195604482,480,20
38569307661497151,480,20
8306091001675516,480,20
22257106219124862,480,20
10896551552396496,480,20
4529373401409576,480,20
323513581320706630,480,20
20374891182656941,480,20
86677748784646133,480,20
142516034300852463,480,20
33885983139589121,480,20
111834271770539841,480,20
13278755326941050,480,20
2406224649795969,480,20
85475329109877082,480,20
418516730106506799,480,20
2695371079531074,480,20
4865939188611858,480,20
39223090586814079,480,20
26060310550746290,480,20
137788609194856020,480,20
38574964404223570,480,20
36248038413109401,480,20
1269388823447666,480,20
31184268084093911,480,20
15174173729194010,480,20
71230041894876332,480,20
205822950646717494,480,20
24489815872249422,480,20
212983910752555735,480,20
9483287664117440,480,20
90734536946470099,480,20
100691803581064410,480,20
23839991283991901,480,20
64775485077189538,480,20
87383785309293230,480,20
191455723453612413,480,20
120940620448780021,480,20
88947827358072183,480,20
215628186491789068,480,20
3745860848616188,480,20
36506406218893930,480,20
128227202110898115,480,20
34486632472092643,480,20
46206271757176645,480,20
10576181171623278,480,20
397662282882874607,480,20
110591508653131000,480,20
5943961516829539,480,20
351678508093869800,480,20
382034577834083452,480,20
54896276623481068,480,20
62290490609542874,480,20
30706255023034374,480,20
208461504008210862,480,20
106816794117354864,480,20
10549015433515001,480,20
20940400109984981,480,20
5816281573378926,480,20
50981119220453025,480,20
39732799704800041,480,20
300975290468779650,480,20
16486863008994316,480,20
334031326041973295,480,20
140870936525476026,480,20
15248591339799892,480,20
246494712846886548,480,20
24238594385688174,480,20
224815488610011673,480,20
58325340134782155,480,20
34055922943435000,480,20
31342099950186500,480,20
19017252227462547,480,20
9111069650332552,480,20
233742654956709914,480,20
50671502410464031,480,20
61684751236113679,480,20
7407382097673969,480,20
7515523859789991,480,20
50063836262201534,480,20
45590598408100809,480,20
71627419666117551,480,20
95391326812930132,480,20
13922292169743799,480,20
32862764047689671,480,20
14098427714420119,480,20
53552831865269171,480,20
4005879059862951,480,20
50948742911463998,480,20
8275085522423942,480,20
57258290756501986,480,20
24650403002764948,480,20
38371408110579316,480,20
3912934373329554,480,20
45906537823250593,480,20
5696763164546503,480,20
13223408303501748,480,20
20210773022297140,480,20
6725958746481280,480,20
28893110440749887,480,20
59306143239370740,480,20
55314626159715411,480,20
29206150507648093,480,20
15583592967152840,480,20
1146914673274401,480,20
2706072449683712,480,20
105124516159845345,480,20
319453511239604502,480,20
108217766664950492,480,20
1150415358992553,480,20
25341183908067117,480,20
40338729643938348,480,20
89535402274233422,480,20
133608981443140052,480,20
14542931729466852,480,20
63136572300295802,480,20
33476207747058792,480,20
44883160425589200,480,20
11441398216216420,480,20
15164742369207338,480,20
37074177796727892,480,20
20500505884817608,480,20
29404904142616424,480,20
1308618236928332,480,20
111897921468471206,480,20
6145975752178180,480,20
46061780290740965,480,20
44822956946361343,480,20
383025142770832751,480,20
5072711049683518,480,20
52509075723495720,480,20
89544113576756482,480,20
77472170720992954,480,20
53775735838529798,480,20
1940539650349270,480,20
282315730778960910,480,20
84303104661982085,480,20
27456843864567010,480,20
42445522232767272,480,20
19574212402395874,480,20
16776227721479300,480,20
1502129985782159,480,20
114824046881879555,480,20
112222042123703346,480,20
156833033141377918,480,20
19615071670470526,480,20
21980590848018579,480,20
19314803681608049,480,20
140055482105026533,480,20
17655255865852041,480,20
10997365054945668,480,20
215367795836585464,480,20
207677260354575025,480,20
18143784449251988,480,20
138543267532770852,480,20
1176573299752849,480,20
16909620305411833,480,20
19214904860414857,480,20
43182600551844026,480,20
74588075410489070,480,20
5737104478527702,480,20
2218336327808000,480,20
19188936690059498,480,20
76874232822979863,480,20
499841375201395567,480,20
7531236771847701,480,20
790842518864413,480,20
255827075052181832,480,20
499942643711738,480,20
39038414260794764,480,20
22810932840302659,480,20
313341537424652156,480,20
86402303626863120,480,20
31067234555053420,480,20
65343782163797428,480,20
70067788537386334,480,20
801681475276449,480,20
123228105561702436,480,20
12348726790188193,480,20
301459267201285479,480,20
146251042865301028,480,20
13747114074217531,480,20
15572489685102999,480,20
74835676128208641,480,20
13138511493809148,480,20
398002383898245256,480,20
29399986847259223,480,20
220994189585176215,480,20
48253796071024107,480,20
100792204074428891,480,20
9885771193266451,480,20
10064088771022210,480,20
25727888467549578,480,20
402029176808924315,480,20
35657517889327865,480,20
25930738533779737,480,20
51403035753600819,480,20
339762287242777944,480,20
31276319918057611,480,20
56882338235573855,480,20
108631122079099291,480,20
5765428533334490,480,20
23466233408784311,480,20
47445376355589592,480,20
55094486031499261,480,20
3367483479964451,480,20
20255347693603410,480,20
13967808183753396,480,20
63149810546672340,480,20
886452564816508,480,20
29377112958665842,480,20
77713260483752923,480,20
24451528911904478,480,20
225842095247178511,480,20
287326901243688242,480,20
105778010764238912,480,20
195240513225553658,480,20
5039828972529863,480,20
13507704027620986,480,20
28257054175942354,480,20
14993049487015606,480,20
27970874674256240,480,20
18049001067265970,480,20
1629394030265893,480,20
68657125716735869,480,20
43267039336636972,480,20
92629055980250846,480,20
21698406393438071,480,20
6716786612326370,480,20
18733007589270805,480,20
127161021316237569,480,20
173182006599924067,480,20
596915757146119742,480,20
27467077030222237,480,20
321559411624162177,480,20
6438188845587784,480,20
124811777737382089,480,20
6946992978967556,480,20
15222044902001422,480,20
2390794988149950,480,20
135331641954579122,480,20
163825373320518764,480,20
29971296194017187,480,20
114675299568942939,480,20
19042274462019940,480,20
126325278174147025,480,20
19005477673749253,480,20
17031703178604302,480,20
20389180781275856,480,20
27596437272230084,480,20
10442696743879736,480,20
10026736101855853,480,20
21084561779340336,480,20
23825016427163668,480,20
16685761118580876,480,20
11367441270076264,480,20
19454219083894788,480,20
25136545880115802,480,20
1440311267594506,480,20
2856356596447758,480,20
11267504179741415,480,20
281750503542538353,480,20
13214795857840497,480,20
8921192311098176,480,20
5821722212402757,480,20
13189217157254370,480,20
8848340375267430,480,20
138088518774759436,480,20
36398596935018758,480,20
98948203828446173,480,20
172957101474507492,480,20
85178334763494569,480,20
78797897358583178,480,20
79557736399444031,480,20
19328760972277638,480,20
31217255595243116,480,20
8732871328479544,480,20
1740485245112159,480,20
48013600531128684,480,20
97492810100740931,480,20
73318675034538032,480,20
22052325432375870,480,20
31539413528223581,480,20
510303874090197404,480,20
17908621891368268,480,20
66195430489675538,480,20
29518058552000901,480,20
7067605366533482,480,20
143574641439838513,480,20
28794800113294737,480,20
29100184936972949,480,20
14994343892193232,480,20
72098016702999454,480,20
53509600794031305,480,20
41043444861065791,480,20
11448873096956814,480,20
13921483129771002,480,20
711477881235763,480,20
5151480701785437,480,20
507932799581058131,480,20
11332047501207497,480,20
51218935057014792,480,20
7664111763530472,480,20
15523348416025568,480,20
14187512100678090,480,20
3292289236440163,480,20
52559518256285035,480,20
52382209541644868,480,20
95502713200416768,480,20
21087630749971480,480,20
21529505019222095,480,20
59125276242923990,480,20
98624144078749499,480,20
32136295241220818,480,20
1660821492492815,480,20
73203482152567543,480,20
69595949788003497,480,20
126209688078543762,480,20
428493341023248588,480,20
101944205521943551,480,20
7677460229080154,480,20
7447578705066182,480,20
23800347585072285,480,20
2345124514039547,480,20
60232720382748802,480,20
25348224913819176,480,20
21340274114533253,480,20
25160278548368643,480,20
76716611947414678,480,20
89773362251225653,480,20
31161433876125321,480,20
15219309611296899,480,20
4382835972526469,480,20
16936979048220784,480,20
16617604635612909,480,20
15323071729150390,480,20
29146016936518122,480,20
89964075591391755,480,20
469750938094167631,480,20
98128821557932802,480,20
4793288458431494,480,20
8493778872608685,480,20
303515767499905287,480,20
52983569047845705,480,20
52472060299268087,480,20
22869505348517391,480,20
25423658522379827,480,20
13218538450032810,480,20
10614846223221167,480,20
35241527515085691,480,20
87924542303480859,480,20
36797458846774933,480,20
28508848728863469,480,20
126681020270676299,480,20
7829671374485016,480,20
59122703193304936,480,20
515674630745702262,480,20
40695882456154474,480,20
43254238830305336,480,20
18981856249478419,480,20
108059408244303025,480,20
108814207230178772,480,20
72644637757772841,480,20
15664655249540774,480,20
171486393685004183,480,20
64064520929983356,480,20
179453113618433806,480,20
71730509720961787,480,20
18840428064567801,480,20
2455977416287977,480,20
58059975633119882,480,20
17220422038349773,480,20
19799528294473743,480,20
39562996346552674,480,20
67312524108319905,480,20
510812502699553,480,20
108572038437519290,480,20
54729672104231824,480,20
67874757209947002,480,20
28759072906977048,480,20
73704095523750414,480,20
56484865291947741,480,20
232459942719582,480,20
57825154633650752,480,20
6462409168779052,480,20
21813233007464376,480,20
22220680423396971,480,20
62310002545026454,480,20
322558572777090817,480,20
3415490000908762,480,20
166290213005893219,480,20
2936414358244289,480,20
113878625913247729,480,20
9147725833842593,480,20
28506379884955965,480,20
64466661517627753,480,20
99368632217192684,480,20
261846960414730522,480,20
27597070580722512,480,20
81925829064976477,480,20
385674893541724104,480,20
446781688545740871,480,20
502587427591866681,480,20
1876768083210817,480,20
65475066502424114,480,20
116234478123904175,480,20
96588531950760184,480,20
108482402863985222,480,20
2815219697266711,480,20
114004979190093371,480,20
3646198633787290,480,20
23737826689108516,480,20
781114039919347,480,20
224270593978233882,480,20
75933702610311636,480,20
8026130786289789,480,20
70764046173804157,480,20
207858997242346762,480,20
12631729225111334,480,20
11633090959701955,480,20
159079770334420694,480,20
176322546797252335,480,20
128517760503808454,480,20
114472233339818311,480,20
132646479576888810,480,20
120399974254472685,480,20
102751710105539709,480,20
200690153617595791,480,20
210792877902451351,480,20
18944712482066090,480,20
17288799937507698,480,20
118734930943960222,480,20
142709468249813500,480,20
1029875535248986,480,20
12858076526110694,480,20
14751621649580932,480,20
20690728349199789,480,20
128200044986206242,480,20
11498050249623957,480,20
125311506967953576,480,20
16887620375721837,480,20
19183916132853765,480,20
164423204036422969,480,20
13773630534633343,480,20
171895285985538238,480,20
21707617296681772,480,20
215278387914735774,480,20
15934291324065469,480,20
3878777614674570,480,20
34450236411676349,480,20
15418660139883877,480,20
6382851920115457,480,20
64345384788117232,480,20
326490297340769194,480,20
46122302163814290,480,20
28934423760389244,480,20
177607638209569217,480,20
34625851044417634,480,20
79601897078382978,480,20
13604426201680515,480,20
32367839998301068,480,20
684722939368394,480,20
46430453148281524,480,20
1168167477749121,480,20
21744713618303250,480,20
132413613747369415,480,20
9065836886995263,480,20
91724526415408172,480,20
189415372750859092,480,20
29778781473833061,480,20
50678320471994288,480,20
93882910398041,480,20
79418485477487382,480,20
40377039825865046,480,20
267803934228292145,480,20
8800998603731160,480,20
36702382897191747,480,20
29991593065324148,480,20
56926621958590751,480,20
111056488112162772,480,20
182559218474993929,480,20
226190309696200087,480,20
127291833712091390,480,20
60539342520331108,480,20
8447548076440512,480,20
8236397068904092,480,20
23479901500645838,480,20
282301938911751976,480,20
13762153247486148,480,20
63701423622815469,480,20
12503847546113082,480,20
23406933538688919,480,20
17679292966733702,480,20
78153482037299674,480,20
21977555267495926,480,20
19368382737469832,480,20
30322501057372826,480,20
434899617231246412,480,20
61101207318883152,480,20
45438449242852587,480,20
316837595773079591,480,20
29671222237870525,480,20
222126191867823449,480,20
30186146084561743,480,20
9836378289306576,480,20
20194961866044787,480,20
6468068363715604,480,20
33042997565583066,480,20
148452729632284590,480,20
345138786482359526,480,20
39322607857248169,480,20
24154089175846702,480,20
97936344926501932,480,20
19094467023640845,480,20
63606020452882381,480,20
331014372321888633,480,20
6697948802112255,480,20
2551910557701342,480,20
24417423093269435,480,20
160298793290295350,480,20
500727611512664470,480,20
62743380579025032,480,20
10046367356580643,480,20
14208880651921281,480,20
400087846830730131,480,20
45388804375874551,480,20
258023296547740342,480,20
6905371242913517,480,20
22466862455288658,480,20
6001532780484328,480,20
24671961136713993,480,20
285758858760177,480,20
5113881471230106,480,20
136185649539091357,480,20
644799083511551,480,20
342427845040339254,480,20
1699831402583324,480,20
93523517642806161,480,20
5882191414914390,480,20
76080051268122230,480,20
17071749575685874,480,20
27211641118989908,480,20
319863760949473272,480,20
102447412947464888,480,20
150363085150565147,480,20
207178004719184663,480,20
18108981108814188,480,20
12366896650526371,480,20
14648014217718728,480,20
1540960539338659,480,20
29192998281865388,480,20
20769797195413860,480,20
17927993286973786,480,20
27378983940457904,480,20
293363750869352600,480,20
19103622375042226,480,20
20320720036425257,480,20
283360501426193392,480,20
278121173646416883,480,20
125660662016106500,480,20
12563008434911522,480,20
24985567494270720,480,20
27050547171582036,480,20
84346679276963025,480,20
5237477022064400,480,20
14099401807223135,480,20
313471220571491,480,20
67965739676584264,480,20
1617157734021130,480,20
209762066037522827,480,20
92372003570509236,480,20
7833130080151386,480,20
2225406894760506,480,20
4061757397384473,480,20
160834788921124682,480,20
482387716764542761,480,20
70077551641283081,480,20
71206616745772371,480,20
73680571964975085,480,20
29770726483723630,480,20
28395920670940644,480,20
11638131621139850,480,20
401194280459673,480,20
156273083256986264,480,20
105909970637637361,480,20
53258781740032612,480,20
74952939768797081,480,20
474006510325750610,480,20
93936402370892124,480,20
301984339777351336,480,20
29501700877683687,480,20
9061976608584419,480,20
12707632426326011,480,20
196611407761503975,480,20
366606746694992,480,20
124157192030082787,480,20
11598626917749002,480,20
106537952182488890,480,20
30033331848287898,480,20
2946396716953607,480,20
5058968027753902,480,20
251309487266051195,480,20
200786201516665784,480,20
9580176633430492,480,20
107577278464207850,480,20
24267257227980423,480,20
126213501579593161,480,20
563713343286490364,480,20
30400535302956421,480,20
69597849556531581,480,20
86529384791620480,480,20
2532005408700335,480,20
27405059967777188,480,20
16786652850676757,480,20
79964846545485946,480,20
72502423443267944,480,20
376693380517392344,480,20
278591235867982441,480,20
10583394351608072,480,20
4181643345555153,480,20
8926271380938479,480,20
8147677452959914,480,20
67262952435100521,480,20
43821311373580567,480,20
176963231080389579,480,20
97089510009126435,480,20
27362820050994124,480,20
146406797549884609,480,20
28341715603231838,480,20
30846290693765822,480,20
411379365382303700,480,20
3357330306535286,480,20
63153857816844469,480,20
66692602258567923,480,20
16154480131438041,480,20
103832459907646516,480,20
65437118120288660,480,20
21652005408721238,480,20
20120755877609497,480,20
26790788014733142,480,20
18528747084854249,480,20
3951522480137204,480,20
365750656580256,480,20
126549689225634465,480,20
62146444917112891,480,20
20922641154080530,480,20
32766003497656160,480,20
17124339336730704,480,20
1672148891386463,480,20
22102661530831092,480,20
41736936895195055,480,20
23840638066541456,480,20
54376979339834199,480,20
50966771297009982,480,20
29765571843083270,480,20
55024525205611443,480,20
11392963648080955,480,20
25363269256651038,480,20
14327615714937252,480,20
26168096883556887,480,20
98510955709406030,480,20
18397870652200894,480,20
26498658877744080,480,20
5521362398812450,480,20
90561019475903419,480,20
565854068128791378,480,20
11273821093779915,480,20
12615549295570925,480,20
55038988930768169,480,20
11611639323785094,480,20
125506831704140299,480,20
16034469604314674,480,20
15709795263042375,480,20
53505517009071530,480,20
7949841325992694,480,20
194040746555566543,480,20
14358191681716247,480,20
3074915825568030,480,20
66304230343740550,480,20
51549309003091078,480,20
2671700692871888,480,20
217470171826329876,480,20
80418038553799428,480,20
455334572747698768,480,20
27140846413813501,480,20
496321074165697744,480,20
69354687511805022,480,20
28987337183009490,480,20
20866646026888295,480,20
99209399417438376,480,20
1396282232097775,480,20
94389633160975809,480,20
71541007642374790,480,20
30435230617794012,480,20
7123840137291486,480,20
7260393994875857,480,20
98813532769680678,480,20
21713789543319738,480,20
25297106302263880,480,20
26811977251129705,480,20
31931876981871223,480,20
27370945247293682,480,20
38097722633230815,480,20
12571723881404302,480,20
254634921444653802,480,20
83603655901841545,480,20
22210326378309788,480,20
11757560229420462,480,20
89273754260459374,480,20
11716727850084241,480,20
20709022042091394,480,20
147925070073327663,480,20
4422437289252806,480,20
67876484942124997,480,20
124344778290274818,480,20
30766384263844717,480,20
72297249446281536,480,20
378828530722202357,480,20
41895964585922346,480,20
24550584109308864,480,20
6017490325824342,480,20
49483315248312467,480,20
238147301763432979,480,20
92303089228284374,480,20
21940510340777396,480,20
1695647896955341,480,20
1797514769316109,480,20
115308436197425865,480,20
13843353448203284,480,20
20005775592230729,480,20
20196744480363960,480,20
114996744966122037,480,20
130259132418511864,480,20
171732224709783740,480,20
169631700073930220,480,20
11753681884420920,480,20
179138161275681265,480,20
10502874725812770,480,20
170875033420157065,480,20
144602002733350531,480,20
118789312301165326,480,20
198336990404597775,480,20
19493302522475288,480,20
13307381433562580,480,20
107933343906109386,480,20
153412807589603145,480,20
115903791153190398,480,20
12096950656405587,480,20
138724672034348304,480,20
29591534746898589,480,20
4072523180065435,480,20
77378083976157090,480,20
63132356524580067,480,20
7773382110241977,480,20
104674273388327414,480,20
54365073408168366,480,20
65431786362131757,480,20
25665815589314834,480,20
120618082142353915,480,20
44267460597669309,480,20
52663408419309881,480,20
57049323934956127,480,20
17710173457561581,480,20
115560809048399775,480,20
65848132533692438,480,20
126910789406099526,480,20
22338557926467337,480,20
46953351391017082,480,20
183304351458366806,480,20
2979704111858760,480,20
18528606193404522,480,20
64691272162495507,480,20
31566596089102856,480,20
18429636425325895,480,20
57893798508959433,480,20
5451691089804054,480,20
31325693573470158,480,20
24938946975907719,480,20
70707828113824370,480,20
9914645549380173,480,20
384055482529690399,480,20
11673417206271983,480,20
36303694667356140,480,20
3312614375904106,480,20
77920208222203076,480,20
381294759424366147,480,20
77414429410385069,480,20
485101392403300,480,20
54497010446609078,480,20
297088987315243275,480,20
170565302290492486,480,20
69584042986313733,480,20
36182075040931695,480,20
57034618009785007,480,20
83916707781632345,480,20
96658955856047025,480,20
54142136283815671,480,20
11974435343339811,480,20
92136290512886499,480,20
138684331652135906,480,20
65912785734503598,480,20
351534142210791888,480,20
13392692842585796,480,20
36126712996032679,480,20
55647520876076428,480,20
61609591261030963,480,20
70042054258842408,480,20
39193908248027093,480,20
43322160127118952,480,20
76411889105283930,480,20
68407089223726245,480,20
31646900264158653,480,20
31656127359931666,480,20
126675526063667981,480,20
102176788755184534,480,20
30375774344223698,480,20
64227490880018318,480,20
467601119047045263,480,20
27570346083833726,480,20
265562474974093800,480,20
277049892652192203,480,20
39185309827896158,480,20
2089744310191599,480,20
19886600658121129,480,20
7503194081989127,480,20
3471451999580114,480,20
75598429503909065,480,20
117435323486580068,480,20
76615683720503125,480,20
31180366266284939,480,20
5476867300407599,480,20
14055497166686213,480,20
17226912445659168,480,20
29935595249212860,480,20
116767780221541324,480,20
19274465776047120,480,20
119560283708513023,480,20
2350487116469683,480,20
13612407159054283,480,20
129426588934666698,480,20
101977939401103840,480,20
17274002375288399,480,20
118622043238650189,480,20
169301528084694469,480,20
22431047969893353,480,20
19373722567044179,480,20
284058093365684350,480,20
26221212988752322,480,20
230627116240239460,480,20
10737108512678944,480,20
12093956639524437,480,20
225351791792782123,480,20
142511409449658364,480,20
7466250256549404,480,20
38693882213759602,480,20
107629374522004258,480,20
27391099201423627,480,20
22587304548533684,480,20
79984936025944340,480,20
39457143013772830,480,20
69340190628253020,480,20
47188791105788849,480,20
422497226845669766,480,20
26679619907976314,480,20
281216635748672530,480,20
44502363141299377,480,20
1022864825952112,480,20
8921524171955123,480,20
1721329265288522,480,20
31037329178067096,480,20
101482655459183714,480,20
74311741756238610,480,20
404188400530057980,480,20
5052809567627255,480,20
237687935371090376,480,20
57156818661226666,480,20
11521485561591042,480,20
67525099338954240,480,20
216169228746524491,480,20
7397477276702707,480,20
273525337895623426,480,20
52238229550613884,480,20
1157382538146301,480,20
54224767788688810,480,20
19849426821755915,480,20
102552867369060032,480,20
6115822977502420,480,20
18309054754120779,480,20
19500566326886811,480,20
107078418133006,480,20
21272196242363287,480,20
72903090422285732,480,20
60730935178003896,480,20
84883908863779081,480,20
166450382661662551,480,20
8447750807922204,480,20
12670235859898938,480,20
371733265185352952,480,20
6822145631961443,480,20
16994316064115390,480,20
10478786555675036,480,20
236387422325724781,480,20
35245945140044153,480,20
260972023854349093,480,20
39577492022671244,480,20
68576232704545722,480,20
6952203499343025,480,20
130649290806545782,480,20
104527059577809724,480,20
150998292102769826,480,20
6596764951079131,480,20
176567630908614264,480,20
126567081846279174,480,20
140889665234581,480,20
42186689266758068,480,20
2024392057634329,480,20
86933962656737144,480,20
61825541693402757,480,20
1882189055832549,480,20
19876920405524823,480,20
30541510770923308,480,20
446252267375627253,480,20
359115416710074823,480,20
13429243488723959,480,20
4624546464219039,480,20
24478435094913951,480,20
7362917103004852,480,20
5202822048383924,480,20
21262990500608089,480,20
29346366162720223,480,20
9122023190346610,480,20
497070572542638984,480,20
79358380773175339,480,20
24091046938281189,480,20
30172853717925368,480,20
64452074102922750,480,20
9686180616003671,480,20
38766526551529176,480,20
10872502184797484,480,20
80138402791165025,480,20
103331530601922189,480,20
38694002955358183,480,20
120918953801829215,480,20
28560111114029162,480,20
11729798502023953,480,20
24982593718888611,480,20
1324599366119,480,20
55749457653602042,480,20
3093313707142333,480,20
300649643727849119,480,20
359541360414579702,480,20
39521701201608970,480,20
72331368629799157,480,20
159959311392400050,480,20
3386808812373939,480,20
272269935992490750,480,20
25136185231067088,480,20
2354627684050586,480,20
97624473801196149,480,20
248530214745400878,480,20
12190143308465420,480,20
3155242038426293,480,20
2506261504214332,480,20
129265016594151675,480,20
17379411378100275,480,20
16744705539021591,480,20
25944166515495983,480,20
32590757143221868,480,20
22853751938969533,480,20
4832518873760680,480,20
80500071974612841,480,20
17964162249135835,480,20
61185760937082321,480,20
41125123404216378,480,20
33646195407868877,480,20
109058416118047166,480,20
250379187407587458,480,20
71877455803625216,480,20
54635205964749297,480,20
368677697002481214,480,20
9321858823069290,480,20
27947011827953640,480,20
115240908582329359,480,20
56523466418110149,480,20
68422583902124900,480,20
7657611771383415,480,20
22898921888853353,480,20
86876792638133860,480,20
6395364784947937,480,20
128163023539743484,480,20
307665801209522659,480,20
20320468290252568,480,20
159019014773288684,480,20
10905379803865267,480,20
18275914776549974,480,20
15469969497209578,480,20
180163636654611138,480,20
19159352900205063,480,20
115104582331306990,480,20
21645262649290496,480,20
15003565796664830,480,20
12780332516323808,480,20
2168083784940433,480,20
1629981231041065,480,20
160797316006906124,480,20
140837518085064768,480,20
100076571650651098,480,20
105218118839509,480,20
175070394079632408,480,20
101167061308705465,480,20
100216806584346469,480,20
41534771582630970,480,20
5601793963064727,480,20
72319418256829200,480,20
730836193909513,480,20
37246029567981378,480,20
110615075798670054,480,20
96465057899610574,480,20
100543520764105291,480,20
47013268273982272,480,20
16872618043033292,480,20
123530703062259679,480,20
98270424759663531,480,20
164849429335812120,480,20
16544892332463787,480,20
128322036224632771,480,20
33067923140440212,480,20
5771458716237996,480,20
27609914670453696,480,20
317578086414636953,480,20
64377675300981067,480,20
89188873099839845,480,20
109473174602655523,480,20
66634006747364986,480,20
25860307960271977,480,20
258843302320214108,480,20
117043078290523981,480,20
29429158676095182,480,20
19699295794660874,480,20
17952372827511079,480,20
70888645095327929,480,20
52508861916644240,480,20
106713869451746546,480,20
4541372873534812,480,20
82305849981272129,480,20
397072557412839716,480,20
71729406298362821,480,20
192498897350070445,480,20
18883515830534610,480,20
139334906943956487,480,20
298093362151006768,480,20
14702627799123338,480,20
43598158462062929,480,20
13970209576949300,480,20
14728998621745111,480,20
109749174597424951,480,20
304695232524258855,480,20
24950639288633907,480,20
18175410260072758,480,20
174392166559006164,480,20
34263834494041921,480,20
10352398464542000,480,20
147880606511984297,480,20
21770416436640577,480,20
9121548700344692,480,20
633542288466927409,480,20
119699951141366555,480,20
27061560369687618,480,20
6782593190351684,480,20
128132904812759867,480,20
376914651540924,480,20
28999606822114369,480,20
88817598882136692,480,20
1421121959727988,480,20
5710566449844476,480,20
39682106251413327,480,20
288231924266169571,480,20
45918399251501116,480,20
13491696364389991,480,20
14102179978678053,480,20
93793218234461739,480,20
145164327890768063,480,20
231041320728509964,480,20
25754591295636828,480,20
28659249441612129,480,20
614153836132360521,480,20
120886611653821275,480,20
12864285503950267,480,20
13478591694598645,480,20
118959842067254835,480,20
59405021902107738,480,20
22835271169303120,480,20
49547428488871514,480,20
74666663465690849,480,20
145236065572817366,480,20
107416581916968150,480,20
114951066336401270,480,20
14225020565029234,480,20
167521428582198524,480,20
15651263357092037,480,20
22131025693699129,480,20
2692355690218760,480,20
2850557385689181,480,20
116710816625617924,480,20
29452135639836414,480,20
2209601009238013,480,20
307815118355429716,480,20
14450560865552019,480,20
176217406463531449,480,20
2817374288249967,480,20
1270088095633744,480,20
2755955778365072,480,20
116754599840875336,480,20
8855269393932544,480,20
31940545680413020,480,20
124942424606383206,480,20
7859311379889031,480,20
23941094345031823,480,20
15773713069964854,480,20
17504156380676643,480,20
51567782684305440,480,20
145781551421988711,480,20
468866028692475541,480,20
24843858598362949,480,20
142936158769303327,480,20
36533899402850418,480,20
59875027159322708,480,20
26051573488661122,480,20
186047792256906850,480,20
149840761907372889,480,20
45062663804102790,480,20
77211813038397422,480,20
87436996955754004,480,20
32565125300938406,480,20
156123212620689267,480,20
56772466396777038,480,20
55096933057337978,480,20
29247298176577474,480,20
19271432355017086,480,20
13337937913394246,480,20
29985926085387140,480,20
71831349230415651,480,20
73550800022210892,480,20
57691640419157782,480,20
39065656994074543,480,20
518459760010808897,480,20
78941920571595621,480,20
31963543164794355,480,20
63308723415686118,480,20
71388385889031664,480,20
105537649460199823,480,20
28850050482690497,480,20
54489782510768010,480,20
21719508648695625,480,20
40906217010911100,480,20
276290679512969231,480,20
10022238217651087,480,20
87698501402821874,480,20
40807200340807632,480,20
26834888648202768,480,20
74079689938144096,480,20
32586013862998840,480,20
5508232983731583,480,20
62005977353341632,480,20
26469182685461862,480,20
119715580417136105,480,20
18969084301423590,480,20
64167450106334545,480,20
32029670883521560,480,20
82584579086996114,480,20
49134129988937232,480,20
75720544517132343,480,20
7670903825368544,480,20
18549197613862061,480,20
46460007500973912,480,20
20874315136544200,480,20
18610407385878736,480,20
29034605504973534,480,20
529021558397154,480,20
118703030277493700,480,20
29995435823587035,480,20
36820943938153700,480,20
108072779612831382,480,20
2866549895161942,480,20
16727766170323438,480,20
60401481810840946,480,20
228566950608778989,480,20
16500620365593613,480,20
17179049978450108,480,20
42835575838375700,480,20
30286847890605425,480,20
427443665285701911,480,20
64198779804396359,480,20
73244261177916743,480,20
58525798053362304,480,20
98103183426976550,480,20
123682041046540732,480,20
38395569742657586,480,20
93026135724151464,480,20
11444131850545548,480,20
46433490543790113,480,20
22956093690452416,480,20
65342422303049502,480,20
226954986432839272,480,20
54164410675900208,480,20
75461059383505934,480,20
156278432019310786,480,20
29847164850911340,480,20
61354376708827223,480,20
18772758386108919,480,20
44977836393712300,480,20
388585270231612645,480,20
303384433336928784,480,20
60635385211360818,480,20
47980668884485148,480,20
151776063015500455,480,20
47853727411823581,480,20
361880518415954610,480,20
28424834035595815,480,20
187684736628134486,480,20
28916922610357477,480,20
2296007032649384,480,20
313061746296796813,480,20
29451843018360594,480,20
70730427903757870,480,20
47652406417489470,480,20
50599149924641345,480,20
26443491449544906,480,20
34465544109605330,480,20
74455755018821370,480,20
22371022661846192,480,20
65027652228793761,480,20
71546981131597098,480,20
64149646908588673,480,20
37841899709758407,480,20
360110932354847345,480,20
13358723346250445,480,20
23019359677377847,480,20
182439110847333986,480,20
15324517356249790,480,20
51833823514866526,480,20
34270063282509538,480,20
30667403002288375,480,20
14353884687630798,480,20
129317943497620999,480,20
26746733806750986,480,20
63744957772085343,480,20
12432460849756751,480,20
48542284019478132,480,20
13007310461398667,480,20
31636564675683499,480,20
292607977756949515,480,20
37481907038065323,480,20
26450696236083618,480,20
13516223706913972,480,20
69240432759766979,480,20
23248365701691716,480,20
92241457671612726,480,20
141053720371746447,480,20
79569824456043938,480,20
60974410442917123,480,20
1282100048613897,480,20
38705168259185465,480,20
85037467825073903,480,20
43239366843895188,480,20
120575718697795850,480,20
17207891787078050,480,20
128627055731732577,480,20
17337520760859441,480,20
107362833434687560,480,20
102600246553025979,480,20
164335708268496852,480,20
14819752722487577,480,20
156558757833974136,480,20
163844068303329568,480,20
124799233591288374,480,20
11184078340199193,480,20
13566157502897918,480,20
134467837220851344,480,20
111603305795914665,480,20
202841553648352105,480,20
143084386100791057,480,20
213799510317633572,480,20
18706228701611265,480,20
19280798905311720,480,20
15540769979019746,480,20
110956804320745287,480,20
178966386862460790,480,20
17674797413262400,480,20
106738015527438454,480,20
255751837889599008,480,20
7013316163404647,480,20
26545429374632319,480,20
51418908613230041,480,20
54993198845145322,480,20
122684687635307757,480,20
6184347306303386,480,20
21210679480129190,480,20
23945582065971847,480,20
34306280620704468,480,20
504523272569916813,480,20
24689648792225197,480,20
116669928618992517,480,20
39103727244465190,480,20
188514859335899620,480,20
5776858575523496,480,20
72407676120259383,480,20
15232219031346549,480,20
8750167696281324,480,20
12533284782363822,480,20
22196014527627893,480,20
350508702946654163,480,20
76784641440746891,480,20
380803707462728192,480,20
89355954643914990,480,20
22479937238622942,480,20
20513835864829555,480,20
77032314379547257,480,20
70046132974791449,480,20
43354979685720249,480,20
218270252179152367,480,20
481708428384941529,480,20
38957712211755477,480,20
32268754033395164,480,20
6056487873245016,480,20
27401241711121593,480,20
19209861747002740,480,20
18329366294436934,480,20
272003892474220196,480,20
6882468076099406,480,20
28590784554720252,480,20
424253383970296279,480,20
344157821241634683,480,20
98730368854513350,480,20
4611875733653654,480,20
845611921732960,480,20
23535847852576287,480,20
4990330988448489,480,20
478592374311652368,480,20
84889594664757600,480,20
57319087596610427,480,20
24804455893881783,480,20
43700344259096690,480,20
7174675317077313,480,20
14318322516936490,480,20
274074229989296745,480,20
42012735959766343,480,20
20216648006018056,480,20
1490458858977338,480,20
12837223851139968,480,20
487993833432202637,480,20
8187915104477375,480,20
1585899182250293,480,20
12599895428260339,480,20
24664550010464253,480,20
102528652736856931,480,20
70135805632979049,480,20
1552059246011938,480,20
86299513069234240,480,20
23579583467402611,480,20
393061644275007141,480,20
13766769930492238,480,20
82042980009153369,480,20
243655691455027428,480,20
110037456101710954,480,20
48038842106047164,480,20
32055738478325266,480,20
70931182293572048,480,20
242638716072200139,480,20
35251001797990109,480,20
122227455361684100,480,20
135223124910933659,480,20
1355394374532683,480,20
101506307282534142,480,20
14778374690160810,480,20
44913105197426184,480,20
60495316580580625,480,20
83397834449294401,480,20
100432269051137490,480,20
505956044752817,480,20
30190931866057380,480,20
1494793975405840,480,20
19230389271728883,480,20
2150919873536006,480,20
135614931365423887,480,20
35695800369477672,480,20
18731404091673024,480,20
7835168576284220,480,20
130172290809352291,480,20
37974067148467123,480,20
155061730634124612,480,20
2870066749907938,480,20
111447823992844260,480,20
15928410780331015,480,20
28737778808367831,480,20
151076334912546777,480,20
22939460597594186,480,20
121362523325306922,480,20
31337852354537070,480,20
15849564201306282,480,20
109983487536547371,480,20
19936238286081223,480,20
13843592706376338,480,20
31856495668609718,480,20
15251555113177188,480,20
189765307008106929,480,20
292997238252581045,480,20
239364485768812169,480,20
112059541029972539,480,20
20467766533084348,480,20
16595870908910188,480,20
18261629124532948,480,20
11105119888481666,480,20
121665689891127330,480,20
25740681894361325,480,20
11442498084872653,480,20
5688378007504744,480,20
32247800533018488,480,20
1802844867623880,480,20
21348006527583561,480,20
26476191627553100,480,20
10100994869172164,480,20
1032221789674202,480,20
161068682449391161,480,20
77793880150466883,480,20
72866761683638749,480,20
462284816381352135,480,20
24435288744487963,480,20
12222921032189304,480,20
29475791010024376,480,20
55554368202918459,480,20
342312325057353246,480,20
91092401290565983,480,20
309080805493510080,480,20
186799683620607806,480,20
141489335850874185,480,20
112711263271107876,480,20
77254071452903093,480,20
419861744375961825,480,20
25135617131117181,480,20
55283171693269951,480,20
31086300434224278,480,20
271244269329027398,480,20
12251790608035641,480,20
9251080493350398,480,20
31500906693314937,480,20
62259876268573658,480,20
333796222645429484,480,20
143747419213980762,480,20
28052713038103913,480,20
60476306932101068,480,20
42943163354955806,480,20
118612581014917682,480,20
116089444975792401,480,20
87743512840862774,480,20
10880203429481531,480,20
123607029847015001,480,20
274418741669002164,480,20
44822842045469676,480,20
12901548406888471,480,20
4071820610284753,480,20
282521856948202453,480,20
599740117760607968,480,20
1628653001550919,480,20
31566508668597723,480,20
19879640911548373,480,20
70314428118639800,480,20
25414618001408073,480,20
227030782422661845,480,20
2606391247429465,480,20
192789195290729408,480,20
12607950538830433,480,20
18824030036584760,480,20
5286808780387375,480,20
836555116057131,480,20
130621107588577192,480,20
13613804253567320,480,20
70566540016274123,480,20
42002322174515065,480,20
11505575099218820,480,20
10482726735330409,480,20
82136071214990432,480,20
2831202926658878,480,20
96994838904425579,480,20
236889235890857736,480,20
74661042640749993,480,20
89988830334140063,480,20
179362625098879518,480,20
6882388231216288,480,20
23884169450331156,480,20
120015110753699353,480,20
23720100222259189,480,20
30391140979283815,480,20
112993061770934997,480,20
33010451011381140,480,20
22839029529428862,480,20
121126147316634781,480,20
22770920338468746,480,20
42163568544381575,480,20
10757254589257935,480,20
21548920381710224,480,20
86499231817382618,480,20
256096038651803583,480,20
42480194741791862,480,20
277781009406308496,480,20
4426176976484949,480,20
585886468969037,480,20
49272934767188403,480,20
22725220713974326,480,20
25570544784314462,480,20
18974305381085698,480,20
35546975806793904,480,20
5796110922045836,480,20
121088016387301316,480,20
9358559562785248,480,20
122935485875360108,480,20
296464437687557682,480,20
478908974982270282,480,20
59845511491317817,480,20
20957638474333667,480,20
80803550961967342,480,20
38962293852440539,480,20
5121825242130648,480,20
147407148902092833,480,20
18159063665465121,480,20
20834676305704621,480,20
21680677730859355,480,20
30831939109203463,480,20
52458344218555539,480,20
5904613424937578,480,20
17349378318356843,480,20
10125920916039426,480,20
10925660300380065,480,20
1635891581131140,480,20
7847283687003105,480,20
58145273210727656,480,20
4932285456840148,480,20
79671296170845168,480,20
215699291573845017,480,20
75299932082075340,480,20
58028743639153658,480,20
57394171744358383,480,20
26065893467480773,480,20
16443334343462485,480,20
33365062574395492,480,20
164198680624589518,480,20
80027220092632326,480,20
126318961771317612,480,20
42811432566502510,480,20
555280388236036,480,20
243408876574569672,480,20
2810887190351520,480,20
31923248139788259,480,20
4392903826235287,480,20
90914763599070362,480,20
41122475356765092,480,20
351780100663196006,480,20
36054368696623368,480,20
101266172505422569,480,20
8759988309179803,480,20
23999541242231656,480,20
1706477623028609,480,20
31561562190574739,480,20
110204179944576664,480,20
31267633254970098,480,20
78871233236865997,480,20
13799302065967284,480,20
127707963582684668,480,20
178226433217483686,480,20
20435504003765273,480,20
109394299287232926,480,20
180728728951600663,480,20
13929617454052655,480,20
19516175845031912,480,20
1937372345896978,480,20
124440368777407614,480,20
18579877019772050,480,20
19806079592507481,480,20
128127165369939188,480,20
21215530940004048,480,20
141539664652646589,480,20
109683780000933072,480,20
19421840581009710,480,20
9681684361749438,480,20
184269197218988898,480,20
7997201963183030,480,20
60600634716802343,480,20
38129065114676118,480,20
219585497443910520,480,20
34329319476220913,480,20
53203118125312974,480,20
30004814840204164,480,20
44728986906837922,480,20
205391217604367445,480,20
103446504508877123,480,20
15542244776597792,480,20
3506344555283198,480,20
17695002655537046,480,20
72816966451427132,480,20
53713322788764093,480,20
37265379410557451,480,20
174332253012443575,480,20
14183451438433633,480,20
14499527027228196,480,20
18378815631773411,480,20
21255960493899074,480,20
34998202920302180,480,20
51297827149782246,480,20
88187238733097046,480,20
161822874785488004,480,20
3176128899996256,480,20
378208248170341982,480,20
39556276855400226,480,20
55938193195786366,480,20
55442343135636365,480,20
11946253485717105,480,20
138325117602950006,480,20
53044687036267890,480,20
21287090131002175,480,20
7296876386948256,480,20
35582948130941608,480,20
370177793345175662,480,20
21528431771473722,480,20
19467163432094718,480,20
234481725779901094,480,20
124220866757033046,480,20
80623741960982592,480,20
382364250383420548,480,20
26483820595270004,480,20
52694880393796265,480,20
38483522887209151,480,20
85842958242836524,480,20
32406806322114855,480,20
10400908812054297,480,20
17468265873253238,480,20
55698743884087293,480,20
21569747352608959,480,20
7867652732612606,480,20
22430052385833616,480,20
15703597574564674,480,20
8871712723710041,480,20
13127179272633078,480,20
137479382330727704,480,20
23764978309486198,480,20
10539780712383172,480,20
19395098858750656,480,20
115328316021889432,480,20
5565389012571994,480,20
16789172348882844,480,20
29269093956430425,480,20
32366017775032242,480,20
3601036742390408,480,20
67745363973074127,480,20
363816291525121132,480,20
4977128861364485,480,20
92879485114712566,480,20
52199131407336156,480,20
42968741349110046,480,20
106635416326471520,480,20
33859977508633757,480,20
21095952564523692,480,20
138539422870313155,480,20
31226162321877669,480,20
81474056798078556,480,20
23920770001613772,480,20
14236709109048390,480,20
143155062019942550,480,20
242620477713086682,480,20
22734467300545689,480,20
18785362258175231,480,20
20359458009277457,480,20
10900983267320857,480,20
23210511157050787,480,20
310695629048713779,480,20
24670398250260524,480,20
1801591962441718,480,20
29426591016111831,480,20
27505078659408366,480,20
11282812920350216,480,20
133288795163650861,480,20
11608776300358648,480,20
308801688747953086,480,20
11271407386620008,480,20
20523403777656509,480,20
28045235619594920,480,20
25390723228390562,480,20
15688091346632964,480,20
115244502235008484,480,20
147590134036107980,480,20
381029226869750408,480,20
188837767405282230,480,20
57885854199303625,480,20
88203926863100625,480,20
32901781508565701,480,20
33017260478951679,480,20
254045912894891586,480,20
117835109157030742,480,20
74174551548975267,480,20
370903200868978643,480,20
98311300368627251,480,20
23418075677035731,480,20
12973137202225274,480,20
28308676867952753,480,20
122772524447524671,480,20
101987103175542501,480,20
3581345624935927,480,20
31478506836429126,480,20
51434542473713435,480,20
247335034457492222,480,20
21194994869345632,480,20
1562133032438701,480,20
25926580214134335,480,20
101222913005614191,480,20
14653533304536379,480,20
28892789857403092,480,20
15369831689395478,480,20
308906316075344266,480,20
6837795908239690,480,20
38170261006605137,480,20
193550962275294,480,20
35853280114566753,480,20
2160938861104256,480,20
16742737080548125,480,20
238058353084215035,480,20
24120272736967761,480,20
4501045274134990,480,20
108439601740278990,480,20
170320801578795,480,20
223619316929942502,480,20
8781921978358662,480,20
77347309594667699,480,20
112739305151153279,480,20
20144799467833570,480,20
62490006805720671,480,20
61575046705764215,480,20
99881762603231634,480,20
183373744861397756,480,20
21094173441602879,480,20
41103720931639242,480,20
21302009724771907,480,20
37994901225815728,480,20
117255021964376169,480,20
28615441883870376,480,20
465029788303473354,480,20
3798102115003432,480,20
1529793408856786,480,20
19269762581499926,480,20
176360980992977164,480,20
28587161066967818,480,20
172666607945713555,480,20
24811605752006503,480,20
415471711820429820,480,20
138205223363673056,480,20
257746059195352388,480,20
16665162130812513,480,20
230071907646253,480,20
197881171128301568,480,20
31839808999060885,480,20
63449219144100434,480,20
52884127927027778,480,20
27346304505613388,480,20
37283918681297001,480,20
16226753673944392,480,20
100996831823317282,480,20
15238744109055125,480,20
15923665109760282,480,20
6857963992503490,480,20
110489041979158958,480,20
2585779387469888,480,20
121921862239277048,480,20
90553317658607781,480,20
30846636335178496,480,20
23092758864519564,480,20
19630702959117967,480,20
278271345088977926,480,20
58712298070473128,480,20
218569549476344753,480,20
25977906249070765,480,20
80473387602382768,480,20
61061098422539765,480,20
15829052491635866,480,20
202355129011653859,480,20
7205874235515140,480,20
47684903668021851,480,20
274170131766867622,480,20
275974584221728644,480,20
23951033853060188,480,20
105681621160446787,480,20
2491354266342001,480,20
302745051462280063,480,20
67030685314339811,480,20
93577228158977525,480,20
4435839886036860,480,20
229241552608557649,480,20
57285414572173766,480,20
382745693640915032,480,20
54029044527214145,480,20
37170292768551377,480,20
45613079873077541,480,20
2156819548715805,480,20
24510483316190761,480,20
51325264514926926,480,20
6724051802959721,480,20
138551256699511717,480,20
27651695717158628,480,20
123126475433724796,480,20
44299980217217085,480,20
78246687985953691,480,20
93168890473914501,480,20
231517492644395016,480,20
1996177871990823,480,20
381890423809662890,480,20
40167462460333813,480,20
3210119637434706,480,20
314838177915532307,480,20
54135660248735523,480,20
16319830089878384,480,20
224409946054645495,480,20
60380663771028039,480,20
15952071962313163,480,20
152817948825199153,480,20
86086500759028192,480,20
74942349866504852,480,20
150904737130402653,480,20
26916965873340640,480,20
4099126675440873,480,20
189282971825842217,480,20
22124109688419734,480,20
22920996651568927,480,20
16064598737276849,480,20
354283853444598807,480,20
87994088501043822,480,20
72971874516073826,480,20
24334728560019445,480,20
31574441068430493,480,20
27951803237985391,480,20
57275383200276140,480,20
53232404619035853,480,20
36608612124353865,480,20
18419395072203712,480,20
321192818289067675,480,20
62158671329261228,480,20
67036394578865694,480,20
57510098032622958,480,20
19421170951104392,480,20
84443795160446657,480,20
19846415340848978,480,20
27221281779069186,480,20
49585568404347224,480,20
2366135803050331,480,20
257502128250056315,480,20
143388174737051756,480,20
42842345004261699,480,20
68114460866601452,480,20
37142037287651011,480,20
6827131022264313,480,20
73515913009591622,480,20
2395815284296517,480,20
163083463505894619,480,20
16676325574759182,480,20
20844063164253189,480,20
21650258201458918,480,20
21279146286876939,480,20
19883123394200968,480,20
16629802768020433,480,20
18208305437729995,480,20
10328202933819627,480,20
18910067488393626,480,20
11253052444661433,480,20
111417002071671000,480,20
1884863496098388,480,20
128141713877632641,480,20
16199200311365041,480,20
1411723846780222,480,20
14069377560100350,480,20
127757463216680664,480,20
14192698189254078,480,20
1030553605439631,480,20
10061063403132621,480,20
19422413789052431,480,20
14103298565143790,480,20
124731250206656689,480,20
188830075267812119,480,20
1633658469244323,480,20
21267990683010281,480,20
16233614963126967,480,20
2130427362759661,480,20
17929448570554709,480,20
1635595610981174,480,20
12444855544668799,480,20
6446022168664206,480,20
10188543715595798,480,20
29615071277348912,480,20
119959374935522466,480,20
18192862611332641,480,20
92890436137602317,480,20
1729590510504498,480,20
20022593319258644,480,20
11168283808749738,480,20
20090149883640505,480,20
2149227385329133,480,20
45896245695460257,480,20
128178038112349375,480,20
61751384310737485,480,20
43895511552760849,480,20
63054567602535496,480,20
24673326411918207,480,20
55579922703345646,480,20
7915969930529077,480,20
24777007271390149,480,20
44863214478081420,480,20
332591498288785105,480,20
106160353232239188,480,20
17964168105751941,480,20
465277410127630,480,20
154811896651743418,480,20
162405461334688173,480,20
32955973147561253,480,20
28898603762503221,480,20
26602294716387858,480,20
19819153671562584,480,20
18996726256165320,480,20
52440498616024539,480,20
16019298165604766,480,20
2992423546166388,480,20
258112341456856528,480,20
10850235494912960,480,20
201215819142272238,480,20
19649775118717929,480,20
59354981973721805,480,20
475250360905782,480,20
233236433747002109,480,20
31488212612429971,480,20
105532420228018154,480,20
40326763112806250,480,20
444636036895313831,480,20
44524161475364721,480,20
66066007115072545,480,20
405083397760752906,480,20
14713539676251595,480,20
27294786722211282,480,20
3120769099500704,480,20
88232968914205396,480,20
41042945887261074,480,20
22313606654811044,480,20
230778333153191571,480,20
124375403657612864,480,20
26040786874830795,480,20
12383108915688059,480,20
32392247399145675,480,20
7242157021004310,480,20
118241929462992177,480,20
95306857059421920,480,20
67211497168614957,480,20
150602886341846109,480,20
333101589026091608,480,20
27379757846871677,480,20
22101996868760248,480,20
189722710117164224,480,20
128247105574513392,480,20
110548682735027709,480,20
20497896963489674,480,20
23869644479423216,480,20
127087524352989915,480,20
31872881441435216,480,20
39149664638732681,480,20
28015564694573099,480,20
22739467116102103,480,20
54674886400700643,480,20
37859654435898161,480,20
50101463820672689,480,20
210522869560890,480,20
88473938412240555,480,20
313851564833304565,480,20
21260421276486052,480,20
79900673308429780,480,20
12256564456907672,480,20
6062993629597785,480,20
93228115225874483,480,20
17829781552172927,480,20
118516021842634066,480,20
186207761559160304,480,20
14285042130284845,480,20
28017625805729106,480,20
12746011885492487,480,20
20855544018039643,480,20
119704609234077236,480,20
21060798657710537,480,20
101666936096525983,480,20
131589561561041719,480,20
14439211452898836,480,20
286071574942724897,480,20
11550703567261742,480,20
11336130421010380,480,20
111832563213696924,480,20
24311445388564844,480,20
10315953157978325,480,20
321649387474600110,480,20
12725253274334912,480,20
104343264907905520,480,20
136928441167462180,480,20
14333283295901672,480,20
29985258272407574,480,20
115408905806518390,480,20
14444706782533340,480,20
252641781750690474,480,20
1615977351601616,480,20
62366386218864845,480,20
72854112524526036,480,20
49346372156332262,480,20
22365935700044144,480,20
74743932093347424,480,20
20614730665526761,480,20
9981205194228232,480,20
9620687234359541,480,20
10238680615979666,480,20
37661224638984522,480,20
67650614980595205,480,20
99589538617150689,480,20
3598552887824081,480,20
322844643239085440,480,20
28217100834548481,480,20
29516225303347570,480,20
17069767803711721,480,20
30947413742106543,480,20
36934787124996225,480,20
2732019829497403,480,20
15669853909055276,480,20
117372948912384056,480,20
81523206281345095,480,20
55541515896526875,480,20
27440050306672046,480,20
127977972112444939,480,20
97123522440832914,480,20
44552299136653185,480,20
68628397834039507,480,20
27571748184905720,480,20
89494965798735089,480,20
220680644053384047,480,20
45092120134945456,480,20
190705829783488006,480,20
62756697372902489,480,20
4264331041649894,480,20
75245469077300634,480,20
128587377915584413,480,20
147780477610791844,480,20
169186742329472934,480,20
43589627802531432,480,20
16913096161087731,480,20
6851086242102339,480,20
29421473853805684,480,20
136429854447262150,480,20
22980058382432216,480,20
25891321600961048,480,20
67963360452028420,480,20
87873726455627978,480,20
74720334706976758,480,20
10060900638580333,480,20
34036387245076241,480,20
90615204231559486,480,20
57599130774301060,480,20
10199600088732159,480,20
4280823155326585,480,20
61879047005543081,480,20
6842255719295578,480,20
22725945431954157,480,20
82054850728207928,480,20
44661434110562418,480,20
8337694248956202,480,20
215079798775955316,480,20
32681701876922609,480,20
96436035456434175,480,20
7525840612542952,480,20
22140956294684380,480,20
47468452355374762,480,20
8923535618271949,480,20
1821193377056701,480,20
5483894058082574,480,20
78385891738494008,480,20
78014485664512159,480,20
66115690251258268,480,20
19314568084091551,480,20
20739497124240082,480,20
12401855045616559,480,20
7061675974169928,480,20
515805054139857,480,20
43161588382186472,480,20
7933582106616305,480,20
13641457645674716,480,20
41759871763423799,480,20
30362549325105413,480,20
595045404726880558,480,20
11247361716129453,480,20
105084561646747443,480,20
10135591975396034,480,20
498117517321587152,480,20
1686978174854980,480,20
126907336762782943,480,20
13331219770567855,480,20
25516601083693223,480,20
84904606038585248,480,20
8184349691913975,480,20
23641251740197596,480,20
19741345859552608,480,20
112462010162258387,480,20
265077264622477,480,20
28660073101030772,480,20
108574404870334853,480,20
174825301654039519,480,20
41449746077598143,480,20
7080845250021103,480,20
269872875510063589,480,20
270029571623601879,480,20
32708614276237166,480,20
44129009408787925,480,20
20235123697202712,480,20
7291460268299192,480,20
21697934899096453,480,20
156423962602220548,480,20
13430386221437397,480,20
30421010913524374,480,20
25761575135017880,480,20
17879138716247253,480,20
2270801363377450,480,20
11358191276157848,480,20
1611669124028323,480,20
121281390089120688,480,20
18912610545586281,480,20
327099949860743454,480,20
91546830691519442,480,20
14413420579962268,480,20
13863545899323592,480,20
55545245308539511,480,20
12337973314073040,480,20
27682154846771007,480,20
8134119738698565,480,20
1588992841013474,480,20
17421883849782761,480,20
81576425392820066,480,20
235898765839371728,480,20
55669537818747965,480,20
59995714842483467,480,20
10867393009555266,480,20
426718638310178636,480,20
92921628973489528,480,20
117900968439012500,480,20
106698294433084596,480,20
119844260501024907,480,20
17678481285103884,480,20
217085523247768351,480,20
178896556660201537,480,20
122676723077217339,480,20
19858141461821617,480,20
13617768474427295,480,20
11678614740400464,480,20
139114888074982029,480,20
106857167206651311,480,20
1431623991435846,480,20
17934108819131618,480,20
17894780906526055,480,20
171160109573935950,480,20
14071492644857681,480,20
15488881918258043,480,20
100926927265712191,480,20
183374405363177370,480,20
119384554255408322,480,20
80043086696251287,480,20
1928703684649257,480,20
22030979198091615,480,20
19965442616008345,480,20
31186310609156015,480,20
40161957925712445,480,20
80639420803060116,480,20
87569341662566901,480,20
42212453847527522,480,20
78306508701572725,480,20
14689431070522344,480,20
4935441652498648,480,20
149015392828665879,480,20
108692512098366278,480,20
156146910970975627,480,20
77093145589824615,480,20
28985281059947865,480,20
5238507443598479,480,20
133998080742027569,480,20
25745638109920765,480,20
3111739300402023,480,20
9868677217542475,480,20
318268278125990140,480,20
32878106309006802,480,20
60805513517540659,480,20
63371886237906930,480,20
57764969340374731,480,20
18749747701313984,480,20
65999831525408013,480,20
441445193845760774,480,20
86133443908396238,480,20
1440364759422063,480,20
17353525712642775,480,20
14658040722353186,480,20
75753801767779434,480,20
25742687394051028,480,20
68660815072135379,480,20
16159310986993385,480,20
378619060112359251,480,20
66650801576313349,480,20
119673713810985223,480,20
9207471057886966,480,20
108958629010356510,480,20
143725639622730114,480,20
384774699586090496,480,20
3590093481734674,480,20
1865697424542318,480,20
248754379244535651,480,20
6501479223528938,480,20
61837231350869912,480,20
21783151238260453,480,20
173445336319179941,480,20
32875019491531752,480,20
38546937465785176,480,20
22086034698184635,480,20
35100842360110537,480,20
31932215075724471,480,20
5117883582194160,480,20
39581520173583501,480,20
51368931328468135,480,20
13996968893828892,480,20
3234958593579334,480,20
12910389973362407,480,20
32935632933824139,480,20
330324155483556589,480,20
207171657635352860,480,20
38861754399456828,480,20
38003010783391237,480,20
48424544887707773,480,20
70270750931609525,480,20
73870826815352877,480,20
8245972927746050,480,20
38987425269979638,480,20
77761244743268854,480,20
9416752801313216,480,20
51757235817720552,480,20
89384861296622347,480,20
285513055509214697,480,20
182281420296049831,480,20
15567111898814325,480,20
1256922563350577,480,20
109003939049758559,480,20
117074169326021136,480,20
95086621346856774,480,20
67619697381010473,480,20
341512806712812642,480,20
17996867817517921,480,20
16390803211463330,480,20
232648471677575285,480,20
296669352512393750,480,20
376765155203673,480,20
168546120202753363,480,20
159469937247154290,480,20
13125324883282511,480,20
203552491322099765,480,20
25535675445448713,480,20
16976365521956995,480,20
157492324457058708,480,20
17628928649066514,480,20
145546182441686803,480,20
142076094747338610,480,20
153808051415644066,480,20
14993064999444577,480,20
136785750318656052,480,20
253991179823293257,480,20
219455345918717259,480,20
11340044604235547,480,20
1926876036887754,480,20
31707619068534410,480,20
29729424025816711,480,20
29691889095753265,480,20
293657788270953057,480,20
29339847941596848,480,20
64902755682730433,480,20
127602401651631246,480,20
143203970760668285,480,20
189809334476201738,480,20
17223729218907231,480,20
47417998111580705,480,20
175781448977389646,480,20
116200251099742716,480,20
97143413937453261,480,20
80982682478375586,480,20
72411729176332080,480,20
38651710361566785,480,20
1461467635265763,480,20
101382815496322102,480,20
28978979704736405,480,20
15323262650380441,480,20
181818591660940375,480,20
32474194751493798,480,20
60575876029355694,480,20
20968188427144924,480,20
41377897544482315,480,20
45086435831165647,480,20
81729322266148263,480,20
12043696201788120,480,20
85949644544104720,480,20
234213677423423720,480,20
10572996025062699,480,20
7346074712963143,480,20
1830465246013079,480,20
38369499739754295,480,20
50832645420651347,480,20
25779569054933184,480,20
16138046247145432,480,20
7047173846242301,480,20
22155236843781402,480,20
109222950175936712,480,20
13237917848381605,480,20
345213220694416445,480,20
409870172437847256,480,20
4322524346021671,480,20
30597210917829327,480,20
32852572498574034,480,20
208133738633417274,480,20
12407427338855963,480,20
128657711457735084,480,20
10118183300871186,480,20
20256739107336262,480,20
61647179257566191,480,20
33570570973606926,480,20
203387210599845749,480,20
119148857140673624,480,20
66771989476391998,480,20
5756611643470344,480,20
5205645757312332,480,20
85169005477934271,480,20
259426761811939100,480,20
168381629260797339,480,20
321064170930017572,480,20
10009840037488201,480,20
16039012600036576,480,20
260152022422047857,480,20
245170412465084942,480,20
10141065781932324,480,20
1119228907243172,480,20
40363197282462590,480,20
4748482518902475,480,20
12105688718319875,480,20
18945469907475345,480,20
18647362973821492,480,20
1828358360991320,480,20
21266517807548258,480,20
23475068666966883,480,20
86333353819745478,480,20
25060617854098794,480,20
26475336962540280,480,20
5599749912996528,480,20
126242323206971762,480,20
15117038016170313,480,20
45536247270507088,480,20
13752233951245798,480,20
27400943252179729,480,20
32883688463726570,480,20
98174777949016885,480,20
69572300553285977,480,20
18041212426703210,480,20
406518743889192243,480,20
84872116592984744,480,20
173275879176133143,480,20
2971090239249262,480,20
57534125081785592,480,20
3679084696575054,480,20
500032465582026097,480,20
7233261395917925,480,20
48251808196733276,480,20
40354145202870621,480,20
23679780161872628,480,20
117500078949491507,480,20
7347632850903663,480,20
11852637521809301,480,20
57792764765582391,480,20
63153285991902425,480,20
118234336229752666,480,20
3175331236588191,480,20
224376496348908262,480,20
205131506212567578,480,20
4736755764667719,480,20
56025438144169937,480,20
107403587718287123,480,20
2382204527272129,480,20
24381577047353304,480,20
5376020504619299,480,20
13466454034358692,480,20
77577737025830926,480,20
2143593793439688,480,20
336571167902196183,480,20
64189545844601862,480,20
96839583385864526,480,20
168918809898030463,480,20
14792878789805162,480,20
374268496678650596,480,20
24074772452261069,480,20
148977982838297629,480,20
241048362395680858,480,20
53255630557886177,480,20
10828644475265338,480,20
92982761067818319,480,20
7749679355484341,480,20
24219742576323027,480,20
106816523455363287,480,20
5786825499248995,480,20
25465032846433619,480,20
351974974451245473,480,20
137200373150861839,480,20
42126730956469323,480,20
102181628760441286,480,20
103676434597495890,480,20
30845948754339437,480,20
7542544744060266,480,20
121236127791746065,480,20
224560078975048558,480,20
22439299314069888,480,20
17794969164591042,480,20
12281323578041036,480,20
170889435725198199,480,20
374313410570693167,480,20
15694442364124099,480,20
4722244592971230,480,20
294108702529623059,480,20
122130243789621797,480,20
224605039268212844,480,20
8348209311894878,480,20
19174473769413835,480,20
140665821200781624,480,20
13559257636195646,480,20
140271918308458166,480,20
207016630284833869,480,20
181507595487001920,480,20
19675675042712972,480,20
1561413688850570,480,20
10357746004839096,480,20
10277090788016353,480,20
1789361867768655,480,20
136519465491307156,480,20
160724770473729261,480,20
11052065905676706,480,20
14803239407108926,480,20
105152595729930082,480,20
17113679153940080,480,20
29781297175001946,480,20
166479346190718525,480,20
63991555600580541,480,20
7797814596215228,480,20
50800319322694459,480,20
65418375209190718,480,20
3758855938566943,480,20
32738081217012391,480,20
235804101739514505,480,20
51843966273621787,480,20
30816616454001742,480,20
92234848079849731,480,20
334426668978393504,480,20
24525090854250463,480,20
40155631569233367,480,20
31058464346986847,480,20
19544989141717657,480,20
207892780451126469,480,20
4043614938313847,480,20
59132067655692168,480,20
12089291707903141,480,20
87999594920004169,480,20
21897009349963561,480,20
155525941794889437,480,20
11179776534755711,480,20
44266319998032342,480,20
4606614415084504,480,20
20078517929443908,480,20
9200077272726632,480,20
12242330851157204,480,20
15027740187227658,480,20
41067498037471525,480,20
18319098499799932,480,20
31711022050458012,480,20
229330763829075920,480,20
2795745933763118,480,20
15565439464701203,480,20
7646619153641089,480,20
46868586722496281,480,20
727581333136692,480,20
57600492225354933,480,20
6626031685324136,480,20
136549537947820260,480,20
4911578174978592,480,20
2982940424633500,480,20
11232176506173553,480,20
15712126029760577,480,20
47019126278192551,480,20
57301740740142664,480,20
50024373688856785,480,20
83508953346278023,480,20
1860803172781859,480,20
3225788550585573,480,20
10660352685477574,480,20
51147378281306364,480,20
38134056551694655,480,20
36789272814043306,480,20
106439546272670275,480,20
16068780182643169,480,20
12879775882075662,480,20
74114868598822210,480,20
20188398647535321,480,20
17488837396044905,480,20
17831098749123245,480,20
469151918977026087,480,20
86052314049118401,480,20
88923893981051609,480,20
333926673172101357,480,20
14006137844090000,480,20
216424157673213055,480,20
6972500652188401,480,20
17435031515298223,480,20
816831909239933,480,20
457263548638680368,480,20
336054198772914,480,20
71535467132374169,480,20
196550209167189930,480,20
73978186439912257,480,20
26908332579366567,480,20
50029652844603146,480,20
93237605999139212,480,20
17979121113476947,480,20
20359497692943028,480,20
9381533902457771,480,20
8717474255597850,480,20
71513606219817925,480,20
165918337462769626,480,20
17833810217078669,480,20
14228026018183418,480,20
107529255495687267,480,20
291337881604519979,480,20
57997497365049287,480,20
22110643433935827,480,20
149657191910096350,480,20
65799442908532568,480,20
149888764939512,480,20
26689382213059499,480,20
37018178705783809,480,20
9957758074208862,480,20
36267213522586334,480,20
22044539537799293,480,20
3110431007541032,480,20
62908040908106859,480,20
352984306461555552,480,20
31956942183605073,480,20
17245231747889641,480,20
14330565052499480,480,20
22836079841290291,480,20
3580785022349979,480,20
141697691202243722,480,20
252691306882195694,480,20
59470946056322,480,20
6721943583558497,480,20
49368924680218268,480,20
24879127841247697,480,20
453458456302137313,480,20
11999436211258763,480,20
179127989820116313,480,20
29890541174157651,480,20
13893591551849033,480,20
9863261183687379,480,20
10477012874445053,480,20
13795275565753156,480,20
21837777669757503,480,20
120729790649558816,480,20
28115665751827887,480,20
259846970169995681,480,20
2516734186893275,480,20
17080092129698186,480,20
30035233285600433,480,20
300800291229750033,480,20
22696200956027810,480,20
252579762873119965,480,20
16134638376896192,480,20
15266928104339750,480,20
2991403450593555,480,20
19795348602027028,480,20
194441081807925810,480,20
15643105478327974,480,20
12541812309923811,480,20
25748234968582431,480,20
112262357994030671,480,20
12463028111767566,480,20
128862185268138024,480,20
11648925614222449,480,20
24928830920436167,480,20
23213214298654931,480,20
161169739678969228,480,20
22660170969139572,480,20
29159892205907775,480,20
19779827910361428,480,20
25389925029415972,480,20
6449903309725384,480,20
178531638551748566,480,20
315532522785420912,480,20
73357172816844953,480,20
49747111254195724,480,20
24560267206598237,480,20
51744154569830319,480,20
67777361357881816,480,20
59708172033437217,480,20
367976826019100801,480,20
44263383423231065,480,20
25606373669172279,480,20
17228571665681864,480,20
499756052929392055,480,20
42830126130762771,480,20
91859716349255924,480,20
17247528167992295,480,20
284361872222253673,480,20
6726723710049247,480,20
58403622129919876,480,20
5491297577405925,480,20
107289157939357928,480,20
80314091939583062,480,20
6308493048530384,480,20
85541405597648234,480,20
47923629752267779,480,20
231488236037743196,480,20
9318805916315024,480,20
51139311352171064,480,20
3803559373540076,480,20
116868714503556389,480,20
65894870400257137,480,20
199011988417921130,480,20
4110577538344265,480,20
48257636515967923,480,20
167419508742783221,480,20
361681265616333871,480,20
21230042650884673,480,20
5398195850037423,480,20
151576396880888756,480,20
26772766654362279,480,20
13382183775104583,480,20
19438249258023925,480,20
110833626029671033,480,20
189515383712345244,480,20
61011086217820044,480,20
137859651438100599,480,20
22726187607518893,480,20
23654394618960513,480,20
192130703634209625,480,20
16614585544953078,480,20
16137379912401810,480,20
3750889564690601,480,20
239098338607632061,480,20
30250669460527514,480,20
20099552019229216,480,20
24850483114113312,480,20
47422852219979603,480,20
104552778478507526,480,20
7313253617804099,480,20
57353752832638728,480,20
172232333217383636,480,20
44660272844980046,480,20
260478835469103947,480,20
5204565267493484,480,20
20579685197366983,480,20
21808858637579926,480,20
48347821851866055,480,20
37777648459715438,480,20
1299422797318865,480,20
5753805717242985,480,20
67506680301694115,480,20
31042100290221909,480,20
68646452208977168,480,20
45477968460009762,480,20
639778642457705251,480,20
3637614132076149,480,20
22303468825570502,480,20
19278730581896371,480,20
83050738810783354,480,20
21326162695749167,480,20
60110218832157691,480,20
19714222863979300,480,20
14415218045553249,480,20
16794693720858127,480,20
14248131822821657,480,20
6177192636455442,480,20
200041815526107184,480,20
62818733110174188,480,20
18605406031281650,480,20
63938395383541462,480,20
33343374294180474,480,20
11198630193482529,480,20
46128536890203333,480,20
74851082399897364,480,20
56158077930987035,480,20
40348175371486984,480,20
16299540729370462,480,20
21534604364629753,480,20
101066846830335871,480,20
150756204437636484,480,20
335906456266854336,480,20
99190898855424554,480,20
34036343128730041,480,20
194675732769194203,480,20
60264096232501701,480,20
58027707386965827,480,20
87408704571127256,480,20
36557937885503506,480,20
43112212631687729,480,20
25014150976318466,480,20
59869962162763354,480,20
174312635381564403,480,20
25624751289267543,480,20
57507632159932158,480,20
97591788303231811,480,20
5013096569135233,480,20
13289181317672275,480,20
4300962479224650,480,20
1246599069385668,480,20
25524353034359732,480,20
7664667648089682,480,20
13393060572770006,480,20
28029635188700608,480,20
5680764116362228,480,20
21560672595257554,480,20
14598397333512186,480,20
1194050525215392,480,20
49758479463899755,480,20
73765153700039387,480,20
8175093774360553,480,20
5455861678553735,480,20
142098926482522156,480,20
20042930220913140,480,20
20777663622359113,480,20
26042239206802080,480,20
16705164782495794,480,20
195905284549291573,480,20
11112527302579918,480,20
124850876271936881,480,20
19920574214145470,480,20
32152249684223083,480,20
2084571160992688,480,20
145522347685928011,480,20
2162523128226837,480,20
44272908418904208,480,20
28461469686946369,480,20
155482851837831448,480,20
15079325996062248,480,20
210703475321822675,480,20
60955882292758323,480,20
32002803992682667,480,20
211654009354122789,480,20
114482347867967712,480,20
5537298918500300,480,20
2677337992836220,480,20
93805051500247450,480,20
36283082968201151,480,20
4714339656709109,480,20
79554655332743746,480,20
4717693518137519,480,20
22240226094353742,480,20
35383200748126609,480,20
21552631395564244,480,20
16152983879843877,480,20
1031609719946541,480,20
187764604034971201,480,20
17240046859821156,480,20
10781878282704600,480,20
15832330329334333,480,20
12921543691906161,480,20
18345405488492361,480,20
11785555395329894,480,20
109565257381409239,480,20
19690218206828982,480,20
32583189348109072,480,20
19300641488870637,480,20
51043409296566343,480,20
389170455920430616,480,20
30866874818604862,480,20
15115403953884415,480,20
323483348847172867,480,20
90694157392734735,480,20
19308582905850310,480,20
426922379432084954,480,20
36986713263230292,480,20
8828614019474235,480,20
44656700603331047,480,20
330645634429855614,480,20
23053387270779696,480,20
94922800670183330,480,20
120816772351380551,480,20
430733022819891512,480,20
123716331092369309,480,20
41830727014384263,480,20
96005617858919407,480,20
7967480245489692,480,20
66096380669434263,480,20
4487595973004075,480,20
89035617366655029,480,20
235731558481658354,480,20
5310274176625553,480,20
152367397991660457,480,20
15711643182510095,480,20
46530525122080779,480,20
3102410977642811,480,20
52004524526207028,480,20
9067931327464921,480,20
6202073345627935,480,20
110308665057484954,480,20
240025046404636586,480,20
63752303561972646,480,20
31494364979581724,480,20
75569745812553567,480,20
60475750578731543,480,20
22175152761335620,480,20
13480203360011457,480,20
7288260362889181,480,20
105310686524159205,480,20
36152006623647813,480,20
67911339619723291,480,20
71529411629867979,480,20
38979055960847759,480,20
31996640012672124,480,20
33377438372390392,480,20
106343198255016089,480,20
3396489004834482,480,20
23779928658205867,480,20
14912297524994694,480,20
21575796960768167,480,20
29138415494409886,480,20
45877468917591897,480,20
3349023146172883,480,20
45235954925338352,480,20
2212088794746895,480,20
9746670228764380,480,20
32129356365608676,480,20
70929472377312701,480,20
335631344440626330,480,20
87350274726972739,480,20
20966876470191087,480,20
11006247324495861,480,20
10166100789249663,480,20
28850478901541884,480,20
139827988289376803,480,20
45534778850989644,480,20
36405713942427409,480,20
27250333562988201,480,20
106643435949509517,480,20
291548040934253345,480,20
23840103090408728,480,20
69274663431851413,480,20
21399184663253425,480,20
24946172928564026,480,20
205601623962250411,480,20
9586635927666274,480,20
19328141561523157,480,20
127862588039098340,480,20
80300636913972214,480,20
43277455285223098,480,20
440275476437767676,480,20
3836558616700530,480,20
5302477381973674,480,20
103463593050149968,480,20
26286505406733523,480,20
80709582616384110,480,20
20129844250042051,480,20
27201656196426148,480,20
22116883793183755,480,20
225881421708482338,480,20
15694819722303512,480,20
31685061830127529,480,20
30507692163255087,480,20
13543771472173810,480,20
148926659223708640,480,20
13816769058079309,480,20
25747892397122438,480,20
22200617459096925,480,20
107507825867205987,480,20
12036175031139542,480,20
26585777731838232,480,20
10319793345453846,480,20
29121390734196970,480,20
23981134293957179,480,20
133419838378697745,480,20
7895813426059586,480,20
163364915083223908,480,20
54361839058854939,480,20
23654624292866831,480,20
29810314393182362,480,20
12373992803194318,480,20
2570513275051570,480,20
54362765164093575,480,20
154446802248941037,480,20
60306107858127343,480,20
140389032229115633,480,20
63306705658981045,480,20
94066248823293420,480,20
4731911977717738,480,20
57839359077802651,480,20
74622244845467314,480,20
53060559834714398,480,20
24562434889643671,480,20
375438652086378453,480,20
24588463819452065,480,20
23486055865798159,480,20
17057335785253115,480,20
22623035282358618,480,20
44306536321260134,480,20
2189967784367767,480,20
52621646798023259,480,20
268269365471797760,480,20
11671502448100288,480,20
85569618658083744,480,20
69441882501193065,480,20
37769753019149897,480,20
50223561183004134,480,20
195084280250460018,480,20
247174592543386188,480,20
15301530523480142,480,20
8505729688459109,480,20
13163955788724157,480,20
13583066889834190,480,20
60121053864727364,480,20
79701539906392974,480,20
109728905534847868,480,20
167513744740025881,480,20
50151551778495639,480,20
248625337633000020,480,20
158178670718491693,480,20
31811138187018242,480,20
4082416787362726,480,20
33133190928237534,480,20
57479605674185905,480,20
169558856394692,480,20
18293512575643711,480,20
241682517388854724,480,20
3680204626432805,480,20
26652027467903713,480,20
419281716611182789,480,20
6287078156278436,480,20
206348559708488962,480,20
1055390275466652,480,20
22110024493322212,480,20
13723972218559662,480,20
9248193768963590,480,20
2980590515344766,480,20
268362773244509005,480,20
13302641971585746,480,20
6282567407506189,480,20
22960284183935122,480,20
175465932685904958,480,20
9612795085253141,480,20
74130816554908816,480,20
412960885739124440,480,20
5826828071758407,480,20
7442093603541143,480,20
2944584731316428,480,20
30702076815312756,480,20
24662746991558299,480,20
26802010270014200,480,20
27597974759908549,480,20
4849933284118356,480,20
65543998614186,480,20
32393261306573582,480,20
254201329118392938,480,20
33531109907402777,480,20
13013832316960579,480,20
227431822441264171,480,20
199270734914206598,480,20
28867212959031542,480,20
22287109903225120,480,20
417260583800411545,480,20
4805882275917302,480,20
6697453906292094,480,20
15217082279031764,480,20
45276906700308854,480,20
56298909886282357,480,20
14929146967555451,480,20
127272763552381644,480,20
71336693290458587,480,20
18731501766280208,480,20
45432823796282421,480,20
9587085551634507,480,20
7028297704225967,480,20
247454155543737616,480,20
17624501038101981,480,20
113268822573502003,480,20
27886089738591075,480,20
3399321042533452,480,20
320419195647310026,480,20
2860907831560911,480,20
102808947799717294,480,20
21192172310616273,480,20
74835113545378610,480,20
34795130597277212,480,20
55544928099815615,480,20
112288420426124705,480,20
138740134040808682,480,20
37250076115299611,480,20
24623160148692706,480,20
144001883205632395,480,20
6953164523728368,480,20
11102078363077993,480,20
25691448800886648,480,20
23544473058420085,480,20
84084421749116059,480,20
1676668638267632,480,20
65709676147649117,480,20
7769714773142611,480,20
13237206110802782,480,20
88429344858669691,480,20
97246254796826579,480,20
118851110634622335,480,20
29103830170024928,480,20
22676977732038454,480,20
19214331553472112,480,20
475957961132306330,480,20
8741514443777682,480,20
252141348090364605,480,20
284116501541379589,480,20
244730583575227698,480,20
74497060294172011,480,20
2541043267843716,480,20
82868118829469654,480,20
9363990902610180,480,20
4472188406293879,480,20
21272837114934144,480,20
346983386308447303,480,20
79511074519002271,480,20
79693567404519240,480,20
15228417277792298,480,20
213509606393620822,480,20
2112080724498341,480,20
21263217593018769,480,20
122925730141593345,480,20
17854964149383507,480,20
10227729670840801,480,20
12142297874359145,480,20
114434269736600209,480,20
135300298459944567,480,20
1551802441096238,480,20
1173239451037623,480,20
160808386387327923,480,20
113794881994161174,480,20
13307190064368575,480,20
156722604503167258,480,20
120568413713321925,480,20
6230430387995904,480,20
2571630609363240,480,20
8322573591948832,480,20
174227615732772485,480,20
323089014621560519,480,20
363681744680303348,480,20
91621653030036749,480,20
21265870444946165,480,20
218080620225136424,480,20
87178094275945555,480,20
82699473024673146,480,20
36708609266121651,480,20
8385367173947475,480,20
63046907456824452,480,20
54640017771952928,480,20
9977002583248901,480,20
248359097957365861,480,20
78788695825634540,480,20
11980271371651449,480,20
82855789608307565,480,20
237842282585034650,480,20
264938414517634694,480,20
351654188430116533,480,20
7154628162137487,480,20
9316657825620053,480,20
6567093053167842,480,20
4932855361791748,480,20
52764379248055181,480,20
79104593286683937,480,20
67946623528818979,480,20
394862137841780592,480,20
59665778211223500,480,20
1155460503130265,480,20
15059542935014162,480,20
76841382426527288,480,20
28108310489301810,480,20
324785026127100287,480,20
14581784885489590,480,20
2704659434629491,480,20
330204120563779996,480,20
252111039076776,480,20
28393177671295391,480,20
4776341667169340,480,20
2028247284697120,480,20
68691273874320794,480,20
125765690840262589,480,20
347138559415771063,480,20
26750409092656095,480,20
150792658804993492,480,20
64020761016221401,480,20
25571983551944808,480,20
379858645182698475,480,20
119246239292556926,480,20
3499330950539203,480,20
23789656866559578,480,20
62413996962337568,480,20
96575049524910414,480,20
17244007772881809,480,20
15530947839672009,480,20
13116983247462152,480,20
25828480779057008,480,20
14800618294286754,480,20
13321751730024733,480,20
5637064764486382,480,20
64775822991696542,480,20
4026421290509016,480,20
1076208842903233,480,20
86410302517784900,480,20
470402165841801256,480,20
5076802591621151,480,20
118904159962654226,480,20
580677045573998344,480,20
158391159486459404,480,20
62069018950987869,480,20
82466940625614540,480,20
17084336224874727,480,20
322162852191538647,480,20
27507166688966600,480,20
36753794724906615,480,20
40296633210007628,480,20
29438624212614554,480,20
12177777661522998,480,20
41590705437235892,480,20
4595285351680785,480,20
139188312491895672,480,20
1085548822532256,480,20
145179885326435280,480,20
16066372716428170,480,20
126887297522905634,480,20
26339299045888695,480,20
152673454207274267,480,20
26165899721594350,480,20
23923757949171374,480,20
28566790280480719,480,20
1668152893546493,480,20
146105587673813544,480,20
265573238570287,480,20
20824042415551430,480,20
27255332672151553,480,20
146287146718179612,480,20
240724071336378313,480,20
2542228684570214,480,20
12695567754367409,480,20
155668876137124104,480,20
11693828988157284,480,20
13124244161422903,480,20
14590260636080822,480,20
13067495486577300,480,20
254767207284799808,480,20
114939478083859408,480,20
109112772435499657,480,20
26789799478676286,480,20
111679765398667784,480,20
13442867780930514,480,20
347272755597462452,480,20
1401220708196910,480,20
23302063032030792,480,20
78023505655628873,480,20
165108811964039604,480,20
14907326376131920,480,20
15992861688169736,480,20
13620467231579655,480,20
151346827722539141,480,20
66706968291707478,480,20
142199600350820486,480,20
14435220109994369,480,20
43170510196709532,480,20
13014096030548803,480,20
27191862892079191,480,20
58555420609403349,480,20
57467192304548061,480,20
40107595070819074,480,20
97812975777808322,480,20
420997846228789340,480,20
7693196725862874,480,20
105506721899965597,480,20
14923096474439427,480,20
18650426601620768,480,20
61025583999509314,480,20
70826686793340308,480,20
8908437811626673,480,20
9161226347198130,480,20
3792406109365932,480,20
8907129812989095,480,20
19322121659687145,480,20
46290788155212058,480,20
180563234458577071,480,20
12673814981671179,480,20
12861613474382557,480,20
23917024751149587,480,20
12161607154127429,480,20
55402124722127934,480,20
36691945889236789,480,20
19625432245956561,480,20
1430126551627215,480,20
30988834807215036,480,20
13946242145282934,480,20
123260558379620196,480,20
45258816737872771,480,20
1849914040772196,480,20
72183537734023502,480,20
40880846824658611,480,20
102524846777283601,480,20
380914963914028,480,20
42912681524480378,480,20
96575232697751156,480,20
20423083485387366,480,20
204611400945677226,480,20
10129094407056334,480,20
56222033921270677,480,20
8091562893120864,480,20
42427779637503958,480,20
330924911373246899,480,20
52845338421766565,480,20
24500525145708165,480,20
278410880722802853,480,20
55821909169968985,480,20
51237126470645559,480,20
34512528735374567,480,20
6686443813798129,480,20
98375566170703446,480,20
1925875498648773,480,20
3713367230488797,480,20
1355578118601414,480,20
26851965601827056,480,20
63988585085171583,480,20
96850413368420632,480,20
322293398670577128,480,20
18489772469019666,480,20
22020379579918986,480,20
1054885949281198,480,20
421161699885870946,480,20
26034282476792093,480,20
20495430881797554,480,20
896332847232409,480,20
33965082976441875,480,20
235546483462541138,480,20
12683608357105237,480,20
20578434243783828,480,20
346954127849702147,480,20
48655633805664861,480,20
39682252849782590,480,20
122591117291509355,480,20
96350953201873174,480,20
54623561588673618,480,20
205517091717020529,480,20
1937090475847284,480,20
167523703935579599,480,20
85093724604902332,480,20
24524739359811262,480,20
10981779318154252,480,20
12157439518174045,480,20
92153233142873275,480,20
21670931073998133,480,20
124765105399641263,480,20
75435832125571630,480,20
5624648723467535,480,20
23817150123839726,480,20
525948902341805,480,20
30631014163760927,480,20
404429828891354718,480,20
96185504301541691,480,20
613928946586397040,480,20
40000695100414576,480,20
54382985064379537,480,20
21274295515741977,480,20
174550691129270307,480,20
3697453945454788,480,20
16383570241068084,480,20
140889369655181606,480,20
72151047622739373,480,20
403108996738745756,480,20
21906009369942944,480,20
373653954327434966,480,20
61090639164158203,480,20
143611887025188856,480,20
20224031577697125,480,20
5228438056123848,480,20
63571326583523577,480,20
12548207065079713,480,20
11751711710354551,480,20
119976160204217920,480,20
493760049220846645,480,20
115333922575359911,480,20
119516456232068782,480,20
640784334480216904,480,20
59328964357014178,480,20
113491563980254754,480,20
23876459037192837,480,20
196264331875239681,480,20
47733719680451885,480,20
40537475367145275,480,20
22289821626287892,480,20
136479542140249157,480,20
24041254144333508,480,20
237838537763026268,480,20
8095534890032693,480,20
93361521426566961,480,20
10784572790762063,480,20
28420294096522140,480,20
32630654595042631,480,20
346953620805230626,480,20
146024701329026731,480,20
41907547507210852,480,20
173209886915041015,480,20
383840858692455362,480,20
14180513147012485,480,20
15377917234802947,480,20
7218819918052207,480,20
20440271468430947,480,20
99346846521688972,480,20
163999811250257486,480,20
109354600626414545,480,20
204463393849519382,480,20
18235149241571989,480,20
109638031513638734,480,20
18920290275047133,480,20
2196694799833524,480,20
1027147896123020,480,20
109804448972081228,480,20
16168611675131993,480,20
113708928085054770,480,20
1320722945101621,480,20
16118874483072855,480,20
17712070688378532,480,20
21904056419424307,480,20
10098612514129920,480,20
108674050563014710,480,20
15198599470676022,480,20
10879950522418445,480,20
125734405538067898,480,20
21018293418913019,480,20
195196244792635267,480,20
125087416353104535,480,20
154586617620344051,480,20
156488327717660746,480,20
1227064387753952,480,20
53544413222407167,480,20
18223623590221012,480,20
467300208176649592,480,20
33040329402055442,480,20
41897317393265838,480,20
3106098290838484,480,20
6976526964420609,480,20
12744989277544791,480,20
11779897739860234,480,20
81308211782247848,480,20
110410000140096901,480,20
122979204135153440,480,20
14903266149504266,480,20
155363862911157218,480,20
95335043525029760,480,20
141296481468585677,480,20
91962928088143769,480,20
12204208789130624,480,20
13305354709568678,480,20
17655303820234874,480,20
58524462075039534,480,20
18308221759110970,480,20
6408191585507820,480,20
181557045976343061,480,20
20183818358814076,480,20
4992914828137472,480,20
38109145635583345,480,20
39834214834433852,480,20
55228512524693874,480,20
111496829955397922,480,20
187810202326253143,480,20
119311801752515423,480,20
78967931247156430,480,20
67740418986167255,480,20
47201751949110695,480,20
55161992368920623,480,20
83637282628964134,480,20
108783167871063662,480,20
117640019982003765,480,20
42353523685696727,480,20
39218154131180913,480,20
24469641010137638,480,20
146516336974784786,480,20
28988201319150586,480,20
123921059000715222,480,20
45079277552342351,480,20
22187720546378641,480,20
206843445917671307,480,20
42102642941089639,480,20
59695964619479683,480,20
19644612528543306,480,20
527894037571140,480,20
886478342265729,480,20
132974323050634634,480,20
43866117249470558,480,20
20157294383167654,480,20
2165721309807270,480,20
29255886892112001,480,20
3496310291360567,480,20
23895864124958438,480,20
98066920943124749,480,20
736319349334470,480,20
56879507554361172,480,20
154352554573866010,480,20
28718744639051018,480,20
69872907871556996,480,20
132124449480700892,480,20
23635617441921144,480,20
62566518831954414,480,20
148684662790471267,480,20
26943294228197305,480,20
9367990328212365,480,20
350294427192985930,480,20
53692062644750947,480,20
71491927100258853,480,20
66419760283790979,480,20
28558823050773787,480,20
1621558534752256,480,20
23196374766686362,480,20
12512201197600755,480,20
13262801055243847,480,20
98587320021900776,480,20
431969270548253194,480,20
7185948737480091,480,20
21100804086425383,480,20
676990839436297,480,20
124320811293244114,480,20
14215265152504818,480,20
398998371595241666,480,20
26324490836711210,480,20
54443952837646411,480,20
56528350080486450,480,20
1938730296348833,480,20
21984344161025834,480,20
10503157916934830,480,20
10438184995380644,480,20
109093804383851970,480,20
14857982717611676,480,20
30604547555370943,480,20
15583588286486718,480,20
21801064434728476,480,20
24167684861135201,480,20
184408402641339931,480,20
12811432133055680,480,20
28173135563233479,480,20
17688421768213365,480,20
238142545075662990,480,20
102001452193279720,480,20
150951599317249964,480,20
27960747770614252,480,20
13177374076002658,480,20
123348178372262226,480,20
29781007787612575,480,20
16514707549726088,480,20
172487196049465912,480,20
109794606917166327,480,20
20164539195608119,480,20
43852192403116276,480,20
72779152177188641,480,20
125156444818301146,480,20
2936540253602959,480,20
76977940889955943,480,20
23618096792138201,480,20
22619795562803861,480,20
12371518355062238,480,20
14364116211378214,480,20
11332806164161298,480,20
97221891091482186,480,20
83892174459808575,480,20
264191917513315017,480,20
105746961797066418,480,20
1206944563199483,480,20
30910759723698645,480,20
33971058995261396,480,20
132141894260015901,480,20
23303950279892727,480,20
38274701384374866,480,20
61189134319750176,480,20
102620751995457995,480,20
84904832077371434,480,20
110378656887250334,480,20
9762947503670901,480,20
12350304731145186,480,20
19845513899660971,480,20
7611789966173119,480,20
24939093430689877,480,20
35380706667189017,480,20
2159413552749176,480,20
3885335444427887,480,20
7487430224464540,480,20
369412088999328382,480,20
14594307611361570,480,20
31663958286277227,480,20
2446886837367302,480,20
111123840788482328,480,20
187523653842967166,480,20
25513103876558960,480,20
5395351982305141,480,20
33322903914737003,480,20
12884448160124792,480,20
451082107158518182,480,20
27591641966985466,480,20
368316847178378937,480,20
1805867116237282,480,20
336575914336656563,480,20
14195534798834288,480,20
421827075652170233,480,20
30554081365642915,480,20
2804040538591466,480,20
3390433678480778,480,20
8626125086715581,480,20
133398947905919473,480,20
54251576001780168,480,20
157602020668895315,480,20
5674261963352406,480,20
14413515829993870,480,20
277985584142834819,480,20
7685061616414971,480,20
159249594118224835,480,20
106842658807206974,480,20
8353071274209867,480,20
14823705706291966,480,20
36321135353854256,480,20
27879517417891956,480,20
7675931638541193,480,20
334845838522063112,480,20
5730206652682662,480,20
265422533306615638,480,20
997164536699993,480,20
119403598468319398,480,20
5316014939777163,480,20
33517674049935619,480,20
16019842953683565,480,20
57886452686193102,480,20
61201555528557398,480,20
20103886787089334,480,20
12723309264706855,480,20
454668873754620972,480,20
8682275383231461,480,20
58059364829272111,480,20
151497882412303407,480,20
174950382897597250,480,20
43731080481185762,480,20
90655487657988430,480,20
4212495118929156,480,20
4061513522694916,480,20
51475448302415351,480,20
21411901028993027,480,20
286697884086661573,480,20
19063910714999869,480,20
29909737609721922,480,20
16510070532484957,480,20
168123863324538478,480,20
55214282276311924,480,20
33161175708673759,480,20
13680604288131566,480,20
12069036036156777,480,20
338917621637914155,480,20
24586278573673119,480,20
41010412275062076,480,20
5511713797889400,480,20
3171513152546923,480,20
9591348078432968,480,20
52559571523025936,480,20
736258769280293,480,20
5671471363364899,480,20
25656082538992477,480,20
21849151705732329,480,20
261776754555991798,480,20
72430385096571910,480,20
86782889572682748,480,20
36990198157608993,480,20
44586462638471745,480,20
51371129038487807,480,20
22250373743474714,480,20
4199505282606777,480,20
170631462517737736,480,20
46104059367847267,480,20
4681745825908526,480,20
20449579570521472,480,20
92935446421418941,480,20
99268046936598390,480,20
37176978389887167,480,20
63036389677793995,480,20
59669907767327207,480,20
20284819768592945,480,20
97335506748591329,480,20
111878784333578349,480,20
4964364381206535,480,20
157184307010008504,480,20
19792539656047059,480,20
9877902109478694,480,20
25795838353610021,480,20
31849851711114714,480,20
28875758013815177,480,20
12725286765482934,480,20
9579842420609461,480,20
5321827315504309,480,20
22209942905077055,480,20
72580345782113647,480,20
111948100521653002,480,20
214558139500642541,480,20
15257545698002899,480,20
109543649907691966,480,20
29039997821264298,480,20
23180100983126315,480,20
25188974859688803,480,20
273698854723249062,480,20
33685142774628744,480,20
43207365894504103,480,20
2852285254293694,480,20
108974573695738560,480,20
139345465685871222,480,20
3672046481497607,480,20
19404756636925948,480,20
528946640675605643,480,20
34174301454398683,480,20
47544320596422298,480,20
218443961573193938,480,20
139304296351266828,480,20
136267664862272515,480,20
12349190438439722,480,20
19230209662875224,480,20
21530500075764955,480,20
20748923557453472,480,20
19582287236066161,480,20
15246940967408497,480,20
122591048443931412,480,20
107436957344245721,480,20
106629842424997176,480,20
1661732568088696,480,20
19763628729242876,480,20
15536592777517726,480,20
1690984519752605,480,20
11542486686995288,480,20
12358513674355188,480,20
20805322615678255,480,20
69707860067379050,480,20
468865193654602137,480,20
25959323476649340,480,20
7862940955828220,480,20
21808658390721786,480,20
591823214053525,480,20
32958804082254728,480,20
35046006930834519,480,20
12787999212949700,480,20
234488564581382366,480,20
111345542427997539,480,20
8939135211798947,480,20
22615576819980619,480,20
168404102056508512,480,20
7743070307953073,480,20
22764133460508596,480,20
3498012943085777,480,20
15620723996007943,480,20
12107015967032032,480,20
2611018974135783,480,20
88294204012146433,480,20
28126596676629257,480,20
80719016801580711,480,20
51952486366053253,480,20
3942113001870748,480,20
77563327107890400,480,20
11041425383980231,480,20
383000253793981688,480,20
3288799927830774,480,20
72092226311128031,480,20
8207867525976061,480,20
35726523920653348,480,20
169840833829111664,480,20
77643533360697106,480,20
134668301919225003,480,20
347137956735273904,480,20
10115635016864258,480,20
32562990637210683,480,20
84399533489158598,480,20
238597235292823044,480,20
26960377393665781,480,20
86187523843986504,480,20
17624873548038863,480,20
23242487045910199,480,20
166365727888372925,480,20
57856848408933089,480,20
14534023494953121,480,20
51837595445648659,480,20
22508651317658475,480,20
139500013285934975,480,20
661474935027705,480,20
46408638269941449,480,20
14180170949070213,480,20
25705745190298805,480,20
381439136086492351,480,20
23130821061857613,480,20
44911864146837470,480,20
36185555757136310,480,20
51568942828698114,480,20
211053733851964685,480,20
120559384835687456,480,20
546191060761057757,480,20
13203662254831774,480,20
105183581266851667,480,20
7459099321466819,480,20
9573405992982668,480,20
182582880485714486,480,20
69091365881302520,480,20
119120531134842278,480,20
12307599154980369,480,20
4050842002802166,480,20
21159321955789737,480,20
18504289757803652,480,20
3240307021494197,480,20
24089175575871903,480,20
129062028519250022,480,20
38463838500431019,480,20
5761255923865653,480,20
32054823745287954,480,20
46110785660643006,480,20
402659455977396101,480,20
566285887310774,480,20
167191423185336507,480,20
370567064529407322,480,20
27085556461734104,480,20
7355330609182779,480,20
21484387295956341,480,20
18217811233132173,480,20
16484945349233188,480,20
23487658857891396,480,20
2106332331746289,480,20
53839493724217925,480,20
285121039284639467,480,20
29692121223105650,480,20
25358044975782329,480,20
17919146174626320,480,20
16514114087030664,480,20
10165262122100990,480,20
109362168364073227,480,20
14109570013729117,480,20
158513676528509820,480,20
16288586954513003,480,20
1505622169979290,480,20
118004364674280825,480,20
2324643159469535,480,20
116595356622937899,480,20
111098760731106777,480,20
22294334650144307,480,20
48154824157581999,480,20
104208326249443308,480,20
35174464669724847,480,20
455939261531369139,480,20
3411159558666644,480,20
44427439434968788,480,20
73470249487375296,480,20
18245372474105231,480,20
64179325006307335,480,20
405428404741521,480,20
26306847710288282,480,20
11882841800687645,480,20
31885814911185924,480,20
415981100264702264,480,20
20530179387821268,480,20
185528654825192316,480,20
419052542428595741,480,20
275866409198358902,480,20
119200327595296084,480,20
8446661593255323,480,20
211582415752803022,480,20
120096989280806943,480,20
382725746335436713,480,20
48021863551808139,480,20
41491885588059137,480,20
12121623148788795,480,20
9877482007282532,480,20
11243915242898773,480,20
65867715349511,480,20
196965925956266532,480,20
9666485044352540,480,20
290904573715990930,480,20
45576379447516092,480,20
10051286806569809,480,20
34301865652053291,480,20
14758420303346552,480,20
1357065802002568,480,20
35905912838087341,480,20
69135173454009971,480,20
8631290225065487,480,20
716917016910088,480,20
67798195752706064,480,20
34610568577377419,480,20
230116861297683025,480,20
126296526384966355,480,20
68070483536161573,480,20
128222397770563897,480,20
13379035713324610,480,20
32226785784987903,480,20
38760892077324619,480,20
866518192076143,480,20
12290868322920181,480,20
3295288435648721,480,20
108337949447287488,480,20
385789835909848,480,20
40497140507789917,480,20
8828442199128605,480,20
379588663799337600,480,20
20533625325661187,480,20
115843173020086422,480,20
15482964685537572,480,20
18743832119338853,480,20
22542465239564584,480,20
11423493084553436,480,20
19703456948576953,480,20
255690372779472169,480,20
119138816698430809,480,20
10596019248387392,480,20
48501969804648554,480,20
2890239486899588,480,20
34825517903781977,480,20
47939671069380973,480,20
348097572113037941,480,20
43503978964281745,480,20
5822774665386198,480,20
6673036709042503,480,20
7243030388509472,480,20
43720090678234496,480,20
73977901064586426,480,20
83994534407994452,480,20
24929041399360592,480,20
14108473633351982,480,20
90924338180175934,480,20
94036507106134815,480,20
68203068154223934,480,20
3501731068647885,480,20
21665847816123048,480,20
71942164767472256,480,20
1975393692974377,480,20
57220487114291328,480,20
82648793312089440,480,20
121941528808812765,480,20
280391524544299762,480,20
148342197963077767,480,20
43778197722770058,480,20
598610075863552532,480,20
380044852140063550,480,20
18554815988206609,480,20
22055003151961468,480,20
23519869325062755,480,20
20681083924485462,480,20
77705847966612123,480,20
2107036144450883,480,20
210058591140810850,480,20
85317667226977755,480,20
53398022562465220,480,20
15386729923992393,480,20
106175365459967941,480,20
22277225836129220,480,20
27926101838288439,480,20
66353427314233093,480,20
1786344029011911,480,20
31722841441147374,480,20
30387327382213634,480,20
255403353723714,480,20
15304451202563548,480,20
350494700362764867,480,20
107077949524113575,480,20
25341316217692532,480,20
2357295739784222,480,20
117910763063446849,480,20
40863500480394982,480,20
4395843754760938,480,20
20941117504352896,480,20
45600723787559395,480,20
101938061534611761,480,20
12755425375879862,480,20
12902287850793685,480,20
54464722018461511,480,20
112874603290924359,480,20
67767871020598627,480,20
67650833440404861,480,20
19649068230470312,480,20
4455692761563103,480,20
96175387190612288,480,20
18792656733794648,480,20
59158975674452517,480,20
21649605540100774,480,20
95006679500345387,480,20
27094313543137851,480,20
36756556487936052,480,20
5184340547291917,480,20
7461913777884729,480,20
20186133355310470,480,20
65533225238885984,480,20
54063112962931586,480,20
344237668221140671,480,20
73255809857005081,480,20
90827960108624899,480,20
36124369981550679,480,20
68280171784050808,480,20
27450731043727754,480,20
26155242829954490,480,20
28344851485039340,480,20
71892145248971166,480,20
5042232612919170,480,20
65345693257239210,480,20
35236941665217537,480,20
26615164493698860,480,20
149332968251488440,480,20
16580617625616445,480,20
17164372771888140,480,20
11633317827237621,480,20
119613934269185,480,20
17234027075226223,480,20
139068525029075874,480,20
106447483208639660,480,20
20484136768401255,480,20
20683032254695382,480,20
15331730134748468,480,20
173116996806043152,480,20
1851791750973230,480,20
122578191665744083,480,20
101391871903275070,480,20
106536981657337409,480,20
10418278065864386,480,20
122902090109151963,480,20
19078893681653312,480,20
15267963492755340,480,20
107852169725855731,480,20
120009549296988489,480,20
4106441988066633,480,20
57280717246724270,480,20
152373394514365,480,20
29221533259129066,480,20
230398215085113495,480,20
48287281668148491,480,20
60663167680886666,480,20
29601195734144161,480,20
20649432784029343,480,20
15181179816806702,480,20
18995363312173017,480,20
53940864244489788,480,20
14847387399025689,480,20
72750593338162729,480,20
65405835342170722,480,20
57693242524522188,480,20
1626466199440272,480,20
29603078227857483,480,20
25844013145982880,480,20
39781562988071026,480,20
10804896167694854,480,20
358145780057518164,480,20
20893728512798829,480,20
2465584914008059,480,20
49028507413442162,480,20
48108522795119079,480,20
31339097577158192,480,20
84036852733002774,480,20
2812226475170017,480,20
33971442451441057,480,20
17789132743430591,480,20
28007791225565950,480,20
54148484306487337,480,20
16252605403416544,480,20
20927621322021223,480,20
173155375999716380,480,20
59323156434780013,480,20
2444987260226588,480,20
31371801275080781,480,20
41151829478907702,480,20
73134538052258618,480,20
399988098508145958,480,20
73994337949491274,480,20
10207461071584764,480,20
178391763677721440,480,20
38300180686860721,480,20
27315753092099716,480,20
340826371014360731,480,20
429664240218706255,480,20
60534052391759152,480,20
33213201032765502,480,20
105968737019523550,480,20
291758532651611,480,20
108494128626268826,480,20
275344582577530672,480,20
17584777285704789,480,20
59244905044066562,480,20
22923640081104441,480,20
80314029319784492,480,20
25923919695485586,480,20
8898641120819440,480,20
4145223987000000,480,20
75759702018053251,480,20
77382022729183739,480,20
28732391815053574,480,20
106082089963184378,480,20
10338942236266706,480,20
12014268508129374,480,20
87288917061196185,480,20
29827013982323001,480,20
63545987857729091,480,20
333205781505881706,480,20
126857766807126110,480,20
245543607438903753,480,20
13296678695457133,480,20
37812179926809363,480,20
13644222987720591,480,20
99162587899498104,480,20
5581178463381745,480,20
99653823147162414,480,20
14123238531611748,480,20
4571782476788343,480,20
874816672839395,480,20
1022056702706433,480,20
264703387153067652,480,20
20541869769022014,480,20
16813201367437701,480,20
398238737163923607,480,20
15194728270846445,480,20
19699797362571360,480,20
29728611005096048,480,20
29692410714441417,480,20
59669499363960523,480,20
24729774237889736,480,20
24686187079746994,480,20
1147120282104675,480,20
104660090625705382,480,20
32197507861439407,480,20
15920742141474603,480,20
23151269287833219,480,20
272109129176208747,480,20
186969770234753976,480,20
24091709820807024,480,20
188184825008545396,480,20
157342567647695824,480,20
227677786542417463,480,20
186384629724267223,480,20
1270528087782552,480,20
19743437555672421,480,20
12349220974612598,480,20
25835576930990255,480,20
23687962582395937,480,20
229542710620429724,480,20
109473291636334366,480,20
127841917948738964,480,20
19082992019883024,480,20
8613337885381244,480,20
324334924758673507,480,20
17647005810476832,480,20
77318104829473186,480,20
14626421977310726,480,20
428178695430696199,480,20
3052553266828635,480,20
9138363138894170,480,20
161477220234829692,480,20
11637979348704474,480,20
4941613032809043,480,20
61018973232249930,480,20
60919698526711115,480,20
39151607594543826,480,20
12209264370456955,480,20
5828960063242093,480,20
11286299914862792,480,20
376858227221146254,480,20
31607902366028258,480,20
3587255444962933,480,20
24705707294728445,480,20
154737704681487299,480,20
6811145899415798,480,20
27530670403420627,480,20
57258061894122336,480,20
199626104525607068,480,20
39566342430143240,480,20
52503572987243480,480,20
113620269066984981,480,20
415021714144636637,480,20
79120988529463368,480,20
5536816510481188,480,20
30256015069748516,480,20
76231203064241373,480,20
99710783670478104,480,20
18404426473290860,480,20
22864786598443598,480,20
25717043711373426,480,20
53478506346957621,480,20
28947798112512049,480,20
29467279417417700,480,20
58380851743754465,480,20
29647002498620718,480,20
2722445693768534,480,20
29582479961465292,480,20
27420286358254424,480,20
175868031923810416,480,20
10668687238301552,480,20
382704720487520279,480,20
8658404022528882,480,20
213809273137166504,480,20
69398698439144952,480,20
240179046155987407,480,20
35137667609888515,480,20
276370775465802645,480,20
31246400837886152,480,20
9681281791938422,480,20
2449633316168595,480,20
6221857282163535,480,20
96800722171585894,480,20
24571427186945125,480,20
19310043396338300,480,20
23184956593863814,480,20
6461343098975582,480,20
19239711397996832,480,20
5874115588982876,480,20
74617877304515296,480,20
13857281879330042,480,20
34881950186635155,480,20
181348130379289628,480,20
3422583787179745,480,20
39000351017358548,480,20
446021044292020490,480,20
1835092401156781,480,20
26696733372844182,480,20
92407682157016993,480,20
58635811843705284,480,20
1085860537947015,480,20
291067138656237,480,20
36894555380309519,480,20
89076042226824080,480,20
40340408975233218,480,20
31401336373925936,480,20
2195243695175045,480,20
97061085352913895,480,20
45694014758668087,480,20
89342556617656134,480,20
21665852062312470,480,20
2294786209552287,480,20
35566898496647045,480,20
8925483484650931,480,20
1236743649467262,480,20
7655559123805944,480,20
10483747750493967,480,20
359510393896754671,480,20
3132235944339728,480,20
66600402106325105,480,20
7752795767747633,480,20
24269839532463947,480,20
181098689797593406,480,20
253405375436401628,480,20
133268545252087028,480,20
5848972463869,480,20
19744708167475226,480,20
25864539748495155,480,20
12125874555855455,480,20
58304529894907161,480,20
26234541163346399,480,20
64438221351689417,480,20
7990067046598370,480,20
70731714763247288,480,20
128237985756260301,480,20
263498105301689078,480,20
29270710943560628,480,20
132222763191992096,480,20
65095074983058094,480,20
140039542482425691,480,20
71139276571782327,480,20
59876237708140995,480,20
9501415866496021,480,20
33683395314277005,480,20
5237172556712835,480,20
43324766773305421,480,20
177407994105674977,480,20
119945454413380022,480,20
42552139844466163,480,20
16659946347114786,480,20
62735805994039060,480,20
51929482938896954,480,20
15739206887893182,480,20
147825836138721584,480,20
20941379852416544,480,20
24709966573963970,480,20
10612974524236239,480,20
30802120745145048,480,20
63680389388488162,480,20
34629490359607125,480,20
75869517381143,480,20
34200228350180707,480,20
311755704727203789,480,20
38372747077223427,480,20
4345507334554377,480,20
42397822209154152,480,20
4956046772016297,480,20
74795668168033606,480,20
430734956980307803,480,20
144654579855224014,480,20
609136983754274,480,20
29525427140846391,480,20
2493645606535536,480,20
11893132684056453,480,20
160864960805790274,480,20
20771659516024568,480,20
81140340827294982,480,20
121437541590485589,480,20
291428235979480013,480,20
22738920582215592,480,20
145012652706638801,480,20
96746758538053986,480,20
13023395953612266,480,20
21833350658672969,480,20
106929071925871096,480,20
10757714636409814,480,20
117155607599502800,480,20
114291531534888978,480,20
21772498260825441,480,20
111113171718217443,480,20
13798219585867686,480,20
158144489329995043,480,20
135750989681078,480,20
20339604170503392,480,20
17336453931733748,480,20
14099858830656684,480,20
12528063489887737,480,20
125187460559124070,480,20
13202653071421710,480,20
127910325493122816,480,20
20552475112900710,480,20
12212488548586562,480,20
1010196933642082,480,20
21542566464026231,480,20
21685950177500118,480,20
198804863723414774,480,20
163974928019045615,480,20
21953719740949157,480,20
118205695567619050,480,20
1585361501109636,480,20
20755234103046670,480,20
80055144588018465,480,20
125502512555586709,480,20
10980904628887596,480,20
111009347805074810,480,20
11593872890702519,480,20
90119012542975967,480,20
69564516587391358,480,20
434624781575112000,480,20
71263822527335042,480,20
82758720254363339,480,20
53174273610145258,480,20
276510605490542174,480,20
12563718874889264,480,20
25840978725710181,480,20
2547489520350146,480,20
16880871940287284,480,20
19628916372295465,480,20
137078199028864131,480,20
270070643027694192,480,20
35763895248526339,480,20
121278013117631267,480,20
20195454601969251,480,20
73708727487267336,480,20
146958997854300781,480,20
59846507081797941,480,20
8057709134202555,480,20
27627577045616008,480,20
510759488778751467,480,20
77457284905378680,480,20
21197202270817309,480,20
10709522953844585,480,20
119760181457183460,480,20
40557116272863260,480,20
78920374451680007,480,20
15658064073053213,480,20
2150769558817706,480,20
24313811698071561,480,20
3612864108596446,480,20
197171294337853300,480,20
103801909989522244,480,20
2510825841849582,480,20
20747088102498220,480,20
8387008538110876,480,20
50213903821835389,480,20
64544576640282249,480,20
57393960955667107,480,20
20174434080412340,480,20
46176378692404132,480,20
94273665200247377,480,20
28503328849167578,480,20
25584802680353215,480,20
94296089281877616,480,20
360986131152343362,480,20
304309295302867015,480,20
59305022045218844,480,20
24293814337813089,480,20
50024856627592020,480,20
1220140403094962,480,20
60620133761896035,480,20
48362568411053943,480,20
24270525947977824,480,20
1142477799886839,480,20
37080976364229669,480,20
61397484612166676,480,20
134408212929419481,480,20
364336607425407581,480,20
566630784806509,480,20
1171279174530873,480,20
360410802682075886,480,20
154998622151877783,480,20
92973561968759810,480,20
1252859968620180,480,20
276585947170751633,480,20
2395147107146130,480,20
6478747698795761,480,20
162724468677256227,480,20
17139336558176719,480,20
203352362567470699,480,20
249024452951521280,480,20
26310599626535643,480,20
32912988646937984,480,20
216039563657137291,480,20
212469185435335655,480,20
17572171142619067,480,20
23537434764277862,480,20
19249093293581028,480,20
15105179108656731,480,20
10732951822840955,480,20
181912014265681749,480,20
10012265378637145,480,20
29361170003590563,480,20
26983756869947355,480,20
30828907485177090,480,20
14252615370402010,480,20
11792365683063703,480,20
17367852408230607,480,20
278226119926524649,480,20
31411032428558480,480,20
2662346720087401,480,20
23529646204287481,480,20
29958255209427841,480,20
166003829269222212,480,20
22541108276564429,480,20
102907349598262682,480,20
11527616328597740,480,20
19774062964030887,480,20
163805079091179416,480,20
25431719767656436,480,20
76702142251795898,480,20
106278888230428633,480,20
70956053418778836,480,20
121815949817915013,480,20
7948500909077019,480,20
44903222597584918,480,20
29963325224632994,480,20
123966385305588403,480,20
1200490124722215,480,20
9637652761981533,480,20
475507987317908535,480,20
6751609845355874,480,20
59620003616187620,480,20
17588456923414921,480,20
22945950931292784,480,20
10614820443731295,480,20
9052858726844482,480,20
55813671734893999,480,20
8005969462411263,480,20
112615102691017744,480,20
16234924357469909,480,20
37314988113636589,480,20
6457510910026873,480,20
16473908097176184,480,20
60108005449398404,480,20
55094034324911238,480,20
45252352778246087,480,20
339392394908866531,480,20
14033661905038972,480,20
41885487395487561,480,20
42557350325725755,480,20
23133398007615203,480,20
10482202066381007,480,20
71134171903702765,480,20
221786604843321191,480,20
50083473383821615,480,20
107697375574127155,480,20
35282960212221662,480,20
88376743494414492,480,20
491105087707261716,480,20
7832193945469611,480,20
101392943833758195,480,20
80899537040879130,480,20
124292311547254776,480,20
4232212792215864,480,20
706632883346830,480,20
56871943273594926,480,20
80633738987966056,480,20
8022875724100360,480,20
25286635842442061,480,20
14269023852412955,480,20
27230499368570719,480,20
39563719467840420,480,20
6657543102458454,480,20
199030020730765040,480,20
15505711462312886,480,20
52012703583965853,480,20
376503376119637635,480,20
454588868735629076,480,20
2962219379241427,480,20
31672926283122480,480,20
3022083185083251,480,20
6402225964628633,480,20
8805674505827488,480,20
619139933804097139,480,20
19565129143269804,480,20
52264691382541525,480,20
77998562941409219,480,20
16173877108913990,480,20
67356496926316840,480,20
16950904253517181,480,20
101677089416189563,480,20
161709941854661813,480,20
9269252726028505,480,20
15013156207051718,480,20
78390681378115772,480,20
23275839353369886,480,20
23372944701575087,480,20
32327336795758134,480,20
108190402492800433,480,20
22890412308437443,480,20
114241593524750292,480,20
460694253733738772,480,20
63435085956693621,480,20
25361949052920299,480,20
62446455649684215,480,20
80459787714789136,480,20
59661956019705674,480,20
86399153235997063,480,20
178053421058232400,480,20
342836764459506474,480,20
29666127894428100,480,20
20939384783786472,480,20
108587875542027230,480,20
36776227841811731,480,20
894863165618588,480,20
98512337955247650,480,20
32832043490362391,480,20
40207947475817763,480,20
29997186900309167,480,20
75132150786269175,480,20
79152464108482246,480,20
6217864453519672,480,20
174517513795407699,480,20
124212305005557781,480,20
20422095818231178,480,20
40508910042209000,480,20
1056514307856824,480,20
30040492946797848,480,20
46128410269281408,480,20
96730796908046263,480,20
71157135486127345,480,20
30999519614612661,480,20
183326935880322561,480,20
28114935812215814,480,20
47833929076318906,480,20
8317685013409926,480,20
48689727275706424,480,20
105300006683628608,480,20
94324483496312107,480,20
12593839624829488,480,20
316367275908492968,480,20
27729090816949226,480,20
12773373271389488,480,20
338911668604932220,480,20
95505260504288070,480,20
20804323862831962,480,20
95995202925438729,480,20
14378767821422745,480,20
1837303035245976,480,20
62114005435106611,480,20
57642577230842019,480,20
67427237779618766,480,20
61791446975980932,480,20
61137591383944644,480,20
73586471749762829,480,20
237372423318095991,480,20
70639358259298345,480,20
22219251079276490,480,20
40457397399910641,480,20
23061250616031407,480,20
4066430701629340,480,20
16555139643877928,480,20
121926698667443136,480,20
38518457965767681,480,20
528816626617379289,480,20
3112400809769538,480,20
159738767087266693,480,20
39683339780018935,480,20
85829544775062980,480,20
33388101744943722,480,20
80518645238471196,480,20
11069242905325106,480,20
43794938984145068,480,20
34410317700046343,480,20
4476625817228583,480,20
318222459575515418,480,20
4339992955455995,480,20
357114431320547379,480,20
19140021616229770,480,20
24800858076211238,480,20
13089370707643958,480,20
67530343445359256,480,20
362540800242839097,480,20
101862941585456326,480,20
223306730500672059,480,20
71730291819999772,480,20
2855888428431071,480,20
13301689241233693,480,20
20194582474136251,480,20
26184947659236371,480,20
125420725842555439,480,20
60925642390030202,480,20
19650644262397246,480,20
29334040759415020,480,20
131879166532261040,480,20
79911009646182314,480,20
21729135963278506,480,20
20265260038682285,480,20
144696291914282262,480,20
116714894882393726,480,20
100873081767143271,480,20
18702362066587701,480,20
214152873332329571,480,20
115256329270635442,480,20
21170464584914876,480,20
1411934369323473,480,20
104438127867612614,480,20
17511970496792754,480,20
206538448583274576,480,20
21820951780719330,480,20
19840908105866233,480,20
15483272087713691,480,20
168511138139110136,480,20
150257390951454480,480,20
18750352965909872,480,20
17215758320988691,480,20
13044449730703774,480,20
1295357324877644,480,20
13311739638064950,480,20
61443574216653477,480,20
128108856601487015,480,20
2791543962924994,480,20
4003637151027245,480,20
12313088415204053,480,20
25219960883740707,480,20
15011680958102312,480,20
7687973054589806,480,20
299835147839917673,480,20
206857970489151067,480,20
2547994939772137,480,20
23143236617213288,480,20
23388657785331157,480,20
7595166932455980,480,20
147832670357381109,480,20
90145208766029670,480,20
92823411990541455,480,20
100497772278644024,480,20
29943222520255363,480,20
24446534071834345,480,20
126275714793657050,480,20
36020664576366610,480,20
2409426618138992,480,20
4142297071967337,480,20
15552465413633644,480,20
8906367072711278,480,20
2674945029430951,480,20
7426672043172633,480,20
3969787273450632,480,20
2485971815682748,480,20
120723953141762372,480,20
125327013615755102,480,20
27875280182781971,480,20
156981736841029795,480,20
108423608384295517,480,20
2872096177149780,480,20
245729981959117135,480,20
54030204140101166,480,20
60563911404425997,480,20
94041256747420000,480,20
65670967859356070,480,20
58192704356996909,480,20
61421195269769841,480,20
110117687951927006,480,20
88098553350300840,480,20
63336357380045872,480,20
145265622946360438,480,20
87062838587556941,480,20
5714064047908955,480,20
34567562033918252,480,20
4426991774332904,480,20
108867737876588753,480,20
18741276044802360,480,20
137403700715692076,480,20
18440246388660652,480,20
73630452581299695,480,20
16083865923358559,480,20
51304610049489638,480,20
12467773921238282,480,20
126385204967445721,480,20
116344358776184639,480,20
4899244350912760,480,20
31055784419076949,480,20
102236658645343030,480,20
10680702940609207,480,20
73546278645881369,480,20
47819473611813803,480,20
96042813860167266,480,20
129146791970018317,480,20
4097639712712861,480,20
175307680617676508,480,20
52932580389509276,480,20
70780521090023481,480,20
20964925496103408,480,20
20245560768508116,480,20
335010680696470854,480,20
49561396020502058,480,20
45094754093357042,480,20
26110664814361307,480,20
18292466035918684,480,20
12566038556535217,480,20
1339281463673027,480,20
15539380493774916,480,20
348528742080614952,480,20
14038220182411604,480,20
31172856831363848,480,20
4591049122955436,480,20
7677632667903648,480,20
68172705861361206,480,20
123505984529772632,480,20
25155461191309654,480,20
103591849684730731,480,20
174542635154742235,480,20
6187846315434242,480,20
74365926562388852,480,20
89829315167614546,480,20
13712954824742054,480,20
11699119275126445,480,20
17850411197990018,480,20
2431673906230898,480,20
289778249807164589,480,20
31915043263345647,480,20
17030711620413085,480,20
25891610912608499,480,20
185244250179035368,480,20
117014963666505075,480,20
235258873058129420,480,20
28810811863706548,480,20
1212767391131841,480,20
11591926600858170,480,20
24675170757976813,480,20
11833303562915309,480,20
265338539427209390,480,20
29207064000997140,480,20
159424743930436858,480,20
25085323432569699,480,20
151536190759321203,480,20
438171186850697558,480,20
56166956270708202,480,20
5393750666315299,480,20
32704561465119138,480,20
74072868498664495,480,20
7577605447431490,480,20
184974063043764241,480,20
36517568642487305,480,20
1319944212236623,480,20
13927008431550844,480,20
83034282597574268,480,20
15081189189256336,480,20
503692547666032701,480,20
149311295424857729,480,20
1951538255130794,480,20
28051461946154733,480,20
11988940198068699,480,20
16234008270953265,480,20
104032079183002143,480,20
81568080208749319,480,20
53452533839187969,480,20
113652421196224479,480,20
99534939554078504,480,20
274364363170404691,480,20
16264183186614374,480,20
3186625032163086,480,20
22216528860872721,480,20
968167075542448,480,20
491460195897753329,480,20
90230753733139195,480,20
30995946173425957,480,20
16687544433181680,480,20
71372259146306757,480,20
144576077661232231,480,20
41617630069086884,480,20
22105671789936650,480,20
206927764304876967,480,20
97825613752403532,480,20
24896414855493440,480,20
1770342019375402,480,20
33682775001015099,480,20
3095434349768199,480,20
194871080089246921,480,20
20370141814340504,480,20
25267268569088272,480,20
71851101511628270,480,20
30902907466382384,480,20
71886493286667079,480,20
214509259084248199,480,20
29022475059588037,480,20
2970082692863697,480,20
26531552077956659,480,20
100961937426770698,480,20
46739434511584625,480,20
8380368370833451,480,20
18509358834981566,480,20
4177623488968786,480,20
435525096104627649,480,20
8681919337921919,480,20
3532028218547857,480,20
23990721278799929,480,20
34674355822749566,480,20
76083564046693674,480,20
21588979724713830,480,20
60284353841340135,480,20
29257277112303999,480,20
9386564377984352,480,20
18999656179793914,480,20
66463244920536266,480,20
103812486569030645,480,20
4502073662614465,480,20
79948154040816921,480,20
30428556865572089,480,20
1116052394750314,480,20
70576777967191071,480,20
3987413441261579,480,20
16289827312359315,480,20
60816394427327605,480,20
31975326174268171,480,20
8725802407151342,480,20
30988679838356592,480,20
318743511459140957,480,20
10575684861673766,480,20
91906869575513636,480,20
23049608652872452,480,20
52684786087302468,480,20
32064412836002244,480,20
426082655126588405,480,20
47458749917621593,480,20
3154787949485774,480,20
15375567770431477,480,20
23933343551916618,480,20
69714343868380193,480,20
22348144922915250,480,20
31752602494324242,480,20
68383636786757576,480,20
51870081935142767,480,20
37026803351228627,480,20
45372148888059168,480,20
33858074510646359,480,20
23589795856318386,480,20
67694664182448253,480,20
19989910555555789,480,20
6930141929815143,480,20
46411801832693202,480,20
70698661062784985,480,20
52294344855839533,480,20
35999362911487385,480,20
52059491298243326,480,20
11510510243826855,480,20
246659912882754597,480,20
541342250606962,480,20
28441769059849851,480,20
3607518366657648,480,20
39321757288252543,480,20
123845542274502925,480,20
62686603308155952,480,20
111269332375513857,480,20
13322929412395647,480,20
12621531652274526,480,20
49976402887383756,480,20
44031211903783111,480,20
222571047227551654,480,20
23520761549508233,480,20
75141872464705568,480,20
469810681597791954,480,20
109644478909728892,480,20
113520232897587804,480,20
171016688622829388,480,20
61900579048304378,480,20
64750931471393289,480,20
80572922107292780,480,20
17220084573621392,480,20
11782623810735526,480,20
28120372938908196,480,20
96420613413774800,480,20
13577324806230122,480,20
42811164872709326,480,20
65202336459123721,480,20
12583651568274728,480,20
42582561249136792,480,20
6149340752456565,480,20
491285599048720,480,20
12349088312553986,480,20
82909206449550830,480,20
13769047716649395,480,20
162369973583849655,480,20
13175174639902011,480,20
128521545030783309,480,20
5980216638315373,480,20
86163968027562991,480,20
42082281860233200,480,20
125021611735474386,480,20
171096958507581545,480,20
15513361980119468,480,20
120167651796533689,480,20
13988923823563082,480,20
215985312147375694,480,20
18474236259950052,480,20
21146812054012537,480,20
1649157073365850,480,20
105042589266193419,480,20
112280716771438656,480,20
1381932115032092,480,20
202701932815457388,480,20
13113746998091272,480,20
206307026431294917,480,20
14168193894673444,480,20
1289732188223312,480,20
11673109236967634,480,20
1867375061084491,480,20
13872501604521450,480,20
15633103125946410,480,20
132992970963160493,480,20
40206495039778433,480,20
14187362628070257,480,20
19559554068059822,480,20
511204419345648718,480,20
39651976671511261,480,20
21926727543636975,480,20
79227164629150200,480,20
48239288421176705,480,20
25872282776609515,480,20
5711577543110667,480,20
44019660664849140,480,20
28156164099279230,480,20
176162498136951684,480,20
18202768156531314,480,20
374568150337374852,480,20
86511632938852418,480,20
22830480929087020,480,20
87229914260791000,480,20
95867507639169,480,20
2148732554443256,480,20
259521862691697837,480,20
13512116578645807,480,20
16959046580868343,480,20
41206841840372178,480,20
13969013031664057,480,20
4825006266087276,480,20
112658995792839476,480,20
45341249456938562,480,20
78513601311191788,480,20
33891224218876975,480,20
7347469236817214,480,20
18988260372544586,480,20
82883158921421006,480,20
160472864188453658,480,20
82350122916657168,480,20
72360485666504912,480,20
209637003179797156,480,20
37376598877147973,480,20
13485298528297155,480,20
88673393674345002,480,20
68193587703021159,480,20
16073182312682522,480,20
180587550581823379,480,20
83073610219494528,480,20
62643805599442581,480,20
150695879893248231,480,20
16308256933418013,480,20
10559464127021889,480,20
39915082137072190,480,20
45338265325587024,480,20
9458611362464426,480,20
5661763611239236,480,20
512079724708032884,480,20
11491775783586023,480,20
8700144109875921,480,20
52154577899129740,480,20
360682579783076,480,20
25940029518879017,480,20
13996140306414726,480,20
98922054758934389,480,20
92638387762537808,480,20
23180004117669213,480,20
156392482045184205,480,20
82483012800236387,480,20
16438723386339781,480,20
364200787402732900,480,20
109203352483296650,480,20
1996724392547760,480,20
60560338676284772,480,20
21711775824918478,480,20
18650143646130119,480,20
86209646054239383,480,20
66885314039014119,480,20
4582407649491516,480,20
50313863313795373,480,20
26932724635753120,480,20
11497067153626032,480,20
491395277562110572,480,20
22810860818781151,480,20
10722232526343809,480,20
44399766843015338,480,20
11688291690728030,480,20
4537605779584371,480,20
94231077999352852,480,20
52034559092449349,480,20
1605866851211315,480,20
1986233025460582,480,20
102422958402675246,480,20
13401702446490306,480,20
20944155164353035,480,20
29879474387534019,480,20
103200368684564369,480,20
22885459637757378,480,20
124278505807392132,480,20
153277748162542903,480,20
101989327338585781,480,20
17174089865602648,480,20
230831377250940397,480,20
10137655432410632,480,20
284625998406597605,480,20
11072919114515660,480,20
21158602759368676,480,20
22508043216046213,480,20
157928582671726098,480,20
25174533852587113,480,20
19405559814186476,480,20
26664304479915597,480,20
111039334828028492,480,20
107951256192075224,480,20
14976843311239997,480,20
24240598889902913,480,20
131349660822977237,480,20
113893535958567931,480,20
14252235753808757,480,20
148394277486977701,480,20
6558084033690799,480,20
33996443245000444,480,20
24699358549614913,480,20
17488496774228478,480,20
2994679753726828,480,20
38593794617172010,480,20
9421236202228215,480,20
129542970633464275,480,20
104158562542832787,480,20
41448044126809156,480,20
74736797186824388,480,20
126236298208590174,480,20
39853211361564643,480,20
15165873424282018,480,20
13599479510927735,480,20
437440771630951,480,20
12556886776203774,480,20
529273033345551913,480,20
27437475282777309,480,20
91267911609370660,480,20
20819432147659619,480,20
306611265269883181,480,20
6705378787351342,480,20
220360033262145160,480,20
2857392991273603,480,20
72573344457831055,480,20
7828838946446759,480,20
92717804002406763,480,20
15637886592596821,480,20
173831607849447504,480,20
295558269371079289,480,20
19978312861928525,480,20
5076548200687883,480,20
17744711416541357,480,20
20365147831259322,480,20
35465373761438395,480,20
31174550661760507,480,20
13903873274952153,480,20
17818480628425430,480,20
14359763173473347,480,20
28042449535264827,480,20
47526208464897717,480,20
23301390696450680,480,20
250909649843891562,480,20
15299526718724990,480,20
54303491893748773,480,20
6527582787711884,480,20
89775413109144273,480,20
68104833290823646,480,20
9228431938060856,480,20
310087514839920531,480,20
16496621088126307,480,20
109368050611890164,480,20
26197934295666919,480,20
90419905341911765,480,20
133253026236387904,480,20
111674313789568718,480,20
65418125072175914,480,20
65753466878963128,480,20
66674957891299410,480,20
34193149948414753,480,20
8652341381209578,480,20
31668131979773276,480,20
1554506403467025,480,20
414915443394882302,480,20
4927183835424937,480,20
52644325916510412,480,20
166775828351992363,480,20
382495864732500220,480,20
23344645558343457,480,20
161484990604162819,480,20
50409755025306968,480,20
19585230935152356,480,20
7171143448476029,480,20
41837414449267557,480,20
10293599917465869,480,20
25291266733340072,480,20
57857625506173278,480,20
62518182380939813,480,20
155256390333065829,480,20
110868653412812210,480,20
102068097104091567,480,20
97649659146981602,480,20
4403619759514766,480,20
58674882905628274,480,20
23830004465777739,480,20
1426919650204191,480,20
22409568056443765,480,20
4099951889844688,480,20
8001859281055231,480,20
20235518941216807,480,20
68128610852251006,480,20
5078867284612423,480,20
106370210522631925,480,20
363601055205042133,480,20
12912098283597780,480,20
275230050482195277,480,20
16031321778606864,480,20
98942859496801444,480,20
30687046349598030,480,20
222885224463747441,480,20
203307521521520433,480,20
122869978230318432,480,20
1455784318525931,480,20
152035830507345485,480,20
8427324007638298,480,20
415196270219793614,480,20
1100397939219050,480,20
66175352134468568,480,20
81506130242096758,480,20
4187634526975226,480,20
23799681741848324,480,20
21350105107272350,480,20
218063373813011870,480,20
59790633284200728,480,20
26539769434879173,480,20
24396084560804279,480,20
119550767024156071,480,20
295614024907773550,480,20
96054807834341563,480,20
34314439988321816,480,20
84403199413611935,480,20
118549413736243385,480,20
30822009333485185,480,20
3465765594145489,480,20
6056482059043274,480,20
85148618712341363,480,20
56949762240762286,480,20
20254163615011185,480,20
105706535187731823,480,20
9280491047532688,480,20
11479854566157189,480,20
41001005282223026,480,20
85018506709550171,480,20
6696267022020088,480,20
4587666884272065,480,20
192980908192620392,480,20
50159151230524076,480,20
52063244355881656,480,20
18159793238386962,480,20
10871901030045060,480,20
50026311852671817,480,20
76525645118677228,480,20
25393129122869033,480,20
65020035118478744,480,20
9322294028678605,480,20
91024327468616265,480,20
85804546931447601,480,20
10554006729227271,480,20
60564783387411732,480,20
121214972203338426,480,20
19034108857032905,480,20
48602058916489927,480,20
3946088595909188,480,20
64678447273632896,480,20
127507043158991897,480,20
11762883742858799,480,20
22415670825539446,480,20
79781309741529623,480,20
32650812891680436,480,20
13454197224328492,480,20
172061065077480709,480,20
3937881148577705,480,20
113304272211663816,480,20
12263724428021012,480,20
4252652424273404,480,20
73772051436979926,480,20
152276849867730357,480,20
6518073484572571,480,20
87417691994580422,480,20
54624217505157085,480,20
74133750847301777,480,20
99882254245873421,480,20
22564561586738842,480,20
21969143602888455,480,20
27526558409042120,480,20
11812131857389816,480,20
20059167526033145,480,20
171576042691438461,480,20
117337186854588682,480,20
111782563918270426,480,20
11938889304764970,480,20
13421368643448668,480,20
129617149092232256,480,20
198781358646259526,480,20
156302694484594039,480,20
11282181303855245,480,20
138408454886041042,480,20
11952394674101820,480,20
109828109685826566,480,20
11618095756529639,480,20
12813941765777319,480,20
19420412980841789,480,20
121806252538728936,480,20
20733434138935588,480,20
209833178089935809,480,20
15682329080447575,480,20
114315077726234918,480,20
19657684151067838,480,20
196551527277295766,480,20
10899555693040971,480,20
19041605811415260,480,20
11351150163909708,480,20
81838283465550177,480,20
33502273536312717,480,20
171564639133429902,480,20
5399044020050760,480,20
82870316147895770,480,20
13652500971053667,480,20
348968563338247694,480,20
45079785436510122,480,20
27216596450214871,480,20
445651174660937428,480,20
45983226396592055,480,20
197396056095183270,480,20
116678857123127406,480,20
36905347000011935,480,20
54288363198147348,480,20
52834716889717268,480,20
25098900711073362,480,20
17974985203692992,480,20
9736002440894705,480,20
52764879364082087,480,20
38692648396948294,480,20
447926688301724609,480,20
10883977414643188,480,20
15374168120331284,480,20
2697878546436555,480,20
72291862674411644,480,20
47053434308598105,480,20
37307671495575800,480,20
85600996499942748,480,20
118365331027723443,480,20
153728648509898949,480,20
40946550970229175,480,20
37787064348041360,480,20
28813375404150350,480,20
80041810376325138,480,20
99023671304204678,480,20
17018415581468115,480,20
333045979075319604,480,20
652063154710695,480,20
23577612642847100,480,20
287392906424834442,480,20
10135883719448613,480,20
14049981946866524,480,20
25648450549690879,480,20
15440182990836210,480,20
28299745878010839,480,20
93965625704450106,480,20
5367029309490949,480,20
102247753308052890,480,20
33401507899339662,480,20
70251140498220408,480,20
29311333766627852,480,20
14629313813201358,480,20
24267071353634825,480,20
21245536829031020,480,20
34359170508591466,480,20
5432463160845770,480,20
87548721187699047,480,20
25603173029281109,480,20
272754350319523953,480,20
19866258438247900,480,20
1909037918452032,480,20
199811196793470313,480,20
128500878370536033,480,20
485707420831394,480,20
68925171074282859,480,20
72405821903013879,480,20
1708659698344578,480,20
113012111338555080,480,20
106837375492828009,480,20
15273840602843112,480,20
1476943210878979,480,20
11653276385486946,480,20
2471011398545671,480,20
180578584128989322,480,20
4032655659820008,480,20
11883518542599124,480,20
24935273774464855,480,20
268395347758103053,480,20
31802849313049730,480,20
189672889360168902,480,20
28130668286254134,480,20
24881137230773763,480,20
2011738064057848,480,20
19235514037458932,480,20
22279786830034048,480,20
2536176108434517,480,20
177881319682661009,480,20
10989092002012959,480,20
21865021759007058,480,20
22658817077024432,480,20
1787187444837583,480,20
28217123295435433,480,20
188438004930158896,480,20
17313902084426955,480,20
278716144833939235,480,20
110863751174350484,480,20
17957045812667353,480,20
31356384256173174,480,20
14137814267855481,480,20
212712227694090501,480,20
14639286713868569,480,20
16898513926187646,480,20
25645738502127597,480,20
249891225763172879,480,20
135567366859701796,480,20
158004329698705698,480,20
296177837735679,480,20
30002440725420577,480,20
43598854998606435,480,20
4011400041175823,480,20
32999068966866260,480,20
17810010062773256,480,20
7046630557754926,480,20
61244034133515295,480,20
110649118296310044,480,20
20860801348666877,480,20
20833923306549903,480,20
62896108438511509,480,20
73929480252066152,480,20
68103845268558188,480,20
64246330232496841,480,20
15238431253943346,480,20
9996706102651179,480,20
482338583626598390,480,20
168410870526875894,480,20
22646606891693899,480,20
28843005143107716,480,20
101992801936125661,480,20
30145753482095474,480,20
39485209352523128,480,20
956202886107468,480,20
11953340104264637,480,20
42666410457358888,480,20
49428554470006232,480,20
66254729638246563,480,20
115550659408032764,480,20
49442667634751324,480,20
60394940000294061,480,20
66985881409821557,480,20
606475752898296,480,20
39994308011544249,480,20
101347044349056194,480,20
13960291344758189,480,20
16728753901707188,480,20
82476776830035980,480,20
30981048133575061,480,20
42807989040699517,480,20
116117708370166785,480,20
110257910177269042,480,20
18254587038930140,480,20
50634008358152019,480,20
3277203753957177,480,20
4452361512867836,480,20
128602251891302970,480,20
353839958431953681,480,20
4943788134014909,480,20
5417425133365162,480,20
30990526145506041,480,20
192890853383337242,480,20
7773442861030092,480,20
103263872312699938,480,20
10481900395370304,480,20
127822192371972348,480,20
170605231247387800,480,20
103955283105909226,480,20
3602014769110359,480,20
14495646775376813,480,20
3344158290730125,480,20
12098368689071804,480,20
405180143722255544,480,20
2666763429563636,480,20
119441360440948158,480,20
9210675776399885,480,20
42398452310392272,480,20
3947093284314009,480,20
101297288243819973,480,20
3147255428183448,480,20
9148264969101253,480,20
10702285864796384,480,20
10293815792888203,480,20
10718849329058620,480,20
58321041741566471,480,20
27491921943440456,480,20
24896587052028183,480,20
28841171367839946,480,20
20066447040853515,480,20
86959867964968577,480,20
12417926371784235,480,20
197425773056722302,480,20
23556202678635916,480,20
15109839745652369,480,20
54664437210365445,480,20
34146012624750199,480,20
7908186033487683,480,20
500876257377784,480,20
4662265685909486,480,20
268613397283007973,480,20
353444165242631646,480,20
91972099601412624,480,20
58330696069615519,480,20
12149260043429600,480,20
29018944295494357,480,20
240118432750634137,480,20
99821402694586971,480,20
12019032674284761,480,20
9808293737248525,480,20
57164688682466996,480,20
22758764616042203,480,20
37981355849533181,480,20
13670404822629420,480,20
74874330552882718,480,20
8949528035994816,480,20
16863057972562370,480,20
11236598352097409,480,20
174533761335058,480,20
28061077180484183,480,20
32887622484510666,480,20
3510904678176475,480,20
30218539777538029,480,20
63926955559519573,480,20
76978926380852017,480,20
6415090874763975,480,20
123676199220634326,480,20
39141578696877270,480,20
454202495356292438,480,20
79963733675764270,480,20
14988155525754637,480,20
2080749976975795,480,20
5755345254679123,480,20
42091400433174833,480,20
41255379509324449,480,20
345187299181497966,480,20
31739680755515201,480,20
27836055124265276,480,20
62154618820088064,480,20
356985255519198375,480,20
442165389864054706,480,20
428062876615604251,480,20
303335082862193733,480,20
1445294910566383,480,20
1982033228196237,480,20
10341466487156010,480,20
2746047220948386,480,20
22029089827992597,480,20
96585954526903851,480,20
87159308485743415,480,20
85694385449181072,480,20
32039188238465834,480,20
139994863451089466,480,20
62724210240470349,480,20
7435477782882306,480,20
27032600555889168,480,20
342432173562706532,480,20
25332656794339122,480,20
56896274438980850,480,20
171300837541249638,480,20
446901258722469977,480,20
66906561355153009,480,20
480739300982187008,480,20
21846125765285532,480,20
117477479961141908,480,20
18155071108167486,480,20
114873572691215321,480,20
166789346292986582,480,20
215125318926848834,480,20
14616270422469202,480,20
18513045168621524,480,20
118494912780933474,480,20
17825313053489742,480,20
12136635938135325,480,20
127079270916655878,480,20
15922838769075910,480,20
181826798189310127,480,20
12834754743206373,480,20
13480722015667031,480,20
13284276258817087,480,20
1768172576418715,480,20
87913640560474761,456,19
64001858668438532,456,19
464470510057529085,456,19
198525910199192493,456,19
7645165774860774,456,19
60846235134089712,456,19
79756321510232575,456,19
3755384103365887,456,19
28766055060806708,456,19
167444796419363607,456,19
33336325831711488,456,19
396332885484403669,456,19
69697520719261068,456,19
24317185434482641,456,19
27128121773722983,456,19
3637049094646590,456,19
94897232811258114,456,19
46587082486737746,456,19
78467444329332034,456,19
4839935553650816,456,19
7285258310473481,456,19
20053248097261087,456,19
80936769164213894,456,19
15341245251080172,456,19
44118914172852736,456,19
63605619931918188,456,19
107513085938561179,456,19
39195896026214985,456,19
47568858221203623,456,19
19360187080209792,456,19
19630553722843092,456,19
118640280636692215,456,19
15645903043095378,456,19
27237805394454361,456,19
30621658434029939,456,19
79892411706704160,456,19
9044023870570730,456,19
72982175555545452,456,19
67594768991026426,456,19
7212752003848104,456,19
99172376918749682,456,19
9893408302018785,456,19
4627230623051149,456,19
17555922779135317,456,19
317052006904083795,456,19
89571880448440438,456,19
2474987769698600,456,19
6656690795856951,456,19
127264709317303190,456,19
19527515991434708,456,19
87048416608424643,456,19
23553278223992429,456,19
376689781061107076,456,19
117169562334722844,456,19
572214788982845074,456,19
60499568208248561,456,19
4612387144595225,456,19
199327420503063504,456,19
14587359435923160,456,19
3500338014359925,456,19
371253029702747536,456,19
37595822866249681,456,19
6292512919658458,456,19
29453059386569061,456,19
104872940363547915,456,19
170406690374712888,456,19
31720807792811054,456,19
17642410413950028,456,19
1307086958435646,456,19
14234187459915092,456,19
150286140920060722,456,19
83559001154938372,456,19
15701137085873928,456,19
21737672124951954,456,19
5207820555183045,456,19
6647780826608220,456,19
48314884911064248,456,19
159192211545292580,456,19
24599204686554531,456,19
32362742810480933,456,19
54417982027936761,456,19
116679760336076307,456,19
29695492476557997,456,19
2499096115052197,456,19
1676995737972392,456,19
12317889286688505,456,19
30396106698110385,456,19
22089108470881081,456,19
126033636711421546,456,19
5852962737010098,456,19
255380122786840011,456,19
257236073432456080,456,19
21157901934431775,456,19
99471453891527522,456,19
142451384323939466,456,19
31082938790417398,456,19
426878720036850535,456,19
238349126452399924,456,19
26286436825169139,456,19
4575498349125757,456,19
45093225978059323,456,19
8458275731832457,456,19
136263604316210752,456,19
39418304086349564,456,19
70556997162365562,456,19
93055000154167452,456,19
21529061122964636,456,19
28396244405212156,456,19
1364596647431603,456,19
3187449789695672,456,19
135525088263465188,456,19
18356103319521288,456,19
310710990452779797,456,19
13665574072889801,456,19
126476507943960074,456,19
226014565860265924,456,19
19989433952409442,456,19
151177042529119594,456,19
106239575614808362,456,19
119451324081160337,456,19
26843542792492523,456,19
14844798379623568,456,19
103680787705149948,456,19
1260931986672348,456,19
27060056044374510,456,19
6411563881790013,456,19
26546575575923685,456,19
50342872795473715,456,19
132733180530191142,456,19
645279585793679,456,19
147970371509985999,456,19
26096831133914459,456,19
25837247522423956,456,19
298913509826650415,456,19
12547551991224608,456,19
148220750498706964,456,19
179981277407113348,456,19
4702732342774689,456,19
255577428650162092,456,19
26665936844762055,456,19
21380761035175002,456,19
5770942684045619,456,19
27126660813717823,456,19
15450268463952343,456,19
83146525250018994,456,19
8275601332150531,456,19
26872021404196838,456,19
31849467294299101,456,19
7343355336364189,456,19
108428343764037038,456,19
93345383200732502,456,19
38626768403994530,456,19
62527406578786279,456,19
80752114813123305,456,19
67473623867406524,456,19
7016541528093160,456,19
211413442929859647,456,19
86340070343554316,456,19
27020656778119321,456,19
18203984001100286,456,19
40267800437919491,456,19
108844229079193793,456,19
58652596617409461,456,19
125472580384194243,456,19
196540257724975504,456,19
69334088696898781,456,19
86845126514674169,456,19
78933549700117698,456,19
1359569785745049,456,19
123101602590750393,456,19
4139625811693798,456,19
6807644770242971,456,19
20798257787948527,456,19
2070745972498129,456,19
205480778910644829,456,19
66368304975181789,456,19
7146391688455601,456,19
24280712216155743,456,19
39174238411247800,456,19
25300987355264113,456,19
35941256945788025,456,19
14924590849100884,456,19
378679423401611209,456,19
107160684133660393,456,19
12344727425294306,456,19
152068294225780690,456,19
2208752863411997,456,19
42642716357626603,456,19
11542248333354259,456,19
45692495539007034,456,19
16873929356179415,456,19
50989197512256069,456,19
27736300115742219,456,19
7295302169717139,456,19
17493313120042529,456,19
23151730438271450,456,19
22667282440872742,456,19
220784612023742823,456,19
6015488726055651,456,19
10111746400963206,456,19
33192630388216002,456,19
13663326286517387,456,19
37026079273383939,456,19
101716407741402717,456,19
1260795533017856,456,19
11611990784143830,456,19
155562122587730881,456,19
220429341967826613,456,19
19218624000282013,456,19
46631591455650664,456,19
95410572716608960,456,19
124451907731020702,456,19
47968886149645266,456,19
185749869798905963,456,19
40168772372986296,456,19
59553878397253982,456,19
16575029384902466,456,19
18682017874588008,456,19
53150401722532645,456,19
13704592836881256,456,19
112643285127585510,456,19
12689415538781420,456,19
48971582538252661,456,19
78922349344536063,456,19
137607425429320112,456,19
295054843803285829,456,19
14443426118032922,456,19
50536828532688271,456,19
15682122975772975,456,19
2720849667743944,456,19
14348035886937216,456,19
21940945174970847,456,19
103962226628433570,456,19
8196922984368737,456,19
75560664928839004,456,19
8436952205447780,456,19
16224675928708957,456,19
90243938065662867,456,19
124380860840972911,456,19
45913027014445490,456,19
122474434196339838,456,19
57079419680492888,456,19
40918949729684316,456,19
197765646434635530,456,19
37433751657626043,456,19
12157782281297661,456,19
22639419499038327,456,19
6087493925630374,456,19
31242763223570328,456,19
72563089142622434,456,19
676647506368946,456,19
30251979144322545,456,19
143869089647058949,456,19
7259707574042868,456,19
45552676942241233,456,19
419827867956841014,456,19
4868420427973719,456,19
87395759035585286,456,19
11737797237781921,456,19
54605397068860780,456,19
91625248847340761,456,19
110700930194087360,456,19
350624528824884564,456,19
126277199442590429,456,19
11200956540497431,456,19
15277383036910949,456,19
130978749632819060,456,19
12937057246008236,456,19
122589425679880562,456,19
14943083693575780,456,19
153496603031529937,456,19
18513431128549715,456,19
15999856999736429,456,19
20229514864927335,456,19
15511815798867647,456,19
108782520343015025,456,19
106724997767574971,456,19
154002821857802277,456,19
19090228761744637,456,19
21745384964068676,456,19
31757725675935404,480,20
7916506192497336,480,20
124011975671125549,480,20
27195437120445246,480,20
8249476069903950,480,20
94478252301500115,480,20
8363094983365387,480,20
17808806541745713,480,20
31967133523346048,480,20
428503092849587920,480,20
22076698918687509,480,20
127824734095933045,480,20
91677386830437246,480,20
61218302677607034,480,20
39620474952268766,480,20
94915536677622832,480,20
3944922950647818,480,20
71488234114223184,480,20
95490635436537273,480,20
310111041279898293,480,20
369063353231934321,480,20
358270969683719958,480,20
7902003973441865,480,20
117149812167292096,480,20
39407297329918179,480,20
19900769235193071,480,20
245724238040230004,480,20
69274609454105864,480,20
81069776747224024,480,20
99078177971234322,480,20
29275932154287726,480,20
197226040320423186,480,20
68334495234014599,480,20
32002972067725388,480,20
28066889555011327,480,20
16993288256164062,480,20
22318986515122395,480,20
254111250360453232,480,20
52339737301002655,480,20
107813155684948015,480,20
10045918611432373,480,20
4460685948766320,480,20
59415131402969188,480,20
25078217484234223,480,20
121724752304254008,480,20
42421801139590253,480,20
24235869409440036,480,20
840580710636734,480,20
17609959793457606,480,20
35381338725281729,480,20
170621168190063754,480,20
74892098811953595,480,20
66079187861058005,480,20
292343656570422184,480,20
506293405185970,480,20
35406612725807750,480,20
19758546767090530,480,20
36966727721701432,480,20
236203295562089892,480,20
106609031083563095,480,20
7779967136500106,480,20
1135509782546345,480,20
95797827360442476,480,20
481249385106989391,480,20
190865658703375747,480,20
65161942952934,480,20
61682213372672738,480,20
30304666960863866,480,20
18210487695345834,480,20
67334454571310755,480,20
6582483848061946,480,20
36256779377476260,480,20
202822676102721016,480,20
4902276474675946,480,20
191928999762011343,480,20
1736689811307240,480,20
14469667017377772,480,20
172895881514095973,480,20
41477597757243050,480,20
82463209068026648,480,20
38962583308700308,480,20
64795719115508710,480,20
47395208435961672,480,20
373978606126429863,480,20
1480795025513688,480,20
116312792079743685,480,20
25565820353364532,480,20
124514021833450670,480,20
197860318578861434,480,20
275909915403128211,480,20
13621780905987414,480,20
12953432264108014,480,20
120675470612974910,480,20
22980277743625958,480,20
112087050927866917,480,20
101940103448022419,480,20
25217596135705292,480,20
116011729460041489,480,20
15401410009118020,480,20
26837554421011377,480,20
1542065923721831,480,20
82237684305810323,480,20
16170821669196807,480,20
2140754809087050,480,20
32111483662945083,480,20
102293325056782340,480,20
143915590787284082,480,20
120859001722527366,480,20
99961198873470690,480,20
427773296025362301,480,20
17963536376842251,480,20
25760492614056708,480,20
5826868320741910,480,20
23889889439058762,480,20
40162530476715848,480,20
46513825926298052,480,20
19460308627345448,480,20
42491510788196449,480,20
46458575405587638,480,20
5057541996817000,480,20
243855658037941470,480,20
17734087506879446,480,20
25439092054236562,480,20
260046618631247353,480,20
16763183095004125,480,20
4479689460284256,480,20
6262849201264185,480,20
29577216174754422,480,20
95785875628555150,480,20
21131681401651656,480,20
364516298547054775,480,20
128283210171545424,480,20
1791861795185998,480,20
46919786502981468,480,20
26899965676320303,480,20
107617291851452883,480,20
19564876143394246,480,20
30359231601772670,480,20
292518945747621859,480,20
2487306551966867,480,20
45432613606058879,480,20
122511644979652121,480,20
15004093605617057,480,20
90731513502640130,480,20
25888964145228693,480,20
17964734802697701,480,20
403439440334328766,480,20
71427307403952189,480,20
32806276158339575,480,20
1959517509180593,480,20
9733616814849195,480,20
13062747700584966,480,20
31970620170364120,480,20
61071100014436617,480,20
425618717956660586,480,20
34377339156113164,480,20
18725080840846344,480,20
9198748979693125,480,20
75623183677404478,480,20
16612221614939515,480,20
156833685920524248,480,20
4777239209847457,480,20
130508688984301424,480,20
15593682556448301,480,20
36401135836940340,480,20
13347560477298955,480,20
126642244551555754,480,20
7493483148574668,480,20
34661811376321465,480,20
145796136013215596,480,20
37262752912406545,480,20
35691171491309702,480,20
41282734002666546,480,20
73660731491481932,480,20
30321841664421141,480,20
26213434108640173,480,20
33589445223719179,480,20
31015974416654401,480,20
446831955980961751,480,20
231186427063876787,480,20
12946107279210020,480,20
123885826606623466,480,20
1736502389959476,480,20
209702711935391252,480,20
15196831760267805,480,20
48332463132142549,480,20
8134986690521119,480,20
52003530967032193,480,20
6216675936523458,480,20
22145417878604338,480,20
370975550687190,480,20
18611516100066042,480,20
23596417190596115,480,20
38866984970833604,480,20
48239770565621740,480,20
117681875868967381,480,20
113938599260329849,480,20
57975958484449489,480,20
111333331678330423,480,20
1044680763645955,480,20
52137675541246221,480,20
33645718450529628,480,20
139298258251423081,480,20
86558514540905107,480,20
142524508294062965,480,20
2985593800548100,480,20
107023397531181312,480,20
26760917008872321,480,20
23067035370401610,480,20
14624023353649107,480,20
14549109656488402,480,20
93433335318444935,480,20
6139502750704122,480,20
32340758354336709,480,20
178963303091650490,480,20
64400212366123577,480,20
3336305626352884,480,20
51225272976971636,480,20
121878153823887483,480,20
23780550748062691,480,20
117169647396144385,480,20
53525374653280010,480,20
36235985743021590,480,20
3085758903548498,480,20
7377727550728711,480,20
5480728521777311,480,20
53767427340106081,480,20
43372652362324310,480,20
11381816531984749,480,20
14614143758929688,480,20
168456470536512912,480,20
8221060837763448,480,20
1396167184561721,480,20
197219699559113869,480,20
80775113203936103,480,20
3026795800414628,480,20
21289579911912799,480,20
3546331431750919,480,20
14743015921767777,480,20
1775838719768439,480,20
30370532456984557,480,20
68621648521133076,480,20
27130188617666083,480,20
203612745290344552,480,20
52153793599111962,480,20
72800059016415160,480,20
29396291838162942,480,20
4490956792700450,480,20
7722624121259360,480,20
93585152739263933,480,20
61371079874535480,480,20
43341539775678634,480,20
40364217980088948,480,20
36061749505108867,480,20
3082865662745712,480,20
393432362227976482,480,20
81423964235686973,480,20
40095466643415636,480,20
10955758768599435,480,20
51082485972099115,480,20
21546899232969990,480,20
2026900623493661,480,20
31626822409072116,480,20
23309284459567072,480,20
20132465254890008,480,20
171201436183534776,480,20
44646155038105495,480,20
12482027869127037,480,20
28605830072065528,480,20
233822671026300079,480,20
379997950354437,480,20
7348113928833030,480,20
37579107212721812,480,20
125717018915293335,480,20
15083325088776131,480,20
12926440838526123,480,20
11953412643791677,480,20
17207972866556319,480,20
12983289833101397,480,20
15853358767088836,480,20
11037789766877516,480,20
21119354020986359,480,20
19098804459795345,480,20
12450046923910606,480,20
14006990953460532,480,20
13008116776024440,480,20
114885249262014141,480,20
11402509935744860,480,20
101921338202525191,480,20
14988757806596298,480,20
108957107733114286,480,20
21015664427979115,480,20
127381544779318441,480,20
13174740258025674,480,20
19878874837428958,480,20
10441662017577943,480,20
192188547402260689,480,20
12191301620633116,480,20
118781061370135337,480,20
170411662869308363,480,20
133964622352229777,480,20
42609450373979202,480,20
22372547401009346,480,20
24977046746377920,480,20
31486977796219508,480,20
67810545367997062,480,20
78989720682840909,480,20
107409742292311680,480,20
122278862930794664,480,20
33580588405980154,480,20
225241288605605974,480,20
5726269451781155,480,20
34822441434684820,480,20
11894483721835378,480,20
100218491334032881,480,20
2331099160200451,480,20
360039838852778807,480,20
8549765784069332,480,20
181049026720307402,480,20
495501345327022819,480,20
36737788414269585,480,20
33000458711487693,480,20
24101556346949446,480,20
25944534896843828,480,20
169890817968303265,480,20
44588462039161355,480,20
22434516310285843,480,20
6706668508480134,480,20
17869967140534544,480,20
15073190617507623,480,20
59770661223609606,480,20
59503171196096897,480,20
369752397011849347,480,20
2130864457921125,480,20
3085414136665512,480,20
4546219541825244,480,20
204727573637427503,480,20
96902343864137214,480,20
22190395238418397,480,20
3195608833052878,480,20
23225303567342383,480,20
27242478981741921,480,20
62257847702549968,480,20
71583174996308894,480,20
138478458230035931,480,20
176077404580121277,480,20
90423711244262747,480,20
54495740757766434,480,20
28606253809309355,480,20
146751916626750102,480,20
55442670152173153,480,20
19044824801197801,480,20
6982822072140014,480,20
23084840398820567,480,20
27040456129521654,480,20
44333305141007668,480,20
8651725418650721,480,20
19676880411262238,480,20
16169245761843540,480,20
41241851942589673,480,20
707440647670926,480,20
204898144875440575,480,20
42479809817138042,480,20
56875657304501440,480,20
31940468052746491,480,20
119145958023017595,480,20
72626961239536706,480,20
13033911660737423,480,20
46086499391353169,480,20
259858716850972412,480,20
123567153954327978,480,20
157509838723212079,480,20
85776181512709377,480,20
26205698387084687,480,20
33703764580837126,480,20
71858225155548852,480,20
6031497164645597,480,20
207353561171218122,480,20
6342978604942021,480,20
42576632347615726,480,20
49463794251349172,480,20
139613974690501743,480,20
169484610476123461,480,20
81388931741776106,480,20
26556130301580081,480,20
32178553955246026,480,20
158234029177106244,480,20
160348246552321306,480,20
53811393916316227,480,20
435599460961193526,480,20
246149366055708895,480,20
67147524082063005,480,20
159422707124124862,480,20
40341261140444581,480,20
121395796538829986,480,20
12894273103064433,480,20
21110783024045975,480,20
25877160800904687,480,20
44530819866188586,480,20
65531260338459738,480,20
5047105299644603,480,20
3806554995645911,480,20
15189884470788164,480,20
17630698642784167,480,20
1116869979905334,480,20
18413936465347974,480,20
14689602935136504,480,20
29386169839019228,480,20
102770100575843936,480,20
1147863850069036,480,20
16330602743285213,480,20
2749837981592727,480,20
224995575854395216,480,20
15927739214224476,480,20
1814364221881062,480,20
24115315384991083,480,20
115066597318415730,480,20
23646622666388315,480,20
209891509541808669,480,20
321047408051812,480,20
1600492997777890,480,20
1320129862603494,480,20
90567604880444620,480,20
63080182273463833,480,20
25453134990424576,480,20
98136398464514540,480,20
42549091225637544,480,20
19424577865792937,480,20
17510194135042565,480,20
467766294632047999,480,20
367342457220160026,480,20
74107661928438987,480,20
13444390139334197,480,20
25362293207222676,480,20
102625234111640294,480,20
292772528038210454,480,20
39757618171388956,480,20
328794587749425969,480,20
42602697418679215,480,20
94295374217109516,480,20
10007663344298227,480,20
79851320024304159,480,20
168565945626616983,480,20
886670752578401,480,20
90302194995078648,480,20
40662391148801722,480,20
58575837949991704,480,20
18647635555742819,480,20
20839445718300381,480,20
111468703299027297,480,20
16682974905813782,480,20
180292212156214461,480,20
297293934406159140,480,20
9562456856626419,480,20
243314625649250361,480,20
9568931085844928,480,20
109719452768966742,480,20
89600281505291833,480,20
10637855182917631,480,20
75766551909459046,480,20
84836058559618043,480,20
73543714930486120,480,20
22715410761909710,480,20
107875609808864313,480,20
43057953121398326,480,20
67953553897629916,480,20
70693028126591407,480,20
42145051727597230,480,20
181261858802326152,480,20
2128726536973729,480,20
5416500277279077,480,20
6996237410720952,480,20
23283117538608638,480,20
188124404039826536,480,20
50859550056587031,480,20
196899832095393118,480,20
89059446855539582,480,20
49664385815882563,480,20
291117437161370142,480,20
114170124537448490,480,20
1987293147255235,480,20
14549255024115486,480,20
245914440141629477,480,20
26003942657194756,480,20
27506000784318092,480,20
70809538130437397,480,20
22655608204756002,480,20
6908637292771639,480,20
14849337214013968,480,20
20152466804047837,480,20
3748094438274698,480,20
395837452517998454,480,20
116898530891097140,480,20
449806698887000413,480,20
11712694678789075,480,20
15849274721804792,480,20
129107407168194120,480,20
40491099973961840,480,20
60936275029312712,480,20
174562219943520367,480,20
9938535980410558,480,20
90108687964242414,480,20
178652889966126908,480,20
303765473248082211,480,20
58700922513014544,480,20
17238498069599766,480,20
417851978930881197,480,20
12381350556429470,480,20
138243526855749447,480,20
112814422558584240,480,20
93625803494036722,480,20
61475505193896212,480,20
46055191336466268,480,20
15747347966361359,480,20
159807457653151002,480,20
2930906138692290,480,20
20539643167210091,480,20
67325217772100251,480,20
111027770658629631,480,20
80556471562623968,480,20
46528394986107490,480,20
96178342051420998,480,20
26020775928817104,480,20
41698490296024795,480,20
6422402536917036,480,20
22401398886052785,480,20
32751314233640344,480,20
69492945098602994,480,20
557763050535901165,480,20
629196812724717450,480,20
475322226161501972,480,20
16134021590070745,480,20
47223492798901044,480,20
15202320980930239,480,20
27584549644225839,480,20
119519609142873125,480,20
642693519908547149,480,20
19025374629683953,480,20
5524556103093444,480,20
64334604601511813,480,20
14329016386428271,480,20
49072320459075358,480,20
51722713513846591,480,20
28430568873583017,480,20
12269823669502614,480,20
36185109100566086,480,20
120531189936128990,480,20
144319928930540117,480,20
4356832102931706,480,20
102682746176777942,480,20
121371552641411296,480,20
17014539811332403,480,20
7347947360523914,480,20
44004412641279164,480,20
424973913951489,480,20
25020111128186657,480,20
82402746192218224,480,20
1298642206373879,480,20
11832622069771796,480,20
91318644352401872,480,20
4492340045755597,480,20
8162913572343598,480,20
4072195735964902,480,20
2695957848746092,480,20
145021378561689820,480,20
42599124682020127,480,20
7993526303878668,480,20
298433700966556619,480,20
31099638045869574,480,20
24717787293995910,480,20
109584553242780693,480,20
5077320164910667,480,20
80378491712922677,480,20
89438521921644513,480,20
73357688060838094,480,20
497896201582026251,480,20
390311247241172379,480,20
21872724105854009,480,20
100121641106244096,480,20
137542413534851136,480,20
109703278931629168,480,20
20770344536172846,480,20
21335416949515307,480,20
125451382748649523,480,20
11902700479828857,480,20
125715167569552395,480,20
15108406245996221,480,20
16317476038172269,480,20
20473207719133388,480,20
150546280337252445,480,20
190384701561050112,480,20
18969977450620905,480,20
124075343421213203,480,20
21268137864934985,480,20
103109752146524893,480,20
14061673749827759,480,20
12674338481131401,480,20
18723545952247563,480,20
169861315531891234,480,20
1386172955285086,480,20
14282041224433446,480,20
14417063895003436,480,20
249929918180131319,480,20
37382275699742908,480,20
19508483859357548,480,20
16042543600635612,480,20
46817941223112069,480,20
15242358260369384,480,20
83922706054262724,480,20
239382413338978020,480,20
18744377994879537,480,20
171326524705688629,480,20
9238701142071554,480,20
27552855852577480,480,20
755598495017606,480,20
75141906236903709,480,20
51052907209769590,480,20
15365414734365212,480,20
18082322084891184,480,20
482554035342574293,480,20
33332527593944498,480,20
70868192366658944,480,20
125535736886555568,480,20
24389675923670806,480,20
60333795443254597,480,20
93800163319976312,480,20
31606671110183437,480,20
10171816101931319,480,20
75919255196397765,480,20
78400823950364211,480,20
4080955826101908,480,20
2146256561148829,480,20
123168954757762619,480,20
1945861533001686,480,20
60946741992296525,480,20
393626801611726498,480,20
87502873346023402,480,20
4057597409723835,480,20
42775556929277441,480,20
139759661253164860,480,20
87458652258143782,480,20
84230420739437256,480,20
2855877560007778,480,20
12437194090257841,480,20
20268832964063914,480,20
136452706257461170,480,20
13638187783078870,480,20
30411762518102641,480,20
6086492731286040,480,20
48437652386166435,480,20
64954184444234330,480,20
14672219916781554,480,20
2892068605041081,480,20
77891812933876036,480,20
118097620368023092,480,20
8693451030957971,480,20
14013553280204880,480,20
54136421995167375,480,20
45560927405228439,480,20
60611141419076304,480,20
27195097553821724,480,20
327548991739461535,480,20
37340366985655094,480,20
26112216291693241,480,20
5967963917410307,480,20
78783369181714823,480,20
22137442802957601,480,20
43197893397378421,480,20
36409619485307823,480,20
169501805052463071,480,20
3447165313490215,480,20
277550973043025670,480,20
17579599163424690,480,20
222616737295682313,480,20
87937496634253346,480,20
36318975650525963,480,20
17339398509852459,480,20
10361303280849273,480,20
1634653881695899,480,20
141245874152656928,480,20
269788018127824429,480,20
291985683639305,480,20
28345457608323847,480,20
279410574564148929,480,20
16179124600681327,480,20
239193708805896247,480,20
11381499113989760,480,20
10242147455350106,480,20
13117580794977203,480,20
23334513188211063,480,20
275324520624200136,480,20
152991231482611225,480,20
16437651619176505,480,20
26281198862614183,480,20
31682043979971330,480,20
1682190809972504,480,20
58768172192297939,480,20
18328861435038741,480,20
214992451147631922,480,20
365197622117247385,480,20
105452429379457437,480,20
25313804925207067,480,20
210143441605535072,480,20
584251892838811,480,20
94225916228837995,480,20
114474206488880800,480,20
85634620960904050,480,20
62249447526533212,480,20
2596174587191147,480,20
279010692726155347,480,20
81413641826613,480,20
278450627447742606,480,20
18269494606194430,480,20
134252559761160897,480,20
142290461230432651,480,20
115700099155829898,480,20
89680217529207740,480,20
26450431854069876,480,20
25314324433750998,480,20
2726423410957456,480,20
25555253208488471,480,20
375917749398789779,480,20
445322282994929016,480,20
207232082786719220,480,20
7847698019919037,480,20
8136847198941022,480,20
28306667447780036,480,20
14858641108790961,480,20
180673017175371684,480,20
32459969522157570,480,20
2992065600740778,480,20
128811319400559020,480,20
22546145543799955,480,20
16924827939047315,480,20
470942465438902377,480,20
48763725226753321,480,20
11232167717949699,480,20
194590893288615609,480,20
24730507094971875,480,20
15752469032315227,480,20
8016581099107370,480,20
122750681094717438,480,20
29396524294510003,480,20
61982185218538526,480,20
33880916048593118,480,20
6100337108680448,480,20
69399694575243746,480,20
144259667117117277,480,20
19271522103972751,480,20
449313286995832456,480,20
324823277417632398,480,20
7806640133700570,480,20
19780089069404306,480,20
26229529513004256,480,20
2512391742281583,480,20
9117229163870774,480,20
181677025291226084,480,20
171221073467316653,480,20
129472295389510856,480,20
8971195702756007,480,20
45403155742670930,480,20
225341273800005509,480,20
32914723078499498,480,20
470871938694237468,480,20
29801160542929010,480,20
50643946838373426,480,20
40465553643461948,480,20
26033744554851745,480,20
25727180024043578,480,20
29355541026418791,480,20
42731943575623426,480,20
110169658264783946,480,20
47628280568638560,480,20
105170839881241461,480,20
155728517833517321,480,20
296829546895753204,480,20
17696784614153429,480,20
351644915180808117,480,20
10188630601125337,480,20
75090079687390722,480,20
45278295795115496,480,20
4182963189635508,480,20
286617282079388215,480,20
186439457925804038,480,20
61427472986362532,480,20
56912193734765602,480,20
16992247669781677,480,20
110094784185957735,480,20
160878076614973,480,20
120982554819956930,480,20
22919791588980242,480,20
29645512178501254,480,20
1865040622121349,480,20
936351885651592,480,20
90029584623910218,480,20
77248998008718562,480,20
12083147548234458,480,20
11805914927369614,480,20
25346805036586097,480,20
11623606505697071,480,20
67614304863409484,480,20
2005540512822111,480,20
12456357351849527,480,20
42410613777026287,480,20
41720893731729094,480,20
18225767733546363,480,20
20508541003136581,480,20
79551109051669789,480,20
115160429941623573,480,20
185023326195338716,480,20
35506949591293927,480,20
4025940725386610,480,20
14784620949497719,480,20
114679198567461166,480,20
44475024781363506,480,20
64386449034225759,480,20
235398024570511180,480,20
7051168405050207,480,20
25920100654690105,480,20
7212286786807578,480,20
37071064948853142,480,20
75127060229680394,480,20
111968598811980294,480,20
37066905113715636,480,20
10031709041357713,480,20
6802538205397134,480,20
124824241780794005,480,20
21204663472684638,480,20
18189341889804283,480,20
1570067999022275,480,20
20196995368310901,480,20
86879880456715667,480,20
20821977609545073,480,20
10936217642800305,480,20
209098090964665926,480,20
10001989645935807,480,20
20919925511958375,480,20
191843515682454446,480,20
181171313267878688,480,20
21788482101356006,480,20
13711479896377593,480,20
143152295471887051,480,20
15073431481359986,480,20
1325439256391983,480,20
104475118403537775,480,20
16403007205336461,480,20
120352716139158010,480,20
112918498713395921,480,20
10438609601528803,480,20
129247293009889704,480,20
15683707685676932,480,20
15512788357483905,480,20
12936658222443944,480,20
1259531079997059,480,20
1125559143214827,480,20
