,cost
74417154365539438,4.256922006607056
28759971764404954,6.836297988891602
10466724769439820,54.83320593833923
20056787023477519,45.652902126312256
115104759908005613,31.53752660751343
64133780157014584,13.178187847137451
160971987117537173,5.684513330459595
30537381878934033,233.2851732969284
26525064251448383,113.81590902805328
136598468157528704,7.590881943702698
25854900687589727,104.13444221019746
230815779065893918,5.793448805809021
159623229000579362,11.966671824455261
4876459398619965,197.64289128780365
21320467304308384,29.990218520164493
249575201260931903,9.615277528762816
133469538741729908,44.85214447975159
18321968699939123,3.512824058532715
26286866932884986,14.625959396362305
10771417248540729,9.947148442268372
29781957264303211,12.689876198768616
18128572812746170,4.380207300186157
37206451381390414,3.7906651496887207
27915224708756384,160.6494141817093
3998595355222938,129.76760399341583
10985994580617832,6.0274418592453
60827396679211467,14.96034371852875
10451819365195124,72.01185154914856
59168585309233937,10.22357976436615
100331815210533929,4.999104976654053
14914819499142170,351.33253049850464
5615076545915997,34.63990640640259
56780812839078763,430.0184690952301
12890785184390445,10.271791100502014
24161395732694480,67.61130499839783
54490037252265202,10.851627826690672
185408107141734766,64.58582413196564
11066533549996644,130.81324756145477
32566008509637430,128.87671327590942
35442884782826888,12.680437564849854
124245371217388237,32.38303184509277
12488818352665946,725.9497990608215
5740204790827782,126.66071367263794
28575500196238575,3.3483591079711914
164300694164752914,165.61993181705475
10687808780603921,3.6494789123535156
31601559459385009,115.69699573516846
158484491973204378,837.1988650560379
17908146740906904,63.559308648109436
2496832257572248,9.142033219337463
17882968666831371,33.51530945301056
4231307696917272,115.25170636177063
18976363741594941,5.274505138397217
22794870876753158,4.198324918746948
19723807199798384,7.431826233863831
69379870661401616,4.942994117736816
110160985450112161,90.24557638168335
35074049819854905,35.578571796417236
393282801106172301,43.15269577503204
14220405614979374,4.602626204490662
61566388466679561,65.03046894073486
61636710253376402,88.03222405910492
17938310511920627,195.25624060630798
23569656767324282,52.55640721321106
109219417352696692,72.08440971374512
17498250578583777,24.252158880233765
69861780323044820,238.29016160964966
13893224439944517,9.942015409469604
16865868251432975,10.636332511901855
100767354297266771,9.066127061843872
2301126577242484,9.118491649627686
35742668139265663,73.82669818401337
31246682523175679,142.8987259864807
18030222551635562,639.9965858459473
12303888494291068,267.1693869829178
20484834509020884,31.416622519493103
28706016263605017,83.34540247917175
62155014418477634,3.4002699851989746
29251458425747079,4.934509038925171
111672049410730848,3.1447768211364746
4902336145113741,43.635236740112305
39179115091214574,36.452221035957336
79328810623029365,6.730445027351379
85381825112735442,144.79141521453857
2305010686073317,94.7634756565094
27801859085856806,4.824120998382568
107264761874754850,6.5104368925094604
260597582911927473,4.8521071672439575
23349779942391013,2.453997611999512
349908747683025112,8.282205581665039
116434357850240339,115.12315917015074
78101105918770848,10.368363618850708
159633631190849266,4.9151647090911865
6134183473259567,4.0984591245651245
17984789724444314,421.84479856491095
27390144816558733,4.482711434364319
3397350195080770,97.3705974817276
11351485079518451,3.961606740951538
52119578526468310,60.06823122501373
122889923449993292,7.622357606887817
7508268857642585,13.791609644889832
8012960062302586,165.89100468158722
61382348161520004,309.555091381073
1821183924088954,82.74234306812286
299564071232560340,4.779757380485535
19193280078810372,176.27342867851257
137043468708846905,4.124141216278076
1508125814205816,17.732384204864502
13361693758170482,207.66399204730988
23847152668275525,344.0642054080963
6851536339470133,66.84071815013885
100410897578293962,178.0158840417862
28383081524093936,68.96434891223907
24791302020740771,250.64404010772705
110286288720169554,7.097648024559021
41256581019856814,22.69143772125244
17229780853191674,216.52082085609436
368182295747402215,3.0748684406280526
6605036176126274,5.205448746681213
54559343187730696,117.49233591556549
28344386412610416,126.74325716495514
25170544161848439,10.067328929901125
25150213991581187,132.55442869663239
54468040070724916,1113.868701338768
67020985413993909,92.76115798950195
11650548663108608,11.982179880142212
6470864402896536,51.020795702934265
11391366464607887,7.7140103578567505
10097053711253041,7.571599245071411
29951703378918408,492.8948781490326
43902643295094218,53.1403329372406
100317808712675780,40.499314308166504
13480055939944287,41.793766260147095
89258552619889685,169.22181475162506
59063694356413103,10.09254276752472
52338924286027367,171.89950513839722
188575384641272179,109.34401941299438
5342367012399691,11.40327215194702
24996711311943010,373.05654525756836
65443262689596816,28.66287672519684
89243381137742121,132.57567811012268
178963362041965679,6.023304343223572
27431434617958006,144.5628206729889
215552217406152,110.34950160980225
100551476461653760,219.63354444503784
7742297627989142,233.1086719036102
40035548956079277,42.29027605056763
1324271334175674,11.487196326255798
14755967918420205,17.106717944145203
39333106151192525,65.73441314697266
20014036825385792,189.22335278987885
73562257556220239,6.268994212150574
10432365253098979,376.12733232975006
7486102911512216,37.38287329673767
122140801052186309,158.06597316265106
47323236009198489,54.00420105457306
4784244292657924,130.39980733394623
15012351323861923,42.86207914352417
131659338478108575,49.46867525577545
3186562643324469,4.64316189289093
20152717345129365,4.529996752738953
10148643603689772,856.6743605136871
56800470072408573,22.30676567554474
9558434797547477,2.451715469360352
39291991047148084,512.9368562698364
5882202220140826,5.123583555221558
28029397463035542,57.07844948768616
5341514360028914,339.685244679451
89229247723573819,273.50968968868256
14752456475336287,23.557383179664612
103461602493818208,161.045703291893
16321050028941399,72.7803612947464
93693097655308815,104.79364883899689
289546553593770465,24.055931329727173
169941877191298500,556.0345199108124
19896665611691235,22.87428081035614
245410240096058262,108.42613458633423
56569666136066478,29.229919433593754
265948607206135224,141.1662677526474
190785490453386775,33.40999639034271
223755787079402264,5.359497904777527
4327122027709541,423.6937983036041
37221619196782402,10.529610514640808
32487821689055123,25.254780769348145
87333317941658930,696.3528872728348
85976953691781057,6.448086500167847
106874502997006857,78.62082803249359
3225161718947055,35.042129039764404
20974992904042525,113.58469438552856
20868745388582947,6.709126234054565
30421586589240607,389.03587090969086
144279267541552778,137.55739557743073
75531449621166318,208.81636977195737
25339746874529531,18.94367742538452
27759044008686080,24.16767728328705
5597707965988177,101.47383761405943
9276935862833310,13.684194684028625
29986711348466013,108.98377692699432
126641607090185594,646.0108695030212
2186367983539827,21.670984148979187
76224442520131387,68.12230670452118
46845261185452952,13.842605113983154
13312162069967763,8.83791995048523
3943981955913719,69.89008939266205
14086958174029912,534.0750780105591
276729585306408055,458.4033908843994
96072112392877829,59.991326689720154
70272769936358046,8.126788973808289
120774450289558091,64.25599265098572
92020179574434761,10.81342387199402
44213466816646179,10.304938554763794
63011119887101470,511.9652271270752
27256787575624820,23.507288455963135
9195024778587132,6.269407391548157
24961653324551060,7.486523389816284
142906091125235611,5.488429069519043
10442850975515222,71.19585704803467
27345854514834983,22.903172612190247
23765532745340574,88.94710433483124
44141135659681922,558.9798066616058
121796512686348680,64.31814503669739
4341656323047335,116.80273234844208
71095825892962170,33.327735900878906
8461644391739478,2067.333060026169
74079671231346748,1144.1709191799166
24934478248055822,299.5587692260742
17145039538447826,226.4253277778626
11341972434272317,195.81143283843994
2424320709137115,26.404902458190918
309921302703818685,180.56019961833954
6436045849831998,4891.296293258667
124605508019802213,911.1724321842194
38171347761659608,2155.121012210846
18025359334950455,1248.1407561302185
29167267344336900,530.7820966243744
2011303323950319,25.147930383682255
13817446923659018,23.733349800109863
25550685462248782,1090.418002128601
408770392818256266,54.810651421546936
10888870407337597,131.87934386730194
2505118647867107,415.27364695072174
28198328932177231,3.685262918472291
22887257858643559,33.25655019283295
11901925919125703,200.70667672157288
60720498643903580,1085.9867255687716
180343051721319236,2113.235770344734
23226342749304355,102.82661390304564
21863047028389515,1423.09810256958
155111885676993618,169.4053783416748
16025062610312428,279.72374653816223
285141246795113761,208.04453432559964
80490794062276473,41.6051219701767
20343626842585402,4277.961370468141
304855090787602126,263.9274146556854
13463153082138282,88.54782211780548
159004330052509959,1904.526760816574
32134250802110417,1732.0636801719666
166649789891331386,61.0210280418396
108179384164668860,362.876079082489
153858745856110916,95.55827450752258
151843309472508443,3014.1587686538696
14133745143476787,741.6331670284271
57355039030675036,282.9397990703583
168125722288206697,605.6522657871246
1487361480372885,316.8443691730499
102689076860535248,592.7594465017319
33775962051136338,1508.5184261798856
2981589160388033,117.9734616279602
12047860241618086,51.024431347846985
34411027547486870,47.66783034801483
118898345919668798,127.68206930160524
589698216116831394,1150.2545603513718
121503048590796783,3.355916976928711
17885049260294611,249.47218370437622
75511805996178123,288.023690700531
23807164270952059,90.37018537521362
22430046297949754,29.515682458877563
54323035854778332,152.3047901391983
31741166207344481,45.26197075843811
290557712328890216,66.55764877796173
153257934949239350,189.06493198871613
4307152921565303,85.76965808868408
119353828649489819,21.956620097160343
95090573015207193,95.88546299934387
10871567533752035,145.18125569820404
129469619703889260,280.21530842781067
33971308289909980,52.67974877357483
11017894198088742,58.279938101768494
16460777072125672,1383.4724026918411
102982441305126998,246.062185049057
104595054055108086,33.42813003063202
35146721694441467,893.2335205078125
1548656249016986,31.440545916557312
27433569256114809,56.48656153678895
100423834391031358,265.9603521823883
1670820831850107,1323.390195131302
57329275045619254,152.2066127061844
21000097704119644,342.48325204849243
6997354582190548,3169.425627708435
5666261997182851,691.4404182434082
53009939139860488,1581.8208408355713
120548054994629245,48.11233627796173
2648916433616190,297.4894390106201
32728608937553563,1109.6255607604978
2925078834224314,46.61266314983368
29827569973991454,153.27551448345184
10138436780647435,65.71068918704987
44079083237371408,34.60194528102875
30583996793360354,441.8676075935364
75708630347141461,35.28722035884857
13888459089784093,246.29673516750336
188477700995279972,675.2334868907928
21677026827451998,4.388762950897217
14604647590589133,1700.9268904924393
53681388196199148,238.7882668972015
89699339809467165,56.86106467247009
73944835632064183,1880.2378594875336
47605178492334246,25.402512311935425
31660582874453746,24.539733171463013
2445487154286291,68.91990971565247
37205103307823273,91.0983703136444
119956020283096729,1552.6371920108795
28452155804187344,542.0973958969116
25214894344947799,1305.216296195984
18552616062908183,112.21264350414276
30201770813818000,226.0550068616867
53739928164796707,207.11172699928284
204217261260500879,908.4669001102448
31855664899844986,1357.8428909778595
2722854155268139,1247.718309521675
185007722532426454,388.2825376987457
179858290471745814,231.17554593086243
65168373148836363,171.61692106723785
112934474453748414,2059.813691020012
20655246417299751,143.05655705928802
34173154016017458,50.07671368122101
109623929586475358,986.5130084753036
22799577235865260,106.22894263267517
21765869773590971,423.4827580451966
6028821599877937,338.8577516078949
91221755466904294,921.8625998497008
3961065514573281,217.1480643749237
28651337283310960,320.37607514858246
24257224758683328,102.57296419143678
166166185448416714,269.0489000082016
78854534744831739,3.362551212310791
258556072587646171,1744.439291715622
85985772953540312,1265.4383234977722
475606955505433122,622.5448290109634
8927303056472807,3.527465581893921
19384527130756667,12.442899227142334
52031159408195920,1447.9688789844513
52980926456315553,2211.0207546949387
383259336879856689,35.310049057006836
36971266118312098,272.78088200092316
81745442020675890,2093.2327456474304
104411336192526827,84.09147310256958
23465070602615915,30.281832218170166
11679880809974147,14.739510774612429
48598456171943217,892.8215922117233
134268946911841341,1406.5138852596283
15843565822698942,478.0262657403946
7427897782508228,7322.0661561489105
454473082902633640,401.87869572639465
2717367450534010,53.27208161354065
69729861436639817,223.19414258003235
8038035046591514,361.7427380084992
260451259863228894,5502.901306271553
25593175777972629,264.8637361526489
52314428142501095,52.81558156013489
1694510172938109,169.0245178937912
23024766392366763,2233.48232793808
114739345841983283,478.26441848278046
313862447956845083,442.3236382007599
378939447328209052,1315.2632167339325
10707968439445465,154.48151850700378
219388520505861299,822.8817658424377
318141905961873419,2289.096269130707
16926442473622021,38.468719482421875
23699898504621786,2842.6010739803314
298478935300601075,50.984713435173035
260841942838683962,961.7769229412079
7479934576475647,56.43511343002319
92366483177364227,463.43250155448914
24540707286128694,2.0249953269958496
99921153640540806,4292.424317598343
13745449462665182,35.22496294975281
28607134111695084,4.927609443664551
29928669293093583,2293.204486966133
91450159246031222,2081.4428032636642
48945988678110647,265.72399616241455
16334766579143236,81.14306342601776
9943896262534110,807.0846869945526
3559845220538612,2226.209352254868
316142366630388504,1533.9077796936035
31633665533761974,495.47331178188324
180827803228145608,413.7924792766571
391191663469623480,668.6220054626465
28817224144160156,755.4732356071472
2019304799619084,184.42202973365784
120242854396701590,1704.6105221509933
113385187050576609,417.3233331441879
84957086517733381,240.24014103412625
56540217647092326,65.487353682518
2548166013729620,666.325098991394
61378008654876270,4861.363353967667
146552106178457578,33.524139165878296
3862235012751962,2889.031178236008
89366186861567234,64.9859367609024
50833900782440200,861.0440982580185
43001248234673669,111.117347240448
96675078098362097,750.9079793691635
1159573737834756,570.2937171459198
29965756827584183,226.2478016614914
15886251108559841,111.93920886516571
43334773005040883,23.147509932518005
845935233105455,1301.888377904892
127381069937688862,140.2771394252777
111574795809574534,370.32144474983215
64022593624160856,97.29735946655273
21154213991115555,2150.0670193433766
27088435101764619,2.9624485969543457
75564122434766802,575.2215937376022
38983559867402514,105.20940124988556
51057428556098718,212.34611666202545
269089118131358103,1819.630057096481
106706709251328920,271.0205694437027
66429981583720252,2.5878124237060547
39714387826935227,63.193341970443726
42534792150319171,117.06955659389497
141426636448585427,1021.7550520896912
15068897482770457,114.0811527967453
17130175245367351,108.52554404735565
29483553935287391,495.8412939310073
29181440395665805,313.8462536334991
8022262804774619,213.95198607444763
18246052513452946,73.72559881210327
97953169973044941,115.27032005786896
100504369193986802,801.2664332389832
254542820069197223,1035.4494495391846
40319190347143184,854.4945816993713
1127084196951670,1141.5584853887558
438386369326922456,4696.672349333763
18214154922555882,355.7854859828949
365911938675441679,47.44752812385559
54070040095697606,1059.0255529880524
2561654153792298,2132.51662170887
79425070282606851,818.8446516990662
129679002411285217,30.774728417396545
16797777615481521,889.390785574913
140649013469030896,2079.0208303928375
21951775409809470,1437.034411430359
28510549022200177,521.5555534362793
87886647772783032,147.86423683166504
77002079074477491,2172.3274651765823
60646313112102451,540.5322476625443
16147918803464686,207.34345281124115
13521192914230212,16.80004048347473
54297691847189142,27.815579175949097
25824567055004968,44.9680792093277
10756370418534903,30.327221751213074
353004335772883959,6.62549364566803
102341857848254040,4.281119585037232
7278077100410968,95.68462693691254
3358465456615111,218.4974993467331
429864292358247242,23.21489155292511
121920364758016625,16.38712739944458
2695538024568438,3.636542797088623
196701390716471295,2.4451377391815186
25620698192901490,60.749351501464844
142166362890403775,3.3533360958099365
27837791795899714,5.128606557846069
349672879210570674,2.606046676635742
107504092488999045,2.6858592033386226
6467907068215374,4.638263463973999
60609875596076254,53.96981084346771
27266915609618735,10.876787662506104
16693343978803030,120.41532480716705
259766883962689921,17.329577565193176
152487555343622121,7.036338686943054
57857867589809917,15.81319510936737
9257440302773365,2.833831787109375
112807009977212453,45.220885515213006
69986348059603827,8.585973024368286
120907537608950988,38.714940428733826
63676956719695759,9.781444430351257
288920464959416,3.5595349073410034
2871891469240554,3.4170944690704346
90719206088693429,60.78493511676788
302689766656584593,11.081815004348757
10367597744856841,22.672179222106934
11568468057054126,3.8947465419769287
18050113099016498,31.96046769618988
6303019440732204,198.73338890075684
61250063460261979,10.307838082313538
17195029256399796,10.362103700637817
30405127407862021,25.18006587028504
126940858605552388,4.2518686056137085
7481858101013198,36.06388199329376
31266658345078649,14.52237594127655
95104654877786127,6.239638566970826
134677195187069956,23.70576763153076
19739281289550013,107.74754464626312
159448707179369444,220.11012136936188
12007784339607170,5.383124947547913
114745148825264667,23.511465668678284
70973832637466142,5.068073511123657
11706750471316235,9.810496091842651
52749086077907191,153.08742570877075
16999991331009150,2.473214268684387
3957525458546824,36.49279952049256
27323989569085089,23.86084485054016
17086486810609233,146.7366465330124
15389889816552121,10.277181148529053
29763543867160425,21.413545608520508
103176711456465735,14.63291072845459
1111216266779351,21.182891607284546
30438101138153852,43.562687277793884
10079577032987213,28.235294222831726
88407588983016363,39.45242202281952
3526211682522233,31.61892557144165
3865081181158100,35.56229496002197
11557929653638687,26.442147612571716
93035084996725848,35.328045129776
24110661802227962,4.025729417800903
52600715256140556,6.8754202127456665
22673969433675834,37.57323467731476
465790014576697850,3.1489484310150146
30878345225854732,41.76706337928772
32015596321176774,29.82975924015045
123571674974063819,2.0978806018829346
109003275435003224,6.033109188079834
15084118309223853,44.20221030712128
117086470513789422,4.2123860120773315
329764244360944944,3.5211375951766968
311254669475761,2.4065710306167603
89833611813461718,3.240297555923462
6817530460058301,34.48637926578522
1880542636977293,4.245958209037781
10976737216523583,22.737983465194706
121091976477095280,3.288832426071167
11337746817777912,84.64876925945282
101922278332238230,103.19060921669006
6213025556239623,8.964232921600342
293492730110751,165.0592247247696
11188593037261544,5.013210415840149
5733168179853743,16.14037799835205
19243538580637795,11.391417980194092
35554260423451064,136.5836215019226
11479074622321138,13.06181800365448
7697546661474650,6.403928518295288
26265715954418375,6.619788408279419
10332453018848961,6.070190668106079
246661123259951874,15.202307701110838
383185679404098010,76.00096666812897
25951652445920416,37.61357057094574
303519507347192317,3.288726568222046
397243276419556312,82.45832216739655
30074472561442880,52.24654471874237
15530542436382981,3.4715850353240967
112899339262000003,3.440180778503418
26755246660731410,21.215661644935608
24331884990199843,4.207776069641113
7013262468378337,6.726919889450073
3006740292938287,108.23297321796417
114417231136602832,17.716885805130005
9247623973852892,3.0212514400482178
3525676660937803,29.64265036582947
97510770876370366,153.55035066604614
102237274856900689,7.598785638809204
8951714264189134,3.5883504152297974
103272566616929856,57.93754518032074
153723293416478556,17.483453392982483
68332761707146067,8.10534131526947
13004155606242660,35.76649725437164
117100999322326811,11.910834193229674
19400477928369794,2.127595067024231
94475136644297839,64.78616106510162
286237527922642369,3.7711833715438843
6461634151554172,81.77744317054749
8056488442795865,8.19469690322876
7881002531563877,15.650405168533325
98443920114840532,99.51227509975433
7107313923314494,21.81006669998169
256361982668514007,6.058309197425842
330684282553281844,4.8712098598480225
9286611285613798,2.8458480834960938
88014431480433391,20.842430591583252
107643217003550028,16.344162225723267
295292913359091735,93.80354380607605
106902250966921947,17.280397057533264
27842059444947114,4.455016374588013
22517681159010403,53.289395689964294
172702385832156016,9.69510805606842
180268354030118088,385.8341519832611
89743844574630752,82.67008543014526
7788304020456906,34.01130425930023
13457657671086712,16.97725212574005
2154091136701152,56.472495675086975
390196724625714535,24.016852617263794
3142106321633607,44.24526000022888
84642033333756543,14.855299472808838
61240572227799760,13.0276460647583
2011652701948881,40.426074862480164
18368461411247075,145.7830090522766
161295870936346685,28.0941264629364
12988286039361569,26.053524374961853
8888390457298953,5.12717342376709
12019048418111828,3.909571409225464
16640825142942665,4.028454065322876
62196446620842601,3.3773715496063232
147105524639135210,31.724497437477112
185442287627568069,2.3321903944015503
21984230465204490,14.885407328605652
20868996630749149,83.23740684986115
13212943095951836,3.765810012817383
21898645112255510,17.25722587108612
54544544252387885,4.655563950538635
74684845006593629,55.2706413269043
159687908641776167,3.819317102432251
162740499877927148,97.63157510757446
194668841013394003,7.81289792060852
311895751419748634,6.786696672439575
53581644221211617,25.465688228607178
8920773320703114,2.9970303773880005
50334335112075347,17.303797960281372
40550937539004031,2.251936912536621
37636490547801074,76.76239550113678
153661800396175602,12.384024977684021
59825470116350829,24.37874007225037
60779842964082276,14.082883000373839
155026554300184750,31.97149407863617
258006035457307775,57.86620879173279
5811781651458398,3.117834687232971
125974002449933497,86.12531363964081
35844389531086516,21.684982419013977
38320696111139872,4.209225773811341
12337874183687823,10.309952974319458
128422768523982384,3.2376999855041504
12607516600175548,152.13256311416626
12102972582584943,2.9251242876052856
197004952946984112,10.752044796943665
1103290051275175,49.26456546783447
23508669926020208,2.7966525554656982
107253031862047044,136.74157869815826
28818136361915628,55.3302446603775
17304868852860697,39.5612473487854
111227098155100,121.26606571674347
27430837009342645,14.602945804595947
26780862848083596,22.096011877059937
76542763572778631,94.64570939540863
56914928500823010,32.48642015457153
18247343910959601,14.635879874229431
106644801653549070,3.1298465728759766
99263479914450236,55.51833724975586
17333913123154662,31.088176131248478
28807382467521975,144.06408047676086
25321687410177793,16.560442805290222
16974681558217424,19.752434611320496
21124912295070285,7.970454931259155
10136943313298928,451.68645668029785
68088583902045184,17.61938452720642
83078790765878920,78.93229973316193
438145062395680074,68.72500455379486
56510169330412392,29.183001518249505
43837821636718565,2.818188667297364
75738458107907265,16.67643713951111
21009522927632474,56.07407879829407
22095849237636110,3.1424291133880615
93943637217551651,26.2214640378952
21197502156787955,3.80878496170044
126286098012571580,4.146477460861206
77520478930991204,9.806277990341188
11297745411684277,2.748385906219481
59295306558957847,3.224881887435913
141296258941616919,227.2693659067154
437391108139424085,2.4352709054946904
53670561094033938,101.59176218509674
15469793377216098,11.279808521270752
1095979980343031,21.622938036918647
74943824040102631,2.438794136047364
61760892586747892,19.763718247413635
1085020329530406,69.81111562252045
30602502796839205,8.541900873184204
28130612808602306,9.738261461257935
67370868309974300,267.61997640132904
392085779651860377,16.220043659210205
22793445732740696,4.629987120628357
36650769391054216,36.00527560710907
25371013430554405,33.81218218803406
444416239770150113,84.06689810752869
103762763725815550,3.0672887563705444
109182966243436595,7.821591854095459
322517885295013689,20.675433039665222
112776788245952107,36.910279512405396
18530352031920051,96.86427652835846
5111479225548930,13.96086883544922
1891318607643177,2.034886956214905
118605558569756675,9.103159785270691
63905311029357793,344.85029101371765
23935129208779125,75.47355055809021
152430881281975970,14.101860523223877
106747652671293139,91.52321457862854
28496649080500439,109.19800066947937
18308741269333766,12.313317656517029
19283878209562035,337.5408775806427
296704498302949840,4.407132387161255
39729045982757190,294.81736850738525
15248278773397705,2.3849682807922363
28437057238934257,42.0127022266388
10726244843501246,2.72112250328064
42631943432325989,22.962189078330994
15272026238498918,47.964423179626465
110200033210249460,868.3598251342773
56744269756350031,1070.8746700286863
190634560718440,22.962423086166385
37256982587662051,290.8135573863983
14779336946347631,22.352554321289062
64209309589419305,210.9519647359848
22606355699184825,1212.6519811153412
45307235416667487,8.033320426940918
66692831096052279,39.044923424720764
13655089767276115,20.746118903160095
31756011850736666,1671.7750109434128
109913799277980389,449.77777910232544
27290744038062042,249.66200721263885
17572786239629362,769.5998916625977
272018387014026269,64.59017825126648
13411728217307618,486.6087501049042
16808827512068650,2182.918080329895
33867572194365129,737.7769420146942
75003411181426265,2.7625675201416016
8970398909931117,26.113404273986813
6758230528747889,13.512924194335938
52934658911948585,638.5266578197479
92809074986975512,14.309173941612244
24094707269846259,234.5321295261383
22581907058720121,3.630700588226319
116573150262857204,2463.274268150329
11897157414792713,210.88637316226962
258348020857942410,78.72777605056763
4583054360623129,32.22511565685272
34705450909621155,50.27267169952393
4376675845701728,426.4756019115448
8101029400461886,577.9569363594055
1836527397692842,910.0380227565764
44042599685588371,86.85118842124939
1034225960328505,134.56935369968414
60991404104589761,414.25085270404816
10630503500662727,619.0590054988861
90555260225503359,672.8577818870544
1712867298504934,200.9250613451004
138435974127631976,434.1580445766449
121410800317457548,288.52503752708435
108861617824479343,497.24099493026733
402859425756788932,2770.1254570484166
69836801423974795,151.55582094192505
27576373861229740,239.80685758590698
23261908330623727,2474.302906513214
54815135972797914,14.100171685218811
3839068626562437,2.0413625240325928
40974077306951137,318.29173469543457
30538361494805909,142.14860248565674
259377308599245388,277.0190374851227
374247904547712123,21.966982841491696
37890033052144737,40.012212514877326
25135883746277963,108.46298313140868
362986516901719316,270.24305748939514
46398118321256281,39.75419306755066
66731150261153342,304.1084334850311
157922682588969127,23.667665719985962
10897921585130804,501.7015173435211
13015303119975379,18.362738966941833
7943186335400402,11.50800347328186
78543470393300239,183.2469289302826
116612484898757057,9.611108541488647
187750171732340207,113.82424235343933
119955370451625311,35.028963923454285
56121197254882103,89.90361094474792
85935773383310983,349.8160352706909
20937590042725842,246.28892529010773
44969940057948101,338.0243167877197
89333516691327354,20.090601325035095
26595276648040568,1519.2242639064789
63789501459751402,258.0208475589752
44072748162866826,369.7162666320801
20467185152277497,1234.1361825466156
1951378396815129,260.31930339336395
3626710760079466,46.35103225708008
52326310289768925,240.73654973506927
1851634970261127,408.6681706905365
749648752010447,184.01058757305145
110787935397633347,344.3269135951996
14450123831526662,3.2224667072296143
62750764831326375,544.1553121805191
26655665313009158,312.94576621055603
45112674771713614,102.2819973230362
8404272193570751,11.216139793395996
24566333086016268,589.8466211557388
27935747696737922,15.384848713874817
108978304599377630,270.50929605960846
21031787700133326,2047.6610743999483
378109889331409865,65.8022528886795
9352403679223493,7.283956766128541
6501742426932102,719.8856685161591
11382646158284163,323.54401659965515
214485039477358128,120.99022936820984
39091685662496857,1069.4238903522491
1235274224449755,1128.6651949882507
117817898410921223,181.87876212596893
2240580209600776,134.21448457241058
71021465599798426,1015.6863762140274
60352833285008958,18.318317651748654
57994920186224039,8.771077632904053
14397822013539643,449.6602306365967
127506717743478723,60.373985290527344
8637499315893661,455.7273778915405
9683547565908869,14.513342738151549
200405251601151011,264.1673412322998
24469849639783846,150.7839115858078
25056427526778281,66.69021081924438
12558357492476637,28.272399306297302
74086731697514743,718.6667900085449
85238481565152495,17.52707850933075
116750003979360877,22.07463073730469
21539704889307278,83.77609848976135
20014385380912814,27.587405562400818
94360375715507343,515.631712436676
40275732783698972,32.577926993370056
22124995821939629,863.1929113864899
28320412855910191,15.666113376617432
25383793344237472,326.1156113147736
146167416059647044,12.488128185272217
22704778158054066,625.4468421936035
24970397120764861,1108.766451716423
18197264723878355,305.0348290205002
20362390353329164,12.61970281600952
105861383670528077,9.234307050704956
40799413281285708,519.8149909973145
153606357175713853,2.3114795684814453
14814684340523832,16.78796374797821
70823683073804,640.7682083845139
71003600663720144,274.3413623571396
92594964808291796,17.624642848968506
11927658930850629,96.17702412605286
34516692590024842,3210.419764280319
25825518924266288,143.87341439723969
34906882213355166,811.1198344230652
96161810430853659,1775.56742477417
121793391393426982,18.315964937210083
103731121676960082,363.17215967178345
14075693797184122,257.38575661182404
74324367045002711,11.497202396392822
2649563821391727,63.27027988433838
9987521531320559,38.420883655548096
35801116189066932,643.7364277839661
90937964265982446,1040.6689314842224
259011314992908653,56.01573312282562
61505848399943420,801.2783536911011
28430675150774257,120.76110577583313
12913360070429226,10.608171224594116
54950216592548587,48.257023334503174
11219823967026928,204.96132504940033
25845008662863693,138.22958850860596
177918320426722610,260.81924283504486
164539684341723498,32.15900683403015
27730915767110984,2593.2312026023865
15238126990934411,48.68637800216675
19778149590463121,84.08282136917114
56457767751216961,22.02011311054229
16502455096506925,92.86717963218688
101862473024417780,54.12544000148773
12302670064798295,100.17033267021179
196916957141266075,2.847152709960937
97690808927668770,389.83038663864136
42655859696195200,716.7667639255524
26743688397970868,54.96438026428223
3266285076483634,1498.0012838840485
176557342218628470,85.75486159324646
40962514433602323,80.81458079814911
14810533430395843,367.0007667541504
32501384178144336,851.7509053945541
7297051982974491,26.30881977081299
6131169759352653,62.84776759147644
21940115169933597,84.05525028705597
25946955920097400,275.28603434562683
146230862127076765,923.2735331058502
27765783911456744,12.978879928588865
33750577071852418,19.79033660888672
3744712023634387,245.52627086639404
10751318177802840,31.63922369480133
12218550526136058,3.5238051414489746
113870377225173333,10.043866872787476
486515094287242936,41.06915628910065
125715949902306250,73.14484024047852
74828436996788217,102.58827757835388
344717045616036548,14.787458300590515
30328214062768299,22.497896671295166
15132560478210833,18.824541449546814
281120933910189389,9.733019232749939
425263760115430004,3.3000168800354004
24296356694268238,4.899287104606628
26655951150518779,11.984505534172058
11575186356075832,146.0673463344574
5810877056752583,1.6341488361358645
38229110786647868,3.109787940979004
54610528680044640,8.286077976226808
38039643579109706,2.606822371482849
260161541722335312,49.75709819793701
190234630874180174,6.319540023803711
12422785411109073,8.477698564529419
18580555565918310,2.164215326309204
7340172705421681,2.9500962495803833
29646666292271875,5.4362616539001465
14753804562676776,2.9545010328292847
28550525149821700,2.9859445095062256
106808364121229956,2.7298176288604736
251365203016469264,17.775211334228516
372303872161867450,2.1450589895248413
12808737488097949,2.3554521799087524
24354194618770434,8.974857449531555
5488204804092962,82.52470052242279
72111976736162004,10.279405236244202
79855783095061353,41.9365291595459
299453599045799559,20.270427346229553
184144146975492156,236.71415424346924
38692035411726866,2.538986563682556
102629866991793371,57.46192646026611
41840568874414919,56.95052897930145
111608783528598801,3.5151631832122803
191465858982294343,44.68111062049866
80091172441271304,66.07739043235779
1296126518807980,40.101040959358215
4291993394549877,46.697094440460205
132631320892327380,23.84919786453247
16443813636880563,3.859371542930603
19753993894803422,3.104645013809204
6006146315299718,14.377469301223755
13246504837220497,15.023344159126282
29082454924101596,18.751795053482056
107919033793482994,45.9840726852417
28016425600759387,44.76013922691345
1063099469208488,2.4187523126602173
18108598547856079,14.251344203948975
301850171151060,2.3950998783111577
66543906159740973,6.086409687995911
66467473438371232,16.81387507915497
20070134458844505,3.0414063930511475
81218389113128738,18.596541643142704
86718200239071410,19.80846858024597
75431894947817495,16.89808166027069
240983099412988723,2.8352913856506348
116668816517440148,11.805570840835571
6695110366376510,15.204849123954773
115730004006993449,2.6747689247131348
337352051963118024,129.97306168079376
215460398423527201,6.653190970420837
6319964155707179,42.054404497146606
57564939717802165,40.920576095581055
67255820159183173,43.93726408481598
2306377339710583,24.2059440612793
116807072328194492,12.594167828559875
10300948613737453,50.198204040527344
115384495959935290,24.630223155021667
18468591350758237,21.463055729866028
22935436153870074,7.6633384227752686
127002682852045036,51.43090355396271
145245189550626525,8.95896303653717
83273184246844870,3.20027232170105
314358042907445691,9.451018214225769
38996404869143944,43.624906539917
39793697546547334,11.785268068313599
19585298555571209,8.108644604682922
14728243305588765,16.831356287002563
96032216325530512,2.3225419521331787
15941422329678078,2.567318320274353
483203120348833913,3.1907047033309937
38702424140165926,90.27719676494598
174296917009565855,25.71260035037994
34006011952488917,27.898955821990967
178822002938302439,8.862352013587952
4797024126993271,34.220924377441406
906433991927709,2.6177173852920532
142163777240240399,2.4057836532592773
86596061152100068,8.370829820632935
26512494033215669,4.726704835891724
49181777452705864,2.6645100116729736
5607536736036523,24.796106338500977
5346192218121465,2.13679313659668
12457079891311299,3.1407806873321533
291778744716105208,19.286717653274536
17253949937807955,38.325342297554016
24330295208272610,19.982268095016483
12841765223206964,15.112254977226257
62679741324371978,2.6756047010421753
53792104855226617,8.203277826309204
126000593375078756,71.75795209407806
19903956133332230,46.37322127819061
120126865207617680,19.46591866016388
23376190845727850,2.5687551498413086
54570913500007629,3.0589087009429936
6770453854084093,40.744367480278015
25115829991526145,2.1779417991638184
149546489441047548,56.92992067337036
8430271928097888,4.578816652297974
21049798945112358,33.466559529304504
16970117908845686,3.761855721473694
110793265309571877,55.17570245265961
108062699899406181,2.637504816055298
91404536437436002,4.675755977630615
239049670971013948,103.09002220630646
9220908771948731,86.0111346244812
24650596750632466,2.148453116416931
29341938832287783,3.2856608629226685
20064223106571780,56.43011033535004
90013306721963781,19.068368792533875
2664340442131595,30.525043606758118
24415851065315349,19.843240499496467
3728583083845839,19.222010493278503
26042506143377818,84.15009808540344
69325257763935388,2.767074227333069
3711252921706443,6.24403715133667
85513397717907917,2.6787199974060054
8987221122803480,11.76515817642212
87319766467059980,49.922229290008545
27095787944954413,4.523678302764893
39085363310730825,18.63102078437805
5439052662064460,2.690362334251404
14832650542708778,2.811979055404663
6993347694079635,4.269872188568115
8574453003101258,25.60934329032898
21123199998922730,3.0600019693374634
128875983629259810,2.819183826446533
93115119896214197,6.033947944641113
388586129897353814,2.951066017150879
13683522880219115,5.797285676002502
220261389799614011,10.311957120895386
66654910561264445,10.657287359237671
75458249235320082,4.694692611694336
33600147853462166,9.272542476654053
165600995119228133,82.69850087165833
125307043147993126,3.9171677827835083
188145181286075150,46.17735397815704
135445123118031074,2.4755985736846924
101497069207238478,6.537785887718201
8083387669095324,256.04875433444977
46578659716781657,7.71192479133606
48958511353330341,106.21610116958618
239247615173652712,20.118543982505795
765267564789971,11.279428601264954
20134145133635531,8.065413236618042
146997123314534456,3.6730175018310542
195605828203461375,20.590109825134277
91422494875536840,153.06029999256134
7782974068745625,6.165714979171753
5042762648455024,16.7242271900177
12302325875843424,52.23585820198059
16578962076244405,17.673917651176453
30712751205692575,15.561337232589722
59515627987357067,20.003793954849243
30566502472909879,14.817978382110597
151692619049166274,119.17391991615295
51438951973896998,2.734971523284912
102098946934360828,2.94130802154541
81702741451243180,7.997352957725525
45892722581282647,12.29153287410736
134970086725449491,6.281354546546936
122955430913213917,1.8755462169647217
8096630964574642,192.3145102262497
15751309959159886,48.79250252246857
141925626120518509,19.07500839233398
138113411826414961,15.443265199661255
13591416634817093,2.355009436607361
204913338233976015,3.780838012695313
79341378387955634,15.55598485469818
162659165165604031,3.237213611602783
179268570691096163,14.592308759689331
464124327206205298,34.86735761165619
137309091121345016,14.809412837028503
17987488798053902,43.67103350162506
49193397200759476,18.940460443496704
73282544966938593,86.05484676361084
81678770367199115,5.861736297607422
122701693140071012,4.348037004470825
27304354307917961,15.089205265045166
33316975776412788,27.7034170627594
10383866432276998,15.08478033542633
382130807501082914,23.607698559761047
1620176953588603,30.64802098274231
92047451871034355,4.60563588142395
496407136762414691,3.981379389762879
13825021325832529,4.669809937477113
313536898978664141,2.2646433115005493
24711605913444380,2.0868033170700073
104463261042377226,3.562527179718018
25614104328236039,2.314286231994629
87327144685692346,3.076923251152038
2879726169076296,17.8678982257843
305291131875334824,16.234506368637085
162034585332627726,19.128734588623047
155312186821194965,3.2301305532455444
17136003812228497,12.0717134475708
11492182327072341,14.776682376861572
16389539536698424,2.606012225151062
31166855378143195,1.9906381368637085
266063382515470418,115.34295070171356
43337037667316943,6.108907580375671
27755801869041444,4.349833011627197
7503217093793498,45.47272562980652
70868626637482157,58.727681040763855
177272371665753285,6.771049380302429
37288882332096063,27.334897756576538
19689563984190233,2.8342255353927612
247934195673518693,2.852129101753235
25250568315511185,8.245528817176819
40865050342025,8.318262219429016
22471230991198807,19.44356858730316
96588939039153335,6.843370676040649
20296860246499018,38.79907310009003
51982256407347924,14.513950109481812
403329024067913045,4.604029417037964
116224684536020368,88.93021392822266
368232531942220051,2.4494071006774902
142199769355191318,63.66120398044586
7170376428925919,5.6549506187438965
130978899933637870,57.26416647434235
174127359038217367,1.961289525032043
427938381481852678,41.68941068649292
240607701244669684,110.85730826854706
119358182996659803,9.572627305984497
72239158304889732,58.27470648288727
90173001171096991,28.8938227891922
59374748218099087,30.19679462909699
47018226127981361,14.487018346786499
149306291539450855,2.724126100540161
100463267994499114,11.34926962852478
44197875368462035,156.62854492664337
2095752074071824,51.877018332481384
37141276630978882,4.731936931610107
5410382534753024,7.417564511299133
349188224879259005,7.701351046562195
6677221155666175,13.75307548046112
105358260249037249,3.0155839920043945
21216641155519730,58.897544741630554
145764101493758706,118.95621526241302
30551514130941635,46.241446018218994
158334421474778859,3.3664504289627075
138877168708732498,3.644836187362671
257991306149234145,3.779163360595703
101517075699017406,2.6523184776306152
6252353018384710,51.26674795150757
2473973587916096,114.57245397567749
17540267198988811,10.512108564376833
20996964405711983,2.80001163482666
11443623844536983,81.64156293869019
16809137643853569,23.630296111106873
157736712288619656,9.44930374622345
6297021125132301,58.11761689186096
21822480212032360,29.96197199821472
89460744140619736,3.688423395156861
9873602276368763,3.384305000305176
187579676250788982,14.253540754318237
155428151109016937,196.8036504983902
33659665136850709,86.6643795967102
20328445753581961,32.75214445590973
7298904429471644,2.96412193775177
17144765910043866,84.43012487888336
107713872705554702,3.81986141204834
121339966163454180,52.74331188201904
113298591605011847,3.121446371078491
4403553998714444,5.73138952255249
32063001131478376,21.4724178314209
3321375548303804,4.27584433555603
492351083910103523,51.71439480781555
103494358779699489,8.192928791046143
12669205284343890,20.905646920204163
27176405793400058,2.598613977432251
102760694842822185,3.993461847305298
13008303780740190,11.114349365234375
34362021375475732,2.5149362087249756
95391259219125784,4.758768558502197
53548960890115001,3.6148667335510254
38295679309078648,22.957674384117126
31167263877236830,371.6266167163849
31300800288033744,13.302430629730225
10959091469112288,2.3200831413269043
75667206157907913,4.4956676959991455
109346309177819317,3.7511088848114014
116209481950407681,95.70647525787354
187912959099686745,96.51233124732971
107647632240439378,6.650880694389343
53066807036021059,3.4510271549224854
3057461390026353,20.066810250282288
8631627022477726,227.3248006105423
33929116013487507,71.28435945510864
10234456454368826,2.295174717903137
335895597916084744,4.764347195625305
205462213569365612,3.15479838848114
9459282239884210,156.17544555664062
126878460824558645,7.5637047290802
1556797437053226,174.58445274829865
22281712726054709,9.867642760276794
81219052094195182,13.047338247299194
371788811916951364,3.4029824733734126
181433425113273629,2.3937644958496094
78782571755968139,3.6896835565567017
223324696490522954,14.636590361595154
8235935797435909,16.64450967311859
358745176889116866,44.954700112342834
14000571163545684,49.92572486400605
43324538901231143,3.580644369125366
2095424516298500,3.496241807937622
82613316432911029,6.646010398864746
7742940608670221,3.0627286434173584
617388759028341228,32.249935269355774
36453674567897578,3.7615784406661987
29651957583976756,2.773282051086426
17815879805469405,3.5162224769592285
276485135968224,15.877943396568298
56223272015909440,199.3763934373855
53825205529340265,7.879592061042786
125141937421167484,20.580131769180298
161264360457301161,9.72797465324402
60814520168489516,7.249228477478027
348144269285579906,6.419167757034302
19093773447839246,3.936646938323975
1785661663101726,5.289483308792114
21270423112026859,38.14616000652313
5323708041338149,18.76001214981079
12331999209497869,12.631556868553162
85948118872081296,2.3136173486709595
16364026685299139,6.145030736923218
9341099889778711,102.92266738414766
6246867293393802,3.2977216243743896
9336749059434273,3.510918974876404
93883529642850165,24.851660728454586
4276642273206243,8.068212985992432
92035617424703919,6.233712315559387
138065739193683589,4.133380889892578
121873445772039958,159.13328802585602
77256304273232328,36.74537551403046
22671115082463618,48.16889786720276
10017762325121273,3.541050910949707
55145007404114726,89.73504209518433
15393349914150530,15.356582522392273
107897239685285624,5.355067014694214
51323470207080642,9.241948246955872
23253461105058784,3.7650341987609863
121784799282992724,26.738039016723633
323123634217903202,2.9225252866744995
9176787601436623,2.837302803993226
20415891999830165,2.628390312194824
101529636858118230,38.04547846317291
2049410852596919,6.854832053184509
122100440463723225,7.165197134017944
60707820988046835,7.661101818084717
66645989686546997,3.246661901473999
18829321981828665,24.5264505147934
120933154907309622,21.201263904571533
308310449689646474,3.4726364612579346
115020592079933751,5.482407093048096
74314932024361364,1.9755346775054932
16282687906291904,2.9192788600921635
51718523212034657,181.79552519321442
20977456436791979,3.756561279296875
12217800444857353,111.86443054676056
71184969862015312,3.6047308444976807
23476612347910568,5.398512601852417
69469967229784203,63.86896538734436
112648106830502380,4.349761366844177
89235072623909243,2.974477767944336
2091574120978317,18.309690952301025
19010361480884874,41.357807636260986
10146539350803423,15.307064056396484
205228326479938508,14.810337662696837
114749578114519048,175.9369226694107
143250802468913547,50.630723357200615
59541690521704297,3.4334124326705937
81623936079356446,2.7189829349517822
218583337820788181,3.785994052886963
230100799300583602,26.294731378555298
15958471161236627,161.93656635284424
621884285412796237,2.89599609375
46130336322795304,2.9906300306320195
41166233651719112,3.1618237495422368
86500173282332025,14.266305446624756
112559378593394057,21.34733486175537
75201214646594032,3.458195209503174
84173778500493587,2.90178644657135
36453251217435903,2.6883187294006348
12207276077094040,27.832591891288757
371678422736884216,4.1151827573776245
2486658709289763,11.487747073173523
13221868809171952,3.222949743270874
12085727702969032,4.952677488327026
2076077842749387,11.246515035629272
124560502141516446,5.019976377487183
14147015012948168,3.305539608001709
187490025258096086,12.393800616264343
47616446385046975,2.544273018836975
116274768576792048,44.40060842037201
87354673899677227,17.228405117988586
122117667503256330,54.5640287399292
88540294154054010,17.243194103240967
12058312354877378,65.30894529819489
23485353735466911,42.34148931503296
176526555745119172,40.24490010738373
13918095970197835,6.477566003799439
52024368660541848,24.805048942565918
22864928495932270,2.6459227800369263
155251392547412239,6.116489887237549
33480914157310364,15.987247228622437
10892422417949624,170.604745388031
411575985447855001,8.047832369804382
11394659264619952,2.879136085510254
32121786025953792,23.133445978164673
240924325074448965,118.93131363391876
2288796501346841,2.330006957054138
102697465800734518,7.032509446144104
3241114110343855,72.3384358882904
97134690081647208,2.5497885942459106
155063544800779843,4.463940262794495
3125776526614966,10.11254632472992
135273741082788902,24.527897238731384
3091939245127378,3.460133552551269
94804764494122177,21.614229679107666
43939075077380768,58.99547541141511
86663383184919432,3.39761745929718
16407248493775176,13.218185067176819
44772557615337731,160.90425169467926
277971081634006925,6.29637086391449
44483240882583187,18.99210608005524
42510983416027594,3.221883654594422
5100286218748346,6.5422985553741455
100747707999089996,153.57352328300476
30191487768949034,52.05146682262421
27468454742875020,23.409392833709717
109328943891067851,18.576849102973938
220693537802921022,46.075363516807556
34106356152318946,34.456157207489014
3741960981494597,20.270634293556213
18977239933840842,52.55548620223999
207968318307332149,5.0684651136398315
12036959649301549,9.66602647304535
391412237170310613,21.88124144077301
71714534482055389,126.03436255455017
26776791891684826,4.400359153747559
44675352433423418,174.10809123516083
21264576530610285,19.35443139076233
6466390851917282,1235.2425391674042
340427260865372068,573.6907144784927
22575610016919003,96.63607907295227
2397273916252505,44.244848012924194
5797997997161771,102.03813076019287
37946648103380568,425.58099150657654
19640483532485381,19.64935314655304
105998153973856049,11.672902226448059
54019965478343205,206.149163722992
122033920547198830,373.79086339473724
14628655445609544,328.73845648765564
13875297545783211,10.066431879997253
221909985052173404,401.81160855293274
17916373757271705,1122.9296644926071
184823860032767101,402.9888310432434
385475950503588330,96.9386602640152
116708964106292546,17.40147292613983
22300976421694755,52.14881098270416
125586668424295149,10.712978720664978
64516740782050768,156.78576266765594
57080810323014445,459.6751773357392
101592345693846205,493.59745168685913
40061027182734652,19.414603352546692
13361782756867315,1015.0604326725004
5828627375563102,14.281088948249817
12292006187552574,23.1133930683136
228367549483466809,4.164751768112183
42840875652587389,52.65584897994995
52320463425114940,17.23126494884491
30731828422650917,7.179295063018799
57455721463525116,93.0530914068222
12096201904461578,50.58503532409668
10083814934861020,308.32312846183777
3627374111975830,20.60114550590515
16264414668086065,154.52390575408936
28940779559610614,448.13673472404486
163500553891742460,192.7603253126144
15069086041474577,2.833223819732666
14980492036434854,592.0649633407593
471332513859555727,231.30276978015905
176812938731164721,774.2202836275101
183431930721202534,92.14660024642944
25615690253891971,204.18506681919098
75937569401104804,19.890970826148987
111107850757535954,45.015257358551025
340911362153536042,490.4548425674439
31195521932219773,34.68831241130829
22289528812005673,430.2022686004639
15329649126586784,1129.2255787849426
7888968493121585,3.1578075885772705
2950062870398783,571.3540658950806
110363592921257284,176.7857232093811
3043959968474676,222.40755200386047
76532167673097830,447.8166835308075
6302881917639923,18.04033124446869
108307773575390083,426.9014182090759
213768802436269472,117.59205734729767
27896451044200277,127.71337246894836
10483211569481291,262.6668075323105
6246624263444720,86.33255815505981
33967112988324806,17.495468020439148
3491185359532762,12.538627743721008
13916646396745530,23.439345717430115
39741338205750789,918.5695781707764
103602690096544380,478.11333274841314
1123056056166795,149.42263960838318
46497837581382560,23.954737305641174
10289623174400017,100.47860717773438
21459122380822287,81.20880615711212
307095267443788763,2.395536661148072
32541017599802011,819.0790598392487
11603936688022114,25.590710401535034
13303048282402642,175.06994915008545
229462580459454465,193.49047350883484
13761785255283078,21.593211770057678
133812360981352286,1204.752763748169
59255445925415391,263.48214161396027
79958128340159263,306.10876274108887
23236381761551856,171.2091029882431
67469763514832469,212.6453150510788
111556671989864935,795.533531665802
18897216943796525,16.68976664543152
33298252368693464,33.85669004917145
21476859598429206,20.37444043159485
29030019956127071,10.570165395736694
3777547831330341,610.5272312164307
28065552188292324,935.443151473999
26745987844962751,15.159149646759033
153653265211558095,68.40828168392181
11882070535657977,648.7191195487976
254316771103972558,2098.192062973976
185989953435736577,23.2807480096817
62136669995757404,52.91162204742432
1231259406061292,30.375935316085815
86444560501829385,203.76060497760773
380293909194607068,13.276785612106323
18603954975399085,116.24836945533754
340750780173643,128.1855753660202
11482808909584491,54.25826454162598
30815475523063353,154.9683141708374
48054639651377869,332.9831176996231
6137410428162864,101.13668406009674
119151319848383092,14.97243857383728
115938604221692171,218.4278912544251
12809824563862654,130.12299764156342
128141368374553555,285.3556008338928
56464211073875493,120.00442814826965
3899753392297217,472.9596281051636
66987958623875335,1408.1136020421982
10924845061711517,56.48744833469391
27186885957865487,351.0162703990936
455904634779720792,270.2046432495117
63165966649962459,15.41998302936554
20010755576424613,10.5413099527359
159719576764050656,192.45314145088196
45542857826193318,121.61491417884827
30097241270000175,57.47766363620758
33067611462877147,113.32750606536865
19798579835644441,15.940973401069641
11360708913798074,463.9621765613556
4763233189547802,1331.3609387874603
62000650905752798,9.798578143119812
4499359700036054,3.378403186798096
10048875301630839,163.82549929618835
63274307429590368,208.50952184200287
130492667212880225,1182.10435628891
6732292911143208,44.34096395969391
144472212552727559,14.011783599853516
169781304475068930,380.0299065113068
51974343865669014,494.2193522453308
38844413243934942,517.3580365180969
229062352193197353,17.169859290122986
6702152405997637,87.96964538097382
48929927902377472,10.064412832260132
117429383941350457,136.70766603946686
40675548907788350,18.716961145401
49072845035669873,71.60661208629608
128443372169188265,11.871893525123596
187307978157406460,886.3540697097778
572445155052124093,126.07366800308228
56439403581142484,13.469540357589722
93019681033106816,38.07931399345398
246773996987861779,164.76007854938507
10668204883838446,11.886481046676636
9105393292607522,169.91513562202454
9959902519515756,33.86024844646454
56200705425917766,1562.701152086258
148127710647910753,1294.1307816505432
22597090664048659,37.27732658386231
7590557613125729,21.881955146789547
36866243616135179,201.16012477874756
15240553749497904,21.81990337371826
31740654821084540,175.827410697937
96580547553072857,62.97105431556702
39128808765347931,139.44196760654452
234321819048306959,153.72391545772552
101966427729795320,40.94681227207184
312332351568321532,561.1529369354248
111511793529399578,10.4614816904068
55914587507219475,33.698251485824585
21073598253764769,1062.3878931999209
158386332650499304,25.28541910648346
16017524227671523,20.14407467842102
2052056643329862,1162.6100310087204
3500681130772816,25.915817260742188
17903714421867563,221.68666994571686
4479735966847312,18.627902626991272
61986299412817773,48.85588788986207
29652003349414724,114.18787801265717
133649005043573036,42.63116180896759
110730301304124889,353.6617178916931
1161727014884514,753.1152029037476
78438560155362168,383.0424860715866
135839852582385873,506.92398512363434
20512747226161400,101.87124860286713
35711494029078825,105.71617603302003
131731982942202894,273.15507566928864
9245952002842518,3.367992401123047
502706808977234957,2.7340478897094727
55112344742583461,37.29431653022766
61899112599681363,2.944836139678955
12409288491287083,9.735689401626587
117719056130973123,35.72411894798279
12858968241466175,69.35093367099762
7428783651171129,164.96899783611298
115659454991343884,141.52579498291016
4501627460649115,86.11522436141968
336457026999510211,16.621854782104492
31823989711260068,553.515214920044
11389665303391595,46.564165115356445
25495782848404363,129.60671615600586
18139392363218532,390.07852482795715
2178255235621317,153.25725948810577
33852083182785188,373.20835316181183
27725057090898401,148.67121636867523
69586702875764248,50.53114211559296
22708289903960304,514.4028913974762
15833613996466313,569.2691246271133
102367668661533179,10.128637552261353
7268811928121189,114.00664842128754
9588033175564580,19.005741357803345
93933429607238824,327.0266616344452
366727558206297245,50.036476731300354
27636616111720905,82.94349157810211
36211281165502968,452.5182771682739
50030348742762325,173.43797409534454
1849189775508472,670.6670794487
142694203305681608,167.94919562339783
9871711691190173,15.324815034866333
11990414264281682,23.028238654136665
32706970723104764,18.442185878753662
9673778127235922,13.131926655769348
374132585045744800,35.39334583282471
5961275834564728,397.21035861968994
121561726010282148,225.584031701088
76113702887468373,9.834259510040283
31276172702058575,34.2333869934082
7646566128226877,40.71869158744812
45728007201645179,158.83150839805603
106652733567560341,167.8831446170807
60296964668003643,11.36366319656372
31352849324853159,41.91436791419983
23993600987180513,108.21022927761078
7147683433335871,690.0556308031082
7596278875519601,53.52135407924653
6615564003481913,234.58438515663147
73250252917990418,17.05416703224182
33478475627282520,3.261043548583984
17119902978727566,18.873543739318848
24393990780021891,56.62177908420563
176696838450355687,6.428746342658997
66702260685169020,4.20615291595459
64114602768045846,22.77582061290741
21713769986177814,27.625730633735657
133999162783420066,82.68152523040771
58773006229306068,13.311919093132019
2938184601163037,3.8811233043670654
10314207331342,54.46479594707489
35689677822866772,163.98009526729584
150472871633634154,36.76208412647247
6492629665437606,164.89556443691254
157178701886759706,2.977753400802612
7791983129992465,3.290743112564087
10146849760571941,59.77147841453552
8954382172237224,4.484444260597229
16491783021869829,28.438461184501655
222205583498624989,6.4714115858078
28947001101671242,3.1039350032806396
90119971239589739,3.1477314233779907
16002677812492218,4.831619739532471
124925893111654900,48.8073616027832
126686302496820839,3.315620183944702
133873805158373524,38.697116017341614
103281540201081402,3.096008539199829
13109415206997763,11.561973333358766
124656401751263118,237.7566697597504
25278039829407767,16.127992153167725
28205097272708022,26.43467199802399
149711899569970645,10.533217310905457
52837052963807874,53.389854073524475
27875612866769320,47.08391284942627
12276671228933361,3.0674023628234863
5978411542138342,53.50370788574219
111697258331566800,22.046904683113098
74791299616946126,2.1308400630950928
20624496996239436,66.1978611946106
116560794460079798,8.969112277030945
13744492034644110,97.24978959560394
128868679890205617,31.151989221572876
116800874265667409,9.16725754737854
109629379408963155,46.63606035709381
30486609333432639,13.894574165344238
60779680377164473,2.9553709030151367
102440144513217581,4.247010111808777
119870637601263036,182.2964012622833
70976073926058856,3.194964051246644
116255581964882499,9.037052750587463
104056845967132718,87.60414946079254
4160929353850732,51.17855215072632
8262334920507626,26.084471225738522
117519848259593156,3.4548193216323853
2526139673492782,10.557265162467957
261848000690794204,42.69580125808716
22634533457183815,33.340590715408325
83135191999284346,3.233101725578308
20117515544132902,251.81487321853638
27847517271614154,95.69269633293152
228690907894346126,26.60736656188965
15230748284239485,2.469380855560303
211742085028738102,3.1157901287078853
38361122371936645,24.77343714237213
93192932776678226,3.039628028869629
10178510468164683,3.551519513130188
2601828511312233,58.00883328914642
83613236794723481,46.39162075519562
105752631351695117,27.167237997055054
119841454045486408,5.835548400878906
27081523176198258,3.707401633262635
152493149957676501,55.09662854671478
129566765832756304,60.558472871780396
110422376055290961,26.97601628303528
9006044179617620,15.947404623031616
1977332588073336,2.852662444114685
6987595441813868,82.51474559307098
15575623587798652,2.6991705894470215
17530235974492776,41.88851571083069
198755235112189343,52.61968529224396
46776383972330088,3.580443382263184
17895090262446840,3.1731446981430054
229993214327085593,8.224761009216309
24571604606079656,21.901728868484497
13909544902991539,11.064058661460875
9316254998775351,159.40559208393097
395781534797111590,219.29858124256134
106287634930247983,38.17696416378021
38702140413663236,3.7565823793411255
30633677878194333,18.813968181610107
61606530306932245,7.937346696853638
15212528135742243,157.42921376228333
429778445936208605,4.614168882369995
21582920177950051,10.141223907470703
4096993911102569,12.484156250953674
106421386182503617,68.44300031661987
15958865227606082,2.275886297225952
112243251950153444,70.70542299747467
10807387963075525,3.71816623210907
171790598466645433,32.353153586387634
347998410719688136,5.36352002620697
75419423555725560,3.181752920150757
32552183276673051,29.524324774742126
60005069165769652,17.380195260047913
114405661357628071,2.708076000213623
115025576693890350,4.0239421129226685
81175906888676493,20.051706314086914
34745813934729433,42.525081515312195
8777001989871009,3.6072492599487314
23600849931001950,44.43390190601349
221849024569977883,12.431935548782349
117605826457707823,20.22631239891052
48023848783919855,8.485196948051453
157403141740862335,45.45479464530945
22198919136837799,3.5326240062713623
8150843404208517,31.32416832447052
7501387982529503,24.323422551155094
28909336296358352,291.26052248477924
19292853989771407,30.543445467948914
211879415954793292,4.789711952209473
11048970655622589,3.136855721473694
15234393744875797,3.1327818632125854
95975518740533643,16.599833250045776
89953324189010878,79.32393872737885
65110793772322941,14.93109679222107
23196049902951258,4.460781216621399
149385794093207756,14.768700242042542
1370601911171345,66.50702834129333
101594973891594466,58.38452911376953
13746207918451109,16.65647852420807
13332950723957414,4.5698418617248535
25687169053764034,95.23336791992188
78957670621402809,2.352792501449585
18144874046848161,6.298076033592224
18838806062384253,8.292484045028687
40603392674692793,3.6128040552139282
28634058565463384,97.3802273273468
83770394865533548,54.79367291927338
200741504752179672,40.18447518348694
40338307086262164,34.95100998878479
36406386604436510,108.52931547164917
42422636915844487,4.226247787475586
7192172357514795,45.1761132478714
97741119701023441,15.350673794746399
23975570878761699,2.7189570665359497
13791770914701113,20.20770752429962
12068961609597468,3.0150516033172607
8997671205242983,4.926389932632446
9284940313512864,5.911982297897339
102203288369194597,197.2963306903839
64341759339564614,3.441894054412842
39376010861381247,1.991516351699829
19193669915683435,11.254509210586548
227475351167005569,18.715396642684937
51688773698108123,18.504305005073547
124550956260909816,38.60553979873657
32352246903258012,4.754549860954285
24528186895306,4.537167906761169
25033992730197426,144.25591158866882
29864477298508555,2.8065454959869385
62952622842248452,3.9817060232162476
21055433869837117,158.67435491085052
130207035207632507,4.562747478485107
494925976147228141,15.497316002845764
30822194815411105,263.258292555809
257311950682989,19.1862770318985
235194165130967206,5.708894610404968
5714430843676060,4.272117495536804
16729070246996797,14.681771636009216
16023518048011328,94.78643560409546
169239286468032366,2.7497475147247314
7554360615736616,18.189279675483704
31879399581882703,57.85698115825653
79644923503471371,25.078490614891052
109675333175269510,7.6805384159088135
7369641279543219,4.102795362472534
30397425542273815,16.668628692626953
84020446310239078,42.422712445259094
18293836032446546,20.603713154792786
10387440901040041,18.906155824661255
87974060971909296,20.392807245254517
7941691530318995,4.227536201477051
130803174449844,48.002400636672974
2572501688699558,2.4919798374176025
8675361381424224,3.8527119159698486
24806659748611891,2.4536664485931396
42085222217845583,27.66696548461914
442336520503930142,53.08660399913788
28357510183307714,95.59368813037872
313988412330292902,3.5157757997512817
32248075133772860,134.64769983291626
74017398473669536,20.8873872756958
109123265097725341,6.056707143783569
47201706668842585,129.84535229206085
26512000846836216,16.135599613189697
85817357356245736,7.007156133651733
43094181748095649,71.22430372238159
31474097411640221,2.357455015182495
235498482753472545,14.258552551269531
8700656793581738,52.52470004558563
19120159841811458,3.068674683570862
58655808913341797,3.1987617015838623
1755706351801016,110.46691703796387
70189292751661844,5.945979595184326
28530340778790227,24.460254430770874
103276323461870388,38.94095826148987
79932473880832665,38.089550733566284
11391977631078031,7.7473719120025635
93929293862131680,178.2490921020508
146205093645540,90.2551587820053
27510319389332212,2.233553647994995
27681079015058937,12.121811628341677
6242937307288171,3.322071671485901
64484486437768480,3.1531589031219482
43188014980536738,2.035925030708313
21109690239992002,3.779386043548584
120034115470695493,30.71955966949463
11652520449384851,11.443099737167358
304951270553319535,11.384511351585388
4816553367473265,17.942093014717102
18364748237922707,4.031327843666077
128447706835180634,3.3880664110183716
151797430163234641,3.354501485824585
2730685639659977,3.4250905513763428
20850623682839888,150.49073195457458
13329370381167531,3.197088122367859
131854320530945516,361.3855557441712
31121889317806473,137.5623081922531
62635131074463415,10.524958848953247
306470578812072038,32.97100567817688
91574106410712126,2.7125324010849
184858472328338886,3.19373881816864
4708223928939090,2.382666110992432
28875718475337297,14.385999917984009
2060917019709865,2.417774200439453
285661801589725554,2.375196695327759
33632857301164806,274.83838856220245
2254728975330037,48.85207772254944
24361201663739182,3.2760637998580933
1606383784969135,2.03423285484314
73582422378089469,4.1440277099609375
4116467471857579,25.513612985610965
100421623334194238,25.07655143737793
76250559889662146,4.876796245574951
19964116045046486,3.6866774559020996
633337100595043027,3.098154902458191
88942313702010998,6.845491528511047
106312632037749386,57.200329065322876
11819314799102212,2.601353645324706
179263639193846497,4.927774429321289
19421401655466374,9.033803105354309
22014891973895217,18.122030138969425
73296304080964767,2.1957963705062866
33580022373655347,4.395410299301148
23442080597473799,13.952998995780945
19044294287901786,22.173187494277954
175375112654531219,10.415060639381409
406933933800398409,18.012768983840942
128041998223922908,3.7698378562927246
80985092960910930,123.8449866771698
75389056916839644,29.4770724773407
27323159341996485,2.3536150455474854
2410603716968828,14.036561727523804
111738774741557310,65.33183538913727
18023014910781761,3.229344367980957
369681629593481473,2.140003204345703
4520979510185853,1.822551488876343
393052848102407578,278.00722992420197
390716580218795525,70.93941402435303
14858701819453251,21.497360706329346
40963762478595420,14.131805419921875
14324183065077888,16.45921015739441
4246634940108576,76.78279089927673
12913039957681922,21.960243940353394
23235531402932004,3.043325185775757
14028999480221129,3.224048376083374
149637014193271911,8.701867699623108
88243344272230098,11.328412652015686
21777276890221186,11.504753828048706
31784017291918687,40.67926979064941
62733054587917860,7.627167344093323
181056657471453669,10.895565390586853
3002436318597356,89.33813393115997
119277643007361371,2.972986221313477
128867262022651992,127.56175255775452
69629478829441806,17.188167095184326
178296490690402157,24.00986111164093
47466055190565450,24.83916735649109
40305413234212821,65.11062121391296
329604885783891232,2.8493547439575195
14023602052438452,2.0200717449188232
3615853530716974,40.2422012090683
22844320467081008,3.86039137840271
21154537619373345,3.1530048847198486
119084834644818661,25.39977312088013
39095129981337028,5.584205865859985
93632741145656561,30.817798614501953
39697153426962517,3.0985106229782104
189660430739523566,10.4247407913208
78878983521798818,24.456647157669067
39900821014138857,2.4665043354034424
346418352916462983,1.7675464153289795
31748228656471261,36.39732265472412
195875039519938,85.47820580005646
66065475616258401,5.38518500328064
113421404788599615,2.8158795833587646
28563667478783768,5.861141920089722
358980932511160354,3.6395108699798584
30711883975072329,36.00527822971344
2357257440691276,15.737936615943909
32052214237741614,28.383443713188175
12519309339615284,2.7152007818222046
28662257818890831,67.45882523059845
307466761900824159,88.45281291007996
113859647861898500,73.93618762493134
20200851327658245,18.93172776699066
74231607303457022,31.81633698940277
177177459373858639,42.99484992027283
3477331132396390,30.991549730300903
392217128690950224,65.44997775554657
76943506886016227,6.477109909057617
10937031768803049,33.76248872280121
32887942855279524,13.878556489944458
1866170844292094,22.618008613586426
25334844438377397,43.53582715988159
195974662208354794,2.5674389600753784
65441424053344397,3.4904773235321045
11222194417858987,3.0159566402435303
110951654920640821,9.893792748451233
90890060959804354,4.087931394577026
57932871789751638,50.23183739185333
2456131372909529,86.19134724140167
32101546933218049,4.659080982208252
254265775169309944,40.19979381561279
23233233241339121,1.9418469667434692
121179506742568347,2.7873134613037114
172746018590866873,11.995246887207031
109960297439691562,3.8636474609375
2900902234872912,16.468169331550598
21834935364186945,2.6007710695266724
32435151335997902,33.898666977882385
31107872822938828,3.353250503540039
28404300798465072,2.7182352542877197
27836795818821409,1.7909409999847412
3325991557511514,2.112958073616028
88803504281721242,31.291367888450623
388680613936759161,3.135025978088379
14990808140358805,9.309001684188843
383969744051600959,2.819988965988159
10768215390868059,2.62520694732666
101231245909960188,13.452920198440552
3957028336760769,5.399106025695801
75397504938018108,3.1752676963806152
2252262961042801,27.24356484413147
66712999289076850,4.352912783622742
9032817337003800,100.82860040664673
1231902661025066,100.37746477127075
21720937292032380,17.47856092453003
119920651339678600,122.68723404407501
38315744791802747,51.09885621070862
2600870747843522,12.771737575531006
94818536133359319,16.51999545097351
195436456226573621,7.403902530670166
125391125451239424,18.38856840133667
46505938945232092,9.1147780418396
12645406659073665,13.744688868522644
148422143513136359,5.364967346191406
114099192865802064,43.371668577194214
100641902955849939,2.1046836376190186
79320508711380788,2.932742714881897
7598106630292112,24.4225344657898
6637930408302498,47.52529013156891
77957252788589760,2.6676915884017944
11358717113926078,53.32725119590759
1222064804068996,173.12574887275696
99920913603280392,2.5573395490646362
1469267203238604,14.242204785346985
2765372984092625,12.978618741035461
101218442766650,3.1913888454437256
85014379552426203,13.869460821151733
140107211598243931,5.306142330169678
23799497629693563,5.549461603164673
921770398547542,2.6083860397338867
26619720054876068,7.341752529144287
74510121269601242,80.2389212846756
138320331931119267,3.2157974243164062
7651395568680566,10.999837517738342
128416920492196263,23.175071597099304
102176812710680480,27.435150861740112
57080300784574513,2.41892957687378
108163823465937831,3.1495423316955566
125365785788218521,13.110718369483948
7047175369609237,5.737821102142334
84819934933565382,7.4756386280059814
101517528091490996,53.984681129455566
16564861281591717,4.200111150741578
166094377949792601,5.2773284912109375
162180424589429165,8.216992855072021
2490490182688249,16.792551398277283
112101010992050333,28.609157323837284
183724014351097859,10.529325485229492
31928273616508737,60.62124764919282
11323210699825720,83.50046682357788
194420709499446491,3.5364767313003536
2356285711230975,36.71555483341217
27687394689365321,8.8644859790802
6891586534335586,15.398376941680908
163468483397878484,13.561874270439148
2326684394474586,76.46209192276001
62366718644372334,1.9065507650375366
2531335515230331,2.7523878812789917
54276133652742336,2.5748997926712036
48277778631566418,149.2340292930603
94263660735626140,16.711132049560547
128126476249750036,2.8328534364700317
8864519089516339,13.765262484550476
105426903636308204,89.72390151023865
4316132229248041,16.518768191337585
255968063051323752,10.010802745819092
123880213647602921,2.903428554534912
25105337541636412,9.37008810043335
26508140687112291,5.741246819496155
121479964868444223,3.953670740127564
19850018055843948,2.751535177230835
13831913653981448,68.73515176773071
20734635202076403,54.40796971321106
129373392864879117,151.9179779291153
17071728940432391,23.549146056175232
21122638615424188,208.16670107841492
4751880698317069,8.627474427223206
159263367000884048,6.771384716033936
65070789106361165,7.989948868751526
26536974777094329,15.739712476730345
52444015503859694,32.022387623786926
3381150363179809,16.608539700508118
379839604962874856,130.0773059129715
19611394339636656,22.580195426940918
14262812120162458,2.7864022254943848
15395452470389858,3.377954840660095
75117146373042027,3.2704875469207764
22716942158158873,3.092365026473999
122505257873520109,23.67002558708191
34191156128989641,2.7928943634033203
89762576393095512,71.63487088680267
18150897000627556,18.392467737197876
67889811176654689,18.74874460697174
59840659799879402,39.102582812309265
16636070610755719,4.675435543060303
49669145310435612,69.3266783952713
83763134123241987,2.910023808479309
34246146771030502,40.477254152297974
14184704143392794,210.89741492271423
9869525161768324,243.9788227081299
46792658616062255,2.9800026416778564
18687202960513246,8.006324887275696
24252227724544204,207.259379029274
17994731333496329,3.0759856700897217
83723649763184598,5.186455965042114
303169474761638934,2.956695795059204
4531519368091575,175.95791912078857
354277794045120,119.7982622385025
18245389923003462,3.466554045677185
114259659987801239,80.15878713130951
1634396978547334,9.124318957328796
31172734517682171,62.30399775505066
16314107581262878,116.71930074691772
61349300651776486,494.49708783626556
126689300671167435,76.36262321472168
37079630834898374,8.119207501411438
20017211581962804,169.68441545963287
23007148667950520,20.405362844467167
25445515514141210,5.251404404640198
103840129464614324,71.28950703144073
16457749076138556,6.660655736923218
28807598834950933,26.99741017818451
12146904695004812,54.30725455284119
75692207824879320,131.37390565872192
115421281211473837,22.421367049217224
376800587571325,3.59696364402771
87602382134502208,121.56776511669159
110978319969571012,7.494664430618286
10911398612427740,81.27004742622375
23080096384168459,16.36384081840515
25192012122649041,4.094447612762451
125675196095940131,111.27628076076508
5947139037569477,49.18225586414337
15164054496655625,267.2607876062393
11867079800238669,40.29731583595276
224945703538918566,74.94873678684235
10427848264462362,27.45290243625641
25970660118271895,47.78739523887634
234572915733016,11.753625392913818
478187148342656780,5.395050764083862
5334873285545179,189.3028175830841
120961080236479276,226.2446118593216
467530247133843031,219.61435341835022
268683582602883559,3.8052158355712895
341466551681620159,361.3183116912842
142927927831351339,5.279095530509949
12758100158817746,624.5132064819336
29439066425131742,4.176256895065308
147245446407010565,2.57975697517395
67931691180549345,4.606975197792053
94577660884980547,15.617292046546936
185107406439289338,154.2603212594986
39365786102379932,162.67238593101501
80014432571881326,27.00295734405518
81737958674863757,8.18367350101471
187670047430834603,156.13291561603546
81609647187467141,1.891263723373413
4256693783898482,9.832711100578308
310748406135986,10.424418568611145
203230622182817075,47.579113483428955
45793088063341390,61.950454354286194
10958747723780144,6.832298755645752
30752326130248158,75.69858634471893
25800550830046047,342.8495168685913
6350571555607417,4.224515438079834
173877464899248528,4.098133563995361
205470920406056299,7.613060712814331
4256640340041459,75.26777160167694
8618729320490921,291.761017203331
348302615069587422,211.72548520565033
378774415233845105,2.8660781383514404
68132023502615179,14.617149472236632
389110181188001646,329.5194231271744
13943085602469593,9.311962604522705
12974153604864362,43.451542377471924
2051680677987259,106.750829577446
26783486049940465,4.187313318252564
12223542259203329,4.611405849456787
28409266212071498,4.89024293422699
16328600478524484,27.948726773262024
453808529109844464,2.745891332626344
16766359597942264,142.1670652627945
50290261371674942,184.42997288703918
28737048470008340,134.6885677576065
111749023202274900,170.95487427711487
28746068064563952,73.65671718120575
168670859271429012,112.19588208198547
29456079283909704,218.80460202693936
113949358227966106,111.36835086345673
176762307993134056,236.80976176261902
59251010033984514,112.6956890821457
3047160324655242,58.92572498321533
14833473868142837,3.803679943084717
17814134417267429,2.625529766082764
100485789655955993,280.67797803878784
3750330151434726,65.10791897773743
7607023331107275,3.837512731552124
62238130627756654,5.97646176815033
90295948579173012,256.21616077423096
35489175656798720,350.4724485874176
21950938674225042,71.1216049194336
213542292848405509,36.185819029808044
104967789636622026,11.934336543083191
29392637573351944,263.8428165912629
111908808554772868,69.19147837162018
1910724241769355,41.52602708339691
262541976293846021,7.366869926452637
75356518804093651,22.964053630828854
28651024594132771,116.13774037361145
118415141966289905,7.95857310295105
15707679588361914,6.2559462785720825
241429874693364395,6.739863276481628
23020187615694103,3.462362289428711
60237889224100225,7.827091813087463
222331351853487098,12.16099238395691
29308658432573523,113.09119057655334
10523623834416508,5.38202977180481
68775359583612074,4.266994476318359
11302047787464103,4.768266081809998
85208557511641007,3.1871824264526367
32762867866658058,185.90863275527957
2006555804646466,54.32673621177673
261101980295323419,274.7174870967865
115597605193429095,10.63679313659668
6823127451611054,66.40987086296082
98671127724003829,25.241665363311768
15706067392344976,87.30541920661926
241778671522688373,7.718713998794556
56519951932466296,3.691396713256837
17778536952942687,8.576768398284912
22368188373043963,13.944624781608582
11616535041213758,34.094481468200684
92047628272860913,4.689112305641174
15793644584331302,182.59435725212097
225220260757434601,3.6091127395629883
1615317033708977,6.292379140853882
94214896835842875,30.32418930530548
14941548776283358,52.345174908638
25457461726906818,270.2268018722534
48928277083538343,162.15661489963531
720331251788038,7.641577243804932
76371013084548163,3.805377721786499
3311572718122732,13.272448062896729
70850102836715678,27.239285588264465
10687573628473958,4.157920718193054
1465109798130004,436.33004689216614
20143062167044946,349.58263170719147
1302102620669977,16.400569558143616
33233785974496830,153.65122139453888
5413372967601323,29.325991988182068
21509736588593859,13.062820672988892
17926488887422342,32.943275809288025
35074401365353503,135.49073207378387
13874428798560414,84.3565217256546
5406663540485419,27.590596199035645
8371200910373221,4.138950943946838
94542767996048812,3.643347144126892
89846366428672658,97.59773933887482
121731667554821691,44.14274179935455
9645495210076973,44.67881190776825
16910191402028535,6.7126970291137695
83222798696614448,5.913723349571228
12646125176141559,40.666205286979675
177097563447978477,254.85629010200506
71753098001302746,245.9208024740219
12998070813993156,22.74587571620941
119040661469656966,48.87907826900482
13572224488128582,292.6946769952774
13611222210058675,8.488749742507935
11308448696423502,9.46247410774231
114735491597403569,5.917050004005432
84263668708704432,4.154429197311401
139695354024480367,4.520370244979858
57008207565238420,9.601497411727905
30521153402921562,174.26144003868103
35846401053863139,4.0744030475616455
189532734306009892,402.70995366573334
95588048283787715,36.975757479667664
18383835647798310,154.16798079013824
268883618537042845,33.13895606994629
5682148329271507,9.291624546051024
142725811058838510,22.081632256507874
27293935835197687,179.4922193288803
18294252841145153,29.2276953458786
57207784616197303,4.74597704410553
18469630358909025,8.50396192073822
4435345591391866,72.66484355926514
250726281781673699,112.3061991930008
8889119385502659,28.732390761375427
17424415683867492,78.34857785701752
147750696825334572,30.138795852661136
20760655559493899,25.249700546264645
88535562207282398,86.55008018016815
110102961070218129,4.947317600250244
31022087321122022,37.23501741886139
4515711993178183,17.951127767562866
92683883072233395,5.505510926246643
18208908871905119,48.77893686294556
17199160592597765,5.9286030530929565
105150515139030440,34.42762529850006
21689961705825482,40.02005708217621
122966750785729441,309.3854255676269
39591668127025725,4.030504465103149
132212912321477285,4.871389031410217
7682075299837210,8.259773969650269
21237492545629896,728.34308552742
10678601533071758,4.935239315032959
11187296829132757,4.537138938903809
248850815648030506,120.89030480384827
127746811295322924,3.564847946166992
191863273340642906,341.7182763814926
106699006128989058,21.985165596008304
481909132602224199,13.277713179588318
7645783232561979,7.404024600982666
390431340714657205,58.16272830963135
11167034464146952,514.890766620636
71804709753901950,214.34045243263245
73802449262064517,10.593295097351074
4165799842413183,25.311765432357788
91520832890606037,4.194918990135193
6264985440814814,74.30017006397247
174789999400207879,155.01423346996307
6424566705047869,7.814063906669617
24451203125195708,3.068403482437134
12981463151741499,34.440855503082275
45486505478368684,5.686477899551392
81031990904480853,4.365519762039185
19439013544748338,7.033240079879761
26730548900788419,19.10274112224579
69627530751378750,130.56031262874603
7736152480398212,5.067486763000488
14844155405378199,6.494433522224427
70749449694739794,55.17106258869171
13457202766524522,258.1105374097824
11251031650978690,31.923824906349182
27844500262010243,22.08360230922699
24039042357139661,24.484445333480835
14554227471835360,10.058292269706726
22670778297769583,31.079646587371826
372538130869499780,496.69194424152374
302504503678092158,243.61898291110992
354499000317076278,1034.7869057655334
37501909207582702,6.345416903495789
61056197133193883,60.09905385971069
6521912942851290,90.19803881645203
9369438775649624,186.42132341861725
12563274013731864,102.6625839471817
226661479464958554,12.791818141937256
108773675056943765,5.5608919858932495
404533796132158990,44.883195757865906
56691376398528470,141.67515754699707
57727802069524487,18.787678122520447
116133843945779851,81.85126745700836
21674132278576365,89.00668489933014
1059838264227839,115.69881892204285
7202043428306917,6.308354139328003
31555220111202756,122.19904959201813
26249947715724433,10.912769556045532
34311442711692435,5.191396355628967
139998193569979334,85.43448185920715
106004469094306166,169.08608996868134
154238387724632649,9.659542798995972
226831198232146199,14.401144385337826
21390852811344726,6.66567075252533
110281367171274353,289.47776424884796
43211914344484406,5.541085720062256
20194542679344451,8.459717512130737
116920491136641986,4.073167324066162
8992397211801869,3.236846685409546
85444811711937689,24.829040288925174
86982330399394050,41.82629084587097
190968853361247119,22.013508677482612
3546508776984962,226.98465502262115
3645782888115052,11.533076286315918
24520342261309518,5.8864219188690186
29953356721472318,6.393397808074951
35874484524737290,97.01063120365141
42683616020159619,3.997315645217896
10979952672590830,64.7872451543808
32021209179270668,104.70879912376404
140446944812552911,94.24356412887573
14618321416258618,64.61727154254913
100473976573310290,103.16992330551147
118597770122379928,149.78261864185333
362265401322469623,59.30176532268524
14528055294743245,21.70173680782318
2647507491380790,719.171555519104
19964213370527718,6.322116732597351
382040752569214805,11.147805213928224
172351547878140419,4.604663372039795
10612112894890517,4.673720598220825
108596467544075024,112.74093556404115
19339504850015515,317.4301450252533
11212801628535767,5.225018858909607
71707702884523115,30.929548263549805
76649136779113786,5.26403534412384
29809010812818347,71.95592439174652
6226760608734018,9.819799900054932
21456008768394382,270.8522666692734
42942254909060204,288.24069690704346
13377368799234025,29.24276089668274
201311640604752690,713.3474960327148
6216673806753440,495.95998311042786
105131908256163767,11.095484733581545
27930192866500878,292.5090386867523
36641467713866602,110.51986598968504
15072906168512586,482.8861975669861
191569966827066024,10.018742203712463
24873987207125369,86.78199028968811
12724985323881098,7.583486795425415
32201213865180708,24.949727296829224
15113262472302639,93.00898706912994
78110463397780801,83.71639716625214
3181331777920401,485.10872077941895
86017247074782466,191.1474412679672
83112493172654330,193.7288854122162
1810032078084938,4.802502512931824
7012299078424370,38.69823384284973
28525618224923178,10.462448716163635
11318193401729198,6.449268460273743
377798459993141213,2.2847936153411865
30069085089120644,44.88517880439758
20664070987462228,249.2531329393387
153174020969982521,5.07199490070343
105253503674055925,60.53290152549744
93955942884376344,3.43566632270813
24690881660030663,89.56363034248352
291898589205672440,6.04849910736084
11018434493086409,5.340830683708191
47243292226397216,130.73062014579773
17355787447077937,88.87879121303558
341971906874039826,9.035479664802551
9161930918286494,381.8240442276001
384300272480773555,421.6652512550354
147166383497513254,78.81932699680328
1568857143387278,18.345452070236206
22864837311714197,154.50310719013214
29401791449162949,12.024102926254272
180378677153385947,77.26544034481049
18917477113816128,69.5909640789032
3832676845317375,6.73188316822052
7987138354427966,969.0756011009216
108318357642495246,7.990715980529785
105868194424395916,36.77341365814209
335636964073218865,11.838409185409546
148974717620278804,176.94156503677368
209806730674280394,15.291127324104309
9826551279621814,403.7049019336701
298508829446481832,93.06000292301178
25249908745268965,135.23490524291992
19502349017908079,74.80457627773285
640810782138964,46.070470213890076
12273999249538234,6.425339698791504
3232671707908219,5.225011825561523
147197118522363878,68.83003759384155
7072217992782492,65.95853328704834
117654693094214046,121.55459988117221
86216815178145153,155.3908576965332
11992791371229348,568.7127318382263
5817934149106356,119.69031071662903
22985059439522376,289.83942461013794
223196411473843778,12.622960686683657
60215442984401636,120.75483083724976
7892118101841772,713.7012732028961
2796836812016745,15.039385795593262
61199278998219811,172.19887495040894
25869856675922831,5.657837629318237
11480643910688852,69.08276236057281
32283045474642058,96.61690711975098
92791077976432792,883.0976278781891
3830876730229428,36.07090353965759
29077810845476800,142.3522789478302
9617537639585342,20.26647293567658
152347519366968553,12.120375156402588
58824911156770766,134.57461309432983
11842419238487200,5.764625787734985
9767894998870206,115.0983544588089
14823738000539653,4.744406700134277
38242735075048722,191.2675876617431
425338074957342516,12.805106163024902
129365727590166431,65.99158239364624
89903030368838340,9.197794198989868
120134206301040335,7.602269768714905
18515397407362033,21.23759388923645
9722887787761273,144.77805614471436
182318828220583836,7.654798746109009
188808285270300979,4.046549081802368
61880937260423204,237.2103624343872
35697706100547410,13.07384192943573
97022137221084509,361.9006929397583
30451770869476990,366.7395646572113
3906259730231652,31.741272568702694
105418077154264150,15.562458157539368
1390777971077202,215.25834321975708
14052324207426989,66.14419960975647
191334851511400069,54.10766959190369
5166821977563234,29.50072765350342
63819219353425709,28.301079392433167
832006129263300,91.3537061214447
32252252578962683,47.68117606639862
4977276043937782,119.66165804862976
25620696247557827,3.3861122131347656
124556507223823704,16.578758001327515
106788612329263117,235.8727177381515
5587541189291323,72.1999773979187
51443983467163846,214.5784947872162
69006744068179842,278.1281292438507
25894437098319152,828.2561881542206
13091551076690640,73.47056865692139
174267376248754317,77.2946310043335
41425656672356955,257.28914880752563
9153670890478801,21.871713042259216
19263494269215217,153.74205565452576
10568813916807477,6.796508550643921
27825762402844308,26.28628706932068
29268816570212027,40.38921594619751
325288857460801790,49.96749663352966
14238096123162004,245.30139684677124
122731976814847980,99.63765525817871
79456552394014230,41.631529092788696
22815545917068647,32.06514549255371
64671639921920629,32.030731320381165
73626080944263686,388.77243852615356
499581471629768509,741.9258677959442
34927196342762481,6.231661558151245
10370612709557009,5.176090478897095
23787975607926840,523.3993077278137
129147760427580993,4.879422426223755
464876128009799424,79.95534682273865
70624745844606594,393.1508083343506
169941369581331650,6.509685754776001
288251463000215269,136.4477825164795
388686333345397661,99.56584596633911
10434145615943245,24.553800702095035
27962024751315166,1146.3025681972504
16907643512673394,26.640152096748352
68016271692986335,267.346772313118
71455739891615231,437.46771931648254
61111442308706110,67.66657245159149
5940628410697487,77.10129678249359
2707479876916839,114.56996071338654
249556159545709564,2.712029933929444
90334243236341843,6.480901479721069
183877981737362630,68.06464660167694
60904171397680931,6.088322281837463
66615942000143152,153.34565114974976
200251890632680449,33.41366672515869
20194613436828161,14.54477083683014
13558711426352205,23.92673695087433
13305342086601771,434.901136636734
330430648295180654,1006.2264025211334
333526413920561690,80.84259796142578
58648684734606595,30.183562397956848
6071829809784088,472.8240733146668
18279631948305349,238.2239429950714
15828893018582672,140.76643252372742
54319857324459454,1001.6841485500337
22986513012532720,170.7259441614151
162503863870302181,391.74416387081146
15279363165604667,411.80184841156006
29515158219016746,2035.2133688926697
3470003950731330,209.547398686409
4181984195907600,806.5618813037872
19170250330386585,54.89452147483826
228170817520040181,97.58176469802856
5430104766536845,231.89234900474545
33253771136816154,1185.285994529724
255301398174094163,83.38644933700562
127412637940005409,608.4106962680817
33681381303359971,502.70843315124506
68761057130365902,46.73320281505585
24864750640326490,845.3696975708008
42831721612308413,2251.2218821048737
13108542250519675,1366.68132853508
80131003425479264,851.9488337039948
12677074133036207,142.74660789966583
281249502416214,37.57102608680725
28791092473425428,419.54852747917175
180527693712070,220.30704307556155
28115135308345168,193.3884506225586
445177000119650584,235.4702631235123
59813948404060152,4019.965277194977
505183228662443,496.32771825790405
32392151751731334,40.02772581577301
3102775919789755,43.148316383361816
114069935518183605,423.23310697078705
96666495712690446,247.00586569309235
13836783493512925,753.7259843349457
3033400958669048,25.830549001693726
33234989288138906,1097.4497518539429
77552063259368634,997.2754032611846
32722136424302854,198.05961370468137
240273035839436333,829.7192618846893
27042105569931647,54.921488523483276
50253100523353229,222.76944196224213
38319084536967691,238.38176441192627
17483983866589864,88.91598391532898
27045410639128434,260.72497606277466
11782289881742242,3510.0079140663147
20283808452141362,27.43747377395629
3706372928554041,1019.1232218742372
10679180638040144,2139.8496488332753
313186568836281271,4587.311940193176
14352761115331994,113.18933832645416
41332367498308196,30.340923190116882
82892830401968667,776.237443447113
19921256647496938,765.5639374256134
4519204572920453,3.2288067340850835
348478628301780573,203.9391968250274
29515764713505125,277.7221281528473
104081802790607767,1526.761419057846
391206579989008197,56.23346781730652
12597487042986866,385.4257907867432
14523293062897137,25.40452289581299
1802007927769598,5642.989217996597
62513300602707641,3.781132221221924
60971878346600201,141.90457332134247
6846799018489060,602.0661809444427
6079818869727122,1177.0970014333725
29057225425962459,29.461679816246033
13668675379586313,2763.2230584621434
108302679973085832,186.4407205581665
301034967820051633,195.81125938892365
67551196106687250,28.820856094360355
26306385955029561,430.78666138648987
19939508260969759,40.876131653785706
33982939901670850,327.8878331184387
2031183379598626,7446.574565410614
42597802377816846,80.64481091499329
311702534944889567,49.3732180595398
210472551559510881,33.15148115158081
431275805964928,95.29642415046692
10221447284353102,59.11616003513336
36975300405670245,158.00058460235596
29203242223616197,459.0756456851959
646204330983027029,2355.843716859817
11437937477391909,141.22477459907532
2036058139831902,1880.423657655716
16318393244079279,4.915128946304321
105805365545790196,918.4833643436432
35036401644350550,988.0327723026276
365290724847559875,25.45662832260132
14922646132921397,165.34745478630066
51126601707464014,53.25077700614929
10270626760672186,47.35885155200958
45371686635542616,146.61692368984222
23419950468670842,489.3837842941284
469781940778078851,2099.83868932724
3196990618327561,36.15291917324066
177766382857769797,3604.726134061813
8633108171993476,316.13346576690674
108634338981363359,353.9206441640854
1555968593054469,1007.9652179479598
96275550302891699,629.4662157297134
1114713018818300,5570.594709634781
16714817217120249,1070.7296483516693
16444633852852999,1028.1456761360168
16281920895094852,30.630762219429016
6616275778322678,106.15040504932404
119580616409072326,3177.9637718200684
16570746550434890,111.29444921016693
10233757714364410,7522.547192335129
1821189700503377,234.74254202842712
74704955755100283,47.116356134414666
70035494543875305,27.65291142463684
20125536627255997,250.38788414001465
1915949879310719,37.67330098152161
245679065622289598,941.885337114334
59689311757804721,27.224503993988037
61891335018046890,7596.361572027206
159471532064794447,352.38635981082916
2791709898683497,15.514873504638674
57208513425314045,109.28084981441495
79537388149299844,4463.4336948394775
111614790339929552,1227.510283231735
158583745356588140,13.341673851013184
6761036981921006,82.43338406085968
16002814982553447,362.02738761901855
367527672104765023,152.2201544046402
40157270827994462,47.57346594333649
4792522769487098,609.1432280540466
66696583132864322,2042.9537799358366
93140591353111752,399.5463252067566
23129020529958031,838.8327920436859
158813568800267806,454.13565325737
5664745448999287,286.7933485507965
73373889340481546,261.2114562988281
3566291827622547,265.9141286611557
31536888548099408,30.12436163425446
371572674208582427,28.742116808891296
21068456247611080,32.413018465042114
53684043242861089,42.00117611885072
102389340358074160,89.67178404331207
72046037353895206,54.50504994392395
2354118682856248,1923.9147580862045
61958657736301050,701.5285995006561
1690628523471946,4030.840113639832
22243978202811237,27.01904320716858
252961273034942798,101.90550422668457
131423592279899965,32.9982590675354
57836533489808304,63.71246027946472
1006583535646040,323.3840602636337
51862626303070638,598.0940697193146
32292622100361730,312.9672648906708
2006053560999901,1000.3606550693512
12257870394940349,46.07189106941223
42500109331939254,2277.2227687835693
10417902995773438,576.1322644948959
37251665376723885,280.3878984451294
8469287544739240,46.65498471260071
115506334388992592,114.22313749790192
227465533309624384,615.0964663028717
118605877926875777,154.06729316711426
20195738652671308,915.7037694454192
36774492953429253,469.5313745737076
86384172495396913,3034.631316423416
14122114230250060,6.018037796020508
132630988828926870,358.7820448875427
143636872358749749,300.77814984321594
111929971156825212,131.59795892238617
7683379017626951,1573.8542860746384
15112513202900028,1081.8766787052157
20901276216828347,197.43615889549255
35216573852801610,646.3445246219635
191880286430228314,1778.8274772167206
22532725066603036,64.1513249874115
21274063320339149,249.51087260246277
19293966051037766,1920.6464285850525
11102112779168382,58.363951325416565
29630798033518771,50.09385442733765
93967232090984633,3248.032613515854
105967602467956577,103.98848366737366
58710367331658000,202.67441368103027
19302393318648780,24.06442666053772
94755370629320954,36.55582809448242
124426173454658722,119.79556441307066
8616146844591336,39.5812646150589
248079689730972990,214.99434065818787
20837608306357712,312.43613839149475
111058235100101979,51.98799395561218
16524027711225295,187.81580674648285
84343384783570863,287.2326463460922
87461310275625318,3435.8389792442317
22605803712619956,1023.923834323883
26201740529504021,353.0587428808212
14967062619589785,293.2866634130478
60277137054344983,594.0346496105194
8434041701101591,26.93740487098693
21494718305519151,371.36726558208466
25432962938106235,810.9252967834473
89856792261688976,4906.356696724892
143332502476756293,31.70418262481689
8656878441780543,358.35975766181946
33702919857339505,15.718004941940306
153147847078152983,38.53967785835266
4432011595448000,924.5993556976318
160725927286861078,1185.3765642642975
31026110147262429,540.7697507143021
81041488508646365,194.94583702087402
4412503006485963,355.520414352417
6592095616291363,9.506025195121763
72443077540021824,4.483350992202759
22017652489728890,18.093627214431763
13933017921631933,10.833153247833252
65985460306380981,12.415489554405212
6727624992704624,3.831221580505371
39697689382109423,3.0632368326187134
75372207297959736,108.96503984928131
301599844158601353,17.936546802520752
74681943034296229,31.84436559677124
15733108728762916,23.31727647781372
355145732683231940,24.926740765571594
29786557855637651,3.216927170753479
39057437814531383,2.596742868423462
23366237499950396,16.061158061027527
4127456291373757,4.188548564910889
4177466297455845,15.104444861412048
310311325779721296,2.177787184715271
19759664439717983,5.9649834632873535
367912040997549953,13.922018766403198
57865668143956512,13.178959131240845
13218064746959772,49.72964012622833
159337677784975424,2.7848387956619263
5888180610263329,30.76008641719818
30715404398044794,28.496195554733276
15632452432316339,12.887034177780151
6068661196779621,23.04119646549225
39653898560860872,38.44223868846893
109654341060848564,4.598516464233398
15107704108399322,2.464952230453491
14354154545488262,2.5634652376174927
90697796741376852,31.153637766838077
28015572772142352,80.01086747646332
8922665328022336,18.64774179458618
119882761664790862,3.4725515842437744
106549324559910009,2.379045009613037
21464950566145902,43.859397888183594
7667031395906861,2.670305013656616
2996258733700206,4.050491094589233
15923880823456339,8.136428713798523
40074275100193588,122.82838356494905
7111821255071918,3.085868120193481
11328587162659965,9.0542494058609
27239345181406601,3.475147485733032
1975665776334805,36.28240609169006
2605573436813384,16.188942313194275
21194040078969472,3.6678236722946167
32891237031368947,2.5395054817199707
53335933565224402,22.874431848526
97421022028475020,57.32426047325134
106186671223685874,35.03386628627777
304075646453620,1.943485736846924
25339023605927848,3.840508460998535
5476984935334142,20.69678092002869
125378204620833342,171.104030251503
30742738191009971,6.715777158737183
1646383346587984,59.22465908527374
23520447112817082,5.456547379493713
34231345933588900,24.794580817222588
111979081485857,6.495992541313171
58560034960438598,5.100095629692078
35932682022592528,3.6966655254364023
31476567400447123,10.853157758712769
89742739721577584,9.381874084472656
31481791955983178,23.577407836914062
69988878691211000,5.708182334899902
23771025351418895,3.194021224975586
33816586242701992,3.0688045024871826
35163147479081525,84.17713987827301
129161266953691930,5.125972867012024
33838460047286669,2.443671941757202
62113800488300454,2.593936920166016
106689937765474359,4.133833885192871
19490845479203978,46.224937319755554
55388289162709813,17.95149850845337
7538104554763890,6.426924228668213
11563015376227395,44.0536140203476
249403725880337,2.821684718132019
106553522007778848,2.9951138496398926
164624599761014202,2.5814188718795776
85124465622542252,6.075684070587158
55703411278139314,23.842576384544373
38293197196759398,6.711222410202026
16004593988149823,2.9442126750946045
273479652311641572,20.42794978618622
35384556980113584,44.52880263328552
65553120637016084,2.9611021280288696
21705196737060334,2.211953401565552
162324725209365962,34.416064620018005
12142067130686441,2.5384881496429443
101537020004645536,146.3829723596573
115930746419584799,8.997024416923523
187494286376545413,6.914182662963867
195625830234483173,6.701143264770508
25808690035447300,43.35859680175781
80062500314517074,2.347962617874145
206643435757969598,3.0423762798309326
105122010695209930,2.698360204696656
310647143035048651,2.5479681491851807
27588183215432567,3.08221971988678
37811280715195267,58.35943853855133
7887324014250140,30.502830028533936
1279260751258597,34.14627730846405
9631791823316572,9.70190966129303
90336847397817506,145.20418429374695
31891757949137859,2.6453980207443237
60181074983287293,2.5032269954681396
193510665232400295,4.640828967094421
271308373484622982,87.69453513622284
225771393173731,3.6923941373825073
10168325051166712,61.0430349111557
80738470162788574,3.444895625114441
116128912921138490,2.4246819019317627
38984505918711119,15.565027594566347
22939139263722096,2.7951332330703744
121220436647067914,21.776393175125122
15460082339663850,97.67890083789825
16174730414400497,3.5691038370132446
21354916896384946,198.99153912067413
114165210371173118,10.566068530082703
227331456796296715,2.660114049911499
342157222723929150,17.761192560195923
225326127287170477,15.20691454410553
97757703033567650,4.188520431518555
28181079062035523,20.71683120727539
390325927003487422,3.0724754333496094
158747392424365861,3.560043811798096
258125630346835696,50.95685315132141
193973943802870433,6.946877717971802
5741939999744857,9.81998324394226
86152076256074615,24.81668782234192
3546050439676910,13.528412342071533
5371133230722052,25.65825641155243
26145296920530485,25.62547194957733
44733024162231478,3.795815944671631
25213366932397353,3.5331550836563115
40218053743008163,14.388078689575195
116749487380465372,60.82971227169037
1946205299760017,33.59608018398285
26126859873841768,43.0048725605011
11428942494025564,4.187936067581177
25679951494687999,52.60897731781006
141546165761114410,3.552804946899414
140029025894828725,61.968719363212585
13002501809118392,2.919597625732421
331041759797400,26.918471336364746
18594607461329970,69.37005722522736
39594330041669524,19.589354038238525
5976099787234209,5.606484889984131
13932678793556007,2.0373780727386475
8977146799253043,18.805338263511658
1123463361764709,9.784959077835081
72372571632664401,66.30505299568176
8948260768605322,34.99424469470978
960115938167971,115.80423223972319
22037287948289295,28.69141376018524
890752589092658,28.62504208087921
24167489643597082,27.69614636898041
1933529320875147,3.5605404376983643
217174461906048757,12.200028777122498
30985284878799716,4.448850035667419
13478065049153391,2.857872486114502
33490082342022074,39.44134271144867
6066906735103066,2.3612937927246094
27126723600673977,20.563445687294006
5151488246748006,34.30160057544708
22214921785200804,32.18225824832916
2996332905047800,200.48408603668213
197284741868251082,6.963764429092407
84388598527518475,99.34904253482819
166725250270840380,14.989074468612671
15027516991914804,14.76629102230072
10897136175591366,45.59618031978607
38272334839661550,51.70116853713989
191240265301859801,4.036515235900879
20233855742144280,13.349506855010986
85673326702912643,2.3445940017700195
62546619729281972,2.95543372631073
47678771253783241,52.54046845436096
2000162553409821,26.61496913433075
29650478596861428,140.79854571819305
21095961004568549,2.301335096359253
30301106873063142,5.501328706741335
2786173269836085,3.556658267974853
247235435149332820,2.176466941833496
70400587362749205,2.369970798492432
10522405000895543,4.127767205238342
72317145893416562,48.964555621147156
208637865942141031,25.77347552776337
27447354000869497,4.539447784423828
16743127632597718,21.951581478118896
52732289086350124,103.66790354251862
31126231262629846,23.949768662452698
25535332501825402,2.0399974584579468
8275736364174466,26.740759491920475
13286221712721384,20.084950923919678
208776845839685653,99.74521911144258
250295104191241133,3.0627737045288086
100127337910306834,11.571172952651978
38051994965795455,42.92590534687042
83053179659093932,228.17056775093073
360445318036535087,215.46685481071466
229285376695110291,22.971696853637695
14853033735735988,126.96054172515869
3432528881889133,6.600690960884094
57540098812153091,24.704228758811954
16489077423486069,20.72738003730774
7003300380681930,9.388790369033813
10758440569178018,35.26886212825775
10898012283611006,3.2937309741973877
81437665803528433,3.2789242267608643
91754512970983084,2.4377334117889404
1197904431106350,33.17711234092713
18410327078519197,11.2318776845932
200414933324490059,4.480833888053894
63157769634531114,10.4713773727417
119705244404647061,6.884507417678833
43004721139282224,96.51208472251892
2362096021734594,57.81639540195465
30809488082196213,3.8293604850769043
7187463172248692,176.9836618900299
15283068642584126,6.3547831773757935
115338100732339924,3.445911169052124
12297527183134629,104.54970395565033
113014234869760570,7.44940984249115
153027658437887836,5.951339602470398
106741356533519426,6.46889054775238
339191234986571569,179.3166116476059
11993472966335272,61.776031613349915
24475921138851051,51.174094796180725
374139090052970893,7.900157809257507
28044116998204599,30.84643208980561
4211041209512002,159.90705037117004
1545934989958330,160.40084886550903
190318518094779026,98.2068419456482
14018379817943816,45.773258328437805
38225860114476787,173.80899953842163
6146917092003703,5.5445873737335205
227387225163505895,19.19444119930267
13379068321754999,27.32737731933594
18561348284103117,8.268880128860474
38951926228652936,410.22685301303864
54165107866292089,5.321085333824158
217589290990177828,7.169116735458374
105168062367017923,2.6801412105560303
68789350371563914,166.35174679756165
42171915681502536,61.86487805843353
243928345872006036,24.35218405723572
50553927956164347,5.471032500267029
5392190150820291,12.087106704711914
585643461503584414,40.80280303955078
397118222534059991,63.738829255104065
286137694967388010,72.76643002033234
924345485219622,469.586557149887
57560096713230637,12.8293879032135
256342269932452340,276.47026097774506
2227029096046857,11.605805158615112
33416078021131222,4.476986765861511
29342056244287470,82.95477080345154
57095505821207179,78.7721836566925
234633347622647340,134.17404639720917
31156514336772951,3.970635652542114
46797417260230531,34.53413677215576
17145207602615406,23.84382998943329
11648059174582402,430.1612367630005
17518405727012549,9.20182991027832
119889269345409727,412.0460135936737
15394133020117878,240.01388573646545
129918318537415104,30.31362545490265
24132809142931311,160.52554643154144
42987720275454066,204.4460027217865
3426333335470024,9.955513715744019
1151100748628681,20.04384219646454
12393671638478618,241.6970570087433
122654049556626037,35.697786808013916
12423375663406520,3.0333380699157715
34864448877544972,5.404181122779846
11921714285418362,211.9489198923111
45539524010215862,5.623773455619812
11703053346738036,106.82982754707336
104468170572968295,663.4119906425476
250879940885633184,47.49944281578064
1138900789102723,29.691438913345337
295067682379913245,2.460397720336914
10154715291441110,206.44488620758057
478868672837011457,8.174249172210693
104767020675392688,52.0983966588974
386635396780657919,5.656450271606445
98355615032343499,7.071427226066589
29690726423066371,67.46833348274231
4971146202004975,31.934866547584534
12023969682804755,123.27836263179779
1678246610471302,7.28917121887207
273744000135747424,96.08272790908813
13935388693900322,746.6093554496765
94685789831153304,5.434525370597839
36253355570460398,80.53165280818939
307677064436651709,6.363834500312805
37509289441863209,181.59524631500244
326154276597916582,361.7511649131775
142159617782708849,5.343526363372803
426292452527742841,32.769720673561096
111668771943105373,70.48970103263855
31287340727493421,5.29314124584198
105791369228170292,42.39163410663605
14555272764892600,392.6645436286926
59345212223407448,55.88962161540985
125284168970045417,59.52561593055725
38241211807961925,33.12051999568939
37758480923625916,43.710005044937134
104157234035789220,25.747369647026062
164800065440971330,2.3114254474639893
77954210948284633,79.06940639019012
37212627393440193,17.887076139450073
16123782055199635,18.45289897918701
148211424542806912,6.177150845527649
29298495671919292,58.08690392971039
51589566517631192,424.9352016448975
8590348985500388,617.4559795856476
18019318531805312,4.865394473075867
2156604551594446,18.318344235420227
77892494874567540,109.13418114185333
262322306134315618,6.018667936325073
29256319952499927,31.01878690719605
390592286466055042,600.6662442684174
29117549268373211,220.8534723520279
39153919745609241,5.210272789001465
103196098440084137,448.9498416185379
18343268177759453,50.15875840187073
178067532260010003,14.302094578742981
125238465280656746,35.24905800819397
204821787243005126,3.439866781234741
122395877675863495,154.85120689868927
49645423989068367,65.79234862327576
29192240013650103,73.10182094573975
65046200164021192,74.97869527339935
827058016362270,837.6850440502167
20735393588186408,6.031566739082336
26515478757527983,43.607317328453064
3291703848624758,2.39526915550232
15654915430533154,73.91079068183899
42793173654020152,4.267189979553223
2490144299988642,228.4963269233703
19218545369126743,3.579335331916809
100621874662582534,8.895818591117859
119382085099135216,5.4028871059417725
28816862023159653,88.7722772359848
17934233088577013,7.473436951637268
154766169766119225,10.025121450424194
342722719281394566,27.03406596183777
23301041207662414,8.07436203956604
20289403419266303,8.352383375167847
20323727996960185,40.51467323303223
2455145678371889,18.863491535186768
68978020737724621,55.07693839073181
15423070070950275,408.77700209617615
107342739133364254,8.864776730537415
33326664163114720,17.423154711723328
11932830623203348,50.22562384605408
1104998836637646,67.80346715450287
22506414916175118,36.72144675254822
521107598492268,569.0182093381882
75008524494771017,3.933128356933593
110559667959305650,114.175586104393
106756898929769735,6.341897130012512
22111685428726459,64.65839064121246
26301752746655127,151.9906007051468
61415850472279885,346.8190178871155
5842977313495064,15.21260166168213
132268472080092733,2.614238739013672
45787712651294536,336.2006461620331
29974483939873811,31.925161719322205
348322965868101135,56.99835419654846
66312279651621258,142.44041168689728
14428303673433428,64.88464105129242
27596115573273703,35.2989706993103
111849153278200055,3.59753966331482
78223394762199748,22.598188281059265
859513708306312,53.94235849380493
13378974849303434,8.178503274917603
16334401637436026,3.3385796546936035
3696516224067432,6.777079105377197
134842459598860148,102.51874899864198
116798351076364441,4.541578888893127
32990797243836573,4.572868227958679
151895596193194562,351.4518166780472
3405855607598182,229.94659435749054
2647153555982409,15.249106407165527
211799628214506366,32.25432562828064
102140113730643895,49.24022328853607
21054120507960126,4.749694466590881
76112105785640558,4.335382342338562
18778871206248695,62.19882273674011
28767913877330841,109.13211333751678
135743338155400481,5.9587743282318115
75888148412285920,25.135037302970886
104397214353898180,55.9157909154892
18073853920348366,22.46622943878174
15611798986341098,4.9997570514678955
104389034664261271,8.000071048736572
44798409574645836,5.113357901573181
86689447414229767,2.92071270942688
160833145933074190,58.17513704299927
5072127357774183,2.642671823501587
10751699084817737,41.85249900817871
31187405210868050,260.51454067230225
313167476725340696,83.23488736152649
3562461774525964,7.599644184112549
14177140879133517,223.7340852022171
52492522187541453,35.70777988433838
128774460984080332,24.806276202201843
128251355220577487,58.05438685417175
16685201123103871,112.44477260112762
47286536057672606,58.738298416137695
25647443855956026,24.416775107383728
21610655944048577,4.348713994026184
31430833018518020,6.943309783935547
90752786625765290,3.69487977027893
96656820780624242,4.488419055938721
24678147935130211,211.37324965000153
18376461360514974,155.07198405265808
105298170250030176,80.76047086715698
21566727228388879,76.51524221897125
1074890030722615,77.28387439250946
76681993387405061,77.63945317268372
17515027269431028,751.9542351961136
10343116624771281,153.27474427223206
3642423310258062,540.6427960395813
11656541050364439,23.204164505004886
40494641965944667,12.93705129623413
30087615488101190,4.818139553070068
12711401756375728,192.5068513154984
74623838213652548,9.054637670516968
273134103764804367,5.493393540382385
88360736474652661,117.4140657186508
88887653280418767,12.612103939056396
42524116940423687,11.507685422897339
180492422484783393,5.212380647659302
17555421500742862,109.50014925003052
4946285118947071,29.434569001197815
92629967197778221,5.116858124732971
2421977297390448,53.66740810871124
14703679008874505,18.7723548412323
9355782434238207,25.57053232192993
302670688561286442,6.057110309600831
2641337115308844,23.112064599990845
66501793078027778,15.45086944103241
330294894787241383,4.704475402832031
26570659425083348,2.967971920967103
37317994179255220,21.277099609375
100136944697018512,9.70758306980133
221699825931165952,26.32061648368836
355289766284508473,6.003979802131653
22517738800341481,40.00992214679718
17374971847616342,3.890654802322388
267343192595710703,8.143869876861572
200272459746531534,48.011587142944336
54540899006004894,4.011025905609131
22685419152591035,5.739209413528442
12856432933484115,39.1270991563797
22049721896407896,3.2619638442993164
65777627757542709,4.5978089570999146
26637872624942752,2.501813769340515
18048899119061217,36.12123370170593
19205515890630909,28.535178065299988
161307641347713407,1.8556239604949951
142670710773000647,3.8524420261383057
30667941962084122,118.5443549156189
102772956713244983,3.2972884178161617
21789423099549955,11.874504446983337
149695684125802944,30.8441424369812
10618449152901580,57.59211325645447
59004120641440923,3.0493252277374268
70961384002161513,21.73865842819214
15962554521763863,4.010084629058838
41868524811858733,8.821584224700928
102850211730775411,3.4862923622131348
68123341595390352,140.33793437480927
13572707635901039,12.43290627002716
28806736646694188,39.429266929626465
103366383244427247,9.520974159240724
27617338136901885,60.05235171318054
14937171914201614,3.4683892726898193
1285759120761549,8.576598644256592
49574726583598683,2.7550971508026123
94979902188515310,58.99010145664215
113404734307621383,3.15042495727539
136453213273654931,4.2396780252456665
29159537888027918,6.2695313692092896
101872690205721451,2.7081079483032227
28043781445900349,6.370298862457275
12501880899350278,6.607490062713623
38395176110629041,6.4898457527160645
114043802479071970,2.271316409111023
5838791204392849,10.312169075012207
105341933522353466,13.855381250381473
70841795830187678,48.04056096076965
39841786388499801,3.1429585218429565
254161744249642514,129.73377799987793
11198321603226323,7.644188642501831
66753179953110949,2.853060007095337
3858578014479929,3.1123101711273184
3455321848067132,47.42076754570007
6897069726669016,4.195525646209717
26638519112814413,20.248029112815857
492489827150487627,5.183405637741089
32056270205465023,12.978348016738892
101477128882276677,23.224600315093994
74218896285684477,11.701451420783997
11667272742013576,98.97499072551727
58903977770362838,49.501943588256836
19499647069809008,10.540252208709717
2861401004718397,2.1239274740219116
115810098522472865,1.9132063388824463
111293976173565248,5.0143290758132935
22717019382012239,15.672047853469849
118980027626900151,4.875005841255188
33475272050435860,24.712136626243595
67294842726558507,3.019800543785095
125535653805604515,2.7033658027648926
17018113680793395,6.483584523200989
14317548534104498,7.022901177406311
46628320174657302,3.7329415082931514
18298472374825720,4.0592360496521
574090958855758184,11.42239224910736
122166622730141218,2.7511086463928223
20070684355807239,18.504899501800537
7133064730698912,12.18687903881073
18107242326194825,54.54858899116516
13019044582809449,3.3618907928466797
757126240948987,5.975656509399414
24592342226345114,61.004533648490906
212424869607069102,13.493065476417542
172649658944005139,2.2842957973480225
13007287461207235,11.721249103546144
26404394517437070,3.193395733833313
619284464628222086,4.006056547164917
129305952613763992,4.0882322788238525
121816624512127679,3.889362335205078
56084758280032724,79.09018218517303
345472817358924370,22.953892946243293
75095555440771167,2.1955039501190186
27195867501571223,4.3585885763168335
29361467942245311,7.645059823989868
235157104917199020,131.80891978740692
18452561086380682,4.12346351146698
80100607370484983,7.036387324333191
185244812277279266,5.858822584152222
39441873343375842,3.9560265541076665
11382453466718312,15.588815927505493
35580270901216724,56.87393653392792
57988685345940033,2.8816256523132324
381234620780525524,2.2108017206192017
30560087572819665,5.530123233795166
102724358968054043,2.777154922485352
17209855086422836,40.510441303253174
23640657546790937,2.4937756061553955
28341248330304764,19.674415946006775
24010090275397178,53.94665551185608
4957905536249684,23.019652009010315
28692524816959856,2.158334732055664
388795866684593323,4.283363103866577
7107263937485112,3.1161657571792603
18207533987727115,3.1789922714233407
6977931843271944,32.55640482902527
10551489467483732,2.7641642093658447
1161404857279796,66.9407889842987
129303073237018682,235.5248497724533
213300016605971018,11.704556584358215
116564390766517790,25.482037544250492
10807443650236345,19.452590107917786
10783844101689782,3.633690118789673
32222314942956485,2.934246063232422
13512832873402690,3.108782529830933
10888255287331814,84.45926034450531
115619059722168663,3.009580612182617
88674043731439263,2.0978920459747314
16162347383818983,109.96804296970367
61367646347616637,20.98924946784973
56906644133660212,16.635163068771362
59430790588135813,19.665441751480103
23962679041428162,65.50355863571167
42690153104489186,4.771995544433594
2501176121010164,36.51958203315735
181916775195942514,21.14118778705597
26858553816956203,78.91349768638611
6312876586055525,2.7899351119995117
23938722835918530,3.3608651161193848
44102383603217305,5.824836492538452
38188900663156966,3.330957770347595
141091292156482845,59.1981885433197
106448628277143469,42.10581409931183
85922616873958672,6.6694419384002686
51587352151292256,27.44524490833283
80872514843077292,62.298081159591675
2556779263484218,2.4885995388031006
104030873933068,2.7947762012481685
8701312336673488,44.69120597839356
94476286168519108,7.040160655975342
15634718589240416,23.989207863807678
16933509349576465,3.075639247894287
86071632196087464,65.41542553901672
44917790621374426,19.921884536743164
69989206856801049,5.676103353500366
38943543485208940,4.544034838676453
109383198881233789,58.31138741970062
99386038218910124,24.005216002464294
106528540389649066,11.07584011554718
25880721111186212,4.123449563980103
94980210183428559,2.519039392471313
25435112536711343,2.5780375003814697
22254633907131445,7.076689720153809
32074735591384827,35.27895414829254
104452245801301685,12.570860743522644
46564718576589097,1.8772870302200317
114464104673464728,9.663162231445312
19171868534397812,18.703195929527283
46593014513816635,3.9156123399734497
41056406502976289,3.1060925722122192
7378227722313194,8.563639640808105
116820794435475161,73.56457757949829
81923234739044506,177.1223086118698
9293855244259263,30.57195115089417
20755881518261980,25.505812764167786
18540201649047589,10.022406578063965
20352558092219271,2.5303114652633667
171415332455054944,54.507668256759644
15544035002068391,4.811640024185181
19999502565710012,3.1581623554229736
173676427308200324,43.31184220314026
17760170459957818,2.663228750228882
14373092063463025,2.5628490447998047
50417964950636620,2.781477928161621
10587699412343217,43.709007263183594
128271850281189859,52.92124378681183
17367114426936036,8.752631902694702
27938338358858533,22.75051832199097
24835001387517925,4.687785744667053
8747049285468651,86.1041761636734
469460669063322459,13.806707501411438
457214505313810344,3.263337731361389
461630333610479927,2.0699214935302734
14993862356053981,5.047373294830322
167376014158937911,15.46567678451538
231996476381280615,96.22141432762146
2236114158338889,1.896018624305725
132813850517635522,34.30964279174805
2317373682120058,150.40114533901215
93738227974733202,83.58309936523438
11512730401199766,11.542807936668396
29566181823708222,10.320245504379272
9298029012306125,16.67407202720642
388125115474635340,5.15214467048645
21251336502280139,65.10841798782349
11297662580166482,60.14207625389099
154608677963565133,7.616787075996399
151009943351750511,2.9401791095733643
367001583505356697,144.24564218521118
1096185505069340,26.56295025348664
7796718530396631,40.804285764694214
3217144730465848,48.94434201717377
74325230600938254,10.383196830749512
123891785375177093,9.371671319007874
216039991490768719,28.505576610565186
8366971040861872,7.485912084579468
30932257624627938,82.09522151947021
76301111234996148,239.05919861793515
136628761449873477,5.226404428482056
104255977720780281,12.586752533912659
1120404367750573,35.031354904174805
25823543202964342,3.1321059465408325
103795066785661292,16.719892382621765
11423936881478657,2.103034257888794
9600893421507743,23.462301015853882
14909396708822063,6.584122538566589
93629563562245066,3.79720938205719
348922967330468329,26.503310203552243
84829276867081153,2.5637712478637695
21013114136188200,2.2751883268356323
50400205614778836,2.779348373413086
57720007465273129,3.214414358139038
30290970023581666,133.1295177936554
116823550890514739,4.425020694732666
154994182250326619,33.493693232536316
91338777520161471,2.766258955001831
153313570417731522,22.168639540672302
42401961096399468,8.993144035339355
3659848975666969,2.514617443084717
8962023116767169,106.6182986497879
27600626200604795,1.878040790557861
18249589799020892,7.472825050354004
303376581341751081,7.3918644189834595
328855521424881268,4.511401414871216
31514241295673860,12.382359147071838
2292250838508095,15.073930740356445
15099555386197450,6.480417251586914
10838210832947188,1.9126574993133547
208521305177667817,6.754469633102417
1119983315879716,3.078941345214844
36276963565751929,21.840282201766968
32107764808136730,2.0894349813461304
12102996904631623,25.215719223022468
9146930134975859,5.781672239303589
62287664165295206,3.698750853538513
101136242586552841,23.094563245773315
15187042673459255,14.859153032302858
44014260113723692,45.52680277824402
9022645319930009,9.8358793258667
51296347641984039,3.393309593200684
114512235838237494,11.528563499450682
3728503649616667,2.8155202865600586
70858965195120498,94.66636490821838
11995088973223809,284.9365742206573
106529506822415094,147.76290130615234
138913725474678517,29.650535702705383
112560446672666316,76.523122549057
23455763113895675,22.12405216693878
69125178571997793,4.369112491607667
6011444701571679,41.124900341033936
6020771354735378,142.79114079475403
68786059331317909,3.155076265335083
110574485744904483,2.9158616065979004
62067248029227960,49.225327491760254
1045571542702962,238.86648380756378
360346492316598182,4.561927437782288
48668734170464986,108.14643573760986
7002673855386111,8.173460006713867
14927418714380978,107.81169974803926
15173594686739419,64.66988790035248
128066297985587717,4.112528085708618
54350796826200294,51.86745369434357
122066723337394117,46.647610545158386
22205756055843394,4.3919172286987305
158049470498839920,16.05039143562317
5516972584871232,13.6316077709198
11728842804518002,2.8586318492889404
220741408266372139,13.30494248867035
24609741063872702,185.59045350551605
429103543955366882,45.322025418281555
107445626622138384,62.62689960002899
17908032417783206,4.1926655769348145
216268947733199509,16.71558117866516
13914053697662775,266.2528611421585
4177622813126146,9.971370220184326
33884459278427794,6.476664900779724
144382131804446953,4.530965089797974
166600764178354606,107.91855335235596
305590145874250280,4.414044618606567
44418299913806763,14.737109780311584
41889159413106853,21.79906725883484
3196439003082516,208.8818063735962
15153396664846694,52.13955855369568
17715160219528810,3.912710070610047
18404601095225444,406.95292234420776
32713057267433659,100.75767850875854
30809870521321424,249.70953619480133
31237791649960750,35.80110168457031
236291891989062729,9.14930272102356
36182013420947106,3.699312925338745
90177037991708275,30.865998029708862
58896021638367367,12.74619460105896
62376445741170857,25.883246541023258
21144727880518979,64.287109375
230601784063151195,123.70532119274138
20497917974300658,28.726393461227417
112125059729922881,12.167380809783934
75937296943780645,5.632115125656128
20397532560542442,40.133254647254944
41766075253292025,53.622737884521484
1266595287820412,44.170801639556885
2195921294308462,203.04329133033747
42532889721822444,5.407456398010254
29899456195273166,332.3326470851898
10541511019538986,12.101797819137573
19655488855299935,4.061813473701477
43674116290457549,33.09720277786255
27335906620748456,563.1357600688934
167420033967347796,5.143836855888367
94454168134429592,53.91989886760712
37359388640256892,4.1250375509262085
10637582349826692,115.92337357997894
94306688424810375,6.008842587471008
18108531994635140,2.369712352752685
61312995592357752,246.3908076286316
124609149458792380,3.819409728050232
15524832678903224,20.863070487976078
146980209540257377,55.782182097435
119520097514870067,4.7359702587127686
10927129897138549,273.32433521747595
113176195478143404,5.697157025337219
70739293238354049,4.687256455421448
78387516524212198,7.189677953720093
55816782650709996,45.685205936431885
16533137861511416,5.188844680786133
109831727706491781,2.4401965141296387
24843596141425476,4.627926230430603
73321614714603708,31.93548083305359
28788942509161743,13.306403160095215
73720883193346480,21.129919409751892
168080076806601557,19.972796082496643
24939899853190420,72.54089260101318
91073402278724097,20.2882422208786
8936202769677817,4.4227705001831055
4681058937096949,53.99285137653351
23985940761073763,5.108454704284668
5201945984903899,15.432034254074097
32632101956969363,15.094720840454102
192314075196094048,3.977129817008972
16201576804618339,9.821683645248411
30676718862712588,19.968183755874634
157763978093984882,2.721291303634644
103099154157555958,161.56635117530823
3441729798376806,213.21517026424405
114479347255425504,15.607571601867676
244948952960063927,11.648655652999878
2282383852326185,23.17657446861267
23678657402220791,114.68725299835206
201895829747924560,46.97225368022919
357249644871519818,12.970696330070496
22514320242991433,29.915636897087097
60451151463852378,54.592259645462036
13507886488804261,35.04932403564453
26279021818034773,81.22677934169769
116729016786957903,206.62978470325476
24917429084057749,61.46450102329254
75026716428060924,44.90281021595001
15552504607755046,27.104812264442444
151876100498245729,46.07197570800781
95238224007138369,8.27864158153534
236186932520927922,378.2885060310364
10578655685429497,314.66330087184906
151040277916732976,46.56744360923767
167679463830127591,6.863195896148682
12503479588719543,3.69001042842865
44259581464195586,2.737709045410156
25550268650219985,3.974091053009033
9708610457074602,3.0615234375
14013856741806682,9.028837442398071
252405042549682280,3.9655981063842773
904155483638194,17.91948664188385
392720912507027722,24.188463926315308
16828713198541922,136.74478662014008
6465831866786089,52.5048463344574
6827632776149562,160.335728764534
31432596537113378,47.211780071258545
53040598676888794,7.670579433441162
5702270738860534,6.756795406341553
12157729966708188,73.349693775177
250240936319647537,4.5892112255096436
89190676175568362,128.35282170772552
3815731039281254,241.1794807910919
20042981699932226,70.21964299678802
13734558759207014,5.238261699676514
5071465529263011,45.995306611061096
156786691942061723,30.00665056705475
19840477436730239,23.75213181972504
49976224064810939,4.476489901542664
2812389734753308,4.1667563915252686
63971746278127635,33.78183352947235
152296076760279880,24.90320873260498
4368641425572935,42.390424728393555
1715853505466002,4.979564070701599
41015224851142901,38.598475217819214
28636199744352907,14.705306768417358
105336389876566233,41.22707521915436
3178753683164195,8.268165826797485
25185640300251864,94.55042839050293
59689816199332211,3.5583106279373173
16468320056979041,2.851646423339844
11144767817913798,110.45640563964844
36048398376047428,5.7734739780426025
14999184951048162,27.473512887954712
62275587332478809,22.905402898788456
381439978092110742,45.22367823123932
93920137914144292,37.26596939563751
237113195602112928,20.27564024925232
83338382183523930,35.07361876964569
163385616906070667,3.969733715057373
94394391625995929,66.14898085594177
7487177753448415,140.5530081987381
73863675684236986,5.349323511123657
71674862793706000,3.051104068756104
127206699515359670,18.182076692581177
31339705697962316,37.95372951030731
5403532535537129,3.579099655151367
39021892830913742,29.672847867012024
17528784036323260,6.286057472229004
2717849596380657,265.6280082464218
22266702621693805,17.44663095474243
32073010918753119,41.01759576797485
151208074793807703,2.6159451007843018
88448873959157314,191.2122871875763
56195432430192131,171.50049102306366
216959234441787696,139.81193578243256
264930207809819,5.827982664108276
484293412395822619,81.28861451148987
286736682178768678,6.509814739227296
21443459344692276,8.371906876564026
37206724287151053,5.214612245559692
77752173982901374,5.794614315032959
34328798729675157,8.163425922393799
2229976443805840,46.78663098812103
27796952325675087,3.6436928510665894
19479825511043011,17.537576913833618
144637935467039,9.600462436676024
11743098887676868,33.03090250492096
18078404570667939,189.88630139827728
2705682151703163,177.37809264659882
7950849324906111,3.261183738708496
66274455046249510,5.351779818534851
12167297386494102,298.3352384567261
29660300151768318,7.83165967464447
49979527431484104,69.01787829399109
89875642106126338,5.839776515960693
28929527180281919,5.847292900085449
51344247248502176,23.10104727745056
18044382369364884,31.12094962596893
27051292244974808,118.53580582141879
183091624469101006,302.32453095912933
16003641126340434,4.770357966423035
308311928500861528,59.11800134181976
92236820330463854,174.15975439548492
37954608962586846,61.12630999088287
101463000844782343,2.8365743160247803
77447212305444589,24.946832418441772
17499266680125895,9.259437322616575
10113441139066147,41.64493370056152
17397111633973345,46.00890028476715
4470867992562388,5.849875211715698
119714983458294504,67.77005112171173
111098865064094025,5.969550848007202
18470283103290314,72.2025660276413
187835129518786993,41.813546299934394
5776759959326068,61.03868544101715
1653394480914151,28.009552121162415
34971462971433266,4.622226715087891
104675224496730882,135.64512741565704
9626639160243712,5.53366756439209
223666461196050425,69.75534951686859
4422680816112961,37.309762358665466
127021196201253437,95.0001745223999
8751161316964280,127.80945420265198
2502087620133227,13.7710919380188
2050450277330611,29.729472279548645
20140134538694383,18.84089994430542
67248714555814721,16.288290977478027
3606359193542996,13.194783329963684
378203347698506571,13.17979609966278
25509307717383852,27.665339708328247
22600273658329108,3.132046937942505
34195255354141953,2.4296014308929443
20247000686695752,4.641585946083069
6604742413331267,130.1552860736847
28872040914528411,13.540430903434753
14162536807975232,9.598997592926025
104699460215346385,4.480708837509155
34542556449828076,2.264712333679199
7052671205664765,14.008020877838137
15603678889524518,32.6258305311203
7152136993704553,2.7659888267517085
10031225525235465,2.4317193031311035
27555266814346099,17.927319288253784
89357785228316689,2.07490611076355
122831848427399958,2.282000184059143
78616426402610523,10.923373818397522
62685069809359203,1.9930381774902344
89414649508410376,16.52147889137268
72894141017860986,50.998249530792236
251841712239102818,23.877908945083618
41063125507230974,3.079631090164185
90320832271877098,13.063443303108215
33577787226849954,74.93659055233002
114494066736156388,26.25610888004303
2936228148631089,18.817538142204285
22946610510411630,4.224177241325378
45156568006571726,42.64147102832794
19053041366500992,7.115057349205017
107452909852913976,18.93548572063446
22364922489505370,6.485862135887146
13957472940470794,23.988341212272644
169885086914958095,2.501030683517457
3029576178141469,59.42071294784546
60000695525396855,2.708232879638672
28640481240989368,2.7375340461730957
34170482781041825,2.5981931686401367
16009108637928003,3.517704486846924
75120275698316553,4.097179174423218
361546907286246548,7.799103260040283
13635977320725415,9.37165081501007
118470989882091929,7.072800159454346
31514697002497997,23.30270063877106
11089458777400297,12.372382044792175
89852546191169479,6.334405422210693
116865589478960263,2.3701592683792114
11411066320821666,13.98428988456726
6941335437117944,2.9673935174942017
58673631372276553,83.34314525127411
111782118307830392,26.139706730842587
75862877224179298,6.762096047401428
123551483788822466,4.6581655740737915
31587808523736936,13.986132860183716
183863131541855781,51.760122895240784
108948319690000341,11.765573859214783
87850195084617565,3.8636178970336914
7461752454456232,37.66538846492767
41161560070952066,2.771037459373474
16453896589455424,123.33842098712921
439319950106619629,2.026721477508545
103120370631691465,6.483893275260925
169786787495934076,38.65222942829132
160028466895012478,2.8370535373687744
3707373695917825,4.0635058879852295
23776465026939670,1.6952183246612549
38227971545336877,2.8070056438446045
25041786641287671,2.8170270919799805
149012125200953779,20.71168267726898
45269890063226673,2.6956562995910645
30490681496861937,5.269498229026794
2943320587003347,3.2518908977508545
16094047825493774,3.02367103099823
115557428308476452,3.9766578674316406
10217045893097214,22.10171866416931
53506185879812162,4.965492248535156
28790203575715454,4.685386657714844
6788259200738652,29.42717957496643
2500899521742084,2.2081257104873657
20544934036765293,74.39171481132507
20518944674844352,18.95213508605957
1252922300540798,6.291034460067749
31849615272860796,2.20977520942688
8181021457148487,6.5139076709747314
92614829289502991,6.347612023353577
586788624751899,16.658946871757507
62990138762933679,2.010820984840393
252350356467403156,2.117713212966919
10395875114466109,5.763573527336121
23119773262707718,2.24239718914032
104091773777972139,16.984307527542114
46716070412075648,3.612465381622315
83009348247508768,18.66662299633026
32077890032896209,3.9197568893432617
27801447875380442,17.977716088294986
66030347841687704,97.08436143398286
116994404654169425,3.927206754684448
9923252022246889,21.465007543563843
37091283208672299,4.315447092056274
23746453033980808,2.413849353790283
85041641247619654,2.9462653398513794
103592088096905919,7.83874773979187
11743867772791015,2.3810651302337646
5567076625259057,5.987707495689392
23424729637635743,7.526264548301697
85994091362973500,1.9293828010559082
6135830457907227,4.345435380935669
139499445342971780,15.257891654968262
63011528921183404,10.396586179733276
28730484361773564,8.475887298583984
6617043933667657,3.22244644165039
18002228545461181,12.507189154624939
29380187638771282,2.187082290649414
21735028499161321,3.846089363098145
24639264225473006,7.237793326377869
14848263239951931,72.24099099636078
438960556271193718,2.9358084201812744
90236842460174432,12.33590304851532
21828578819552412,74.14647686481476
15611605422162142,78.99458754062653
165334737638589800,2.3538765907287598
122048397368135286,2.867243766784668
66885396616331501,7.534330606460571
5461899235921390,19.7858989238739
92339340088944204,8.359351873397827
19230468243808901,11.860815405845642
62121835453077910,2.718921661376953
59113610099302325,1.910590410232544
126860271391638903,5.13559353351593
16266486680432379,2.5168304443359375
3147368928659570,50.967480778694146
264098049776416226,51.506531000137336
8475820925986392,1.691132664680481
46748337493196613,5.793725252151489
202570830470762694,10.528659105300903
109646661671764484,20.550393939018242
80367946403121047,12.739580512046814
177653158139619868,2.797775983810425
3602531093886065,10.322916507720947
17864669932769057,13.26635718345642
102577604293941328,3.6044622659683228
116884143057290885,1.8778414726257324
9458263091833712,9.57587468624115
112908427744884013,73.15733575820923
128553714990764539,2.2126002311706543
10834389056185536,6.687432765960693
20692030431148467,24.413413763046265
156047054565911335,2.1208709478378296
250211312585626681,10.133733630180359
166808399286908427,2.5842363834381104
22619312878572822,2.0645854473114014
17568266038513051,1.8148813247680664
78765031259860689,1.5924435853958128
56004971647024466,14.309276342391968
203175928612928965,3.350489377975464
16878730494046387,3.4161829948425293
51394530128138225,12.56865668296814
35086891254207805,21.090384840965275
15869179529363820,2.2053245306015015
28912016734768793,23.68785703182221
434239523889526258,21.42830371856689
44883318847805579,12.074021816253662
397337443677753426,17.124585270881653
2678244892271573,12.663077592849733
90715613393311027,3.7593064308166504
146040440238976694,2.5110387802124023
18545205474860835,19.318886756896973
6160698002478894,2.9203643798828125
46242164711990435,46.69487762451171
120111567980353957,10.014611721038818
55154697611396970,2.265871047973633
196709706056405544,2.1638437509536743
104394611606714130,3.0316630601882935
8722823534954943,7.236394166946411
110028615589694092,60.414965867996216
2500679783700867,3.657923460006714
29501324803049735,3.3210575580596924
92673387916761480,172.19477033615112
26902113272288632,3.0055102109909058
1650709476969966,8.439869403839111
112499911401786021,6.790186166763306
41487883220105133,4.503220081329346
73711903710058445,13.457057237625122
8033457324397862,12.736008405685427
103132199697624400,7.813592076301575
114535085746420427,3.86238431930542
107302916723125701,9.372100234031677
74416028983176052,2.463244915008545
369551884267082736,27.606533527374268
2488813991066001,2.4178609848022456
12334842990031203,5.816625237464905
17663579630990496,23.72791063785553
108129027311665170,140.22307741641998
116170585548073621,9.6278156042099
35031445717218531,2.535307765007019
182203962167312399,7.80562686920166
24633941426402839,14.053938388824463
3226274637742206,151.94124341011047
31545289629989569,9.055625677108765
36852839273715454,21.295400857925415
18408122011035192,3.5866894721984863
31542897850013534,17.1039457321167
25829799843131399,12.314986705780031
32108865727754594,3.5659599304199223
2560125220626770,4.524324417114258
10498093555588151,28.89792263507843
3425260801548067,4.5361597537994385
94485360958708597,98.80026543140411
4757410286220125,15.995676040649414
155072469496595567,6.789438605308533
32296934264352305,2.0967509746551514
15619157011840937,12.351763486862183
14198895886572721,24.0823723077774
29465759772095231,2.1398251056671143
20150082472981051,19.303311586380005
17986611652881111,5.44526219367981
305375206977527185,50.67548775672912
23539911278517328,104.5651797056198
3812078236207608,16.60353910923004
7618285332652676,59.513060331344604
5208117889720354,252.6383239030838
111329014936164365,5.104276895523071
4205540253374842,45.879247426986694
6027942579999319,71.19693779945374
590903797155887638,5.240596771240234
34910621112656343,12.810245513916016
14974565773530804,16.423520922660828
3603374640611910,13.630620241165161
224359816512293567,7.202902317047119
36715108247831892,62.70699155330658
222133811902917550,7.8797447681427
128513752581900742,4.5097750425338745
25754479878620735,74.7578159570694
69601895445497408,3.1013872623443604
153596927621605013,4.171577572822571
23427086025942835,15.253487944602966
250590848099642608,51.955820083618164
21483731094465374,3.250357985496521
62710952704608786,10.65303361415863
62721349531894782,13.260564804077148
293562641258519979,28.2214697599411
53802241170797201,20.919874787330627
281565264570974,42.61672747135162
19080403541581372,12.903372526168823
104090453412064896,31.09464871883393
24045350208030377,4.067623138427734
24576872431621096,88.82456815242767
59703045240189097,29.30053079128266
61763062571428138,2.684035301208496
111806895058082340,23.70915687084198
25325532175490085,52.06146693229675
22912632984015799,4.790987133979797
287577968752178014,26.871090531349182
239998081220304802,18.996371507644653
12539269722243211,4.5883564949035645
60874805542364915,3.9655020236969
150032464510379856,4.171499133110046
4967281624723989,2.5010104179382324
71426647899903562,2.9380731582641606
19194580636283938,108.84224832057953
150857346686931081,10.45011305809021
11772797036577074,23.627128124237064
30528926535125523,35.632359743118286
322128639489064603,16.646663784980774
5352025244425016,48.540769815444946
119224282843469114,38.89558124542236
22439571451003643,21.84569561481476
24574473899435456,30.369274020195007
42315047138301310,4.0040154457092285
31961495417550136,46.3722859621048
32962007862975724,14.644049167633057
126702029788690685,11.365015983581545
65869622975629329,130.30923664569855
74203155695895300,102.70800495147705
66229952743817532,248.99299764633176
74680823394990131,2.5780222415924072
19664191525785822,37.80558121204376
7021272979256245,27.284769415855408
288866378364730184,42.568260192871094
110158123800441334,22.867284536361694
312837395308603760,17.099771976470947
21121296343234428,2.838964462280273
3084758982539184,60.39418983459473
42846550006756812,2.690963625907898
257785616598731496,19.186870217323303
10120078419512076,170.17076802253723
90684006451413606,11.666224241256714
159862678747779456,10.93702518939972
18509410935521514,13.280925035476685
9722621901500941,3.1646621227264404
58578533474135761,3.9456520080566406
102711568989865482,12.591062426567078
34791179576002625,74.23517405986786
101164895536564772,45.595823884010315
94798808014208517,2.3611663579940796
122636634201339179,49.671318769454956
68616080504682494,3.3207204341888428
37025214541951675,21.67699909210205
37657501636715369,4.8840672969818115
126377364237494706,149.23067903518677
25891311557923919,21.95782232284546
4270639852896821,10.609718561172484
4015604799232878,14.098639488220215
103904512758275344,74.49649345874786
8059024676074275,7.209291458129883
4736340467435560,17.66356384754181
7687071183237933,8.234266757965088
74461236438989027,44.66320466995239
34222967130556800,416.0838648080826
29162675774400238,3.588544726371765
607486680941589,51.729469895362854
4893239780237995,69.21528220176697
31341320458348914,12.764195322990417
114738485559364190,25.03213596343994
82841656439030206,20.739389300346378
33459739181737144,120.82261121273041
17070464548080237,29.06535816192627
9165080960343012,27.53690207004547
32971113286125536,70.02438449859619
120640579377671657,10.223547220230104
42770469469371720,3.661098957061768
30704115411877071,9.240765571594238
2016409979474050,15.329145669937134
102560541396477026,3.809692621231079
21785011495296825,12.406994581222534
6201362336369773,2.436823010444641
25284817632039071,12.451347947120667
19160354174133339,3.3252456188201904
122021196003713776,14.140698194503784
32333920493577491,59.09079420566559
15301399956876616,29.25557088851929
52302077122212734,81.11995995044708
320077221403490309,2.9794564247131348
25885912992494751,1.9399809837341309
10421154487360030,4.815635800361633
330909472146280052,141.29258155822754
23020343850004795,48.39968204498291
355524699985581528,49.11415910720825
9078223590560882,21.173933148384094
98315586842711592,70.96833658218384
20394011557920107,35.51950430870056
122585689341983788,30.606420040130615
108205789559422646,24.162527918815613
168254996974882233,148.2641235589981
7648428838279728,20.125320315361023
66715464638099779,6.614681005477905
214064819393276669,39.197609543800354
54245815254510427,4.257203102111816
3256207784619692,4.1628053188323975
150113129239440,26.892091751098633
100861366947064755,109.42038750648499
13843111738074416,72.23150074481964
10412447540519144,25.180322527885437
10017458597760373,85.69015276432037
119098374179402484,39.07335305213928
49389186758692387,10.302132368087769
77367433978566606,11.791693210601807
170541843062558595,28.253453612327572
5722274665687188,3.187661528587342
39139914780004390,24.246587991714478
94631245216332193,70.81218159198761
6697252999104759,2.8672066926956177
12679898396076078,23.997926592826843
206112333383131768,25.205316424369812
168611501216905436,46.39264619350433
349473629818850745,26.833625435829163
10326633133386167,2.132699489593506
169209687516200737,27.868388891220096
108212660935525105,63.79976546764374
8099053650403288,3.418333768844605
284866008124780489,2.626351356506348
120297998980426534,94.7788896560669
42463305214177969,78.97633981704712
28917720846991374,24.433777451515198
14692598772035070,302.37108850479126
911985634786271,20.03393816947937
106652206208926992,3.0714426040649414
214875344266816887,12.628658890724182
24211426062562279,62.08841121196747
57055282058265569,8.323894381523132
39219353465647543,16.40740704536438
21269917920583087,14.737112522125244
127969651935362331,2.653006911277771
52043245621673529,7.037872314453125
88617134027910370,218.16214668750763
20860013262229440,5.082058548927307
15996448216879240,47.741050124168396
351303487382382751,50.97604775428773
260472379257462860,95.07060480117798
37657628294337313,23.24086844921112
281741107672315859,13.441596269607544
84873549623134473,3.578056216239929
35189855328042203,41.1952463388443
35672929992773885,2.715576171875
4011882183138325,8.035167336463928
78387394544647803,4.798368096351624
38142393534722573,16.586358547210693
157373245268434337,5.984683275222778
26576985681071607,7.855491876602173
27912748650737760,390.0346331596375
42717988908022288,6.346613168716431
2235772382849760,3.371657609939575
304111083491579702,29.102720975875854
1891707523569690,22.606534242630005
19390830990227950,75.20280528068542
22384290893714399,13.059011340141296
23886140322537755,3.540358066558838
18584889540491777,10.510818839073181
258361948057405000,11.807517647743225
117260774141264288,3.4485132694244385
100038342032053101,123.78680944442749
285200922142945400,3.2596771717071533
10418122456906112,6.499873757362366
173816589009231415,14.103334307670593
2636189438853037,2.842722177505493
10037275841525775,3.977699041366577
304091201377574890,239.58285331726074
7661099479063780,3.9665110111236572
513799642076450212,3.335228204727173
10293292760705823,13.514162302017212
110278343885132049,2.856107234954834
69035269244983818,3.4916151762008667
22792150353413030,4.222476840019226
68884352467413909,204.4798344373703
9803585734650071,67.8213552236557
24270023012594451,4.032405376434326
19894218755525072,3.195607900619507
81221417344474237,13.737717747688293
43195334864353377,2.179641008377075
36981510279476642,2.764333128929139
50896147313623790,29.355230450630188
58143290732969161,4.9672359228134155
12620010348038804,162.45890843868256
12468170281805965,25.63777840137482
64614343451019342,7.366121888160706
28941915959690587,120.11412727832794
76440286768553774,18.541887402534485
104641217643218958,82.01544666290283
12077834186610405,3.4957767724990845
174820250417561322,22.33071625232697
100424508155347626,16.6732360124588
172610320785869883,68.6760538816452
30652614075629883,14.355371236801147
124305678195933613,2.725252628326416
61004490023446592,6.1372034549713135
13994609147660676,37.82286775112152
42362744553541821,26.268926143646247
26130521299217370,145.50684571266174
6457968478845836,34.8279824256897
34947447645534583,28.441092014312748
19877542897756807,107.53250336647035
123145265978435597,3.384007215499878
118949504737205637,3.7114579677581774
39234634298736066,20.512014508247375
37392783951255685,14.092773199081421
66349438433354777,93.51705276966095
37463095153251502,147.0696291923523
109603458153554330,6.467813611030579
28167345132921632,27.394790053367615
129028475696084047,14.88283586502075
342312133884180722,22.24821484088897
6391560207754041,2.818953514099121
15343693546319866,93.30194246768951
62781379122474491,38.615272521972656
15519755933893446,153.12843120098114
7155892908969750,51.627402782440186
112953376070646068,83.67809557914734
7268334750041292,341.4523251056671
15864444278382509,3.1962585449218754
419701147152737161,2.8059000968933105
11806278838251361,6.642675876617432
217274570416109221,3.091264843940735
336733447579757,163.9346308708191
106904058265677586,5.438405156135559
12583261548578008,2.6625566482543945
2831263616126752,3.3296014070510864
18354429194691390,42.36674773693085
59736144277182013,26.308414101600643
234576384404727053,5.240439414978027
64017151414796596,62.88208258152008
471426651567281082,2.3738906383514404
29142311038417365,2.904805898666382
30562737256095698,9.697309374809265
17355452081130360,14.361690640449526
110114023390468030,6.874530792236328
31817334689104252,74.59066224098206
30722937974032130,5.472911953926086
107024576818918850,3.3157843351364136
1504630289588176,45.735241055488586
13599001812635312,42.117790937423706
174477567561826991,102.34052586555481
240725188153256216,22.495311617851257
179842968476963414,8.445856928825378
54641156025581291,8.188547492027283
39241709809015141,358.41621112823486
22770343874790515,3.159384250640869
66994472811765907,5.323755502700806
11336262083169356,19.210090279579163
3225986661532051,5.784398078918457
253471427032220841,7.382407665252685
34174256815622045,3.3990020751953125
125217243837732450,44.21863496303558
40062331174310570,339.801228761673
10824804257372541,154.28491115570068
117744395055702316,3.574110507965088
412115714141693750,12.809994578361511
87002161244530550,41.28008210659027
37477912934664048,17.596954584121704
17404029716389850,9.941500186920166
9643267570067947,22.643612146377563
92132937704000822,80.30734431743622
6917989733799620,5.425853610038757
348079218758714730,3.6702525615692143
196869917089805760,58.505133628845215
16790046077793888,11.998080015182495
30485309222731629,37.436601400375366
387610844022102675,31.17566740512848
151497615535859609,226.8951884508133
10090595050618948,4.776010274887085
31834347229322581,2.6299158334732056
268943148885192867,2.993344306945801
31887352008915318,32.78914833068848
18846492673518788,15.708513736724854
371083704487912254,56.34137690067291
91109265920439906,85.10482454299927
10530776923615088,2.741893529891968
605746734577383006,68.41040968894958
16329321066387385,4.526604652404785
50051959529257243,3.819549322128296
53247172254468162,3.601880431175232
231691283471125813,225.91235268115994
29609424120391280,3.435979127883911
40111682579011210,292.52776968479156
107105094022028351,4.9261391162872314
17448920798249548,3.4118351936340328
126876633441905453,2.1859264373779297
3057092795186662,22.496028423309326
78883239603519299,35.926753520965576
75550138959467086,232.90095317363742
12379315752249028,18.54760777950287
80999213057462539,25.908680558204644
1545884868316574,8.287968397140503
74890494983059350,22.621644496917725
23040360752690254,7.170438170433044
351413165437320683,3.0390303134918213
8691306551408973,73.44484090805054
63856983517229668,28.210289597511295
33743057133300250,29.151744008064263
104152024305225162,63.53127658367157
15793930678264908,4.004512310028076
8777230817067699,2.9348273277282715
112416102500999638,77.36100244522095
69142389513236567,5.262694954872131
95436851237756606,48.45882821083069
30037935653687862,54.587512493133545
27690632733656818,3.787876009941101
100281397475676210,33.30982506275177
110913974359179577,9.39941656589508
98567586252114320,12.223450660705566
12183026908619192,372.71058118343353
108610899243977314,3.317659854888916
61133078605884916,22.45148527622223
22891048921412057,3.5359275341033936
5127799868544732,313.94142055511475
322002652020374951,5.31000816822052
32852381282533795,1.9779052734375
5220665026848310,18.038315773010254
189814906418876193,11.323031306266785
42982610775841384,4.064661622047424
68650920031597669,73.44932436943054
11076446549961693,5.14262056350708
57676557947754323,10.648545265197754
27174240803323424,23.236698865890503
112775039745637776,104.12912786006927
30608747239888455,3.6999714374542236
1433140081928323,123.76058804988861
22926839360230735,2.470499992370605
12857352037298227,197.62374913692474
5545149187838955,192.5657274723053
23815108898501642,3.7211147546768184
146653893621509,10.486042022705078
20661552860759950,384.24051892757416
14183543807001149,20.655237317085266
12516680558394426,6.427591323852539
1785186597776160,13.867527842521667
27766006249705462,6.250277519226074
23560078972926318,19.24492883682251
23702345263737282,4.469480395317078
63680957760716539,13.209082007408142
31427290692172516,23.98782193660736
255071172200765358,3.9358004331588745
125634097705543321,3.011552095413208
115396141955615092,3.579089641571045
19014987761865758,83.76629900932312
87539875582178272,38.33001458644867
34767748696773574,140.1152367591858
42523204915043918,3.5678491592407227
21570003795096639,30.70238935947418
290242345099328339,5.2603137493133545
13312842184161644,2.3548738956451416
97991671159913556,26.245771408081062
13368128617412722,4.530424356460571
285921803125840098,4.815040588378906
971025584381556,74.75778758525848
7052016697863975,14.47324538230896
43338453311056340,93.57292544841766
20685368720853334,40.91669547557831
12583094795196873,3.235984683036805
36291865149682155,9.394885063171388
204327725116886765,4.040583372116089
46585851468248150,9.31778085231781
88421237462727055,38.41260528564453
17749814142740794,3.3375508785247803
110653355010399862,6.821210145950317
45864251006677842,3.0783573389053345
24456188721079282,4.880717635154724
12968244053289526,58.63510274887085
91080375452407601,4.837472677230835
136706417197303955,21.524119377136234
465644803812585275,37.205872654914856
2357412199807123,292.1610563993454
377179790298037740,7.710582613945007
197394223950649060,155.38998818397522
124661261069566211,5.066098093986511
21500712082543556,154.33628404140472
121289452449364700,36.11901676654816
27009606992325923,2.627332210540771
49382521172400581,113.18257284164429
87135358649377105,5.631256818771362
28827713907220226,2.382878303527832
38037205612625327,2.770491123199463
127304540105521382,50.422550439834595
50487215930322571,23.16556823253632
71610484905224209,33.800938844680786
21290261742312890,5.249616384506226
24621245314317506,13.694056034088135
147590224263445547,3.113781452178955
11266138547866154,42.32218527793884
13883124731931410,32.90134370326996
4035954213042763,6.396018743515015
761646224880478,349.53538966178894
149491384081697525,28.21310520172119
11057300950528514,28.15729570388794
104998329610157551,2.9287490844726562
14674236511719583,96.24153482913971
41637451311418731,4.023989200592041
74118721586619539,3.4693913459777836
10847066893799070,8.039999842643738
76100281791331512,76.28070425987244
8096541360036570,199.33960843086243
20076884664219109,9.858477115631104
198436057349675752,4.694257259368897
14774564196695409,4.845209121704102
24126895518670456,4.482619762420654
14114811873920750,6.950841546058655
126984250302734638,2.4270174503326416
39745248256532065,4.5864417552948
100880203078553510,59.76003324985504
17509316625791464,8.281536102294922
111353070224376949,1.9021236896514893
11929138962340452,2.8396077156066895
19321883090392926,23.333006739616398
105944688441549104,3.658885002136232
193440649929669660,6.298826336860657
15094632284823573,4.591627717018127
497137256990523127,5.751398086547852
64709368683812423,110.78443586826324
27131460806242106,4.688908576965332
11310298041995006,259.90281534194946
88691658199155160,33.79578900337219
68290142098505099,59.012134075164795
11291547192117393,16.864871382713318
26015438096437514,10.947464108467102
16079652352703701,7.773936867713928
120301194564919445,16.58617091178894
31952046571449627,30.00900804996491
290888641859302316,4.609856128692627
20811755037169359,2.97119688987732
13498822870276249,2.853656530380249
101528875279965081,5.316532731056213
11435406670541057,12.37790858745575
61195453881312120,7.887392997741699
31204989406584471,9.547850966453552
153365546677078862,7.564290165901185
14504144614277370,11.033993244171143
58820776168211813,6.765122652053833
2676346194207424,29.84912395477295
136965560490840762,45.89352095127106
22786250079767237,65.74997186660767
117039829900510812,2.1333892345428467
118627678579108574,21.367937803268433
241479427309280009,90.95025730133057
12255283752276784,16.869031071662903
3264624322948206,91.34491086006165
642874204494027192,316.5347822904587
185079677915025840,2.725106120109558
27893730538315968,17.915462732315063
42584770457361968,2.23893404006958
113789798816825826,51.26443648338318
27066021002550155,6.88388729095459
6057561556358677,23.244245648384094
30451781697112848,2.7220704555511475
90039048921832279,8.663970947265625
99745206967478708,2.8261083364486694
62133869179808244,8.786390900611877
31537531438450551,2.110353469848633
328964297478531574,5.315555095672607
11583016565220634,34.40930533409119
17183812038336403,17.739871382713318
123819666320884418,2.4991664886474614
1818856347212283,3.374265670776367
121725833647104282,23.19280290603638
239347730927812410,35.662641525268555
20360539484627429,13.659725427627563
129469779990968021,5.805947542190552
32056454992581866,4.483432769775391
45616651583599998,63.770800828933716
27791920864436250,2.1468948125839233
5920784878950372,81.99854254722595
19918181863361533,86.6291036605835
1037039705520088,19.40371072292328
124559685157436069,54.45487821102142
183934057326673932,22.186009168624878
24070678426278885,13.374804735183716
24139894873419768,3.429802417755127
31224182048332860,51.18786823749542
8952037674509962,16.665802836418152
36646634788125622,23.479782342910774
100239152903273275,16.198801636695862
16677823071678555,11.96465814113617
123196071870943935,10.921081304550171
3896544511569770,20.613727569580078
30764257573341846,29.815547585487366
11958853220389997,2.3867766857147217
11066097470776439,5.236790657043457
39785469003311303,5.185770750045776
18659355490841878,13.07561719417572
12055624407867844,2.1961652040481567
30415515061079252,4.649441123008728
46797702108438420,46.947038888931274
123232036075094981,22.33541750907898
25319613713309814,13.816156506538391
47568621976089503,9.554516911506653
834042729341880,17.27123272418976
18406757164657230,10.04656183719635
21320497964577676,11.941635012626648
74426678506552044,2.4355627298355103
10646808855128546,20.50793981552124
7211700301973906,28.5734680891037
29547499398202047,15.167605519294737
31301194663559376,28.473797321319584
82890008044506558,7.766555428504944
104903007927019169,3.0527888536453247
15092096145740265,5.1424031257629395
8457875004033631,39.33879494667053
73296677750548524,111.10573530197144
69911595029798605,20.209304332733154
20284053712834326,33.021485447883606
18404910628176267,4.110937237739563
19323756149272552,2.807550191879272
31816366634173350,42.53450345993042
296658756636792402,3.058681845664978
23429359923599542,2.8455049991607666
75509425470533771,1.8078397512435915
202786674205924174,11.530798196792603
364651528589177087,11.359237432479858
602491628626334942,2.881371974945069
1553939611324455,10.171004414558412
269645556758694233,40.481988310813904
81022112603539094,32.582109332084656
17734673959504058,33.44455146789551
4187827979060495,7.706781029701233
60349364487270108,22.997814178466797
15733197349711969,51.21644115447998
9994558617273144,4.310439109802246
59697536498388409,29.637737870216366
18068425599440094,1.830025553703308
20089756828208922,7.902304410934448
356295932749548315,2.7288228273391724
75662633468274178,23.497584462165833
75020528201983712,2.224877119064331
33881923794207682,20.499125480651855
144931503066936632,2.6201999187469482
2557280698288461,3.020047426223755
35141525514323688,22.585989594459534
67953693098248682,13.8005987405777
291547088768385308,19.92668902873993
92303067046633117,5.608470678329468
10056729486034908,45.77921915054321
135859935473524,19.18027901649475
102306776557145387,3.273677349090576
81036282134451767,9.977988243103027
129226832070044761,51.27672362327576
11994682273126890,1.8594309091567993
331624829642414332,3.5639830827713013
10932232475541950,96.04905498027802
328140400279598940,17.37015175819397
260396592671488434,27.568126201629646
80587764767899057,6.148997902870178
148397830494473146,106.45831155776976
48963933444984594,2.6058716773986816
7601515494643614,70.73028373718262
787159379857105,16.906914234161377
92654974934863590,3.4311965703964233
40415121301552120,2.7493326663970947
10248786327230480,3.589737296104431
114535507831620311,7.977944850921631
47439743702926849,2.521286129951477
94983779540327006,3.3960260152816777
109451725992152409,9.176822543144226
3922242680908157,86.31086432933807
128491582383792957,9.745283365249634
33195521653111242,43.78300869464874
137774561613882422,2.3875993490219116
30582715860098963,9.4542875289917
2385970021913775,6.427330851554871
25545789209286236,14.707515120506287
34996998478299667,18.801974654197693
17189475170525456,92.9750806093216
99748312819379309,1.9678556919097898
119113947138611095,7.541238784790039
72229782317443306,88.39752411842346
119383230552074456,4.777430534362793
28380653167919229,9.892248153686523
152871384100708185,12.767666697502136
10347586723360661,48.7376354932785
63564104492495888,2.456751823425293
34707470172924850,21.058786153793335
49194364149602918,9.937631130218506
171901472927082032,6.8657859563827515
9281425064820578,3.3159358501434326
11593108781720805,3.8051031827926636
276624461944824228,22.161899924278256
19015490797890235,16.273786544799805
36337560548616590,2.340998649597168
297004585562906250,2.5679004192352295
35952693987723362,103.62337362766266
132758906541237520,8.862706184387207
13128300966882834,8.686174988746643
21465385951934877,1.8603169918060305
10011670665608324,16.116790175437927
208483759796498241,60.153114914894104
15733940169140252,34.4523663520813
39120545549454988,6.672920823097229
56203643837746707,3.177626848220825
12978484267595208,30.636225342750553
12533573011420974,3.0532426834106445
3981198352159643,6.099181413650513
85948165666224827,5.943236351013184
288957560147109824,2.5468366146087646
85339851046350841,4.379588842391968
107192761768350608,29.702946305274963
17985710432998108,2.118672728538513
383284802192063190,6.701373338699341
24101435821579414,31.15992569923401
24536664653722010,3.157533407211304
13381035752893059,15.804031729698181
21875067265938234,8.387603759765625
112553785183583083,1.9549849033355713
21618828987660101,1.6805685758590698
68453650745851001,6.68619441986084
124506899588051253,2.274076223373413
184858363450691427,16.397886633872986
33561694525370267,19.927009820938107
13157959645058502,47.27514851093293
70018559194015605,3.782958149909973
10413877731911805,12.927294850349424
26050561120424993,7.231294751167297
102843809113519930,23.668707370758057
70655570179977042,25.544514417648315
8739661515186134,11.766808867454529
12703255403150549,9.139326810836792
110053947175901642,4.257452845573425
88919873556474351,18.67421579360962
248256612940891173,5.584642648696899
97076605178518124,3.22344708442688
2651338533313303,13.804345488548279
6051488099314782,2.8727896213531494
54338536932829381,7.357995629310608
26644818384786789,4.0687665939331055
120156202069387779,6.408669114112854
91217853361293790,20.70844268798828
24083556841384632,11.398273587226868
804569028980121,4.8632214069366455
277906445009802648,98.3307591676712
29067488261141511,6.612477779388428
190985551717595964,1264.5935060977936
15586957543137185,55.67644011974335
5846264731616416,74.38753068447113
149587867674416310,210.16584146022797
146236316218640583,56.13245177268982
35821863541880443,791.1983239650726
33839906429403149,314.1040418148041
100936765923133018,65.7054123878479
235233333209808414,861.2639344930649
17279489226193576,1187.2787296772003
19570698116149575,449.38109147548676
128016602152830061,422.5187032222748
113434883367120602,33.170960545539856
248095742587496076,3884.599682569504
186134482559068387,45.72335648536682
4015968577355198,1040.077101945877
29472503601113431,31.915863752365112
105988220575465312,26.66026020050049
18732544617384167,256.0089946985245
1178440280884225,42.2137143611908
19038032398931800,496.6949574947357
234766725966116475,30.933425903320312
22859485790268001,47.751864075660706
142439658177362310,308.98266077041626
61376481322869674,636.8365632295609
23775566365899549,69.86252808570862
21944299897279028,3299.4188289642334
108578241028696841,35.90125298500061
13875127489632826,888.7840433120728
437600142103256605,369.47332775592804
25486935774364095,715.208428144455
437104625572263498,37.197500586509705
236373860807065399,34.67356896400452
29520467626998962,385.6024212837219
271099368634776835,613.415965795517
194131362444742713,514.9070953130722
43006238988082110,1790.3220694065094
1131385320497965,1412.734341621399
71918221186188196,5648.155181765556
27438837800087678,1142.249272584915
30834982957953175,1084.428760766983
127268710107342116,7.124797105789185
15865306186129580,335.29126358032227
18004299326341437,279.4610345363617
19565345757664907,2203.1244299411774
10426632681736895,848.5796540975571
10283146112156616,1992.1014881134035
73806171667589088,513.0927708148956
89128881653690712,74.73599398136139
26135888985092943,904.6227295398712
198504540586572718,189.3565512895584
31557129819878452,79.3935170173645
22376556440864476,214.75162172317502
336987097348151396,188.61390173435208
114972835785503077,1163.4410331249237
3128091996079829,2418.0003278255463
2069741587273769,3.455625057220459
63076165229774198,3205.2347816228867
104152448782971199,1678.5193614959717
34935429103620805,287.3146950006485
53937150995271319,57.48798990249634
29943146004498698,232.47084784507751
399519056132017013,34.92536640167236
36279504265336909,15.181920289993288
263379376874206260,1540.6630384922028
134083172412586877,1875.0789833068848
189690101263244718,531.0309818983078
334775479611368681,535.6310597658157
20405286762316101,196.31752383708954
39242417991680203,2110.4347264766693
26710417971637780,69.30715131759644
1955883414268360,1445.4452586174014
14338975975347842,460.8069703578949
50189231985209153,30.402485966682434
34596931749387914,431.6344072818756
128721944728018874,1068.5523178577423
45614448276745809,431.6443982124329
103039674956847049,477.4979350566864
33106620284021185,87.76305449008942
97266160185823678,1120.3677127361298
28639643096807358,49.77099692821503
13131830950752378,25.00254762172699
23887503206383618,2469.672478199005
8771334587956848,131.05496501922607
75217872005565116,4976.006631612778
255205233079658591,47.50310683250427
71936474361589072,879.6064720153809
180433378769221105,82.50637423992157
11533617670845663,644.1000570058823
34503672128760433,1893.35361456871
80731895776982874,711.8528240919113
11348291247669410,642.2120022773743
24602975118018994,245.83460664749143
11331329120456723,46.082125782966614
42777788578889970,6.559544324874878
31202204681095145,1434.3485243320465
10131572957331772,5684.524243116379
188158917794321586,2.7260870933532715
20134512594336172,106.41211009025574
25160869737526032,775.9760664701462
3926932497356479,108.1284773349762
34798415732459872,560.2678873538971
18344638754598696,266.84188961982727
23800559574254119,14.947199583053589
155701674348970594,740.815328836441
110395569665164373,2.865490674972534
12145302720318527,846.7009043693542
209617474965676037,719.7879831790924
2644517511830594,963.9026267528534
30164155602374666,623.5039355754852
105267215593343356,79.22426748275757
34415831827437273,29.959152102470398
35834010994089356,3459.2735035419464
6972842055051180,584.5218925476074
76976132709096172,29.32354211807251
141105801176839413,346.86802768707275
15429631030895737,470.3175587654114
69426696455495040,970.6392757892609
14912655915109281,353.85475039482117
94176629223919297,37.152015686035156
94921436246383580,34.39481246471405
21531744254673439,28.321682095527645
84611184103522325,2.7568955421447754
466805685040483259,1293.020329117775
13323620228212523,987.084747672081
10238417762986917,29.126381158828742
5566555911664441,1078.6110043525696
20686164865548083,2.4781763553619385
29011267291784010,494.8149039745331
70164515165066670,28.39601480960846
28972102617814265,43.73442327976227
8986050000366347,23.989102959632874
110322662427283022,37.685184836387634
218519865706439287,273.0944521427155
7945952386175204,69.70980417728424
16510822063504484,213.78602087497708
72199651839314727,739.1786215305328
26451604173471213,221.36777949333188
112838881175054726,2981.470117330551
179476013218866595,487.6770968437195
91295268580178258,1105.7716983556747
43739042870611147,255.59819650650024
92324809763018555,47.53630995750427
12344249727904818,25.23082840442658
63769084953757318,42.91253435611725
43295227357440983,150.86827969551086
16543904026381447,29.111711740493774
37266770096564248,27.67737877368927
49769293522564285,1270.6426532268524
31079513223879351,1561.4774552583694
116559551506490321,556.6384199857712
323904755522245435,1080.7989888191223
20269205902764189,22.37440598011017
30961198538123710,354.2007019519806
86684946353277083,3.000806331634521
15266455482392702,286.55046749115
120600125986303374,284.4013307094574
3820746454713450,815.7328333854675
22697719115646236,421.4817509651184
28607467008013146,906.8013694286346
418827120689930928,34.31036829948425
12893584584650277,155.7145880460739
4799268148495572,658.7037305831909
141029058718080674,271.72841787338257
22229934322412471,103.90274059772491
3015997477430861,27.419938445091248
112664499105817019,444.83377945423126
2531590080805935,604.9532866477966
617154536653673270,6210.518272161484
17621737195746514,294.47584545612335
18717715414360400,35.89791393280029
16425272519055806,378.7749683856964
61083232019366443,85.69723904132843
57726508571407551,501.14473843574524
61705659461166298,53.42522561550141
501831752999516271,81.29471480846405
17257099522673533,33.066168665885925
118369492609451769,90.2017011642456
127312706967264272,949.3961561918259
49536917592914967,1059.819474697113
66835949503584806,1441.193078994751
9385390806516575,34.92444944381714
68553832680647082,1375.8263396024704
49842829795744323,28.784554362297058
19576568028597844,254.23196375370026
10198638510683352,342.30553817749023
100696788331297854,31.927965998649597
68265305954185393,495.0289306640625
156642000594803160,342.67576110363007
13830281243276398,410.84896886348724
2635364812153031,1824.4594316482544
116815220215093913,56.7519189119339
28600387603352311,464.2411650419235
37108259566721244,741.9649806022644
7366397481635104,2533.1882517337795
49298578863318914,993.7733172178268
71316286061308201,344.8522136211395
10513519596296094,1074.9243326187134
1280222696578659,508.4665855169296
6038311776696926,3161.8934478759766
18318829397665158,217.44407081604004
2422256938244143,4051.632523059845
18529480734802821,36.101773500442505
7126182944488175,760.9359756708145
276495901406173882,34.232654452323914
12296755436492739,90.1808536052704
190955377358764482,259.607052564621
70333981793168594,3.7299063205718994
101321849255159944,2808.307084083557
4716734993025238,375.68270087242126
2186163716926339,872.7508782148361
119925290241596521,355.0954763889313
40786094121418470,48.51083242893219
121014836497386893,69.15684378147125
27591897664872442,732.4928448200226
58574665502504407,965.0697239637375
76169409283991943,18.010897040367126
125965949466942037,269.79268753528595
63208310278062703,4.93090033531189
12773659256001265,2.589270830154419
331276064366829979,26.548183917999268
19519809239709792,578.6125648021698
27476054931620554,26.29364275932312
19791861102973281,194.5968792438507
23814763918844939,2.6230382919311523
15859612030952797,6.649849772453308
4687312358769160,28.257949113845825
6795629304471074,43.17140257358551
54275152157016885,19.4523868560791
87104770401393050,6.693949937820435
88700293653161873,29.958315014839172
157445657391520323,7.911254048347473
152827543372626607,33.8355929851532
7966646338933570,356.08864426612854
18714023392551166,311.56440258026123
289866732552098805,51.04937183856964
23939486544103803,107.0256005525589
7147721841993644,124.52234363555907
25973856651851809,51.913647294044495
24364567934588498,68.13859641551971
1446847166877079,216.07823204994202
79149768952377475,52.285919070243835
14788622635731345,145.85947823524475
18420984387629030,113.23934555053711
89972369178095430,160.99211645126343
53337757939946395,8.93815541267395
119295165166070493,82.78889322280884
1169409881599488,116.46171200275421
14362560340722218,8.614177942276001
13895351349041488,118.6087703704834
598260173188843953,29.67907750606537
101879789780388078,346.6898374557495
39525198948977348,313.8905920982361
22217151261234862,224.89370620250702
20854568939031005,35.64246892929077
18735778149821942,12.88564908504486
18553799786012446,75.43698239326477
103543413631758050,30.383734226226807
86458348575210054,7.5232542753219604
58863212133827133,41.10833811759949
28493887845563752,20.41002380847931
20935542542810396,94.56375861167908
11506470270930186,206.47619879245758
21551064593466603,10.80069088935852
89987325720263382,128.13085794448853
89637576160594327,6.5032737255096436
75219614105830712,397.6412706375122
94791734912246985,19.09972870349884
19752066017493807,78.21304869651794
186567845047010241,3.69064235687256
190660447977525382,351.61202585697174
9876537481625345,23.23807382583618
95020280189440855,68.95578861236572
10311933647411497,43.996323466300964
99367555422118687,65.99345469474792
9777133156633608,2.394303798675537
14860476387441446,180.13988661766052
150466005653532112,8.222853899002075
36616739386394853,6.163684010505676
5966314397750363,13.6136634349823
169221229775419529,2.8369622230529785
84779443006144952,115.41157364845276
61443517652538276,760.988248705864
71143799366379622,10.972835898399353
122225770842860900,13.32193911075592
88457520388574006,4.25440514087677
102252231404883375,84.9229656457901
24571790058201496,827.3791667222977
115456123083118192,105.79449450969696
19670588330699823,34.82145059108734
234141821679408907,61.74346685409546
68206699489365291,76.75614094734192
11553738942027204,640.9427425861359
15753908925662989,37.629191160202026
113396623617798459,410.34296298027033
5380599357237922,94.07162296772005
320993713088286957,3.06706976890564
3235568624109857,5.033954501152038
29985748337592194,190.68052661418915
10621024106204388,9.484963417053223
28654796029669223,14.59768557548523
17089266408663459,109.56484413146973
242099156810968240,37.083314180374146
252035097576318476,49.31694269180298
145870390309239904,197.05484330654144
218525127425060075,4.47142767906189
105452465415097940,386.5214989185333
57476618243289028,60.24690783023834
23083959572581361,71.49768650531769
29297448968777624,231.27581250667572
91188745168140765,300.31256783008575
60136043064883401,144.29836285114288
202025939480965051,5.015185475349426
39327250632248895,5.806329011917114
149686247985562476,144.70214211940765
7884867547827646,56.10513973236084
106851991756425476,14.219883918762209
25373440983484659,292.3166093826294
319263943610843806,4.839191794395447
35351376240833979,6.194589972496033
6162678491373012,169.27936136722565
25207969201371146,33.28900921344757
88689700146833983,114.2014969587326
50316502969988040,231.1394848823547
1191236514386316,356.20469093322754
79351574426762189,28.706421971321106
18298363606228170,57.07058668136597
20664998425816025,54.338963866233826
102702700835290258,7.486702561378479
14568567687564570,23.672128796577454
21754351515150928,6.842909812927246
21100478618789370,95.90251624584198
23549407032320646,42.896194100379944
127036806207840868,6.565737247467041
20031307827653482,314.85386967659
92780449601760434,557.7098684310913
6967062859776939,74.36437797546387
32588301982202810,468.80964624881744
32391853774088668,5.603739380836487
441295203802504864,28.996606588363647
82398368343957366,4.230201005935669
17472878629206045,5.740794658660889
6260700337902523,31.93081998825073
19735056733446937,88.06033182144165
16201991104569759,42.49513804912567
32003263131458313,95.478156208992
7787711234649368,89.51250493526459
20947955781515652,238.49838852882385
149855948858505647,37.62534034252167
295789236233482783,224.3037793636322
25509593257349098,6.9677194356918335
22682223532325630,14.374844312667847
54469355582119995,34.18418550491333
85193795314110712,61.83877384662628
14364727456537482,7.979879260063171
4861337116479211,109.12638366222382
13776769081970446,339.0205018520355
45102732969804498,186.63965225219727
147195324918228261,69.91547644138336
18271937831096532,815.2716107368469
5336839012556273,449.0815346240997
33174668086391964,5.223302364349365
95680970477289733,4.506800651550293
9061945066961251,304.378618478775
36282146759773620,20.61529350280762
10002135084606226,93.41830003261566
2811875377093851,11.561636686325071
37046118107246972,167.28063476085663
26124873125178903,4.3922812938690186
9130969792862848,209.85286474227905
126757486662236729,7.205587387084961
131418746519912814,557.4064610004425
30684953790010121,3.4349730014801025
2297042517626250,280.0498889684677
97108898678265522,112.91480731964111
24411345131034507,17.65726351737976
24494861152362521,2.4450623989105225
17860355553252128,5.964241862297058
19094847351936227,2.6253278255462646
260187905624071906,4.3138507604599
78822999593097901,27.162718772888184
22426562717297859,41.21726799011231
4303268252935808,11.361580848693848
38239544107709222,15.278691172599792
6971618916250695,415.8372105360031
197179641746365965,68.22335541248322
66625490935009386,720.6482055187225
39045167649639287,7.542682766914368
11541727304978219,3.9429678916931152
137150442412852740,8.788817405700684
91346070561682877,319.0802413225174
166535468134518988,5.602793455123901
5992076777009026,31.89824867248535
20651244232240479,14.266722440719604
21290351825018258,246.71405065059656
4475255714766726,84.44144880771637
138114025599882642,8.09566056728363
90463289449071121,3.714850902557373
63444636586676574,90.51519560813904
23864326741205068,103.74706768989562
16772853517067208,501.0159513950348
26955479234327005,11.38382339477539
188773127267655104,107.31064784526825
247400424391756809,34.09779500961304
17610257993144504,60.13948106765747
147277175312537816,4.081094741821289
57915540230273785,80.01059556007385
35999628451131062,13.539037823677063
40641002852763911,8.130823135375977
28852159202895699,124.72759151458739
22623114356636939,2.999675750732421
159144708573089704,3.446687340736389
114830681502473634,1.901545047760009
2025596368514559,23.882729172706604
73243323413554331,2.698311448097229
120401267561277571,132.18982660770416
336771590026027132,31.798486828804016
19129292329488071,2.439795136451721
13563527925897668,26.619524836540222
100920680293799981,6.705216884613037
152746412937097451,118.56914389133453
14109102411180531,15.086400747299194
125736549438645964,38.44392907619476
18409588109471522,17.42290771007538
5671219547164001,21.039873480796814
88223680732844712,1.7983269691467283
111252934354565,2.208531975746155
216978583282692600,2.067616581916809
57495622452166004,27.26450288295746
14898705713420522,13.452481269836426
153721219378442820,5.477308034896851
43851486114584804,118.87584936618805
5657977551327907,9.863412737846375
7171864699850947,20.73479175567627
10288764259246196,1.9754507541656494
13412486390693128,3.544945001602173
112267995459033974,3.479718565940857
11285799849808428,8.476917743682861
16414447759248879,2.570542097091675
131863205721010374,80.96977722644806
109669501659730939,8.406005382537842
181921472468083352,74.02873122692108
146247079901774610,14.727283477783203
1033876142661207,9.829459190368652
49752739768307580,32.9005469083786
137849832174516620,16.639439702033997
169015481023353558,24.396109104156494
11692303715103121,96.38067364692688
135641387276961328,10.873238921165466
52914576906022605,2.7421587705612183
102846269840173883,44.9318687915802
4339895375494788,80.76234805583954
62184629948032867,11.391317367553711
7642958542369127,2.922127246856689
63529844972168043,62.77494513988495
12391003233366857,13.72291100025177
110862045693712332,43.69584929943084
118506766766664743,3.712058305740357
83361472402483174,160.11847245693207
54094909778979035,20.661412715911865
303235897985721774,99.15295827388763
35681916108727125,82.06042444705963
360490886924323039,5.532854795455933
37645047007727935,10.278818368911743
28194414793698920,30.295776367187504
25910413013983647,22.072585463523865
86980051944846301,72.95687484741211
34817317687425609,32.402246713638306
383159778847990705,6.997024774551392
6682439722410452,8.493137240409851
23519841470762904,46.54578757286072
40212615507058726,14.881294369697573
30733293364392980,35.07274508476257
9147732026511952,87.71930432319641
127941966991309607,2.534489631652832
126567269708087687,3.270977020263672
25761338006937391,9.088616490364075
263682818682277569,3.5167883634567265
95450736569703380,2.920501708984375
372004067720779,76.45253312587738
115179197644996803,12.224481582641602
122002807544321961,37.30014145374298
13278048923243553,13.178493976593018
123167075717894207,4.590178728103638
24386946275131776,8.290878772735596
721985323635660,39.92669141292572
29533410587685365,2.9324134588241577
5566887240073788,19.000088214874268
72573047444212280,70.44791853427887
34368279770977656,33.24990487098694
100817241623413027,9.503500699996948
17109887393655015,52.12717628479004
251724974489471450,13.802010655403137
18152510130598029,3.68354082107544
16802956815409210,5.293127059936523
127962611087770398,3.2603582143783574
120315256802484079,57.58227205276489
34378241239144110,28.663838386535645
87258625015663790,4.248210310935974
5551548446043895,64.26489663124084
91041042499982874,4.741765856742859
28322600623596916,124.74844944477081
333095773230439552,2.7928589582443237
36779200128388065,15.39047825336456
34326992198742062,2.9162399768829346
38864829474111353,8.372629165649414
47567193424755024,12.88181626796722
221866266707049588,2.142090320587158
51963630806941694,1.9937002658843994
208446806934185984,2.9756603240966797
32993984598509300,5.655340194702148
211827629332187319,2.9032227993011475
235477242927427401,10.14450716972351
19223637485794300,3.059864521026612
17839503877585161,21.20441746711731
179626340207340802,66.34965348243713
85483743820829157,44.80442214012147
1337111117785518,2.2724273204803467
161405322988952423,5.496961832046509
93654595740464192,4.2932246923446655
97285902741397419,20.093361854553223
54961323668854080,2.261930823326111
103198234966572968,253.5646446943283
3202622123074729,33.56344473361969
1765986880975818,16.704858899116516
191118734255399874,71.013756275177
43322740027775861,5.6325143575668335
49834851735229710,10.049195408821106
167168845105825180,2.962243676185608
225449700837803751,8.111060380935669
515430326098046237,4.682625770568848
114106076444396702,6.085886716842651
22004972279096673,40.67879676818848
105028648025002715,26.20980966091156
4036783680054359,3.215171575546265
18352164846839999,10.189147710800171
5741440681016975,8.020979881286621
19551016930729190,88.02081108093262
80417421491513536,86.52193546295166
62284071862780572,2.9304572343826294
38754875228461449,5.6847825050354
299240454591247297,14.903621435165405
15850066971893183,2.5556063652038574
7222007314837028,61.844036817550666
120253236187607033,2.907535672187805
93925100984888142,52.119550704956055
65242849316703449,2.433607816696167
193251226466364836,208.70875811576843
15720857618777059,54.25506949424744
13813795444844560,2.7464202642440796
80758453308417175,59.55738365650178
122061201312873298,19.33638858795166
30861080954013527,4.465540170669556
10636515863722185,2.6789939403533936
191170410592450880,58.28657150268555
424252948092294,58.67746889591217
22260840921055289,2.4465019702911377
88712608187467369,122.13162517547607
35941377877651958,4.364086151123047
503048282854927901,3.030975580215454
97189760132974596,3.4320207834243774
32161311824339512,2.2078726291656494
152098543708482319,7.7834166288375854
31208589848453497,5.973455548286438
74814687522103624,3.2091927528381348
107219968352890090,5.549018621444702
50651576042220849,23.69510054588318
18864524230487565,15.272170662879944
452687645006161554,3.7590086460113525
52464182076578312,66.58904099464417
52644376942612920,14.567052602767944
110706306871346505,2.224846243858338
30361795241492273,5.804418325424194
11615763061585226,29.727097392082214
6261654948291989,19.957273364067078
4881099952992859,27.825970888137817
110708937986708030,5.973240494728088
114314365909589666,13.34800958633423
150967085155322065,39.464991211891174
163803749142641,41.35691833496094
420247221611126492,11.552988052368164
30741959941949900,21.295058250427246
1742901369650283,24.6743985414505
16642287275034171,8.21823525428772
10390101013643983,9.31937599182129
152948405584458588,2.601650595664978
26936376176282691,3.105898857116699
291577614025706051,15.673733592033386
28738291936397565,4.730435609817505
27562527340751721,3.8515684604644775
25081663789430296,13.100594282150269
93651079940892993,37.38740575313568
345232286527145318,3.8753135204315186
1256076882537243,11.301091194152832
35893456157686743,43.566221833229065
288569123868755390,20.55859923362732
31191796838476029,99.12664544582368
104662513343147318,21.80024588108063
107550673220928049,8.627846360206604
30926956220628383,104.06411290168762
35579741632095847,2.474606513977051
14302522072698352,125.68419396877289
36093501739810117,7.840752482414246
56284865442694848,2.7935731410980225
96274636418738731,28.517089128494266
36097538960328040,6.093869209289551
12699365335041183,13.20357346534729
19617379596011354,2.184103488922119
23560171128638934,97.87362325191498
24593965321783418,95.01916301250458
15476397401351480,35.871400356292725
72692261897734038,2.592739701271057
506512616879148227,3.4722766876220703
44884324689502221,6.974246978759766
11403725740969444,4.477332830429077
160424027623638498,4.925049781799316
70733788725400,38.13490056991577
39643429553729750,23.95797336101532
12043544556493962,39.29298794269562
28690305978164830,13.398014783859253
25735992591025245,30.5029433965683
99554926701444091,23.94410789012909
17844952000142052,48.89689934253693
14159425289965632,12.78830337524414
33714459251942310,54.92571020126343
42542119987115312,20.250738620758057
11903044938166877,36.937289237976074
5253681407794397,5.143028974533081
110934619335592965,229.34255242347717
70178995219800030,320.32360672950745
17223517478682216,114.7450543642044
41892157932225934,22.81883776187897
15024231936714858,50.03332602977753
1010381842616955,3.782786846160888
23014107361307581,19.537048935890198
30511387452029450,19.546985864639282
8680804663177220,118.00772821903229
23194510069987399,3.251785516738892
13838313383005477,23.548065066337585
58989751197184358,2.655666470527649
43072583937503983,23.580888867378242
20965637523088094,3.089611768722534
44500109965725150,66.60505986213684
30021198328989471,29.587842822074894
72170874522465887,177.2354792356491
7946672435882933,36.34354519844055
3907223142191075,2.9786617755889893
10842649793051987,33.286097407341
72758735907832336,15.059083700180054
37161866525596982,29.25297975540161
55710375174235662,245.06550192832947
10091579960642376,7.332259893417359
144291412350396881,18.8854238986969
22528412619384714,52.19556367397308
5507900585462474,2.598871231079102
389665850319005746,97.53940331935881
14789696556658700,80.31547975540161
103786602188043892,16.98844540119171
120211473057374088,58.733601093292236
16482846062257039,41.246264696121216
133528471688558721,50.11801898479462
21444506364591077,2.294010639190674
50782187187503031,71.71346116065979
82724382471833870,3.3794866800308228
39556588724220070,189.45603179931638
17456935883173587,17.880146265029907
103182344864352005,11.262219309806824
270228610679060560,17.49558925628662
17108380449732164,4.6109535694122314
94914607487935173,250.08657908439636
10907205333775638,65.17941081523895
34239965008067862,6.828906416893005
109844730212273892,146.55923879146576
81932022934566799,4.490293502807617
203730412170938103,6.532256722450256
106379487358175324,8.202250242233276
34977952821876625,23.96151113510132
6256350224665977,58.4623099565506
7012971565389431,27.765291929244995
30076628794003228,110.18391716480255
37758019440759546,4.70491349697113
25426268823120715,64.25016784667969
12513990647574798,274.5353133678436
54976889438363350,5.224244594573975
101152828757641350,7.213294506072999
216148520485802577,11.312055587768551
6201308445228807,238.46664357185364
11992944459273876,14.054190635681152
409065294112511369,176.3790762424469
116809940778423439,10.450953960418701
23907676480042611,66.49463856220245
67818746218342892,3.206861138343811
47773517103669658,383.7870993614197
13077765641261091,77.20854306221008
42862076466928918,159.72449457645416
47763332096493258,45.42875599861145
9632200433462276,6.411950707435608
1484842053590711,4.7596577405929565
17568886772216698,2.619013547897339
18888574710671423,21.814244270324707
28476145306693333,12.9458235502243
16099324039664604,19.377827525138855
61631560602069091,68.11061906814575
45148940487944347,49.414318323135376
10438012759798738,2.0791454315185547
431124925426934905,11.507026433944702
27512675621871212,153.68310070037842
10813702715826852,293.3123323917389
18559467751663535,4.80230975151062
13601903311947740,106.23266470432283
88465309841006810,19.352215886116028
125651536525550522,27.73139619827271
25116517754521648,4.629971385002136
49052087707529757,197.34177565574646
102237115359515632,5.210788130760193
10623900663670638,18.72598171234131
4290820746756706,61.25413143634796
28701522424660192,5.698188424110413
119221310094602315,166.22987937927246
7042980552829192,4.793503761291504
5377343096050326,23.85051918029785
94927407602587158,8.259505033493042
21990710474152727,8.471417903900146
328114834606243072,4.107821941375732
34373448173140008,37.213765263557434
8103263498585405,3.650503396987915
17298962479253326,109.44291198253632
24331459021722632,17.205868005752563
34875493418333953,115.45004391670227
23080011212043367,56.76288306713104
10564164120554575,43.51134383678436
83044243313190034,482.16111302375793
58559131550511087,18.289915800094604
254126014623025509,29.47146725654602
23680152950926566,3.9628806114196777
36925191920504426,28.55743455886841
107605381972425510,2.675554037094116
163199783946297642,80.88458621501923
162820070236957954,11.398693919181824
62776589052194372,8.174034833908081
156332184581317340,6.404311418533325
109558576269169816,42.737016677856445
352528978423946084,93.52127254009247
2906034604541683,25.656471610069275
6716193024194710,4.10651159286499
323518215890598585,108.79657399654391
24186385116214852,45.6928631067276
27345072194274883,2.3981364965438843
17615814032446461,168.6149296760559
18038675158288142,24.390488624572754
35239256887451581,42.786818504333496
112511125040866440,63.178773045539856
25930462441213458,75.47038650512695
158001976953331059,65.68269205093384
150006238163084612,265.8697553873062
21581087762308706,4.068282127380371
4381838714521190,48.30222773551941
16580787078517844,445.741487979889
25091088110968750,310.41153049468994
38544125366947063,5.322620630264282
27190757918727180,70.64424514770508
27825099152054359,14.79886770248413
120439238121883296,20.9827823638916
9698637270207085,24.13512110710144
27330761202092016,23.510695695877075
6167685360624778,3.84328031539917
19752029695389880,3.165599822998048
26290280002027008,320.65097308158875
16854851723913895,12.712459802627563
276810488703654599,14.91621482372284
19391959358366253,26.422098517417908
276415543357097278,90.54965126514435
164885880201499663,16.247257232666016
71456211193604450,58.517985224723816
1956627367466948,3.914595127105713
88667457212547097,11.561270117759705
12998100806213316,24.389804124832153
124652255045669984,35.3226763010025
94291117132996528,4.254653215408325
16354298812879670,2.339819431304932
372493391527438124,2.379828453063965
112346538716193110,55.67485010623932
134847743311495914,6.662644267082214
18126729266908779,32.51067233085632
176235170372773005,9.315860986709597
24492191709690544,38.1673698425293
20785388007016791,31.626632452011116
1734003034025697,4.395500421524048
59055314116725149,6.118106365203858
1030451803000675,24.49234628677368
369767762563212967,3.99662971496582
6316312262335088,6.435141205787659
20189716616127619,25.895493626594543
108376153811888065,35.007330775260925
165920905054282134,3.805493116378784
170549389052392885,12.346373200416565
1683666426185190,136.15371084213257
50467060782664058,69.67005133628845
94083830158711428,72.1339498758316
107868486969586963,38.90729975700378
222669252844184044,2.769685983657837
120355535572090064,44.37272071838379
2592829768208346,186.34202373027802
37172553759220233,22.665515899658203
23883394525248312,199.51400101184845
37533875698621327,6.263232231140137
111399402514506996,3.0335484743118286
4737573254134489,22.81274962425232
84873011609325518,9.652214884757996
2564455517603676,128.38337862491608
5034935019121093,16.716257691383362
336320544993451514,4.5724692344665545
44931505895222702,6.159798622131348
143706995480710263,14.644062757492065
185947105939910571,10.711232423782349
103537011170035376,100.44456434249878
330825827131007685,78.72074317932129
22380481885611313,96.33748602867126
142721310427091882,18.445474386215214
2231938739142522,64.50031638145447
52148092913783941,17.526089072227478
2397145058248130,6.444439649581909
311377962839714,28.314507365226746
16699256364837679,20.751898884773254
137444583671170555,29.079881191253662
18881069659964117,37.63756597042084
86994542571801670,2.6250665187835693
29535441167233325,2.8054119348525997
30291119252520414,6.096045732498169
15233387859492850,28.563022375106815
25598968557187340,40.593982219696045
3456502849541174,60.652058243751526
77245131561993904,59.606812477111816
8760495770112632,78.53148221969604
423326678132680730,83.68097794055939
56791919682672851,41.53342592716217
31177167733390235,33.260945081710815
15744301075828840,2.638794422149658
40324141114420035,25.209108352661136
350283727589511379,18.048657178878784
5351346175281282,66.90889799594879
16312968935478378,365.72693383693695
26458830606806179,10.100307464599608
4557953613315924,51.396390080451965
67856911634945323,88.44282710552216
82048678404883051,5.098816633224487
37027112299631223,2.669553756713867
405223910325473229,2.784521579742432
50648151756917467,19.493135571479797
159364274282424410,2.7486941814422607
56881169197765898,170.03410923480988
70788887691283189,32.83898591995239
80806092185163174,159.02716207504272
457103124953326676,76.20606088638306
17488765593969657,36.87649643421173
151070117522272145,11.971968173980713
99057601264412653,17.705726504325867
37293741759750845,7.643174886703491
120531206304519402,2.6413607597351074
388601666480605054,13.594108700752258
23606166295118623,4.649479389190674
54527049768023196,4.215932130813599
11803823945830086,587.5959732532501
18960481870512147,27.365206599235535
107150789681904098,221.53990101814273
28501568359582078,537.7136831283569
3891477011387440,89.42571294307709
311567241155906,278.0225968360901
243348673866919929,4.212445378303528
290413211684813148,44.18318009376526
33231310008157423,73.79627430438995
19406934670464921,78.25728833675385
65027600744739701,114.21241092681885
14803499207119563,24.87931728363037
129534512411063518,2.893062829971313
62101591737096997,8.041898727416992
37615157214603020,394.3002437353134
366902457306311981,10.934211492538456
157848781295073803,159.53155994415283
73241575493011526,175.1154911518097
2099709650710424,166.29097044467926
108991894357672894,110.26972353458405
117414818561524406,264.82380414009094
14650368067341999,54.701576590538025
115032260063507640,707.272123336792
11817573736177341,5.556684255599976
14947581833562154,333.90606367588043
89410531961310195,25.64470112323761
387291785535591644,85.15717339515686
113735968482621900,6.5106281042099
145355046051194581,17.59221875667572
40975566455605238,5.593655943870544
102462323516124406,9.024727821350098
14512347120714188,4.033715724945068
98346828133115714,455.23751449584967
365172577935199830,281.46682369709015
9967435918510082,9.4348224401474
80806131138544111,187.94344437122345
1046228767311799,58.99485731124878
16818655679712950,10.919339418411255
18158431324704320,89.90424394607544
775664071847002,23.320653557777405
3341909422671589,79.24980068206787
14958340346378638,12.757771372795105
30696022291231099,8.613725662231445
31517710997296362,105.58968353271484
101449176740089726,142.10217571258545
2031996305902722,94.09270584583282
43198693841934080,94.90920746326447
62959899710701887,5.037725448608398
3036161561494310,53.67100548744202
28153736335143740,485.020246744156
32166165514963368,85.84369432926178
123003910303497431,8.624826788902283
4387514402339440,8.767295360565186
43263023174368492,46.52838635444641
65616379192030550,215.55222868919373
46698274552907610,115.03810214996335
211527071329593712,164.74769055843353
13331532167841183,18.06615674495697
275692098345025,57.1437840461731
1350744255779,20.45857882499695
12803930033736437,7.213014006614685
19020799347473950,2.6361327171325684
132633596160926990,8.267536759376526
10087411443281611,75.63473105430603
122383638084785,10.950263738632202
24244413719688019,23.76458466053009
30409176282206508,129.87366950511932
341981945961489018,31.09311330318451
62225598341011966,929.760291814804
20763235522362710,61.80915021896362
85821437108683117,417.12770569324493
345502362321431109,114.30817770957947
30873123333504594,230.97414577007294
373817923092641307,66.24642300605774
10480168290771669,23.981128215789795
2964297796357564,113.30059432983398
66398904434467638,81.27624368667603
38131625297140586,76.53699994087219
42985513696216771,678.2745554447174
3057348859494590,92.12319505214691
63070137198483119,136.58270275592804
292887211679304436,10.244061350822449
4917529425728998,587.928755402565
20359660591285528,651.5729701519012
30696018111791604,184.13087058067325
15168040454457964,11.768912553787231
16449555209895380,16.96905255317688
34016016878712872,8.778733134269714
166806346973018202,32.32901155948639
123297304109108045,53.52434778213501
182809021872654128,19.77970016002655
1807148218377958,187.74163269996643
62383488996557825,5.398020148277283
5991491469393039,32.1853346824646
30325358815993318,23.817908883094788
5365037806271713,32.65877342224121
10172630621917076,33.742560029029846
15819625473697198,23.418241500854492
9336618623659626,25.396167755126953
236721940701331214,186.06944119930267
172965130298689239,4.151527643203735
24402423899498439,474.4604674577713
71236847184209841,22.71371531486511
18962738043732263,111.1706975698471
17656842599789029,38.75182068347931
202957626660829490,134.6108728647232
26889449523380584,9.995463609695435
6705623112441566,6.031919479370117
9580659818273157,26.34841072559357
9350936557819619,170.26266646385193
27671479980861555,94.07686138153076
450022033081864488,100.14061617851257
21960386225647344,130.84285378456116
628676711955228236,356.1811988353729
321508410320207499,12.39642333984375
38115391893813772,14.34434723854065
27639922467872637,6.857125163078308
72100197383136594,165.92132568359375
71563412772783156,7.36837911605835
101602690600694908,10.320680260658264
8626827663511085,242.38788700103757
60695995685466611,2.399665355682373
18827398172863535,10.62818694114685
4216278747538579,112.34327328205109
87499092485639185,75.91780686378479
20026785201884841,123.80115056037903
73079227054575959,25.569424152374275
11194402821360697,127.33924388885498
58660951313706874,3.268752098083496
15990867791587874,14.25415325164795
152696977461853848,263.76473104953766
52345761925959054,30.428240299224854
46475310110959522,93.11475908756256
22082139801792022,8.379515528678894
19909082746760206,84.57130944728851
124636654291971141,4.511590242385864
102022663655553585,2.5955421924591064
22782461157422912,93.54702246189117
202425359638386973,464.54111659526825
35809532300735964,1482.104872226715
14537397608542417,7.205395698547363
63109470370197800,154.08398461341858
81162337997000993,75.37454032897949
30823966374138998,362.11630964279175
31351985710933350,3.163060188293457
79995838333087008,871.0287158489227
31735666523508435,574.5753104686737
12194812269632862,274.39982533454895
198401190560946338,7.215598464012146
30048308292476106,100.90747702121736
1654320922025676,531.5765495300293
30482152274502705,20.08166074752808
79163689858194409,16.37524652481079
118185710024383993,50.337839126586914
29705803831734697,99.19486701488495
12078619285868105,83.98230397701263
37157879953245549,17.175207376480103
10945231145375002,183.38196873664856
97588277548522605,380.3816909790039
48141390324404577,92.14845049381256
43167188148468662,254.27996158599854
50608929081868150,281.0121593475342
25701418653068797,47.92442321777344
262626773704127142,296.000937461853
36843812274457419,84.7376754283905
2101246439523608,41.49705493450165
26756570458215793,142.88691878318787
94255323660083259,75.77925300598145
32160292326358239,50.15682280063629
467589944745882007,76.37834739685059
20040704359819572,594.6684989929199
103412178897843652,129.65071976184845
113824451019313113,10.538477659225464
2626272291561775,160.85066533088684
30301018039380719,11.585498929023743
28805402323582777,64.93879103660583
129061899937935259,66.8263087272644
14074423774060875,12.505208015441896
71492827184306862,10.120347619056702
142260828931494924,13.340849161148071
36098340802374753,9.815041303634644
4800820408479157,23.0400151014328
170510933776198441,14.419897437095642
20819292465311814,262.8615198135376
83768058826375874,322.8451461791992
110935925872603771,124.90596568584442
116125236087342129,260.6635906696319
8072998207066496,105.00977194309235
91629247923026361,26.53351867198944
188224929792225830,52.25610268115997
101877277068115576,10.270390510559082
128382694302694586,5.895132899284363
21958324674528066,18.360826134681705
464154792288248220,74.4424397945404
33931826151516000,62.20111644268036
11555356881539302,54.487683176994324
18748916299797370,12.526270031929016
57845177929360361,532.8034195899963
80926364953192575,48.97576916217804
112151141663786137,46.893627524375916
109943850463847759,5.346258401870728
15478330489640898,97.05753493309021
6188509283505712,193.10820627212524
140014545116195800,7.4893786907196045
14009729447750840,10.56341004371643
15987039978757,14.876267194747925
23733212285592152,35.77690541744232
106181164065811268,233.628247499466
76378661123346637,629.1293253898621
16197274069510846,27.477254271507263
20168549466033636,32.83918261528015
249934058362825317,5.569365739822388
22937815076485571,117.32187759876251
75427591892838929,2.4318413734436035
1063731798412828,2.994473934173584
124831060732757258,1.7046964168548584
11801782741738244,3.3576743602752686
58770346649441142,2.722686529159546
30746808955699913,2.1577097177505493
23568770888544623,18.401495456695557
111579914710515525,12.165976762771606
58024747383996046,28.00916934013367
19879281463107262,28.34225869178772
23838046069289749,3.8092466592788696
12423062145418217,3.755275249481201
20319344542160880,3.525640368461609
224474542174265,6.1952855587005615
342626490962270474,2.371896982192993
133534806570674,59.496832847595215
396191915983779409,3.7063121795654297
115301220779391727,3.091991662979126
49073420420300102,3.59798800945282
2295418263156179,13.021528005599976
14071200635275659,1.839009165763855
238967628573270337,4.7986791133880615
23465210795103373,121.87158191204071
43655187271887110,17.55941617488861
6277587971589906,31.883172631263733
15297071995071555,2.752001643180847
115410392899326222,1.7590627670288086
15637072353732346,6.9234397411346436
6417205797509629,1.913506031036377
45030909290887442,28.325233101844788
117169588638922536,11.144452929496765
242533554076245879,2.650473475456238
5815885322790866,5.906372904777527
18514407908987651,2.260940432548523
72382241869219406,218.5328242778778
12675216317794976,84.15454089641571
13906973466832769,3.2490051984786987
137469150489353750,28.690505504608154
31332594782977438,93.4614452123642
4377147505502033,8.172013521194458
108164591291806447,2.66464877128601
10175609899294998,2.629223346710205
77230149271822336,6.093952417373657
95186514908686867,2.7305201292037964
109132771986720224,2.5549733638763428
13723074977951962,2.8433324098587036
109051624722396064,3.936342477798462
36790389567105157,26.573873281478882
3851715906552425,2.907037377357483
368906892035150887,6.320403456687927
3705880917558734,12.772169709205627
185527437221150243,3.6956241130828857
41739795666164629,5.511628866195679
19578843799032212,2.851452589035034
17928059881171131,2.4563146829605103
34048563721994292,4.945614218711853
119805397892084949,9.905779480934143
95851439101867942,3.4252636432647714
122623108218074286,29.04726493358612
23539248833832200,13.870623588562012
234872901609022098,24.3448725938797
237232718524429722,34.182679414749146
83018503563899294,3.297159433364868
21377853294706365,137.6195330619812
60435940396818330,20.33573138713837
8152431550464430,1.6611560583114624
43915613578083202,4.480622410774231
398828122426459058,4.364134192466736
10058167265202465,40.86804974079132
329054669793267088,5.909440755844116
18444405019695888,13.50456690788269
1582670416477284,66.41785931587219
33432163998284184,37.2302588224411
27185095098048174,7.742906451225281
14858536792911890,45.53903102874756
232897902881513892,4.773740649223328
2167257589545239,7.337220072746277
10452294348607325,1.992823600769043
3617179660769798,11.330650329589844
30337883896869524,29.68323028087616
979529742122374,30.41899347305298
38202030106376492,39.45117235183716
116515341110938910,3.6266446113586426
18429354074972134,2.830815315246582
108246154282733415,20.06672692298889
23695850350371170,12.124660611152649
389147116920932060,48.230448961257935
18783410835110816,25.407506585121155
140664554813118782,24.14781868457794
78607140295631833,12.518466591835022
41277713995715405,8.131004691123962
287657493180169696,16.114206552505493
16446584887969083,3.1309825181961064
83598176967272605,21.000007271766663
8688045906770756,3.037788152694702
27840763527589336,2.64326274394989
31208922929591244,9.483612537384033
29516234553119148,24.142988920211792
17952768268611948,26.934283018112183
37263880229264211,35.72443497180939
111363496634824154,2.050174355506897
22390763161601780,19.211370944976807
33220095703310208,7.706623196601868
16049702451794710,14.511542797088623
18049980228108590,36.62723958492279
9394739534916252,29.684764504432678
32372802036014826,9.238789916038513
83811159454136145,2.198812484741211
120972313345728001,16.61831843852997
329219506519910127,5.198029279708862
635384410295752,2.4130140542984004
28168488361652726,14.356619000434874
75006709480014894,114.06613337993622
3737233320153147,3.07228684425354
104135037978355248,2.7080817222595215
44921200891386566,15.38102638721466
39856682965652282,24.62574934959411
111523245220960297,23.054462313652042
130447419461962397,3.1643518209457397
93443627985942165,2.9700770378112793
8537960355762010,25.73272001743317
102780272852308964,31.964107632637024
285496078008149463,14.42604672908783
87357501052651193,9.852787733078003
12237395337595445,4.207227110862732
29935754199726255,3.058769941329956
4572416648743196,9.693713665008545
7706295883381529,6.596021771430969
3521956357550846,15.681527733802795
15289323575186229,25.036498427391052
5148378797802640,75.76028668880463
47492909778022664,38.345942974090576
9875278759967349,3.3536510467529297
26284398765968009,8.245105385780334
94875874398840119,8.016355872154236
93261679082918595,2.757910490036011
56953145698402003,15.29326343536377
10557765718935720,10.131898999214172
26510455539653941,38.251500368118286
26512172796677364,26.40121567249298
78722825466347441,5.102075219154358
12178383378783023,2.1247284412384033
50978492435337029,5.660079717636108
7001337988111513,2.539890766143799
105032396241525109,17.05992603302002
22836081768107723,4.298255562782288
732817400851506,4.196380853652954
105246672380613098,2.644187808036804
13361375526600247,1.7990459203720095
94863439074196563,2.288874864578247
79497848854758931,16.170952677726746
19945725546995275,2.686607360839844
31475697375496580,15.532719969749452
37955644048963506,86.57735538482666
31758150673082906,2.8618595600128174
1641236457082058,3.2681549787521362
373049054458666490,145.92519307136536
58750450011586934,30.952983736991882
94643427609234205,81.60549294948578
7508153590870046,5.762734413146973
536234340511695705,7.9729132652282715
148017152450020821,2.764830470085144
185474403481749559,14.253905892372131
16016852731430391,11.389834642410278
160457888874082532,3.224048852920532
4649159301953357,3.84294867515564
396897318337238802,23.747232079505917
91162865569935074,3.3368457555770874
370603125303058946,14.736143469810486
160679092653967011,5.888899207115173
20652579444821287,2.6507091522216797
240669961098113200,7.389203071594238
22975074944839569,8.881225228309631
120096572503537798,3.5344114303588867
96556127989118198,13.97500467300415
9554803534283925,36.59435033798218
55548672942687374,4.873096466064453
1720012882977117,2.4861698150634766
29796908804090094,1.992504596710205
21428694106505519,4.266331791877747
84686536056320557,5.497633457183839
128193976683191375,6.509988784790039
314407590558665344,3.302168607711792
27300954485793016,2.919142007827759
83332287813145354,13.634854078292847
90920087757132796,2.4606692790985107
13499316446049687,11.218777179718018
49668172044534799,45.176318287849426
280641678698428271,2.290785551071167
24965498303971728,40.47746765613556
114597655141472690,30.85233747959137
30906633366151977,7.242304086685181
157908406804424055,2.768889904022217
12183743987621528,53.34775376319885
4305837747809803,5.049948811531067
274246298591610,2.18176794052124
196050791703347971,7.725087881088257
2402136685130507,6.276476144790649
18073438965096421,90.5866471529007
11279817996678756,14.443541288375854
91544429759841478,4.222602605819702
36713814639220634,3.256980657577514
24440091894837021,6.020157814025879
90289969643758234,3.8078612089157104
5651241105542160,26.278428435325623
52426647179330589,2.03104567527771
45212692581879752,5.107224822044373
44214930090217304,11.92930257320404
127511953336269795,1.9352850914001465
22046424614428855,16.276787638664246
75119700169317969,4.814929962158203
31177247982429590,19.721970081329346
268073350426395995,4.13174033164978
75511512742458331,62.61104917526245
1146899703879130,10.02137017250061
327480520440447201,5.897706389427185
11233938449375340,3.053267121315003
8116210261270223,6.253478765487671
21866022535323685,15.922363042831421
80211896786493920,38.14143085479736
199045695006257148,24.186466097831723
87766480706725762,6.733336567878723
157087487646620745,2.5849109888076782
277045689292002407,8.224475145339966
6081498737007475,2.806605339050293
19804426882577296,61.390244245529175
113833111932940555,53.77525043487549
33899368812112949,4.316156029701233
15103622495800380,4.121486663818359
60252590028040196,2.514443874359131
167490385210182494,226.91468715667725
22815179777630122,12.99145770072937
377604731938479034,3.634861946105957
105571854059287069,7.88277006149292
10813594686304414,3.871444582939148
114633796363897700,96.81727313995361
20753689075626840,18.231085181236267
74702959582748818,12.554675817489624
26911187569415947,2.470541715621948
60107595549455026,4.804408669471741
65220453120090406,13.18930447101593
16363509044569166,10.881227016448975
180508349152289284,94.41425561904907
1120652488132620,122.68492817878723
126161005771978388,3.512528657913208
196580847915101486,5.023183226585388
118746265419748043,16.88225746154785
118063811988145205,4.171404838562012
43542776177310008,18.09522545337677
19027400739333814,18.458585262298584
50269098899686734,29.809330105781562
25759919950524503,30.513407945632935
123387746770273389,2.852671146392822
41162116062300411,48.73713445663452
23420117384329789,24.019867658615112
28951564703891041,10.13559365272522
89591253901894083,34.35452055931091
127089370487733539,39.50230073928833
229615817798826964,2.910831451416016
142015511397678154,4.179141998291016
127556848773358615,68.18921256065369
132657569835422011,227.4564563035965
23190133509296018,44.167643904685974
124922561560354174,161.44098830223083
15419875607029577,3.2517035007476807
6064487638319185,23.816527605056763
513324374992048611,13.752781629562378
16053339312180960,28.654675841331482
30465878999665149,23.46756374835968
164685699060229027,7.885165214538574
402448218305849114,112.68770420551301
11871348948773808,18.900847554206848
71039164804153462,45.48386061191559
60055839434102721,4.012951612472534
33538972720556352,362.64043509960175
29298015643410128,154.9221589565277
175230427576677682,38.836498379707336
33481853926966272,3.7983378171920776
40741885710023340,4.145402908325195
10663901558441043,3.358908772468567
89579444719703073,3.749475717544556
11196236486998876,13.042030692100525
108018055802113220,23.101573824882507
119921095294763648,40.456655979156494
7641799858275879,23.511093735694885
35557578094551666,3.915636658668518
12352969713298033,54.549004554748535
6047815016341519,33.79305124282837
38019585347021869,96.50392866134644
66830427357165262,2.36149799823761
18288427943247813,9.720115423202515
19899493746352597,74.36991834640503
114576831509753549,6.752399444580078
3426593180489242,8.40318512916565
37826518209398107,26.30833888053894
11912368444456452,3.4758925437927246
53073919170457107,3.3395361900329594
119289436388074003,31.881168365478516
107408410197849309,22.364476680755615
22876189207299406,4.087509751319885
34561239132206393,74.25596141815186
31420565732736229,3.4566344022750854
43056090857548907,5.7434409856796265
209437284574512182,24.069853425025943
20359082388998583,5.7011635303497314
69644676169493340,13.391154289245605
6985633178109436,113.36935710906982
15336751902398379,169.554873585701
129082982406281088,17.568158745765686
19274306598659939,12.593992471694946
15814029891064393,35.57709336280823
37001738095413988,73.54687833786011
77363313749948830,168.9782918691635
37133208410931393,5.557629466056824
2741255543446518,41.70287787914276
22245271325237824,6.9947426319122314
34699794586699419,84.05341732501984
116214546452599248,373.0014319419861
19334195379518319,4.764859080314636
74192271449293133,3.5094702243804927
256855883556670038,274.18985867500305
86108143968644331,10.401266932487488
10633857704175264,5.097507357597351
46999117024758458,117.31938648223877
36096749043594394,5.2044724225997925
3127160291624535,83.48497033119202
119606697147474180,90.71987915039062
29306764470468662,6.84145724773407
303544144456904398,49.82005953788757
17815357705790659,180.74339139461517
24265080594941802,121.41494166851044
73087263577736292,4.125139594078064
1935221166438565,9.701597094535828
27761175739964580,19.609875440597534
53534902259998641,35.70283341407776
7766977255903408,11.07749891281128
4401351197528539,3.8179545402526847
13978257175065728,16.332221746444702
67535935247725912,2.479799270629883
84206781224580052,54.899075388908386
228197628036984406,5.1444926261901855
53281842782626771,3.496399283409119
29226923822874531,23.393357515335083
65140716148315720,331.2561593055725
38527944799303188,331.36675119400024
172855620447386049,2.60757064819336
99901348844411272,221.93808805942535
33972599633603521,26.2701735496521
53377478849248076,50.927273988723755
176381809657206622,5.039284467697144
29067346758786079,26.968643546104428
11325030531875712,325.89259767532354
21914439102673870,121.26607692241669
9356430460960784,238.04061889648432
27158940802171265,181.40448892116547
24255684062203593,8.157756805419922
117897551474654495,2.4345083236694336
121600680939553720,14.553071975708004
169346727196687711,8.040648460388184
91710903057647592,3.4979655742645264
255246802523631185,8.533007621765137
44988669581379359,5.665083646774292
61198321085216583,3.6012089252471924
9529275636970321,13.6122190952301
47107937734519556,149.09489512443542
89218249977338167,5.583520412445068
1025370867813063,4.280255079269409
17944340297872833,7.118980169296265
69261954997209391,136.24094820022583
142821675709977772,3.056046843528748
213138987271560941,12.717258572578432
384851086436665694,38.31475007534027
20110663262889868,84.22075402736664
108105410285201877,3.387728214263916
372322532044162476,23.86152803897858
167685676056312462,38.22331345081329
249890282438695123,37.411534786224365
36358216106982612,107.26584613323215
106522975814817829,22.17086148262024
80370929988498059,4.926625967025757
75267099078161920,2.4058518409729004
140686224386767587,6.9069578647613525
665965882285614,49.514044761657715
967710802052709,3.71120548248291
155811328484920133,33.05186355113983
24193050217813966,248.99763429164886
119815615874071000,2.055426597595215
9966044909205190,247.06494426727295
63577735814486982,2.951537609100342
13313042724414944,61.56581139564514
30376333895846789,12.37156856060028
16467722293908293,5.132931113243103
3085800022097020,100.09506595134735
31396442974202698,2.816548585891724
31902069477984901,104.425337433815
98964432082929567,12.388490438461304
58940982221489917,117.96283721923827
278490568519236038,51.06775689125061
3147560974624710,325.22790455818176
24263725557680161,4.042582392692566
36031165838625108,3.3818471431732178
159634436087713263,3.5165884494781494
18541163571708745,41.73055398464203
771946058836061,217.62970280647278
18854265977964194,33.975165367126465
7742469558350455,37.87153744697571
23279581880874393,82.79378175735474
46125886880467499,19.24446702003479
274556311963523605,101.97517669200897
4562718407510416,5.438045978546143
22841968552309001,68.23150169849396
56571760610112800,10.775815010070799
32686684245756526,58.53749752044678
4166383451587813,327.25399374961853
120247829111751137,4.608544945716858
16227874819104430,22.9264395236969
35768122765328684,17.957024693489075
36120703211572758,60.11225867271423
449601595230337836,19.28217852115631
4915817584540214,4.043390393257141
204887010882308091,3.95673155784607
1888531193390624,3.041849374771118
76615881341774693,5.33519458770752
653056859701918,14.64590311050415
501124811336568,16.302892804145813
57412890676046380,7.31317675113678
7968022406046533,9.162379264831545
492840243880286346,74.84894025325775
79613084179431740,84.24942600727081
60211935490738807,35.70581901073456
8487352988641074,21.170991897583008
59872377893307757,8.72888457775116
74166612074498414,136.9876035451889
12818028653947533,14.191451311111448
7042770012420765,6.5167200565338135
43682430885549489,53.80009949207306
516000728876267307,57.84669518470765
106892615396244442,9.370044827461243
93836190977704369,90.71409130096436
71234613662419798,33.49177300930023
27362917394835610,81.07462584972382
3586529972541373,2.6545226573944096
361902698058268,218.28457343578341
52461157946915113,2.8211708068847656
9168625316194689,190.23927545547485
107972723897830691,3.2484562397003174
86197676920663693,33.38615322113038
11735259566652311,44.178401708602905
74212242326719140,4.242376685142517
96032107616771540,45.25138998031616
220038641825544485,56.253713726997375
81915999576677556,311.89149391651154
21856448133679522,124.25679898262021
1486936190218208,5.604136109352112
261058058715213898,5.496964335441589
129412097240736618,99.60525012016296
165676037644065020,3.4694782495498657
72534193963102212,5.83475387096405
60426180555073818,4.400401711463928
19610284727252294,3.4076894521713257
830655016456659,3.1636977195739746
71550152585233559,154.68807709217072
8407283040304730,617.5320720672607
34226058009333120,21.555341005325317
242325189389465894,66.87455749511719
15674402066139322,5.727668762207031
5427528171960045,45.42752945423126
20060109163946164,302.2224406003952
7385985778004042,4.216839551925659
30096018372699511,6.228250503540039
26173760912226941,12.077018857002258
72035718124593356,54.74069893360138
68409969906550034,63.08304250240326
29741429058152439,73.10770297050476
198530862181755969,27.270176053047187
63354282852043575,20.76327073574066
38366956678506777,25.592200756072998
31624457040648632,64.1255613565445
12719220812063205,2.5938363075256348
1306770108359922,25.8325834274292
65029707749017118,26.240980625152588
19914006405913386,2.5713084936141968
14933502135694563,2.9392080307006845
3752516140561093,43.49958300590515
6639561761912710,101.89661276340485
61546447616190809,29.091416835784912
18820181868182638,90.16692316532135
426913328392073969,12.463881254196169
108138900209372688,42.67904353141784
29500223490217483,24.388852834701538
22744573535024588,10.651284098625183
24099283446117918,53.01975739002228
109047896135327018,6.719050645828247
89649245197424721,8.51626706123352
9854504203712869,3.6498403549194336
126926771122469330,35.51501643657684
59435696242551873,10.13541054725647
142656613311246744,3.3632603883743286
68664696561416448,20.34519934654236
93995862561129726,30.024798274040222
52854534143766048,2.5882136821746826
2611348613184986,9.04288125038147
12551931626353608,2.877549171447754
50631826534637962,2.802534341812134
75089545258050258,4.351366877555847
11758682723436686,116.7945122718811
3200965619486010,2.449960231781006
11106402640108569,23.427390217781067
339492683876316333,43.58503878116608
52840801092496065,134.76259410381317
27051978222283172,3.6141934394836426
342796973581841307,40.17576587200165
1524735876747911,42.18868100643158
7657617184982131,28.682580828666687
65897616556748040,2.730010747909546
4262525011058791,8.870319962501526
54890081213400147,10.591199517250061
92547657034323824,25.84952414035797
2440979961572485,18.948601961135864
6937074114957796,3.7562954425811768
1825194592085012,10.693359971046448
62124486587084309,66.78526961803436
120997075484022922,2.9453039169311523
18942344809987485,10.518975496292114
5447196620323977,87.41076624393463
31017554892536493,17.245028495788574
20922514774438614,85.52302265167236
19929069037842883,2.4336390495300293
18659081723134780,53.18748152256012
26785729146791753,4.256884932518005
31972131112172523,23.775705456733704
23621227742666781,12.375022411346436
31642229914270818,3.543076515197754
8152659869488615,12.869384050369263
27581943486724702,4.5614659786224365
98698379978051053,6.623616456985474
13058168451013085,9.342999935150146
17824232523764177,6.001524209976196
70048084490366664,12.726745963096619
334375575983524757,3.50605046749115
131471826958305832,44.49834990501404
6875915906218090,8.58729600906372
105866119155805411,2.094482183456421
10936733173252546,94.6161926984787
61696542364834691,14.458398461341858
313068399715737859,30.704495429992676
15550448897064515,5.953577876091003
146725564880862442,15.71440839767456
82525634270530487,2.7489430904388428
19760578745877370,2.7933226823806767
24385236473034252,95.26523411273956
19044776540948096,5.618364214897156
130211975241529841,2.4934234619140625
1055049516637516,12.059444785118103
2291117573434731,23.503487825393677
54588589345727530,2.6149864196777344
3271472583802111,20.233195900917053
22915998901844217,9.736847043037415
82202006343289624,4.48861289024353
57374432406853267,12.814454078674316
174260327205832207,55.01420307159424
19244575134696096,19.2720388174057
121366675351053482,2.991437196731568
31900696086781214,3.5786184072494507
29099714389898505,34.48002099990845
11410992442475374,21.602233052253723
160509921347889368,11.9953670501709
88903103987931938,2.557692050933838
27136425683586998,53.60856091976166
28781070750948837,17.401105999946594
2536676673196317,3.262429714202881
122551515146099529,4.8270263671875
19115263176420450,227.40113604068756
111760477992194015,194.8284740447998
198664463601132427,77.8345148563385
24686048020836022,68.65633702278137
29606949706271044,15.377013683319092
33979460373986166,181.78033578395844
122496376982408970,17.92242741584778
106720372845487010,104.05984032154083
11551903818996982,5.177494287490845
27616276177313346,20.48550307750702
28893132997300710,319.65602695941925
7758989308856861,4.06216299533844
118398125031042846,18.454588890075684
103021781361576144,17.885671734809875
11093924794319313,4.922728776931763
6687506365569437,43.32451272010803
15007001609817304,33.26901078224182
23273221952474895,17.744395852088928
97561172970224324,149.70984494686127
86702093072943298,3.364717960357666
21360299467879450,14.238531351089478
351938605855471916,81.64166402816772
29266409280154779,10.441125512123108
4730611029628573,20.201161742210388
241870046684638464,24.911262273788452
23946674323843709,2.054437160491944
86178929149552356,26.35901367664337
17184828035296746,16.759661197662354
77795775962058403,34.97915315628052
54849383816949235,65.95745956897736
493665768277284870,75.25631153583527
19925545191581574,21.680524706840515
52139786875711535,24.389144659042355
124514374645194896,209.1978770494461
68794725297132630,13.024106502532959
17239744131235127,177.82307541370392
18463582114661095,24.459717035293583
14169145332374662,71.70176911354065
29746962094076750,260.49382424354553
84159134171699793,25.76462566852569
20738885711910833,10.847368717193604
55241254300774939,39.28435814380646
55205298844932000,15.545233964920044
19715080248052743,20.24121749401093
32408855410989401,3.5451699495315556
7162694344253375,22.77438509464264
7347202651064359,21.169375896453857
164450492131187069,16.491034269332886
391592523658628608,11.906372785568237
56520555821205004,3.130925416946411
58023444616881900,284.8275842666626
27671551407104193,8.850250840187073
33258147902175319,2.3195297718048096
226962236662775030,86.15638566017151
90870227053058267,6.049479722976685
21907644602879219,4.528626918792725
8495950307273077,35.68963694572449
75434879559671426,261.37663900852203
1754948321587392,23.03380048274994
17734049089537036,64.08881855010986
16754504168587816,2.575719356536865
2777029455870480,44.40247368812561
159707772814005897,23.660663843154904
152872615845251119,11.877288103103638
29901539542174299,7.021258115768433
16887514495186016,95.52344536781311
200926309614968404,115.55254936218262
11181929440338,60.987093806266785
18768043902045511,26.871771574020386
349713612177573921,8.114383935928345
101483882436934982,44.98398423194885
22627772340750681,2.7756359577178955
628804596877224,29.714705228805542
44988713385725061,11.169347405433655
26642151866539429,8.251972675323486
44727919056525751,28.984326243400574
38459625735858164,3.0269771814346313
6211776714516685,35.266387939453125
101741743530241712,65.25399494171143
350859841876743782,3.1967352628707886
61392317897342063,25.6395742893219
488959227300032278,94.43085396289825
1206753469145046,8.390599131584167
58310023138494287,11.524420261383057
102257921252340888,318.7474445104599
37609166219048770,10.740111231803894
14590636722190074,2.9873117208480835
329120079659778048,16.436139345169067
21791067337555122,13.090800762176514
25156520577847221,3.9785280227661133
43450807910191450,44.95186161994934
22105105632692078,12.396850943565369
5191659192010635,5.6705896854400635
282110565702968434,223.18201303482056
100419603211361040,4.096356749534607
57748840227863445,2.228070020675659
18009185143633649,180.8175517320633
28557355867988775,11.725508093833923
20074703030288134,3.7075138092041016
12292286316927978,86.31085360050201
100964225855393193,28.88223087787628
212478771412448000,2.2197529077529907
64205131379056205,3.4667468070983887
13092609778046192,102.10043501853943
55822149297338844,4.366166114807129
70949825058025459,51.32064342498779
161428827548657049,11.519802808761597
31481547423516067,2.721614360809326
79371307461305547,16.378758549690247
240939039488000331,2.5865111351013184
74401168356824773,13.111989378929138
346208331167982778,5.171274542808533
96763778665455766,25.454315900802612
66364637101719516,12.354477763175964
148197501363138572,26.009212970733646
92433280179552677,41.506049156188965
16498214389138500,64.9616094827652
67686852288121769,2.762930393218994
22646620752614886,3.530165910720825
267494197979084539,3.096550464630127
21742271299828480,15.448119521141049
1831266682706529,2.952709913253784
94362553958871595,7.005440831184387
967167017315012,14.212832689285278
109176093473691,7.336320877075195
42836674891818122,16.598711729049683
59786094582151271,12.896849632263184
21817989625347313,56.47710204124451
7230131124729144,766.605325460434
19053701048947775,260.4221051931381
37274563161878276,80.85648322105408
213613133069532979,65.75846564769745
169605464505483045,78.67353165149689
22249833815731084,48.57249355316162
22802277004782685,43.20777380466461
3491006855383053,54.044028639793396
54187715182010952,8.718242764472961
167819128761983245,50.14596474170685
7286556335073968,329.0806064605713
231712927268501566,574.4678580760956
27115412448774390,615.7366070747375
880195492215558,152.3138815164566
40424621585838673,10.103166580200195
9027293722430942,25.913960099220276
6601940411360630,7.78001081943512
2412116189842124,52.053571820259094
29467281355591993,345.89764404296875
15846425690656759,15.514548540115356
128732252674250397,48.42232704162598
24281563607396889,15.058865070343018
18228420608109694,8.168072581291199
25341169023393154,329.27858996391296
1876441129084658,302.1971843242646
385396712971672,115.9766765832901
28116897168427046,225.05477857589722
13775615448537268,15.660078287124634
26856784793696643,707.9932948350906
105610561053328569,26.78457951545716
152953376552266187,7.361807346343994
250626836871862314,22.65338289737701
117424925226502924,251.26592504978186
49169394299460018,251.44702994823456
36107519144921459,11.509774804115294
39986366354887189,35.42725074291229
124215974655395146,12.546359658241272
28028360389729455,33.75330626964569
49270988101737730,16.49786150455475
2715691647111629,131.29278302192688
30417098713103446,114.06071901321411
4651032050721113,24.569331407547
53274353246271324,413.6722855567932
164015035692890528,582.2436128854752
411254849027931322,148.62080299854279
20997306525081493,179.34441232681274
22847423829916196,104.31224179267883
38784157649837435,616.2100839614868
55047144716732974,22.95577895641327
7901657903055393,452.50597786903376
110177729536940561,251.11742305755618
245884178430395085,33.111860513687134
105253677114088560,10.017260313034058
3835238952814805,6.0559232234954825
191764359071055870,92.2217185497284
307606048616016172,11.886434316635132
6583278878564509,140.53392910957336
3063364146430495,32.42902433872223
40048090916094534,8.582882165908813
30409811497356288,54.15729343891144
89789712593368615,768.5212178230286
191840105421732081,17.794103622436523
22116821085194139,6.708759069442749
1704944310266745,36.38784599304199
361305298295534883,78.21718382835388
30480200358328281,942.6870577335358
92265774997993751,9.590811252593994
11663638686163678,411.5413053035736
63600594230490588,700.028302192688
24268249506594724,153.27823388576508
74456484618186916,26.56222522258759
30475523513499488,9.185501098632812
34261116123153741,296.2261979579925
18964695649465228,23.48927414417267
16963961465678817,294.8706109523773
276131446961248566,556.9867646694183
4618245639924469,29.50663948059082
129047131056656712,152.47072207927704
20868272113370377,176.35309314727783
182819330202364230,10.583703517913818
5541655717778291,88.34721171855927
23155911787276924,12.178161978721619
39944827125996,956.583975315094
17848020313454780,86.75879538059235
32775405912562032,246.08712351322174
18906901831917041,56.070748686790466
69436557619115958,605.813601732254
26101630688074456,105.10572826862335
36151118152570335,24.11280822753906
33959077789469424,17.604106068611145
282945657470274265,110.5071314573288
1656159846694433,8.063036918640137
32875618980712328,358.6368134021759
103266639816315005,11.757775068283081
104687884081914813,459.729852437973
11973360253135022,1213.286605834961
3001334863242547,633.6566491127014
68621873859718251,11.64117169380188
75287231058014619,16.929091453552246
235617851295485642,66.12348330020905
166048308774422837,3.9931232929229736
28338017735607165,36.60732316970825
32341078823450155,14.748971700668335
31406020042323924,238.25374233722684
6146678161728894,15.276324033737183
39360238387743130,288.33820700645447
11819577811188568,21.00374150276184
26109239099443334,10.304434537887573
45518444487497301,52.680094838142395
665888696797586,8.089821815490723
29066929574516548,4.046962261199951
1798020961441911,121.43761920928955
140006277602084338,4.735095977783203
16095210476621834,96.07847559452057
103137136900747523,6.302172183990479
115532602956930798,255.2089813947678
40722318783681530,9.313769340515138
2230781037261171,18.661466121673584
22900166180133103,78.02775073051453
62673557368219614,568.5070238113403
17144852352128469,6.615583419799805
86548062946386377,15.947859287261963
301435121063980451,12.281089782714844
11777407496779861,149.44214391708374
161138509833660009,89.46178805828094
86251792232707239,16.538909673690796
121007342043223565,21.02190124988556
9844839026495437,55.28575921058655
154063117058543195,25.046747922897342
3890821121288615,10.200731039047241
61359400350511503,617.4476690292358
15819684454567680,222.87639689445496
7665136115626526,10.624063968658447
101466839771869537,1271.2496807575226
27827201833062809,402.6875436306
120846443370572078,15.200616240501404
437804349132378069,58.61039197444916
4747905553279046,684.3418909311295
363010624590701859,2.811903953552245
77154121160820418,93.66314733028412
104387562002353372,155.71709299087524
105184675306539324,842.1924214363098
167155891827267143,461.9473158121109
14198093239328345,2.8679769039154053
20502448447645076,12.409705877304077
20565417789280994,64.62899887561798
8906766589339690,21.933813333511353
49764221671432210,1012.806726694107
94446112923423355,10.02206289768219
74040687000164051,636.7468538284302
179738751605714522,1005.7701423168182
31360530121020817,900.4471099376678
96163625762217181,125.1473982334137
10673538093248694,9.442774415016174
7142752899735321,27.08992338180542
17199272692956160,1485.7970712184906
16218856588661969,140.2320157289505
120999865377856952,215.12582921981812
16028616023267607,945.8657258749008
17337820448875234,28.07555937767029
292263891917542669,58.78819274902344
16328466514577765,9.275229811668396
17393111536293843,259.5345846414566
56049744298267242,486.3303396701813
21857907107524478,10.68769633769989
214799417207315051,766.884725689888
360831412060341300,183.69953727722168
131181373708518735,62.75432729721069
4686566972354586,97.13182497024538
282035992126097943,14.679579734802246
78723797122736523,11.608333826065063
39695424772273933,7.348394155502319
24391746794647127,31.73129630088806
108519224254215430,30.949889302253723
39134836176729070,442.45578920841217
516624901574795058,9.690775156021118
17699251910461654,14.535134196281433
92445126429191928,93.15523064136505
124497307520212488,311.6710834503174
79610786249673856,25.54671013355255
13857288136177147,37.654990553855896
256311894360158741,31.326840043067932
22553028511445498,15.304376482963562
7823156635611437,129.93606662750244
30384065689578881,82.05179715156555
92250835611156669,46.91311538219451
107566135773604552,38.42756736278534
21694456476646183,306.9590710401535
8516272754978104,826.2182602882385
299144189792344417,21.12282955646515
108088847067786520,32.962798833847046
163439275764073568,166.72969472408295
2497162327420908,16.50200343132019
74866901966407036,8.698664903640747
74517552437739098,212.2066435813904
118655114301030835,246.40521955490112
102472076296159843,70.01389610767365
76480319483341732,247.45562398433685
20137774375988637,11.232339262962341
26622987041740662,284.04582381248474
80051446753633237,7.708882093429565
26715061442820545,582.6576151847839
56426392743110831,53.83523416519165
257132888115372290,33.309388399124146
112623632624973397,7.367274522781372
75131531431169004,579.0858311653137
41240683427209405,9.220513939857483
1001027908207854,629.7180144786835
73267686793478275,42.624022245407104
31442574125824611,10.667005181312561
24620125434602145,8.379793882369995
2705965911987754,120.31453824043274
62359206633706253,6.011952638626099
50833476996413767,57.828996539115906
273864188963231719,165.60817003250122
14253608875393405,49.9844526052475
119083461267186346,365.98774123191833
76916374829665851,44.42609512805939
3425157219265562,312.54499435424805
22565193204674614,88.81317329406738
14803311143098830,19.04866898059845
121806176874157275,13.795800328254698
17875274420426779,10.888696670532227
22390005912994005,2.624406099319458
191285892060802399,64.0492354631424
153652275534131673,2.495728850364685
33871918650750652,11.446121454238892
205991544226341701,1.8945337533950806
4883493237553373,43.265608072280884
70539385699169227,31.33694183826447
16722671302445260,3.4186877012252808
225209494426482811,26.54403018951416
6527587594857580,2.2211136817932133
16975010261801530,18.506053209304806
54544231080943637,8.911091566085815
384209650838295311,6.994643688201904
28546313853651769,11.604732871055603
110123888623028816,3.265622854232788
23588293074940734,2.190825581550598
29318432753512231,6.420379400253296
19055401175966824,6.946751713752747
110043275930946465,2.3576974868774414
241450200230060275,15.014246344566347
113044641472474562,10.907445430755615
15317434312873496,13.95458173751831
364562106054122888,14.980754971504211
535343653709326,88.97148394584656
137249535340454961,58.74399495124817
41657004531030376,26.715730786323547
10513899003956037,2.4716602563858032
34193223457189580,5.590462565422058
3917252245979884,32.35768365859985
17670139756660340,9.125822067260742
286821542961974067,2.656088948249817
17164299638283499,82.3857159614563
10857900254493506,2.7489395141601562
11583752211166505,12.90079414844513
135643809102559746,57.90345215797424
12893853339530605,21.589092254638672
30196383741029569,7.60508131980896
326389661121402640,3.623659610748291
9853876527409829,2.9068479537963867
5872454978955309,6.6914554834365845
113320425082516077,21.715885162353516
461145326339668927,10.260424137115479
20522021984327552,3.2117347717285156
417291660680805586,15.707099080085754
94502473151706828,65.63567245006561
90206409083386598,44.67104959487915
259685907760095215,2.4573352336883545
28290545792070518,9.19662368297577
16263116452956339,2.0592883825302124
61975689348321819,52.83866560459137
14043683346300743,6.014452934265137
28611313484473316,218.54509818553925
16592150904432738,3.944939970970154
108955955552145985,74.8813784122467
19715456999945634,8.591228008270264
18493398064552335,6.248652458190918
8703663412702333,2.5837415456771855
12022756404472782,6.678997993469238
16600961405684296,18.999439239501953
97004399327039460,2.2931456565856934
1750000450391947,68.81045293807983
12586013805500359,11.348400473594666
11950130750077239,5.563767313957214
116839781143207947,2.023312330245972
124830958204789344,16.594080328941345
31955522781545453,18.53460121154785
43720759121887539,13.155356049537659
3571656140614212,18.8073171377182
15168710995774204,2.4716415405273438
30511661717033882,1.6795914173126223
87005595325658179,2.52280330657959
2975745751359142,24.57955276966095
10389656773814036,121.36458480358124
854166449302617,78.6243509054184
75523143039333935,10.127207159996033
32065090938554522,2.7794840335845947
5484893488301675,1.704707145690918
41285739552185744,19.923870086669922
18394348652972460,12.312501430511475
11145585344206384,3.55080246925354
199230036228793087,10.091477036476135
350718751903903770,2.125974178314209
44357259354178862,15.232089042663574
86839060352719354,52.63905429840088
77759731524022461,26.867704510688778
6936831825675222,2.6335859298706064
241340001409544897,48.02332413196564
72636118759926702,6.91959810256958
17652599368634587,2.579931259155273
212192754536143263,57.21389281749725
1896201929932420,11.378682494163511
2543160807398502,35.757413268089294
127055330911945211,16.603057146072388
62615671213832271,79.72313714027405
81104094647581017,16.080695867538452
203189089200375,15.751831412315369
3795728957306017,27.820232272148136
12747093897438253,8.61899995803833
81637923810049519,14.794835329055786
118627231921920592,13.219553470611572
4751586171390556,2.8287594318389893
277114462565803390,3.0379674434661865
98843471092913679,2.775480031967163
18020016823286720,2.7528239488601685
25160053430860695,8.972392439842224
98967546615263610,29.476807475090027
37402487609440646,19.4252747297287
26658557349435255,2.7416460514068604
112616414246774126,62.23366665840149
145960177314930520,53.72326374053955
26037558213796557,2.191454291343689
238693163188957189,4.469680428504944
53739865284794160,2.429243326187134
627211336584109,2.54988431930542
17860047170017836,2.4110883474349976
37176219858219579,2.7813186645507812
126256227017255213,6.77579391002655
4817720203597359,8.952061295509338
61160453506661122,5.648945212364197
69345755822249043,7.456119894981384
30835625917705190,1.685387372970581
2380069579983986,23.499496579170227
67520436910853464,20.870935797691345
17984269303693218,6.115117311477661
77821793834569312,3.984368681907654
121478077231826798,98.27280867099762
166372455026273,13.845770478248596
24301172632021274,102.39455926418304
130751729647301112,67.52251935005188
354865516440269891,10.234837174415588
10448406641921879,53.41245460510254
52375593263777912,8.708706736564636
7302903838814892,2.494426131248474
141748723649908644,77.59304320812225
18892143980881819,4.36618447303772
11639378173089786,15.445063710212708
50177078329507398,43.16200053691864
19210787282226727,56.892786383628845
108796365076123590,12.88361918926239
84321474557168784,2.8406879901885986
20088237192676647,3.3873310089111337
91583211622161258,4.611796736717224
28039358935099506,25.188674688339233
100907122944821032,3.1626272201538086
71507598254828946,52.266807198524475
340916646245398634,2.7779626846313477
264684643262155810,2.21238374710083
8901599310223744,2.366036295890808
46561479853065528,2.6794008016586304
20435246383152924,128.55069184303284
119127768064238908,76.31299793720245
125944216445779295,13.158527612686157
1094730252212489,5.455881118774414
27910780771671368,136.38200294971466
24756514008212961,2.061220645904541
30009366235969070,2.6502017974853516
139303617370098051,6.127113699913025
21534423539543943,51.715443849563606
10737428391145904,2.634155273437499
54219279893209714,30.57242560386658
157553608287040454,3.7605936527252197
55674681804418757,5.475432276725769
11085838574971113,6.476767063140869
62430875351492969,2.363697528839112
1583156068713024,2.099714756011963
37856461580527961,19.841627955436707
239950055945626045,12.020816326141356
13076554693945413,12.824822902679443
95593758276261537,2.2032142877578735
126412085860967992,12.955751419067383
23951129236089270,3.2706375122070312
121929847222687246,2.901674509048462
124802290495160281,8.87121868133545
17809940062258981,3.966532588005066
23200604181090754,3.1113831996917725
12291297966789942,12.760329842567444
34979248548552219,11.035115599632263
13236459302669710,71.87462973594666
243175644598811386,108.25239157676697
25854645108475186,4.969125509262085
21835093690502100,3.657549738883972
73279835461609762,7.492834568023682
78116712054361034,5.42606508731842
25555623256306954,19.300710439682007
39162344543879423,5.703009366989136
392646686421595545,12.371843695640564
66004341615699446,174.44190192222595
39774015476485166,50.89923548698425
28009528392417066,21.233611464500427
59012405921484008,60.03482973575592
70525229375123535,16.287870168685913
157218775023279584,12.835144996643066
22887310459467047,65.1630939245224
15284486773861907,3.153054714202881
76615342467545820,15.690497994422913
150055927675158197,1.9485743045806885
13328722069342279,7.959569454193115
5237494957569591,6.088417530059815
87231693756158586,25.130825877189636
112213509398367691,5.133969068527222
301415682456406,2.7336201667785645
103325513668319665,31.470524072647102
95481471566164978,11.78936219215393
1494131602817166,7.639510750770569
28194786840250494,74.86147224903107
71093425612112319,5.04369056224823
44636214328173067,5.651134371757507
7567596010606321,44.81722581386566
17538747750452985,2.5662081241607666
30177373080118246,142.45960915088654
269178078559014798,52.86456739902496
