,num_samples,num_classes
74417154365539438,2496,104
28759971764404954,2496,104
10466724769439820,2496,104
20056787023477519,2496,104
115104759908005613,2496,104
64133780157014584,2496,104
160971987117537173,2496,104
30537381878934033,2496,104
26525064251448383,2496,104
136598468157528704,2496,104
25854900687589727,2496,104
230815779065893918,2496,104
159623229000579362,2496,104
4876459398619965,2496,104
21320467304308384,2496,104
249575201260931903,2496,104
133469538741729908,2496,104
18321968699939123,2496,104
26286866932884986,2496,104
10771417248540729,2496,104
29781957264303211,2496,104
18128572812746170,2496,104
37206451381390414,2496,104
27915224708756384,2496,104
3998595355222938,2496,104
10985994580617832,2496,104
60827396679211467,2496,104
10451819365195124,2496,104
59168585309233937,2496,104
100331815210533929,2496,104
14914819499142170,2496,104
5615076545915997,2496,104
56780812839078763,2496,104
12890785184390445,2496,104
24161395732694480,2496,104
54490037252265202,2496,104
185408107141734766,2496,104
11066533549996644,2496,104
32566008509637430,2496,104
35442884782826888,2496,104
124245371217388237,2496,104
12488818352665946,2496,104
5740204790827782,2496,104
28575500196238575,2496,104
164300694164752914,2496,104
10687808780603921,2496,104
31601559459385009,2496,104
158484491973204378,2496,104
17908146740906904,2496,104
2496832257572248,2496,104
17882968666831371,2496,104
4231307696917272,2496,104
18976363741594941,2496,104
22794870876753158,2496,104
19723807199798384,2496,104
69379870661401616,2496,104
110160985450112161,2496,104
35074049819854905,2496,104
393282801106172301,2496,104
14220405614979374,2496,104
61566388466679561,2496,104
61636710253376402,2496,104
17938310511920627,2496,104
23569656767324282,2496,104
109219417352696692,2496,104
17498250578583777,2496,104
69861780323044820,2496,104
13893224439944517,2496,104
16865868251432975,2496,104
100767354297266771,2496,104
2301126577242484,2496,104
35742668139265663,2496,104
31246682523175679,2496,104
18030222551635562,2496,104
12303888494291068,2496,104
20484834509020884,2496,104
28706016263605017,2496,104
62155014418477634,2496,104
29251458425747079,2496,104
111672049410730848,2496,104
4902336145113741,2496,104
39179115091214574,2496,104
79328810623029365,2496,104
85381825112735442,2496,104
2305010686073317,2496,104
27801859085856806,2496,104
107264761874754850,2496,104
260597582911927473,2496,104
23349779942391013,2496,104
349908747683025112,2496,104
116434357850240339,2496,104
78101105918770848,2496,104
159633631190849266,2496,104
6134183473259567,2496,104
17984789724444314,2496,104
27390144816558733,2496,104
3397350195080770,2496,104
11351485079518451,2496,104
52119578526468310,2496,104
122889923449993292,2496,104
7508268857642585,2496,104
8012960062302586,2496,104
61382348161520004,2496,104
1821183924088954,2496,104
299564071232560340,2496,104
19193280078810372,2496,104
137043468708846905,2496,104
1508125814205816,2496,104
13361693758170482,2496,104
23847152668275525,2496,104
6851536339470133,2496,104
100410897578293962,2496,104
28383081524093936,2496,104
24791302020740771,2496,104
110286288720169554,2496,104
41256581019856814,2496,104
17229780853191674,2496,104
368182295747402215,2496,104
6605036176126274,2496,104
54559343187730696,2496,104
28344386412610416,2496,104
25170544161848439,2496,104
25150213991581187,2496,104
54468040070724916,2496,104
67020985413993909,2496,104
11650548663108608,2496,104
6470864402896536,2496,104
11391366464607887,2496,104
10097053711253041,2496,104
29951703378918408,2496,104
43902643295094218,2496,104
100317808712675780,2496,104
13480055939944287,2496,104
89258552619889685,2496,104
59063694356413103,2496,104
52338924286027367,2496,104
188575384641272179,2496,104
5342367012399691,2496,104
24996711311943010,2496,104
65443262689596816,2496,104
89243381137742121,2496,104
178963362041965679,2496,104
27431434617958006,2496,104
215552217406152,2496,104
100551476461653760,2496,104
7742297627989142,2496,104
40035548956079277,2496,104
1324271334175674,2496,104
14755967918420205,2496,104
39333106151192525,2496,104
20014036825385792,2496,104
73562257556220239,2496,104
10432365253098979,2496,104
7486102911512216,2496,104
122140801052186309,2496,104
47323236009198489,2496,104
4784244292657924,2496,104
15012351323861923,2496,104
131659338478108575,2496,104
3186562643324469,2496,104
20152717345129365,2496,104
10148643603689772,2496,104
56800470072408573,2496,104
9558434797547477,2496,104
39291991047148084,2496,104
5882202220140826,2496,104
28029397463035542,2496,104
5341514360028914,2496,104
89229247723573819,2496,104
14752456475336287,2496,104
103461602493818208,2496,104
16321050028941399,2496,104
93693097655308815,2496,104
289546553593770465,2496,104
169941877191298500,2496,104
19896665611691235,2496,104
245410240096058262,2496,104
56569666136066478,2496,104
265948607206135224,2496,104
190785490453386775,2496,104
223755787079402264,2496,104
4327122027709541,2496,104
37221619196782402,2496,104
32487821689055123,2496,104
87333317941658930,2496,104
85976953691781057,2496,104
106874502997006857,2496,104
3225161718947055,2496,104
20974992904042525,2496,104
20868745388582947,2496,104
30421586589240607,2496,104
144279267541552778,2496,104
75531449621166318,2496,104
25339746874529531,2496,104
27759044008686080,2496,104
5597707965988177,2496,104
9276935862833310,2496,104
29986711348466013,2496,104
126641607090185594,2496,104
2186367983539827,2496,104
76224442520131387,2496,104
46845261185452952,2496,104
13312162069967763,2496,104
3943981955913719,2496,104
14086958174029912,2496,104
276729585306408055,2496,104
96072112392877829,2496,104
70272769936358046,2496,104
120774450289558091,2496,104
92020179574434761,2496,104
44213466816646179,2496,104
63011119887101470,2496,104
27256787575624820,2496,104
9195024778587132,2496,104
24961653324551060,2496,104
142906091125235611,2496,104
10442850975515222,2496,104
27345854514834983,2496,104
23765532745340574,2496,104
44141135659681922,2496,104
121796512686348680,2496,104
4341656323047335,2496,104
71095825892962170,2496,104
8461644391739478,16944,706
74079671231346748,16944,706
24934478248055822,16944,706
17145039538447826,16944,706
11341972434272317,16944,706
2424320709137115,16944,706
309921302703818685,16944,706
6436045849831998,16944,706
124605508019802213,16944,706
38171347761659608,16944,706
18025359334950455,16944,706
29167267344336900,16944,706
2011303323950319,16944,706
13817446923659018,16944,706
25550685462248782,16944,706
408770392818256266,16944,706
10888870407337597,16944,706
2505118647867107,16944,706
28198328932177231,16944,706
22887257858643559,16944,706
11901925919125703,16944,706
60720498643903580,16944,706
180343051721319236,16944,706
23226342749304355,16944,706
21863047028389515,16944,706
155111885676993618,16944,706
16025062610312428,16944,706
285141246795113761,16944,706
80490794062276473,16944,706
20343626842585402,16944,706
304855090787602126,16944,706
13463153082138282,16944,706
159004330052509959,16944,706
32134250802110417,16944,706
166649789891331386,16944,706
108179384164668860,16944,706
153858745856110916,16944,706
151843309472508443,16944,706
14133745143476787,16944,706
57355039030675036,16944,706
168125722288206697,16944,706
1487361480372885,16944,706
102689076860535248,16944,706
33775962051136338,16944,706
2981589160388033,16944,706
12047860241618086,16944,706
34411027547486870,16944,706
118898345919668798,16944,706
589698216116831394,16944,706
121503048590796783,16944,706
17885049260294611,16944,706
75511805996178123,16944,706
23807164270952059,16944,706
22430046297949754,16944,706
54323035854778332,16944,706
31741166207344481,16944,706
290557712328890216,16944,706
153257934949239350,16944,706
4307152921565303,16944,706
119353828649489819,16944,706
95090573015207193,16944,706
10871567533752035,16944,706
129469619703889260,16944,706
33971308289909980,16944,706
11017894198088742,16944,706
16460777072125672,16944,706
102982441305126998,16944,706
104595054055108086,16944,706
35146721694441467,16944,706
1548656249016986,16944,706
27433569256114809,16944,706
100423834391031358,16944,706
1670820831850107,16944,706
57329275045619254,16944,706
21000097704119644,16944,706
6997354582190548,16944,706
5666261997182851,16944,706
53009939139860488,16944,706
120548054994629245,16944,706
2648916433616190,16944,706
32728608937553563,16944,706
2925078834224314,16944,706
29827569973991454,16944,706
10138436780647435,16944,706
44079083237371408,16944,706
30583996793360354,16944,706
75708630347141461,16944,706
13888459089784093,16944,706
188477700995279972,16944,706
21677026827451998,16944,706
14604647590589133,16944,706
53681388196199148,16944,706
89699339809467165,16944,706
73944835632064183,16944,706
47605178492334246,16944,706
31660582874453746,16944,706
2445487154286291,16944,706
37205103307823273,16944,706
119956020283096729,16944,706
28452155804187344,16944,706
25214894344947799,16944,706
18552616062908183,16944,706
30201770813818000,16944,706
53739928164796707,16944,706
204217261260500879,16944,706
31855664899844986,16944,706
2722854155268139,16944,706
185007722532426454,16944,706
179858290471745814,16944,706
65168373148836363,16944,706
112934474453748414,16944,706
20655246417299751,16944,706
34173154016017458,16944,706
109623929586475358,16944,706
22799577235865260,16944,706
21765869773590971,16944,706
6028821599877937,16944,706
91221755466904294,16944,706
3961065514573281,16944,706
28651337283310960,16944,706
24257224758683328,16944,706
166166185448416714,16944,706
78854534744831739,16944,706
258556072587646171,16944,706
85985772953540312,16944,706
475606955505433122,16944,706
8927303056472807,16944,706
19384527130756667,16944,706
52031159408195920,16944,706
52980926456315553,16944,706
383259336879856689,16944,706
36971266118312098,16944,706
81745442020675890,16944,706
104411336192526827,16944,706
23465070602615915,16944,706
11679880809974147,16944,706
48598456171943217,16944,706
134268946911841341,16944,706
15843565822698942,16944,706
7427897782508228,16944,706
454473082902633640,16944,706
2717367450534010,16944,706
69729861436639817,16944,706
8038035046591514,16944,706
260451259863228894,16944,706
25593175777972629,16944,706
52314428142501095,16944,706
1694510172938109,16944,706
23024766392366763,16944,706
114739345841983283,16944,706
313862447956845083,16944,706
378939447328209052,16944,706
10707968439445465,16944,706
219388520505861299,16944,706
318141905961873419,16944,706
16926442473622021,16944,706
23699898504621786,16944,706
298478935300601075,16944,706
260841942838683962,16944,706
7479934576475647,16944,706
92366483177364227,16944,706
24540707286128694,16944,706
99921153640540806,16944,706
13745449462665182,16944,706
28607134111695084,16944,706
29928669293093583,16944,706
91450159246031222,16944,706
48945988678110647,16944,706
16334766579143236,16944,706
9943896262534110,16944,706
3559845220538612,16944,706
316142366630388504,16944,706
31633665533761974,16944,706
180827803228145608,16944,706
391191663469623480,16944,706
28817224144160156,16944,706
2019304799619084,16944,706
120242854396701590,16944,706
113385187050576609,16944,706
84957086517733381,16944,706
56540217647092326,16944,706
2548166013729620,16944,706
61378008654876270,16944,706
146552106178457578,16944,706
3862235012751962,16944,706
89366186861567234,16944,706
50833900782440200,16944,706
43001248234673669,16944,706
96675078098362097,16944,706
1159573737834756,16944,706
29965756827584183,16944,706
15886251108559841,16944,706
43334773005040883,16944,706
845935233105455,16944,706
127381069937688862,16944,706
111574795809574534,16944,706
64022593624160856,16944,706
21154213991115555,16944,706
27088435101764619,16944,706
75564122434766802,16944,706
38983559867402514,16944,706
51057428556098718,16944,706
269089118131358103,16944,706
106706709251328920,16944,706
66429981583720252,16944,706
39714387826935227,16944,706
42534792150319171,16944,706
141426636448585427,16944,706
15068897482770457,16944,706
17130175245367351,16944,706
29483553935287391,16944,706
29181440395665805,16944,706
8022262804774619,16944,706
18246052513452946,16944,706
97953169973044941,16944,706
100504369193986802,16944,706
254542820069197223,16944,706
40319190347143184,16944,706
1127084196951670,16944,706
438386369326922456,16944,706
18214154922555882,16944,706
365911938675441679,16944,706
54070040095697606,16944,706
2561654153792298,16944,706
79425070282606851,16944,706
129679002411285217,16944,706
16797777615481521,16944,706
140649013469030896,16944,706
21951775409809470,16944,706
28510549022200177,16944,706
87886647772783032,16944,706
77002079074477491,16944,706
60646313112102451,16944,706
16147918803464686,16944,706
13521192914230212,936,39
54297691847189142,936,39
25824567055004968,936,39
10756370418534903,936,39
353004335772883959,936,39
102341857848254040,936,39
7278077100410968,936,39
3358465456615111,936,39
429864292358247242,936,39
121920364758016625,936,39
2695538024568438,936,39
196701390716471295,936,39
25620698192901490,936,39
142166362890403775,936,39
27837791795899714,936,39
349672879210570674,936,39
107504092488999045,936,39
6467907068215374,936,39
60609875596076254,936,39
27266915609618735,936,39
16693343978803030,936,39
259766883962689921,936,39
152487555343622121,936,39
57857867589809917,936,39
9257440302773365,936,39
112807009977212453,936,39
69986348059603827,936,39
120907537608950988,936,39
63676956719695759,936,39
288920464959416,936,39
2871891469240554,936,39
90719206088693429,936,39
302689766656584593,936,39
10367597744856841,936,39
11568468057054126,936,39
18050113099016498,936,39
6303019440732204,936,39
61250063460261979,936,39
17195029256399796,936,39
30405127407862021,936,39
126940858605552388,936,39
7481858101013198,936,39
31266658345078649,936,39
95104654877786127,936,39
134677195187069956,936,39
19739281289550013,936,39
159448707179369444,936,39
12007784339607170,936,39
114745148825264667,936,39
70973832637466142,936,39
11706750471316235,936,39
52749086077907191,936,39
16999991331009150,936,39
3957525458546824,936,39
27323989569085089,936,39
17086486810609233,936,39
15389889816552121,936,39
29763543867160425,936,39
103176711456465735,936,39
1111216266779351,936,39
30438101138153852,936,39
10079577032987213,936,39
88407588983016363,936,39
3526211682522233,936,39
3865081181158100,936,39
11557929653638687,936,39
93035084996725848,936,39
24110661802227962,936,39
52600715256140556,936,39
22673969433675834,936,39
465790014576697850,936,39
30878345225854732,936,39
32015596321176774,936,39
123571674974063819,936,39
109003275435003224,936,39
15084118309223853,936,39
117086470513789422,936,39
329764244360944944,936,39
311254669475761,936,39
89833611813461718,936,39
6817530460058301,936,39
1880542636977293,936,39
10976737216523583,936,39
121091976477095280,936,39
11337746817777912,936,39
101922278332238230,936,39
6213025556239623,936,39
293492730110751,936,39
11188593037261544,936,39
5733168179853743,936,39
19243538580637795,936,39
35554260423451064,936,39
11479074622321138,936,39
7697546661474650,936,39
26265715954418375,936,39
10332453018848961,936,39
246661123259951874,936,39
383185679404098010,936,39
25951652445920416,936,39
303519507347192317,936,39
397243276419556312,936,39
30074472561442880,936,39
15530542436382981,936,39
112899339262000003,936,39
26755246660731410,936,39
24331884990199843,936,39
7013262468378337,936,39
3006740292938287,936,39
114417231136602832,936,39
9247623973852892,936,39
3525676660937803,936,39
97510770876370366,936,39
102237274856900689,936,39
8951714264189134,936,39
103272566616929856,936,39
153723293416478556,936,39
68332761707146067,936,39
13004155606242660,936,39
117100999322326811,936,39
19400477928369794,936,39
94475136644297839,936,39
286237527922642369,936,39
6461634151554172,936,39
8056488442795865,936,39
7881002531563877,936,39
98443920114840532,936,39
7107313923314494,936,39
256361982668514007,936,39
330684282553281844,936,39
9286611285613798,936,39
88014431480433391,936,39
107643217003550028,936,39
295292913359091735,936,39
106902250966921947,936,39
27842059444947114,936,39
22517681159010403,936,39
172702385832156016,936,39
180268354030118088,936,39
89743844574630752,936,39
7788304020456906,936,39
13457657671086712,936,39
2154091136701152,936,39
390196724625714535,936,39
3142106321633607,936,39
84642033333756543,936,39
61240572227799760,936,39
2011652701948881,936,39
18368461411247075,936,39
161295870936346685,936,39
12988286039361569,936,39
8888390457298953,936,39
12019048418111828,936,39
16640825142942665,936,39
62196446620842601,936,39
147105524639135210,936,39
185442287627568069,936,39
21984230465204490,936,39
20868996630749149,936,39
13212943095951836,936,39
21898645112255510,936,39
54544544252387885,936,39
74684845006593629,936,39
159687908641776167,936,39
162740499877927148,936,39
194668841013394003,936,39
311895751419748634,936,39
53581644221211617,936,39
8920773320703114,936,39
50334335112075347,936,39
40550937539004031,936,39
37636490547801074,936,39
153661800396175602,936,39
59825470116350829,936,39
60779842964082276,936,39
155026554300184750,936,39
258006035457307775,936,39
5811781651458398,936,39
125974002449933497,936,39
35844389531086516,936,39
38320696111139872,936,39
12337874183687823,936,39
128422768523982384,936,39
12607516600175548,936,39
12102972582584943,936,39
197004952946984112,936,39
1103290051275175,936,39
23508669926020208,936,39
107253031862047044,936,39
28818136361915628,936,39
17304868852860697,936,39
111227098155100,936,39
27430837009342645,936,39
26780862848083596,936,39
76542763572778631,936,39
56914928500823010,936,39
18247343910959601,936,39
106644801653549070,936,39
99263479914450236,936,39
17333913123154662,936,39
28807382467521975,936,39
25321687410177793,936,39
16974681558217424,936,39
21124912295070285,936,39
10136943313298928,936,39
68088583902045184,936,39
83078790765878920,936,39
438145062395680074,936,39
56510169330412392,936,39
43837821636718565,936,39
75738458107907265,936,39
21009522927632474,936,39
22095849237636110,936,39
93943637217551651,936,39
21197502156787955,936,39
126286098012571580,936,39
77520478930991204,936,39
11297745411684277,936,39
59295306558957847,936,39
141296258941616919,936,39
437391108139424085,936,39
53670561094033938,936,39
15469793377216098,936,39
1095979980343031,936,39
74943824040102631,936,39
61760892586747892,936,39
1085020329530406,936,39
30602502796839205,936,39
28130612808602306,936,39
67370868309974300,936,39
392085779651860377,936,39
22793445732740696,936,39
36650769391054216,936,39
25371013430554405,936,39
444416239770150113,936,39
103762763725815550,936,39
109182966243436595,936,39
322517885295013689,936,39
112776788245952107,936,39
18530352031920051,936,39
5111479225548930,936,39
1891318607643177,936,39
118605558569756675,936,39
63905311029357793,7560,315
23935129208779125,7560,315
152430881281975970,7560,315
106747652671293139,7560,315
28496649080500439,7560,315
18308741269333766,7560,315
19283878209562035,7560,315
296704498302949840,7560,315
39729045982757190,7560,315
15248278773397705,7560,315
28437057238934257,7560,315
10726244843501246,7560,315
42631943432325989,7560,315
15272026238498918,7560,315
110200033210249460,7560,315
56744269756350031,7560,315
190634560718440,7560,315
37256982587662051,7560,315
14779336946347631,7560,315
64209309589419305,7560,315
22606355699184825,7560,315
45307235416667487,7560,315
66692831096052279,7560,315
13655089767276115,7560,315
31756011850736666,7560,315
109913799277980389,7560,315
27290744038062042,7560,315
17572786239629362,7560,315
272018387014026269,7560,315
13411728217307618,7560,315
16808827512068650,7560,315
33867572194365129,7560,315
75003411181426265,7560,315
8970398909931117,7560,315
6758230528747889,7560,315
52934658911948585,7560,315
92809074986975512,7560,315
24094707269846259,7560,315
22581907058720121,7560,315
116573150262857204,7560,315
11897157414792713,7560,315
258348020857942410,7560,315
4583054360623129,7560,315
34705450909621155,7560,315
4376675845701728,7560,315
8101029400461886,7560,315
1836527397692842,7560,315
44042599685588371,7560,315
1034225960328505,7560,315
60991404104589761,7560,315
10630503500662727,7560,315
90555260225503359,7560,315
1712867298504934,7560,315
138435974127631976,7560,315
121410800317457548,7560,315
108861617824479343,7560,315
402859425756788932,7560,315
69836801423974795,7560,315
27576373861229740,7560,315
23261908330623727,7560,315
54815135972797914,7560,315
3839068626562437,7560,315
40974077306951137,7560,315
30538361494805909,7560,315
259377308599245388,7560,315
374247904547712123,7560,315
37890033052144737,7560,315
25135883746277963,7560,315
362986516901719316,7560,315
46398118321256281,7560,315
66731150261153342,7560,315
157922682588969127,7560,315
10897921585130804,7560,315
13015303119975379,7560,315
7943186335400402,7560,315
78543470393300239,7560,315
116612484898757057,7560,315
187750171732340207,7560,315
119955370451625311,7560,315
56121197254882103,7560,315
85935773383310983,7560,315
20937590042725842,7560,315
44969940057948101,7560,315
89333516691327354,7560,315
26595276648040568,7560,315
63789501459751402,7560,315
44072748162866826,7560,315
20467185152277497,7560,315
1951378396815129,7560,315
3626710760079466,7560,315
52326310289768925,7560,315
1851634970261127,7560,315
749648752010447,7560,315
110787935397633347,7560,315
14450123831526662,7560,315
62750764831326375,7560,315
26655665313009158,7560,315
45112674771713614,7560,315
8404272193570751,7560,315
24566333086016268,7560,315
27935747696737922,7560,315
108978304599377630,7560,315
21031787700133326,7560,315
378109889331409865,7560,315
9352403679223493,7560,315
6501742426932102,7560,315
11382646158284163,7560,315
214485039477358128,7560,315
39091685662496857,7560,315
1235274224449755,7560,315
117817898410921223,7560,315
2240580209600776,7560,315
71021465599798426,7560,315
60352833285008958,7560,315
57994920186224039,7560,315
14397822013539643,7560,315
127506717743478723,7560,315
8637499315893661,7560,315
9683547565908869,7560,315
200405251601151011,7560,315
24469849639783846,7560,315
25056427526778281,7560,315
12558357492476637,7560,315
74086731697514743,7560,315
85238481565152495,7560,315
116750003979360877,7560,315
21539704889307278,7560,315
20014385380912814,7560,315
94360375715507343,7560,315
40275732783698972,7560,315
22124995821939629,7560,315
28320412855910191,7560,315
25383793344237472,7560,315
146167416059647044,7560,315
22704778158054066,7560,315
24970397120764861,7560,315
18197264723878355,7560,315
20362390353329164,7560,315
105861383670528077,7560,315
40799413281285708,7560,315
153606357175713853,7560,315
14814684340523832,7560,315
70823683073804,7560,315
71003600663720144,7560,315
92594964808291796,7560,315
11927658930850629,7560,315
34516692590024842,7560,315
25825518924266288,7560,315
34906882213355166,7560,315
96161810430853659,7560,315
121793391393426982,7560,315
103731121676960082,7560,315
14075693797184122,7560,315
74324367045002711,7560,315
2649563821391727,7560,315
9987521531320559,7560,315
35801116189066932,7560,315
90937964265982446,7560,315
259011314992908653,7560,315
61505848399943420,7560,315
28430675150774257,7560,315
12913360070429226,7560,315
54950216592548587,7560,315
11219823967026928,7560,315
25845008662863693,7560,315
177918320426722610,7560,315
164539684341723498,7560,315
27730915767110984,7560,315
15238126990934411,7560,315
19778149590463121,7560,315
56457767751216961,7560,315
16502455096506925,7560,315
101862473024417780,7560,315
12302670064798295,7560,315
196916957141266075,7560,315
97690808927668770,7560,315
42655859696195200,7560,315
26743688397970868,7560,315
3266285076483634,7560,315
176557342218628470,7560,315
40962514433602323,7560,315
14810533430395843,7560,315
32501384178144336,7560,315
7297051982974491,7560,315
6131169759352653,7560,315
21940115169933597,7560,315
25946955920097400,7560,315
146230862127076765,7560,315
27765783911456744,7560,315
33750577071852418,7560,315
3744712023634387,7560,315
10751318177802840,624,26
12218550526136058,624,26
113870377225173333,624,26
486515094287242936,624,26
125715949902306250,624,26
74828436996788217,624,26
344717045616036548,624,26
30328214062768299,624,26
15132560478210833,624,26
281120933910189389,624,26
425263760115430004,624,26
24296356694268238,624,26
26655951150518779,624,26
11575186356075832,624,26
5810877056752583,624,26
38229110786647868,624,26
54610528680044640,624,26
38039643579109706,624,26
260161541722335312,624,26
190234630874180174,624,26
12422785411109073,624,26
18580555565918310,624,26
7340172705421681,624,26
29646666292271875,624,26
14753804562676776,624,26
28550525149821700,624,26
106808364121229956,624,26
251365203016469264,624,26
372303872161867450,624,26
12808737488097949,624,26
24354194618770434,624,26
5488204804092962,624,26
72111976736162004,624,26
79855783095061353,624,26
299453599045799559,624,26
184144146975492156,624,26
38692035411726866,624,26
102629866991793371,624,26
41840568874414919,624,26
111608783528598801,624,26
191465858982294343,624,26
80091172441271304,624,26
1296126518807980,624,26
4291993394549877,624,26
132631320892327380,624,26
16443813636880563,624,26
19753993894803422,624,26
6006146315299718,624,26
13246504837220497,624,26
29082454924101596,624,26
107919033793482994,624,26
28016425600759387,624,26
1063099469208488,624,26
18108598547856079,624,26
301850171151060,624,26
66543906159740973,624,26
66467473438371232,624,26
20070134458844505,624,26
81218389113128738,624,26
86718200239071410,624,26
75431894947817495,624,26
240983099412988723,624,26
116668816517440148,624,26
6695110366376510,624,26
115730004006993449,624,26
337352051963118024,624,26
215460398423527201,624,26
6319964155707179,624,26
57564939717802165,624,26
67255820159183173,624,26
2306377339710583,624,26
116807072328194492,624,26
10300948613737453,624,26
115384495959935290,624,26
18468591350758237,624,26
22935436153870074,624,26
127002682852045036,624,26
145245189550626525,624,26
83273184246844870,624,26
314358042907445691,624,26
38996404869143944,624,26
39793697546547334,624,26
19585298555571209,624,26
14728243305588765,624,26
96032216325530512,624,26
15941422329678078,624,26
483203120348833913,624,26
38702424140165926,624,26
174296917009565855,624,26
34006011952488917,624,26
178822002938302439,624,26
4797024126993271,624,26
906433991927709,624,26
142163777240240399,624,26
86596061152100068,624,26
26512494033215669,624,26
49181777452705864,624,26
5607536736036523,624,26
5346192218121465,624,26
12457079891311299,624,26
291778744716105208,624,26
17253949937807955,624,26
24330295208272610,624,26
12841765223206964,624,26
62679741324371978,624,26
53792104855226617,624,26
126000593375078756,624,26
19903956133332230,624,26
120126865207617680,624,26
23376190845727850,624,26
54570913500007629,624,26
6770453854084093,624,26
25115829991526145,624,26
149546489441047548,624,26
8430271928097888,624,26
21049798945112358,624,26
16970117908845686,624,26
110793265309571877,624,26
108062699899406181,624,26
91404536437436002,624,26
239049670971013948,624,26
9220908771948731,624,26
24650596750632466,624,26
29341938832287783,624,26
20064223106571780,624,26
90013306721963781,624,26
2664340442131595,624,26
24415851065315349,624,26
3728583083845839,624,26
26042506143377818,624,26
69325257763935388,624,26
3711252921706443,624,26
85513397717907917,624,26
8987221122803480,624,26
87319766467059980,624,26
27095787944954413,624,26
39085363310730825,624,26
5439052662064460,624,26
14832650542708778,624,26
6993347694079635,624,26
8574453003101258,624,26
21123199998922730,624,26
128875983629259810,624,26
93115119896214197,624,26
388586129897353814,624,26
13683522880219115,624,26
220261389799614011,624,26
66654910561264445,624,26
75458249235320082,624,26
33600147853462166,624,26
165600995119228133,624,26
125307043147993126,624,26
188145181286075150,624,26
135445123118031074,624,26
101497069207238478,624,26
8083387669095324,624,26
46578659716781657,624,26
48958511353330341,624,26
239247615173652712,624,26
765267564789971,624,26
20134145133635531,624,26
146997123314534456,624,26
195605828203461375,624,26
91422494875536840,624,26
7782974068745625,624,26
5042762648455024,624,26
12302325875843424,624,26
16578962076244405,624,26
30712751205692575,624,26
59515627987357067,624,26
30566502472909879,624,26
151692619049166274,624,26
51438951973896998,624,26
102098946934360828,624,26
81702741451243180,624,26
45892722581282647,624,26
134970086725449491,624,26
122955430913213917,624,26
8096630964574642,624,26
15751309959159886,624,26
141925626120518509,624,26
138113411826414961,624,26
13591416634817093,624,26
204913338233976015,624,26
79341378387955634,624,26
162659165165604031,624,26
179268570691096163,624,26
464124327206205298,624,26
137309091121345016,624,26
17987488798053902,624,26
49193397200759476,624,26
73282544966938593,624,26
81678770367199115,624,26
122701693140071012,624,26
27304354307917961,624,26
33316975776412788,624,26
10383866432276998,624,26
382130807501082914,624,26
1620176953588603,624,26
92047451871034355,624,26
496407136762414691,624,26
13825021325832529,624,26
313536898978664141,624,26
24711605913444380,624,26
104463261042377226,624,26
25614104328236039,624,26
87327144685692346,624,26
2879726169076296,624,26
305291131875334824,624,26
162034585332627726,624,26
155312186821194965,624,26
17136003812228497,624,26
11492182327072341,624,26
16389539536698424,624,26
31166855378143195,624,26
266063382515470418,624,26
43337037667316943,624,26
27755801869041444,624,26
7503217093793498,624,26
70868626637482157,624,26
177272371665753285,624,26
37288882332096063,624,26
19689563984190233,624,26
247934195673518693,624,26
25250568315511185,624,26
40865050342025,624,26
22471230991198807,624,26
96588939039153335,624,26
20296860246499018,624,26
51982256407347924,624,26
403329024067913045,624,26
116224684536020368,624,26
368232531942220051,624,26
142199769355191318,624,26
7170376428925919,624,26
130978899933637870,624,26
174127359038217367,624,26
427938381481852678,624,26
240607701244669684,624,26
119358182996659803,624,26
72239158304889732,624,26
90173001171096991,624,26
59374748218099087,624,26
47018226127981361,624,26
149306291539450855,624,26
100463267994499114,624,26
44197875368462035,624,26
2095752074071824,792,33
37141276630978882,792,33
5410382534753024,792,33
349188224879259005,792,33
6677221155666175,792,33
105358260249037249,792,33
21216641155519730,792,33
145764101493758706,792,33
30551514130941635,792,33
158334421474778859,792,33
138877168708732498,792,33
257991306149234145,792,33
101517075699017406,792,33
6252353018384710,792,33
2473973587916096,792,33
17540267198988811,792,33
20996964405711983,792,33
11443623844536983,792,33
16809137643853569,792,33
157736712288619656,792,33
6297021125132301,792,33
21822480212032360,792,33
89460744140619736,792,33
9873602276368763,792,33
187579676250788982,792,33
155428151109016937,792,33
33659665136850709,792,33
20328445753581961,792,33
7298904429471644,792,33
17144765910043866,792,33
107713872705554702,792,33
121339966163454180,792,33
113298591605011847,792,33
4403553998714444,792,33
32063001131478376,792,33
3321375548303804,792,33
492351083910103523,792,33
103494358779699489,792,33
12669205284343890,792,33
27176405793400058,792,33
102760694842822185,792,33
13008303780740190,792,33
34362021375475732,792,33
95391259219125784,792,33
53548960890115001,792,33
38295679309078648,792,33
31167263877236830,792,33
31300800288033744,792,33
10959091469112288,792,33
75667206157907913,792,33
109346309177819317,792,33
116209481950407681,792,33
187912959099686745,792,33
107647632240439378,792,33
53066807036021059,792,33
3057461390026353,792,33
8631627022477726,792,33
33929116013487507,792,33
10234456454368826,792,33
335895597916084744,792,33
205462213569365612,792,33
9459282239884210,792,33
126878460824558645,792,33
1556797437053226,792,33
22281712726054709,792,33
81219052094195182,792,33
371788811916951364,792,33
181433425113273629,792,33
78782571755968139,792,33
223324696490522954,792,33
8235935797435909,792,33
358745176889116866,792,33
14000571163545684,792,33
43324538901231143,792,33
2095424516298500,792,33
82613316432911029,792,33
7742940608670221,792,33
617388759028341228,792,33
36453674567897578,792,33
29651957583976756,792,33
17815879805469405,792,33
276485135968224,792,33
56223272015909440,792,33
53825205529340265,792,33
125141937421167484,792,33
161264360457301161,792,33
60814520168489516,792,33
348144269285579906,792,33
19093773447839246,792,33
1785661663101726,792,33
21270423112026859,792,33
5323708041338149,792,33
12331999209497869,792,33
85948118872081296,792,33
16364026685299139,792,33
9341099889778711,792,33
6246867293393802,792,33
9336749059434273,792,33
93883529642850165,792,33
4276642273206243,792,33
92035617424703919,792,33
138065739193683589,792,33
121873445772039958,792,33
77256304273232328,792,33
22671115082463618,792,33
10017762325121273,792,33
55145007404114726,792,33
15393349914150530,792,33
107897239685285624,792,33
51323470207080642,792,33
23253461105058784,792,33
121784799282992724,792,33
323123634217903202,792,33
9176787601436623,792,33
20415891999830165,792,33
101529636858118230,792,33
2049410852596919,792,33
122100440463723225,792,33
60707820988046835,792,33
66645989686546997,792,33
18829321981828665,792,33
120933154907309622,792,33
308310449689646474,792,33
115020592079933751,792,33
74314932024361364,792,33
16282687906291904,792,33
51718523212034657,792,33
20977456436791979,792,33
12217800444857353,792,33
71184969862015312,792,33
23476612347910568,792,33
69469967229784203,792,33
112648106830502380,792,33
89235072623909243,792,33
2091574120978317,792,33
19010361480884874,792,33
10146539350803423,792,33
205228326479938508,792,33
114749578114519048,792,33
143250802468913547,792,33
59541690521704297,792,33
81623936079356446,792,33
218583337820788181,792,33
230100799300583602,792,33
15958471161236627,792,33
621884285412796237,792,33
46130336322795304,792,33
41166233651719112,792,33
86500173282332025,792,33
112559378593394057,792,33
75201214646594032,792,33
84173778500493587,792,33
36453251217435903,792,33
12207276077094040,792,33
371678422736884216,792,33
2486658709289763,792,33
13221868809171952,792,33
12085727702969032,792,33
2076077842749387,792,33
124560502141516446,792,33
14147015012948168,792,33
187490025258096086,792,33
47616446385046975,792,33
116274768576792048,792,33
87354673899677227,792,33
122117667503256330,792,33
88540294154054010,792,33
12058312354877378,792,33
23485353735466911,792,33
176526555745119172,792,33
13918095970197835,792,33
52024368660541848,792,33
22864928495932270,792,33
155251392547412239,792,33
33480914157310364,792,33
10892422417949624,792,33
411575985447855001,792,33
11394659264619952,792,33
32121786025953792,792,33
240924325074448965,792,33
2288796501346841,792,33
102697465800734518,792,33
3241114110343855,792,33
97134690081647208,792,33
155063544800779843,792,33
3125776526614966,792,33
135273741082788902,792,33
3091939245127378,792,33
94804764494122177,792,33
43939075077380768,792,33
86663383184919432,792,33
16407248493775176,792,33
44772557615337731,792,33
277971081634006925,792,33
44483240882583187,792,33
42510983416027594,792,33
5100286218748346,792,33
100747707999089996,792,33
30191487768949034,792,33
27468454742875020,792,33
109328943891067851,792,33
220693537802921022,792,33
34106356152318946,792,33
3741960981494597,792,33
18977239933840842,792,33
207968318307332149,792,33
12036959649301549,6000,250
391412237170310613,6000,250
71714534482055389,6000,250
26776791891684826,6000,250
44675352433423418,6000,250
21264576530610285,6000,250
6466390851917282,6000,250
340427260865372068,6000,250
22575610016919003,6000,250
2397273916252505,6000,250
5797997997161771,6000,250
37946648103380568,6000,250
19640483532485381,6000,250
105998153973856049,6000,250
54019965478343205,6000,250
122033920547198830,6000,250
14628655445609544,6000,250
13875297545783211,6000,250
221909985052173404,6000,250
17916373757271705,6000,250
184823860032767101,6000,250
385475950503588330,6000,250
116708964106292546,6000,250
22300976421694755,6000,250
125586668424295149,6000,250
64516740782050768,6000,250
57080810323014445,6000,250
101592345693846205,6000,250
40061027182734652,6000,250
13361782756867315,6000,250
5828627375563102,6000,250
12292006187552574,6000,250
228367549483466809,6000,250
42840875652587389,6000,250
52320463425114940,6000,250
30731828422650917,6000,250
57455721463525116,6000,250
12096201904461578,6000,250
10083814934861020,6000,250
3627374111975830,6000,250
16264414668086065,6000,250
28940779559610614,6000,250
163500553891742460,6000,250
15069086041474577,6000,250
14980492036434854,6000,250
471332513859555727,6000,250
176812938731164721,6000,250
183431930721202534,6000,250
25615690253891971,6000,250
75937569401104804,6000,250
111107850757535954,6000,250
340911362153536042,6000,250
31195521932219773,6000,250
22289528812005673,6000,250
15329649126586784,6000,250
7888968493121585,6000,250
2950062870398783,6000,250
110363592921257284,6000,250
3043959968474676,6000,250
76532167673097830,6000,250
6302881917639923,6000,250
108307773575390083,6000,250
213768802436269472,6000,250
27896451044200277,6000,250
10483211569481291,6000,250
6246624263444720,6000,250
33967112988324806,6000,250
3491185359532762,6000,250
13916646396745530,6000,250
39741338205750789,6000,250
103602690096544380,6000,250
1123056056166795,6000,250
46497837581382560,6000,250
10289623174400017,6000,250
21459122380822287,6000,250
307095267443788763,6000,250
32541017599802011,6000,250
11603936688022114,6000,250
13303048282402642,6000,250
229462580459454465,6000,250
13761785255283078,6000,250
133812360981352286,6000,250
59255445925415391,6000,250
79958128340159263,6000,250
23236381761551856,6000,250
67469763514832469,6000,250
111556671989864935,6000,250
18897216943796525,6000,250
33298252368693464,6000,250
21476859598429206,6000,250
29030019956127071,6000,250
3777547831330341,6000,250
28065552188292324,6000,250
26745987844962751,6000,250
153653265211558095,6000,250
11882070535657977,6000,250
254316771103972558,6000,250
185989953435736577,6000,250
62136669995757404,6000,250
1231259406061292,6000,250
86444560501829385,6000,250
380293909194607068,6000,250
18603954975399085,6000,250
340750780173643,6000,250
11482808909584491,6000,250
30815475523063353,6000,250
48054639651377869,6000,250
6137410428162864,6000,250
119151319848383092,6000,250
115938604221692171,6000,250
12809824563862654,6000,250
128141368374553555,6000,250
56464211073875493,6000,250
3899753392297217,6000,250
66987958623875335,6000,250
10924845061711517,6000,250
27186885957865487,6000,250
455904634779720792,6000,250
63165966649962459,6000,250
20010755576424613,6000,250
159719576764050656,6000,250
45542857826193318,6000,250
30097241270000175,6000,250
33067611462877147,6000,250
19798579835644441,6000,250
11360708913798074,6000,250
4763233189547802,6000,250
62000650905752798,6000,250
4499359700036054,6000,250
10048875301630839,6000,250
63274307429590368,6000,250
130492667212880225,6000,250
6732292911143208,6000,250
144472212552727559,6000,250
169781304475068930,6000,250
51974343865669014,6000,250
38844413243934942,6000,250
229062352193197353,6000,250
6702152405997637,6000,250
48929927902377472,6000,250
117429383941350457,6000,250
40675548907788350,6000,250
49072845035669873,6000,250
128443372169188265,6000,250
187307978157406460,6000,250
572445155052124093,6000,250
56439403581142484,6000,250
93019681033106816,6000,250
246773996987861779,6000,250
10668204883838446,6000,250
9105393292607522,6000,250
9959902519515756,6000,250
56200705425917766,6000,250
148127710647910753,6000,250
22597090664048659,6000,250
7590557613125729,6000,250
36866243616135179,6000,250
15240553749497904,6000,250
31740654821084540,6000,250
96580547553072857,6000,250
39128808765347931,6000,250
234321819048306959,6000,250
101966427729795320,6000,250
312332351568321532,6000,250
111511793529399578,6000,250
55914587507219475,6000,250
21073598253764769,6000,250
158386332650499304,6000,250
16017524227671523,6000,250
2052056643329862,6000,250
3500681130772816,6000,250
17903714421867563,6000,250
4479735966847312,6000,250
61986299412817773,6000,250
29652003349414724,6000,250
133649005043573036,6000,250
110730301304124889,6000,250
1161727014884514,6000,250
78438560155362168,6000,250
135839852582385873,6000,250
20512747226161400,6000,250
35711494029078825,6000,250
131731982942202894,6000,250
9245952002842518,6000,250
502706808977234957,6000,250
55112344742583461,6000,250
61899112599681363,6000,250
12409288491287083,6000,250
117719056130973123,6000,250
12858968241466175,6000,250
7428783651171129,6000,250
115659454991343884,6000,250
4501627460649115,6000,250
336457026999510211,6000,250
31823989711260068,6000,250
11389665303391595,6000,250
25495782848404363,6000,250
18139392363218532,6000,250
2178255235621317,6000,250
33852083182785188,6000,250
27725057090898401,6000,250
69586702875764248,6000,250
22708289903960304,6000,250
15833613996466313,6000,250
102367668661533179,6000,250
7268811928121189,6000,250
9588033175564580,6000,250
93933429607238824,6000,250
366727558206297245,6000,250
27636616111720905,6000,250
36211281165502968,6000,250
50030348742762325,6000,250
1849189775508472,6000,250
142694203305681608,6000,250
9871711691190173,6000,250
11990414264281682,6000,250
32706970723104764,6000,250
9673778127235922,6000,250
374132585045744800,6000,250
5961275834564728,6000,250
121561726010282148,6000,250
76113702887468373,6000,250
31276172702058575,6000,250
7646566128226877,6000,250
45728007201645179,6000,250
106652733567560341,6000,250
60296964668003643,6000,250
31352849324853159,6000,250
23993600987180513,6000,250
7147683433335871,6000,250
7596278875519601,6000,250
6615564003481913,6000,250
73250252917990418,912,38
33478475627282520,912,38
17119902978727566,912,38
24393990780021891,912,38
176696838450355687,912,38
66702260685169020,912,38
64114602768045846,912,38
21713769986177814,912,38
133999162783420066,912,38
58773006229306068,912,38
2938184601163037,912,38
10314207331342,912,38
35689677822866772,912,38
150472871633634154,912,38
6492629665437606,912,38
157178701886759706,912,38
7791983129992465,912,38
10146849760571941,912,38
8954382172237224,912,38
16491783021869829,912,38
222205583498624989,912,38
28947001101671242,912,38
90119971239589739,912,38
16002677812492218,912,38
124925893111654900,912,38
126686302496820839,912,38
133873805158373524,912,38
103281540201081402,912,38
13109415206997763,912,38
124656401751263118,912,38
25278039829407767,912,38
28205097272708022,912,38
149711899569970645,912,38
52837052963807874,912,38
27875612866769320,912,38
12276671228933361,912,38
5978411542138342,912,38
111697258331566800,912,38
74791299616946126,912,38
20624496996239436,912,38
116560794460079798,912,38
13744492034644110,912,38
128868679890205617,912,38
116800874265667409,912,38
109629379408963155,912,38
30486609333432639,912,38
60779680377164473,912,38
102440144513217581,912,38
119870637601263036,912,38
70976073926058856,912,38
116255581964882499,912,38
104056845967132718,912,38
4160929353850732,912,38
8262334920507626,912,38
117519848259593156,912,38
2526139673492782,912,38
261848000690794204,912,38
22634533457183815,912,38
83135191999284346,912,38
20117515544132902,912,38
27847517271614154,912,38
228690907894346126,912,38
15230748284239485,912,38
211742085028738102,912,38
38361122371936645,912,38
93192932776678226,912,38
10178510468164683,912,38
2601828511312233,912,38
83613236794723481,912,38
105752631351695117,912,38
119841454045486408,912,38
27081523176198258,912,38
152493149957676501,912,38
129566765832756304,912,38
110422376055290961,912,38
9006044179617620,912,38
1977332588073336,912,38
6987595441813868,912,38
15575623587798652,912,38
17530235974492776,912,38
198755235112189343,912,38
46776383972330088,912,38
17895090262446840,912,38
229993214327085593,912,38
24571604606079656,912,38
13909544902991539,912,38
9316254998775351,912,38
395781534797111590,912,38
106287634930247983,912,38
38702140413663236,912,38
30633677878194333,912,38
61606530306932245,912,38
15212528135742243,912,38
429778445936208605,912,38
21582920177950051,912,38
4096993911102569,912,38
106421386182503617,912,38
15958865227606082,912,38
112243251950153444,912,38
10807387963075525,912,38
171790598466645433,912,38
347998410719688136,912,38
75419423555725560,912,38
32552183276673051,912,38
60005069165769652,912,38
114405661357628071,912,38
115025576693890350,912,38
81175906888676493,912,38
34745813934729433,912,38
8777001989871009,912,38
23600849931001950,912,38
221849024569977883,912,38
117605826457707823,912,38
48023848783919855,912,38
157403141740862335,912,38
22198919136837799,912,38
8150843404208517,912,38
7501387982529503,912,38
28909336296358352,912,38
19292853989771407,912,38
211879415954793292,912,38
11048970655622589,912,38
15234393744875797,912,38
95975518740533643,912,38
89953324189010878,912,38
65110793772322941,912,38
23196049902951258,912,38
149385794093207756,912,38
1370601911171345,912,38
101594973891594466,912,38
13746207918451109,912,38
13332950723957414,912,38
25687169053764034,912,38
78957670621402809,912,38
18144874046848161,912,38
18838806062384253,912,38
40603392674692793,912,38
28634058565463384,912,38
83770394865533548,912,38
200741504752179672,912,38
40338307086262164,912,38
36406386604436510,912,38
42422636915844487,912,38
7192172357514795,912,38
97741119701023441,912,38
23975570878761699,912,38
13791770914701113,912,38
12068961609597468,912,38
8997671205242983,912,38
9284940313512864,912,38
102203288369194597,912,38
64341759339564614,912,38
39376010861381247,912,38
19193669915683435,912,38
227475351167005569,912,38
51688773698108123,912,38
124550956260909816,912,38
32352246903258012,912,38
24528186895306,912,38
25033992730197426,912,38
29864477298508555,912,38
62952622842248452,912,38
21055433869837117,912,38
130207035207632507,912,38
494925976147228141,912,38
30822194815411105,912,38
257311950682989,912,38
235194165130967206,912,38
5714430843676060,912,38
16729070246996797,912,38
16023518048011328,912,38
169239286468032366,912,38
7554360615736616,912,38
31879399581882703,912,38
79644923503471371,912,38
109675333175269510,912,38
7369641279543219,912,38
30397425542273815,912,38
84020446310239078,912,38
18293836032446546,912,38
10387440901040041,912,38
87974060971909296,912,38
7941691530318995,912,38
130803174449844,912,38
2572501688699558,912,38
8675361381424224,912,38
24806659748611891,912,38
42085222217845583,912,38
442336520503930142,912,38
28357510183307714,912,38
313988412330292902,912,38
32248075133772860,912,38
74017398473669536,912,38
109123265097725341,912,38
47201706668842585,912,38
26512000846836216,912,38
85817357356245736,912,38
43094181748095649,912,38
31474097411640221,912,38
235498482753472545,912,38
8700656793581738,912,38
19120159841811458,912,38
58655808913341797,912,38
1755706351801016,912,38
70189292751661844,912,38
28530340778790227,912,38
103276323461870388,912,38
79932473880832665,912,38
11391977631078031,912,38
93929293862131680,912,38
146205093645540,912,38
27510319389332212,912,38
27681079015058937,912,38
6242937307288171,912,38
64484486437768480,912,38
43188014980536738,912,38
21109690239992002,912,38
120034115470695493,912,38
11652520449384851,912,38
304951270553319535,912,38
4816553367473265,912,38
18364748237922707,912,38
128447706835180634,912,38
151797430163234641,912,38
2730685639659977,912,38
20850623682839888,912,38
13329370381167531,912,38
131854320530945516,912,38
31121889317806473,912,38
62635131074463415,912,38
306470578812072038,912,38
91574106410712126,912,38
184858472328338886,912,38
4708223928939090,912,38
28875718475337297,912,38
2060917019709865,912,38
285661801589725554,912,38
33632857301164806,912,38
2254728975330037,912,38
24361201663739182,912,38
1606383784969135,912,38
73582422378089469,912,38
4116467471857579,912,38
100421623334194238,912,38
76250559889662146,912,38
19964116045046486,600,25
633337100595043027,600,25
88942313702010998,600,25
106312632037749386,600,25
11819314799102212,600,25
179263639193846497,600,25
19421401655466374,600,25
22014891973895217,600,25
73296304080964767,600,25
33580022373655347,600,25
23442080597473799,600,25
19044294287901786,600,25
175375112654531219,600,25
406933933800398409,600,25
128041998223922908,600,25
80985092960910930,600,25
75389056916839644,600,25
27323159341996485,600,25
2410603716968828,600,25
111738774741557310,600,25
18023014910781761,600,25
369681629593481473,600,25
4520979510185853,600,25
393052848102407578,600,25
390716580218795525,600,25
14858701819453251,600,25
40963762478595420,600,25
14324183065077888,600,25
4246634940108576,600,25
12913039957681922,600,25
23235531402932004,600,25
14028999480221129,600,25
149637014193271911,600,25
88243344272230098,600,25
21777276890221186,600,25
31784017291918687,600,25
62733054587917860,600,25
181056657471453669,600,25
3002436318597356,600,25
119277643007361371,600,25
128867262022651992,600,25
69629478829441806,600,25
178296490690402157,600,25
47466055190565450,600,25
40305413234212821,600,25
329604885783891232,600,25
14023602052438452,600,25
3615853530716974,600,25
22844320467081008,600,25
21154537619373345,600,25
119084834644818661,600,25
39095129981337028,600,25
93632741145656561,600,25
39697153426962517,600,25
189660430739523566,600,25
78878983521798818,600,25
39900821014138857,600,25
346418352916462983,600,25
31748228656471261,600,25
195875039519938,600,25
66065475616258401,600,25
113421404788599615,600,25
28563667478783768,600,25
358980932511160354,600,25
30711883975072329,600,25
2357257440691276,600,25
32052214237741614,600,25
12519309339615284,600,25
28662257818890831,600,25
307466761900824159,600,25
113859647861898500,600,25
20200851327658245,600,25
74231607303457022,600,25
177177459373858639,600,25
3477331132396390,600,25
392217128690950224,600,25
76943506886016227,600,25
10937031768803049,600,25
32887942855279524,600,25
1866170844292094,600,25
25334844438377397,600,25
195974662208354794,600,25
65441424053344397,600,25
11222194417858987,600,25
110951654920640821,600,25
90890060959804354,600,25
57932871789751638,600,25
2456131372909529,600,25
32101546933218049,600,25
254265775169309944,600,25
23233233241339121,600,25
121179506742568347,600,25
172746018590866873,600,25
109960297439691562,600,25
2900902234872912,600,25
21834935364186945,600,25
32435151335997902,600,25
31107872822938828,600,25
28404300798465072,600,25
27836795818821409,600,25
3325991557511514,600,25
88803504281721242,600,25
388680613936759161,600,25
14990808140358805,600,25
383969744051600959,600,25
10768215390868059,600,25
101231245909960188,600,25
3957028336760769,600,25
75397504938018108,600,25
2252262961042801,600,25
66712999289076850,600,25
9032817337003800,600,25
1231902661025066,600,25
21720937292032380,600,25
119920651339678600,600,25
38315744791802747,600,25
2600870747843522,600,25
94818536133359319,600,25
195436456226573621,600,25
125391125451239424,600,25
46505938945232092,600,25
12645406659073665,600,25
148422143513136359,600,25
114099192865802064,600,25
100641902955849939,600,25
79320508711380788,600,25
7598106630292112,600,25
6637930408302498,600,25
77957252788589760,600,25
11358717113926078,600,25
1222064804068996,600,25
99920913603280392,600,25
1469267203238604,600,25
2765372984092625,600,25
101218442766650,600,25
85014379552426203,600,25
140107211598243931,600,25
23799497629693563,600,25
921770398547542,600,25
26619720054876068,600,25
74510121269601242,600,25
138320331931119267,600,25
7651395568680566,600,25
128416920492196263,600,25
102176812710680480,600,25
57080300784574513,600,25
108163823465937831,600,25
125365785788218521,600,25
7047175369609237,600,25
84819934933565382,600,25
101517528091490996,600,25
16564861281591717,600,25
166094377949792601,600,25
162180424589429165,600,25
2490490182688249,600,25
112101010992050333,600,25
183724014351097859,600,25
31928273616508737,600,25
11323210699825720,600,25
194420709499446491,600,25
2356285711230975,600,25
27687394689365321,600,25
6891586534335586,600,25
163468483397878484,600,25
2326684394474586,600,25
62366718644372334,600,25
2531335515230331,600,25
54276133652742336,600,25
48277778631566418,600,25
94263660735626140,600,25
128126476249750036,600,25
8864519089516339,600,25
105426903636308204,600,25
4316132229248041,600,25
255968063051323752,600,25
123880213647602921,600,25
25105337541636412,600,25
26508140687112291,600,25
121479964868444223,600,25
19850018055843948,600,25
13831913653981448,600,25
20734635202076403,600,25
129373392864879117,600,25
17071728940432391,600,25
21122638615424188,600,25
4751880698317069,600,25
159263367000884048,600,25
65070789106361165,600,25
26536974777094329,600,25
52444015503859694,600,25
3381150363179809,600,25
379839604962874856,600,25
19611394339636656,600,25
14262812120162458,600,25
15395452470389858,600,25
75117146373042027,600,25
22716942158158873,600,25
122505257873520109,600,25
34191156128989641,600,25
89762576393095512,600,25
18150897000627556,600,25
67889811176654689,600,25
59840659799879402,600,25
16636070610755719,600,25
49669145310435612,600,25
83763134123241987,600,25
34246146771030502,600,25
14184704143392794,600,25
9869525161768324,600,25
46792658616062255,600,25
18687202960513246,600,25
24252227724544204,600,25
17994731333496329,600,25
83723649763184598,600,25
303169474761638934,600,25
4531519368091575,600,25
354277794045120,1752,73
18245389923003462,1752,73
114259659987801239,1752,73
1634396978547334,1752,73
31172734517682171,1752,73
16314107581262878,1752,73
61349300651776486,1752,73
126689300671167435,1752,73
37079630834898374,1752,73
20017211581962804,1752,73
23007148667950520,1752,73
25445515514141210,1752,73
103840129464614324,1752,73
16457749076138556,1752,73
28807598834950933,1752,73
12146904695004812,1752,73
75692207824879320,1752,73
115421281211473837,1752,73
376800587571325,1752,73
87602382134502208,1752,73
110978319969571012,1752,73
10911398612427740,1752,73
23080096384168459,1752,73
25192012122649041,1752,73
125675196095940131,1752,73
5947139037569477,1752,73
15164054496655625,1752,73
11867079800238669,1752,73
224945703538918566,1752,73
10427848264462362,1752,73
25970660118271895,1752,73
234572915733016,1752,73
478187148342656780,1752,73
5334873285545179,1752,73
120961080236479276,1752,73
467530247133843031,1752,73
268683582602883559,1752,73
341466551681620159,1752,73
142927927831351339,1752,73
12758100158817746,1752,73
29439066425131742,1752,73
147245446407010565,1752,73
67931691180549345,1752,73
94577660884980547,1752,73
185107406439289338,1752,73
39365786102379932,1752,73
80014432571881326,1752,73
81737958674863757,1752,73
187670047430834603,1752,73
81609647187467141,1752,73
4256693783898482,1752,73
310748406135986,1752,73
203230622182817075,1752,73
45793088063341390,1752,73
10958747723780144,1752,73
30752326130248158,1752,73
25800550830046047,1752,73
6350571555607417,1752,73
173877464899248528,1752,73
205470920406056299,1752,73
4256640340041459,1752,73
8618729320490921,1752,73
348302615069587422,1752,73
378774415233845105,1752,73
68132023502615179,1752,73
389110181188001646,1752,73
13943085602469593,1752,73
12974153604864362,1752,73
2051680677987259,1752,73
26783486049940465,1752,73
12223542259203329,1752,73
28409266212071498,1752,73
16328600478524484,1752,73
453808529109844464,1752,73
16766359597942264,1752,73
50290261371674942,1752,73
28737048470008340,1752,73
111749023202274900,1752,73
28746068064563952,1752,73
168670859271429012,1752,73
29456079283909704,1752,73
113949358227966106,1752,73
176762307993134056,1752,73
59251010033984514,1752,73
3047160324655242,1752,73
14833473868142837,1752,73
17814134417267429,1752,73
100485789655955993,1752,73
3750330151434726,1752,73
7607023331107275,1752,73
62238130627756654,1752,73
90295948579173012,1752,73
35489175656798720,1752,73
21950938674225042,1752,73
213542292848405509,1752,73
104967789636622026,1752,73
29392637573351944,1752,73
111908808554772868,1752,73
1910724241769355,1752,73
262541976293846021,1752,73
75356518804093651,1752,73
28651024594132771,1752,73
118415141966289905,1752,73
15707679588361914,1752,73
241429874693364395,1752,73
23020187615694103,1752,73
60237889224100225,1752,73
222331351853487098,1752,73
29308658432573523,1752,73
10523623834416508,1752,73
68775359583612074,1752,73
11302047787464103,1752,73
85208557511641007,1752,73
32762867866658058,1752,73
2006555804646466,1752,73
261101980295323419,1752,73
115597605193429095,1752,73
6823127451611054,1752,73
98671127724003829,1752,73
15706067392344976,1752,73
241778671522688373,1752,73
56519951932466296,1752,73
17778536952942687,1752,73
22368188373043963,1752,73
11616535041213758,1752,73
92047628272860913,1752,73
15793644584331302,1752,73
225220260757434601,1752,73
1615317033708977,1752,73
94214896835842875,1752,73
14941548776283358,1752,73
25457461726906818,1752,73
48928277083538343,1752,73
720331251788038,1752,73
76371013084548163,1752,73
3311572718122732,1752,73
70850102836715678,1752,73
10687573628473958,1752,73
1465109798130004,1752,73
20143062167044946,1752,73
1302102620669977,1752,73
33233785974496830,1752,73
5413372967601323,1752,73
21509736588593859,1752,73
17926488887422342,1752,73
35074401365353503,1752,73
13874428798560414,1752,73
5406663540485419,1752,73
8371200910373221,1752,73
94542767996048812,1752,73
89846366428672658,1752,73
121731667554821691,1752,73
9645495210076973,1752,73
16910191402028535,1752,73
83222798696614448,1752,73
12646125176141559,1752,73
177097563447978477,1752,73
71753098001302746,1752,73
12998070813993156,1752,73
119040661469656966,1752,73
13572224488128582,1752,73
13611222210058675,1752,73
11308448696423502,1752,73
114735491597403569,1752,73
84263668708704432,1752,73
139695354024480367,1752,73
57008207565238420,1752,73
30521153402921562,1752,73
35846401053863139,1752,73
189532734306009892,1752,73
95588048283787715,1752,73
18383835647798310,1752,73
268883618537042845,1752,73
5682148329271507,1752,73
142725811058838510,1752,73
27293935835197687,1752,73
18294252841145153,1752,73
57207784616197303,1752,73
18469630358909025,1752,73
4435345591391866,1752,73
250726281781673699,1752,73
8889119385502659,1752,73
17424415683867492,1752,73
147750696825334572,1752,73
20760655559493899,1752,73
88535562207282398,1752,73
110102961070218129,1752,73
31022087321122022,1752,73
4515711993178183,1752,73
92683883072233395,1752,73
18208908871905119,1752,73
17199160592597765,1752,73
105150515139030440,1752,73
21689961705825482,1752,73
122966750785729441,1752,73
39591668127025725,1752,73
132212912321477285,1752,73
7682075299837210,1752,73
21237492545629896,1752,73
10678601533071758,1752,73
11187296829132757,1752,73
248850815648030506,1752,73
127746811295322924,1752,73
191863273340642906,1752,73
106699006128989058,1752,73
481909132602224199,1752,73
7645783232561979,1752,73
390431340714657205,1752,73
11167034464146952,1752,73
71804709753901950,1752,73
73802449262064517,1752,73
4165799842413183,1752,73
91520832890606037,1752,73
6264985440814814,1752,73
174789999400207879,1752,73
6424566705047869,1752,73
24451203125195708,1752,73
12981463151741499,1752,73
45486505478368684,1752,73
81031990904480853,1752,73
19439013544748338,1752,73
26730548900788419,1752,73
69627530751378750,1752,73
7736152480398212,1752,73
14844155405378199,2448,102
70749449694739794,2448,102
13457202766524522,2448,102
11251031650978690,2448,102
27844500262010243,2448,102
24039042357139661,2448,102
14554227471835360,2448,102
22670778297769583,2448,102
372538130869499780,2448,102
302504503678092158,2448,102
354499000317076278,2448,102
37501909207582702,2448,102
61056197133193883,2448,102
6521912942851290,2448,102
9369438775649624,2448,102
12563274013731864,2448,102
226661479464958554,2448,102
108773675056943765,2448,102
404533796132158990,2448,102
56691376398528470,2448,102
57727802069524487,2448,102
116133843945779851,2448,102
21674132278576365,2448,102
1059838264227839,2448,102
7202043428306917,2448,102
31555220111202756,2448,102
26249947715724433,2448,102
34311442711692435,2448,102
139998193569979334,2448,102
106004469094306166,2448,102
154238387724632649,2448,102
226831198232146199,2448,102
21390852811344726,2448,102
110281367171274353,2448,102
43211914344484406,2448,102
20194542679344451,2448,102
116920491136641986,2448,102
8992397211801869,2448,102
85444811711937689,2448,102
86982330399394050,2448,102
190968853361247119,2448,102
3546508776984962,2448,102
3645782888115052,2448,102
24520342261309518,2448,102
29953356721472318,2448,102
35874484524737290,2448,102
42683616020159619,2448,102
10979952672590830,2448,102
32021209179270668,2448,102
140446944812552911,2448,102
14618321416258618,2448,102
100473976573310290,2448,102
118597770122379928,2448,102
362265401322469623,2448,102
14528055294743245,2448,102
2647507491380790,2448,102
19964213370527718,2448,102
382040752569214805,2448,102
172351547878140419,2448,102
10612112894890517,2448,102
108596467544075024,2448,102
19339504850015515,2448,102
11212801628535767,2448,102
71707702884523115,2448,102
76649136779113786,2448,102
29809010812818347,2448,102
6226760608734018,2448,102
21456008768394382,2448,102
42942254909060204,2448,102
13377368799234025,2448,102
201311640604752690,2448,102
6216673806753440,2448,102
105131908256163767,2448,102
27930192866500878,2448,102
36641467713866602,2448,102
15072906168512586,2448,102
191569966827066024,2448,102
24873987207125369,2448,102
12724985323881098,2448,102
32201213865180708,2448,102
15113262472302639,2448,102
78110463397780801,2448,102
3181331777920401,2448,102
86017247074782466,2448,102
83112493172654330,2448,102
1810032078084938,2448,102
7012299078424370,2448,102
28525618224923178,2448,102
11318193401729198,2448,102
377798459993141213,2448,102
30069085089120644,2448,102
20664070987462228,2448,102
153174020969982521,2448,102
105253503674055925,2448,102
93955942884376344,2448,102
24690881660030663,2448,102
291898589205672440,2448,102
11018434493086409,2448,102
47243292226397216,2448,102
17355787447077937,2448,102
341971906874039826,2448,102
9161930918286494,2448,102
384300272480773555,2448,102
147166383497513254,2448,102
1568857143387278,2448,102
22864837311714197,2448,102
29401791449162949,2448,102
180378677153385947,2448,102
18917477113816128,2448,102
3832676845317375,2448,102
7987138354427966,2448,102
108318357642495246,2448,102
105868194424395916,2448,102
335636964073218865,2448,102
148974717620278804,2448,102
209806730674280394,2448,102
9826551279621814,2448,102
298508829446481832,2448,102
25249908745268965,2448,102
19502349017908079,2448,102
640810782138964,2448,102
12273999249538234,2448,102
3232671707908219,2448,102
147197118522363878,2448,102
7072217992782492,2448,102
117654693094214046,2448,102
86216815178145153,2448,102
11992791371229348,2448,102
5817934149106356,2448,102
22985059439522376,2448,102
223196411473843778,2448,102
60215442984401636,2448,102
7892118101841772,2448,102
2796836812016745,2448,102
61199278998219811,2448,102
25869856675922831,2448,102
11480643910688852,2448,102
32283045474642058,2448,102
92791077976432792,2448,102
3830876730229428,2448,102
29077810845476800,2448,102
9617537639585342,2448,102
152347519366968553,2448,102
58824911156770766,2448,102
11842419238487200,2448,102
9767894998870206,2448,102
14823738000539653,2448,102
38242735075048722,2448,102
425338074957342516,2448,102
129365727590166431,2448,102
89903030368838340,2448,102
120134206301040335,2448,102
18515397407362033,2448,102
9722887787761273,2448,102
182318828220583836,2448,102
188808285270300979,2448,102
61880937260423204,2448,102
35697706100547410,2448,102
97022137221084509,2448,102
30451770869476990,2448,102
3906259730231652,2448,102
105418077154264150,2448,102
1390777971077202,2448,102
14052324207426989,2448,102
191334851511400069,2448,102
5166821977563234,2448,102
63819219353425709,2448,102
832006129263300,2448,102
32252252578962683,2448,102
4977276043937782,2448,102
25620696247557827,2448,102
124556507223823704,2448,102
106788612329263117,2448,102
5587541189291323,2448,102
51443983467163846,2448,102
69006744068179842,2448,102
25894437098319152,2448,102
13091551076690640,2448,102
174267376248754317,2448,102
41425656672356955,2448,102
9153670890478801,2448,102
19263494269215217,2448,102
10568813916807477,2448,102
27825762402844308,2448,102
29268816570212027,2448,102
325288857460801790,2448,102
14238096123162004,2448,102
122731976814847980,2448,102
79456552394014230,2448,102
22815545917068647,2448,102
64671639921920629,2448,102
73626080944263686,2448,102
499581471629768509,2448,102
34927196342762481,2448,102
10370612709557009,2448,102
23787975607926840,2448,102
129147760427580993,2448,102
464876128009799424,2448,102
70624745844606594,2448,102
169941369581331650,2448,102
288251463000215269,2448,102
388686333345397661,2448,102
10434145615943245,2448,102
27962024751315166,2448,102
16907643512673394,2448,102
68016271692986335,2448,102
71455739891615231,2448,102
61111442308706110,2448,102
5940628410697487,2448,102
2707479876916839,2448,102
249556159545709564,2448,102
90334243236341843,2448,102
183877981737362630,2448,102
60904171397680931,2448,102
66615942000143152,2448,102
200251890632680449,2448,102
20194613436828161,2448,102
13558711426352205,16872,703
13305342086601771,16872,703
330430648295180654,16872,703
333526413920561690,16872,703
58648684734606595,16872,703
6071829809784088,16872,703
18279631948305349,16872,703
15828893018582672,16872,703
54319857324459454,16872,703
22986513012532720,16872,703
162503863870302181,16872,703
15279363165604667,16872,703
29515158219016746,16872,703
3470003950731330,16872,703
4181984195907600,16872,703
19170250330386585,16872,703
228170817520040181,16872,703
5430104766536845,16872,703
33253771136816154,16872,703
255301398174094163,16872,703
127412637940005409,16872,703
33681381303359971,16872,703
68761057130365902,16872,703
24864750640326490,16872,703
42831721612308413,16872,703
13108542250519675,16872,703
80131003425479264,16872,703
12677074133036207,16872,703
281249502416214,16872,703
28791092473425428,16872,703
180527693712070,16872,703
28115135308345168,16872,703
445177000119650584,16872,703
59813948404060152,16872,703
505183228662443,16872,703
32392151751731334,16872,703
3102775919789755,16872,703
114069935518183605,16872,703
96666495712690446,16872,703
13836783493512925,16872,703
3033400958669048,16872,703
33234989288138906,16872,703
77552063259368634,16872,703
32722136424302854,16872,703
240273035839436333,16872,703
27042105569931647,16872,703
50253100523353229,16872,703
38319084536967691,16872,703
17483983866589864,16872,703
27045410639128434,16872,703
11782289881742242,16872,703
20283808452141362,16872,703
3706372928554041,16872,703
10679180638040144,16872,703
313186568836281271,16872,703
14352761115331994,16872,703
41332367498308196,16872,703
82892830401968667,16872,703
19921256647496938,16872,703
4519204572920453,16872,703
348478628301780573,16872,703
29515764713505125,16872,703
104081802790607767,16872,703
391206579989008197,16872,703
12597487042986866,16872,703
14523293062897137,16872,703
1802007927769598,16872,703
62513300602707641,16872,703
60971878346600201,16872,703
6846799018489060,16872,703
6079818869727122,16872,703
29057225425962459,16872,703
13668675379586313,16872,703
108302679973085832,16872,703
301034967820051633,16872,703
67551196106687250,16872,703
26306385955029561,16872,703
19939508260969759,16872,703
33982939901670850,16872,703
2031183379598626,16872,703
42597802377816846,16872,703
311702534944889567,16872,703
210472551559510881,16872,703
431275805964928,16872,703
10221447284353102,16872,703
36975300405670245,16872,703
29203242223616197,16872,703
646204330983027029,16872,703
11437937477391909,16872,703
2036058139831902,16872,703
16318393244079279,16872,703
105805365545790196,16872,703
35036401644350550,16872,703
365290724847559875,16872,703
14922646132921397,16872,703
51126601707464014,16872,703
10270626760672186,16872,703
45371686635542616,16872,703
23419950468670842,16872,703
469781940778078851,16872,703
3196990618327561,16872,703
177766382857769797,16872,703
8633108171993476,16872,703
108634338981363359,16872,703
1555968593054469,16872,703
96275550302891699,16872,703
1114713018818300,16872,703
16714817217120249,16872,703
16444633852852999,16872,703
16281920895094852,16872,703
6616275778322678,16872,703
119580616409072326,16872,703
16570746550434890,16872,703
10233757714364410,16872,703
1821189700503377,16872,703
74704955755100283,16872,703
70035494543875305,16872,703
20125536627255997,16872,703
1915949879310719,16872,703
245679065622289598,16872,703
59689311757804721,16872,703
61891335018046890,16872,703
159471532064794447,16872,703
2791709898683497,16872,703
57208513425314045,16872,703
79537388149299844,16872,703
111614790339929552,16872,703
158583745356588140,16872,703
6761036981921006,16872,703
16002814982553447,16872,703
367527672104765023,16872,703
40157270827994462,16872,703
4792522769487098,16872,703
66696583132864322,16872,703
93140591353111752,16872,703
23129020529958031,16872,703
158813568800267806,16872,703
5664745448999287,16872,703
73373889340481546,16872,703
3566291827622547,16872,703
31536888548099408,16872,703
371572674208582427,16872,703
21068456247611080,16872,703
53684043242861089,16872,703
102389340358074160,16872,703
72046037353895206,16872,703
2354118682856248,16872,703
61958657736301050,16872,703
1690628523471946,16872,703
22243978202811237,16872,703
252961273034942798,16872,703
131423592279899965,16872,703
57836533489808304,16872,703
1006583535646040,16872,703
51862626303070638,16872,703
32292622100361730,16872,703
2006053560999901,16872,703
12257870394940349,16872,703
42500109331939254,16872,703
10417902995773438,16872,703
37251665376723885,16872,703
8469287544739240,16872,703
115506334388992592,16872,703
227465533309624384,16872,703
118605877926875777,16872,703
20195738652671308,16872,703
36774492953429253,16872,703
86384172495396913,16872,703
14122114230250060,16872,703
132630988828926870,16872,703
143636872358749749,16872,703
111929971156825212,16872,703
7683379017626951,16872,703
15112513202900028,16872,703
20901276216828347,16872,703
35216573852801610,16872,703
191880286430228314,16872,703
22532725066603036,16872,703
21274063320339149,16872,703
19293966051037766,16872,703
11102112779168382,16872,703
29630798033518771,16872,703
93967232090984633,16872,703
105967602467956577,16872,703
58710367331658000,16872,703
19302393318648780,16872,703
94755370629320954,16872,703
124426173454658722,16872,703
8616146844591336,16872,703
248079689730972990,16872,703
20837608306357712,16872,703
111058235100101979,16872,703
16524027711225295,16872,703
84343384783570863,16872,703
87461310275625318,16872,703
22605803712619956,16872,703
26201740529504021,16872,703
14967062619589785,16872,703
60277137054344983,16872,703
8434041701101591,16872,703
21494718305519151,16872,703
25432962938106235,16872,703
89856792261688976,16872,703
143332502476756293,16872,703
8656878441780543,16872,703
33702919857339505,16872,703
153147847078152983,16872,703
4432011595448000,16872,703
160725927286861078,16872,703
31026110147262429,16872,703
81041488508646365,16872,703
4412503006485963,16872,703
6592095616291363,696,29
72443077540021824,696,29
22017652489728890,696,29
13933017921631933,696,29
65985460306380981,696,29
6727624992704624,696,29
39697689382109423,696,29
75372207297959736,696,29
301599844158601353,696,29
74681943034296229,696,29
15733108728762916,696,29
355145732683231940,696,29
29786557855637651,696,29
39057437814531383,696,29
23366237499950396,696,29
4127456291373757,696,29
4177466297455845,696,29
310311325779721296,696,29
19759664439717983,696,29
367912040997549953,696,29
57865668143956512,696,29
13218064746959772,696,29
159337677784975424,696,29
5888180610263329,696,29
30715404398044794,696,29
15632452432316339,696,29
6068661196779621,696,29
39653898560860872,696,29
109654341060848564,696,29
15107704108399322,696,29
14354154545488262,696,29
90697796741376852,696,29
28015572772142352,696,29
8922665328022336,696,29
119882761664790862,696,29
106549324559910009,696,29
21464950566145902,696,29
7667031395906861,696,29
2996258733700206,696,29
15923880823456339,696,29
40074275100193588,696,29
7111821255071918,696,29
11328587162659965,696,29
27239345181406601,696,29
1975665776334805,696,29
2605573436813384,696,29
21194040078969472,696,29
32891237031368947,696,29
53335933565224402,696,29
97421022028475020,696,29
106186671223685874,696,29
304075646453620,696,29
25339023605927848,696,29
5476984935334142,696,29
125378204620833342,696,29
30742738191009971,696,29
1646383346587984,696,29
23520447112817082,696,29
34231345933588900,696,29
111979081485857,696,29
58560034960438598,696,29
35932682022592528,696,29
31476567400447123,696,29
89742739721577584,696,29
31481791955983178,696,29
69988878691211000,696,29
23771025351418895,696,29
33816586242701992,696,29
35163147479081525,696,29
129161266953691930,696,29
33838460047286669,696,29
62113800488300454,696,29
106689937765474359,696,29
19490845479203978,696,29
55388289162709813,696,29
7538104554763890,696,29
11563015376227395,696,29
249403725880337,696,29
106553522007778848,696,29
164624599761014202,696,29
85124465622542252,696,29
55703411278139314,696,29
38293197196759398,696,29
16004593988149823,696,29
273479652311641572,696,29
35384556980113584,696,29
65553120637016084,696,29
21705196737060334,696,29
162324725209365962,696,29
12142067130686441,696,29
101537020004645536,696,29
115930746419584799,696,29
187494286376545413,696,29
195625830234483173,696,29
25808690035447300,696,29
80062500314517074,696,29
206643435757969598,696,29
105122010695209930,696,29
310647143035048651,696,29
27588183215432567,696,29
37811280715195267,696,29
7887324014250140,696,29
1279260751258597,696,29
9631791823316572,696,29
90336847397817506,696,29
31891757949137859,696,29
60181074983287293,696,29
193510665232400295,696,29
271308373484622982,696,29
225771393173731,696,29
10168325051166712,696,29
80738470162788574,696,29
116128912921138490,696,29
38984505918711119,696,29
22939139263722096,696,29
121220436647067914,696,29
15460082339663850,696,29
16174730414400497,696,29
21354916896384946,696,29
114165210371173118,696,29
227331456796296715,696,29
342157222723929150,696,29
225326127287170477,696,29
97757703033567650,696,29
28181079062035523,696,29
390325927003487422,696,29
158747392424365861,696,29
258125630346835696,696,29
193973943802870433,696,29
5741939999744857,696,29
86152076256074615,696,29
3546050439676910,696,29
5371133230722052,696,29
26145296920530485,696,29
44733024162231478,696,29
25213366932397353,696,29
40218053743008163,696,29
116749487380465372,696,29
1946205299760017,696,29
26126859873841768,696,29
11428942494025564,696,29
25679951494687999,696,29
141546165761114410,696,29
140029025894828725,696,29
13002501809118392,696,29
331041759797400,696,29
18594607461329970,696,29
39594330041669524,696,29
5976099787234209,696,29
13932678793556007,696,29
8977146799253043,696,29
1123463361764709,696,29
72372571632664401,696,29
8948260768605322,696,29
960115938167971,696,29
22037287948289295,696,29
890752589092658,696,29
24167489643597082,696,29
1933529320875147,696,29
217174461906048757,696,29
30985284878799716,696,29
13478065049153391,696,29
33490082342022074,696,29
6066906735103066,696,29
27126723600673977,696,29
5151488246748006,696,29
22214921785200804,696,29
2996332905047800,696,29
197284741868251082,696,29
84388598527518475,696,29
166725250270840380,696,29
15027516991914804,696,29
10897136175591366,696,29
38272334839661550,696,29
191240265301859801,696,29
20233855742144280,696,29
85673326702912643,696,29
62546619729281972,696,29
47678771253783241,696,29
2000162553409821,696,29
29650478596861428,696,29
21095961004568549,696,29
30301106873063142,696,29
2786173269836085,696,29
247235435149332820,696,29
70400587362749205,696,29
10522405000895543,696,29
72317145893416562,696,29
208637865942141031,696,29
27447354000869497,696,29
16743127632597718,696,29
52732289086350124,696,29
31126231262629846,696,29
25535332501825402,696,29
8275736364174466,696,29
13286221712721384,696,29
208776845839685653,696,29
250295104191241133,696,29
100127337910306834,696,29
38051994965795455,696,29
83053179659093932,696,29
360445318036535087,696,29
229285376695110291,696,29
14853033735735988,696,29
3432528881889133,696,29
57540098812153091,696,29
16489077423486069,696,29
7003300380681930,696,29
10758440569178018,696,29
10898012283611006,696,29
81437665803528433,696,29
91754512970983084,696,29
1197904431106350,696,29
18410327078519197,696,29
200414933324490059,696,29
63157769634531114,696,29
119705244404647061,696,29
43004721139282224,696,29
2362096021734594,696,29
30809488082196213,2064,86
7187463172248692,2064,86
15283068642584126,2064,86
115338100732339924,2064,86
12297527183134629,2064,86
113014234869760570,2064,86
153027658437887836,2064,86
106741356533519426,2064,86
339191234986571569,2064,86
11993472966335272,2064,86
24475921138851051,2064,86
374139090052970893,2064,86
28044116998204599,2064,86
4211041209512002,2064,86
1545934989958330,2064,86
190318518094779026,2064,86
14018379817943816,2064,86
38225860114476787,2064,86
6146917092003703,2064,86
227387225163505895,2064,86
13379068321754999,2064,86
18561348284103117,2064,86
38951926228652936,2064,86
54165107866292089,2064,86
217589290990177828,2064,86
105168062367017923,2064,86
68789350371563914,2064,86
42171915681502536,2064,86
243928345872006036,2064,86
50553927956164347,2064,86
5392190150820291,2064,86
585643461503584414,2064,86
397118222534059991,2064,86
286137694967388010,2064,86
924345485219622,2064,86
57560096713230637,2064,86
256342269932452340,2064,86
2227029096046857,2064,86
33416078021131222,2064,86
29342056244287470,2064,86
57095505821207179,2064,86
234633347622647340,2064,86
31156514336772951,2064,86
46797417260230531,2064,86
17145207602615406,2064,86
11648059174582402,2064,86
17518405727012549,2064,86
119889269345409727,2064,86
15394133020117878,2064,86
129918318537415104,2064,86
24132809142931311,2064,86
42987720275454066,2064,86
3426333335470024,2064,86
1151100748628681,2064,86
12393671638478618,2064,86
122654049556626037,2064,86
12423375663406520,2064,86
34864448877544972,2064,86
11921714285418362,2064,86
45539524010215862,2064,86
11703053346738036,2064,86
104468170572968295,2064,86
250879940885633184,2064,86
1138900789102723,2064,86
295067682379913245,2064,86
10154715291441110,2064,86
478868672837011457,2064,86
104767020675392688,2064,86
386635396780657919,2064,86
98355615032343499,2064,86
29690726423066371,2064,86
4971146202004975,2064,86
12023969682804755,2064,86
1678246610471302,2064,86
273744000135747424,2064,86
13935388693900322,2064,86
94685789831153304,2064,86
36253355570460398,2064,86
307677064436651709,2064,86
37509289441863209,2064,86
326154276597916582,2064,86
142159617782708849,2064,86
426292452527742841,2064,86
111668771943105373,2064,86
31287340727493421,2064,86
105791369228170292,2064,86
14555272764892600,2064,86
59345212223407448,2064,86
125284168970045417,2064,86
38241211807961925,2064,86
37758480923625916,2064,86
104157234035789220,2064,86
164800065440971330,2064,86
77954210948284633,2064,86
37212627393440193,2064,86
16123782055199635,2064,86
148211424542806912,2064,86
29298495671919292,2064,86
51589566517631192,2064,86
8590348985500388,2064,86
18019318531805312,2064,86
2156604551594446,2064,86
77892494874567540,2064,86
262322306134315618,2064,86
29256319952499927,2064,86
390592286466055042,2064,86
29117549268373211,2064,86
39153919745609241,2064,86
103196098440084137,2064,86
18343268177759453,2064,86
178067532260010003,2064,86
125238465280656746,2064,86
204821787243005126,2064,86
122395877675863495,2064,86
49645423989068367,2064,86
29192240013650103,2064,86
65046200164021192,2064,86
827058016362270,2064,86
20735393588186408,2064,86
26515478757527983,2064,86
3291703848624758,2064,86
15654915430533154,2064,86
42793173654020152,2064,86
2490144299988642,2064,86
19218545369126743,2064,86
100621874662582534,2064,86
119382085099135216,2064,86
28816862023159653,2064,86
17934233088577013,2064,86
154766169766119225,2064,86
342722719281394566,2064,86
23301041207662414,2064,86
20289403419266303,2064,86
20323727996960185,2064,86
2455145678371889,2064,86
68978020737724621,2064,86
15423070070950275,2064,86
107342739133364254,2064,86
33326664163114720,2064,86
11932830623203348,2064,86
1104998836637646,2064,86
22506414916175118,2064,86
521107598492268,2064,86
75008524494771017,2064,86
110559667959305650,2064,86
106756898929769735,2064,86
22111685428726459,2064,86
26301752746655127,2064,86
61415850472279885,2064,86
5842977313495064,2064,86
132268472080092733,2064,86
45787712651294536,2064,86
29974483939873811,2064,86
348322965868101135,2064,86
66312279651621258,2064,86
14428303673433428,2064,86
27596115573273703,2064,86
111849153278200055,2064,86
78223394762199748,2064,86
859513708306312,2064,86
13378974849303434,2064,86
16334401637436026,2064,86
3696516224067432,2064,86
134842459598860148,2064,86
116798351076364441,2064,86
32990797243836573,2064,86
151895596193194562,2064,86
3405855607598182,2064,86
2647153555982409,2064,86
211799628214506366,2064,86
102140113730643895,2064,86
21054120507960126,2064,86
76112105785640558,2064,86
18778871206248695,2064,86
28767913877330841,2064,86
135743338155400481,2064,86
75888148412285920,2064,86
104397214353898180,2064,86
18073853920348366,2064,86
15611798986341098,2064,86
104389034664261271,2064,86
44798409574645836,2064,86
86689447414229767,2064,86
160833145933074190,2064,86
5072127357774183,2064,86
10751699084817737,2064,86
31187405210868050,2064,86
313167476725340696,2064,86
3562461774525964,2064,86
14177140879133517,2064,86
52492522187541453,2064,86
128774460984080332,2064,86
128251355220577487,2064,86
16685201123103871,2064,86
47286536057672606,2064,86
25647443855956026,2064,86
21610655944048577,2064,86
31430833018518020,2064,86
90752786625765290,2064,86
96656820780624242,2064,86
24678147935130211,2064,86
18376461360514974,2064,86
105298170250030176,2064,86
21566727228388879,2064,86
1074890030722615,2064,86
76681993387405061,2064,86
17515027269431028,2064,86
10343116624771281,2064,86
3642423310258062,2064,86
11656541050364439,2064,86
40494641965944667,2064,86
30087615488101190,2064,86
12711401756375728,2064,86
74623838213652548,2064,86
273134103764804367,2064,86
88360736474652661,2064,86
88887653280418767,2064,86
42524116940423687,2064,86
180492422484783393,2064,86
17555421500742862,2064,86
4946285118947071,2064,86
92629967197778221,2064,86
2421977297390448,2064,86
14703679008874505,2064,86
9355782434238207,2064,86
302670688561286442,2064,86
2641337115308844,648,27
66501793078027778,648,27
330294894787241383,648,27
26570659425083348,648,27
37317994179255220,648,27
100136944697018512,648,27
221699825931165952,648,27
355289766284508473,648,27
22517738800341481,648,27
17374971847616342,648,27
267343192595710703,648,27
200272459746531534,648,27
54540899006004894,648,27
22685419152591035,648,27
12856432933484115,648,27
22049721896407896,648,27
65777627757542709,648,27
26637872624942752,648,27
18048899119061217,648,27
19205515890630909,648,27
161307641347713407,648,27
142670710773000647,648,27
30667941962084122,648,27
102772956713244983,648,27
21789423099549955,648,27
149695684125802944,648,27
10618449152901580,648,27
59004120641440923,648,27
70961384002161513,648,27
15962554521763863,648,27
41868524811858733,648,27
102850211730775411,648,27
68123341595390352,648,27
13572707635901039,648,27
28806736646694188,648,27
103366383244427247,648,27
27617338136901885,648,27
14937171914201614,648,27
1285759120761549,648,27
49574726583598683,648,27
94979902188515310,648,27
113404734307621383,648,27
136453213273654931,648,27
29159537888027918,648,27
101872690205721451,648,27
28043781445900349,648,27
12501880899350278,648,27
38395176110629041,648,27
114043802479071970,648,27
5838791204392849,648,27
105341933522353466,648,27
70841795830187678,648,27
39841786388499801,648,27
254161744249642514,648,27
11198321603226323,648,27
66753179953110949,648,27
3858578014479929,648,27
3455321848067132,648,27
6897069726669016,648,27
26638519112814413,648,27
492489827150487627,648,27
32056270205465023,648,27
101477128882276677,648,27
74218896285684477,648,27
11667272742013576,648,27
58903977770362838,648,27
19499647069809008,648,27
2861401004718397,648,27
115810098522472865,648,27
111293976173565248,648,27
22717019382012239,648,27
118980027626900151,648,27
33475272050435860,648,27
67294842726558507,648,27
125535653805604515,648,27
17018113680793395,648,27
14317548534104498,648,27
46628320174657302,648,27
18298472374825720,648,27
574090958855758184,648,27
122166622730141218,648,27
20070684355807239,648,27
7133064730698912,648,27
18107242326194825,648,27
13019044582809449,648,27
757126240948987,648,27
24592342226345114,648,27
212424869607069102,648,27
172649658944005139,648,27
13007287461207235,648,27
26404394517437070,648,27
619284464628222086,648,27
129305952613763992,648,27
121816624512127679,648,27
56084758280032724,648,27
345472817358924370,648,27
75095555440771167,648,27
27195867501571223,648,27
29361467942245311,648,27
235157104917199020,648,27
18452561086380682,648,27
80100607370484983,648,27
185244812277279266,648,27
39441873343375842,648,27
11382453466718312,648,27
35580270901216724,648,27
57988685345940033,648,27
381234620780525524,648,27
30560087572819665,648,27
102724358968054043,648,27
17209855086422836,648,27
23640657546790937,648,27
28341248330304764,648,27
24010090275397178,648,27
4957905536249684,648,27
28692524816959856,648,27
388795866684593323,648,27
7107263937485112,648,27
18207533987727115,648,27
6977931843271944,648,27
10551489467483732,648,27
1161404857279796,648,27
129303073237018682,648,27
213300016605971018,648,27
116564390766517790,648,27
10807443650236345,648,27
10783844101689782,648,27
32222314942956485,648,27
13512832873402690,648,27
10888255287331814,648,27
115619059722168663,648,27
88674043731439263,648,27
16162347383818983,648,27
61367646347616637,648,27
56906644133660212,648,27
59430790588135813,648,27
23962679041428162,648,27
42690153104489186,648,27
2501176121010164,648,27
181916775195942514,648,27
26858553816956203,648,27
6312876586055525,648,27
23938722835918530,648,27
44102383603217305,648,27
38188900663156966,648,27
141091292156482845,648,27
106448628277143469,648,27
85922616873958672,648,27
51587352151292256,648,27
80872514843077292,648,27
2556779263484218,648,27
104030873933068,648,27
8701312336673488,648,27
94476286168519108,648,27
15634718589240416,648,27
16933509349576465,648,27
86071632196087464,648,27
44917790621374426,648,27
69989206856801049,648,27
38943543485208940,648,27
109383198881233789,648,27
99386038218910124,648,27
106528540389649066,648,27
25880721111186212,648,27
94980210183428559,648,27
25435112536711343,648,27
22254633907131445,648,27
32074735591384827,648,27
104452245801301685,648,27
46564718576589097,648,27
114464104673464728,648,27
19171868534397812,648,27
46593014513816635,648,27
41056406502976289,648,27
7378227722313194,648,27
116820794435475161,648,27
81923234739044506,648,27
9293855244259263,648,27
20755881518261980,648,27
18540201649047589,648,27
20352558092219271,648,27
171415332455054944,648,27
15544035002068391,648,27
19999502565710012,648,27
173676427308200324,648,27
17760170459957818,648,27
14373092063463025,648,27
50417964950636620,648,27
10587699412343217,648,27
128271850281189859,648,27
17367114426936036,648,27
27938338358858533,648,27
24835001387517925,648,27
8747049285468651,648,27
469460669063322459,648,27
457214505313810344,648,27
461630333610479927,648,27
14993862356053981,648,27
167376014158937911,648,27
231996476381280615,648,27
2236114158338889,648,27
132813850517635522,648,27
2317373682120058,648,27
93738227974733202,648,27
11512730401199766,648,27
29566181823708222,648,27
9298029012306125,648,27
388125115474635340,648,27
21251336502280139,648,27
11297662580166482,648,27
154608677963565133,648,27
151009943351750511,648,27
367001583505356697,648,27
1096185505069340,648,27
7796718530396631,648,27
3217144730465848,648,27
74325230600938254,648,27
123891785375177093,648,27
216039991490768719,648,27
8366971040861872,648,27
30932257624627938,648,27
76301111234996148,648,27
136628761449873477,648,27
104255977720780281,648,27
1120404367750573,648,27
25823543202964342,648,27
103795066785661292,648,27
11423936881478657,648,27
9600893421507743,648,27
14909396708822063,648,27
93629563562245066,648,27
348922967330468329,648,27
84829276867081153,648,27
21013114136188200,648,27
50400205614778836,648,27
57720007465273129,648,27
30290970023581666,648,27
116823550890514739,648,27
154994182250326619,648,27
91338777520161471,648,27
153313570417731522,648,27
42401961096399468,648,27
3659848975666969,648,27
8962023116767169,648,27
27600626200604795,648,27
18249589799020892,648,27
303376581341751081,648,27
328855521424881268,648,27
31514241295673860,648,27
2292250838508095,648,27
15099555386197450,648,27
10838210832947188,648,27
208521305177667817,648,27
1119983315879716,648,27
36276963565751929,648,27
32107764808136730,648,27
12102996904631623,648,27
9146930134975859,648,27
62287664165295206,648,27
101136242586552841,648,27
15187042673459255,648,27
44014260113723692,648,27
9022645319930009,648,27
51296347641984039,648,27
114512235838237494,1536,64
3728503649616667,1536,64
70858965195120498,1536,64
11995088973223809,1536,64
106529506822415094,1536,64
138913725474678517,1536,64
112560446672666316,1536,64
23455763113895675,1536,64
69125178571997793,1536,64
6011444701571679,1536,64
6020771354735378,1536,64
68786059331317909,1536,64
110574485744904483,1536,64
62067248029227960,1536,64
1045571542702962,1536,64
360346492316598182,1536,64
48668734170464986,1536,64
7002673855386111,1536,64
14927418714380978,1536,64
15173594686739419,1536,64
128066297985587717,1536,64
54350796826200294,1536,64
122066723337394117,1536,64
22205756055843394,1536,64
158049470498839920,1536,64
5516972584871232,1536,64
11728842804518002,1536,64
220741408266372139,1536,64
24609741063872702,1536,64
429103543955366882,1536,64
107445626622138384,1536,64
17908032417783206,1536,64
216268947733199509,1536,64
13914053697662775,1536,64
4177622813126146,1536,64
33884459278427794,1536,64
144382131804446953,1536,64
166600764178354606,1536,64
305590145874250280,1536,64
44418299913806763,1536,64
41889159413106853,1536,64
3196439003082516,1536,64
15153396664846694,1536,64
17715160219528810,1536,64
18404601095225444,1536,64
32713057267433659,1536,64
30809870521321424,1536,64
31237791649960750,1536,64
236291891989062729,1536,64
36182013420947106,1536,64
90177037991708275,1536,64
58896021638367367,1536,64
62376445741170857,1536,64
21144727880518979,1536,64
230601784063151195,1536,64
20497917974300658,1536,64
112125059729922881,1536,64
75937296943780645,1536,64
20397532560542442,1536,64
41766075253292025,1536,64
1266595287820412,1536,64
2195921294308462,1536,64
42532889721822444,1536,64
29899456195273166,1536,64
10541511019538986,1536,64
19655488855299935,1536,64
43674116290457549,1536,64
27335906620748456,1536,64
167420033967347796,1536,64
94454168134429592,1536,64
37359388640256892,1536,64
10637582349826692,1536,64
94306688424810375,1536,64
18108531994635140,1536,64
61312995592357752,1536,64
124609149458792380,1536,64
15524832678903224,1536,64
146980209540257377,1536,64
119520097514870067,1536,64
10927129897138549,1536,64
113176195478143404,1536,64
70739293238354049,1536,64
78387516524212198,1536,64
55816782650709996,1536,64
16533137861511416,1536,64
109831727706491781,1536,64
24843596141425476,1536,64
73321614714603708,1536,64
28788942509161743,1536,64
73720883193346480,1536,64
168080076806601557,1536,64
24939899853190420,1536,64
91073402278724097,1536,64
8936202769677817,1536,64
4681058937096949,1536,64
23985940761073763,1536,64
5201945984903899,1536,64
32632101956969363,1536,64
192314075196094048,1536,64
16201576804618339,1536,64
30676718862712588,1536,64
157763978093984882,1536,64
103099154157555958,1536,64
3441729798376806,1536,64
114479347255425504,1536,64
244948952960063927,1536,64
2282383852326185,1536,64
23678657402220791,1536,64
201895829747924560,1536,64
357249644871519818,1536,64
22514320242991433,1536,64
60451151463852378,1536,64
13507886488804261,1536,64
26279021818034773,1536,64
116729016786957903,1536,64
24917429084057749,1536,64
75026716428060924,1536,64
15552504607755046,1536,64
151876100498245729,1536,64
95238224007138369,1536,64
236186932520927922,1536,64
10578655685429497,1536,64
151040277916732976,1536,64
167679463830127591,1536,64
12503479588719543,1536,64
44259581464195586,1536,64
25550268650219985,1536,64
9708610457074602,1536,64
14013856741806682,1536,64
252405042549682280,1536,64
904155483638194,1536,64
392720912507027722,1536,64
16828713198541922,1536,64
6465831866786089,1536,64
6827632776149562,1536,64
31432596537113378,1536,64
53040598676888794,1536,64
5702270738860534,1536,64
12157729966708188,1536,64
250240936319647537,1536,64
89190676175568362,1536,64
3815731039281254,1536,64
20042981699932226,1536,64
13734558759207014,1536,64
5071465529263011,1536,64
156786691942061723,1536,64
19840477436730239,1536,64
49976224064810939,1536,64
2812389734753308,1536,64
63971746278127635,1536,64
152296076760279880,1536,64
4368641425572935,1536,64
1715853505466002,1536,64
41015224851142901,1536,64
28636199744352907,1536,64
105336389876566233,1536,64
3178753683164195,1536,64
25185640300251864,1536,64
59689816199332211,1536,64
16468320056979041,1536,64
11144767817913798,1536,64
36048398376047428,1536,64
14999184951048162,1536,64
62275587332478809,1536,64
381439978092110742,1536,64
93920137914144292,1536,64
237113195602112928,1536,64
83338382183523930,1536,64
163385616906070667,1536,64
94394391625995929,1536,64
7487177753448415,1536,64
73863675684236986,1536,64
71674862793706000,1536,64
127206699515359670,1536,64
31339705697962316,1536,64
5403532535537129,1536,64
39021892830913742,1536,64
17528784036323260,1536,64
2717849596380657,1536,64
22266702621693805,1536,64
32073010918753119,1536,64
151208074793807703,1536,64
88448873959157314,1536,64
56195432430192131,1536,64
216959234441787696,1536,64
264930207809819,1536,64
484293412395822619,1536,64
286736682178768678,1536,64
21443459344692276,1536,64
37206724287151053,1536,64
77752173982901374,1536,64
34328798729675157,1536,64
2229976443805840,1536,64
27796952325675087,1536,64
19479825511043011,1536,64
144637935467039,1536,64
11743098887676868,1536,64
18078404570667939,1536,64
2705682151703163,1536,64
7950849324906111,1536,64
66274455046249510,1536,64
12167297386494102,1536,64
29660300151768318,1536,64
49979527431484104,1536,64
89875642106126338,1536,64
28929527180281919,1536,64
51344247248502176,1536,64
18044382369364884,1536,64
27051292244974808,1536,64
183091624469101006,1536,64
16003641126340434,1536,64
308311928500861528,1536,64
92236820330463854,1536,64
37954608962586846,1536,64
101463000844782343,1536,64
77447212305444589,1536,64
17499266680125895,1536,64
10113441139066147,1536,64
17397111633973345,1536,64
4470867992562388,1536,64
119714983458294504,1536,64
111098865064094025,1536,64
18470283103290314,1536,64
187835129518786993,1536,64
5776759959326068,1536,64
1653394480914151,1536,64
34971462971433266,1536,64
104675224496730882,1536,64
9626639160243712,1536,64
223666461196050425,1536,64
4422680816112961,1536,64
127021196201253437,1536,64
8751161316964280,1536,64
2502087620133227,1536,64
2050450277330611,456,19
20140134538694383,456,19
67248714555814721,456,19
3606359193542996,456,19
378203347698506571,456,19
25509307717383852,456,19
22600273658329108,456,19
34195255354141953,456,19
20247000686695752,456,19
6604742413331267,456,19
28872040914528411,456,19
14162536807975232,456,19
104699460215346385,456,19
34542556449828076,456,19
7052671205664765,456,19
15603678889524518,456,19
7152136993704553,456,19
10031225525235465,456,19
27555266814346099,456,19
89357785228316689,456,19
122831848427399958,456,19
78616426402610523,456,19
62685069809359203,456,19
89414649508410376,456,19
72894141017860986,456,19
251841712239102818,456,19
41063125507230974,456,19
90320832271877098,456,19
33577787226849954,456,19
114494066736156388,456,19
2936228148631089,456,19
22946610510411630,456,19
45156568006571726,456,19
19053041366500992,456,19
107452909852913976,456,19
22364922489505370,456,19
13957472940470794,456,19
169885086914958095,456,19
3029576178141469,456,19
60000695525396855,456,19
28640481240989368,456,19
34170482781041825,456,19
16009108637928003,456,19
75120275698316553,456,19
361546907286246548,456,19
13635977320725415,456,19
118470989882091929,456,19
31514697002497997,456,19
11089458777400297,456,19
89852546191169479,456,19
116865589478960263,456,19
11411066320821666,456,19
6941335437117944,456,19
58673631372276553,456,19
111782118307830392,456,19
75862877224179298,456,19
123551483788822466,456,19
31587808523736936,456,19
183863131541855781,456,19
108948319690000341,456,19
87850195084617565,456,19
7461752454456232,456,19
41161560070952066,456,19
16453896589455424,456,19
439319950106619629,456,19
103120370631691465,456,19
169786787495934076,456,19
160028466895012478,456,19
3707373695917825,456,19
23776465026939670,456,19
38227971545336877,456,19
25041786641287671,456,19
149012125200953779,456,19
45269890063226673,456,19
30490681496861937,456,19
2943320587003347,456,19
16094047825493774,456,19
115557428308476452,456,19
10217045893097214,456,19
53506185879812162,456,19
28790203575715454,456,19
6788259200738652,456,19
2500899521742084,456,19
20544934036765293,456,19
20518944674844352,456,19
1252922300540798,456,19
31849615272860796,456,19
8181021457148487,456,19
92614829289502991,456,19
586788624751899,456,19
62990138762933679,456,19
252350356467403156,456,19
10395875114466109,456,19
23119773262707718,456,19
104091773777972139,456,19
46716070412075648,456,19
83009348247508768,456,19
32077890032896209,456,19
27801447875380442,456,19
66030347841687704,456,19
116994404654169425,456,19
9923252022246889,456,19
37091283208672299,456,19
23746453033980808,456,19
85041641247619654,456,19
103592088096905919,456,19
11743867772791015,456,19
5567076625259057,456,19
23424729637635743,456,19
85994091362973500,456,19
6135830457907227,456,19
139499445342971780,456,19
63011528921183404,456,19
28730484361773564,456,19
6617043933667657,456,19
18002228545461181,456,19
29380187638771282,456,19
21735028499161321,456,19
24639264225473006,456,19
14848263239951931,456,19
438960556271193718,456,19
90236842460174432,456,19
21828578819552412,456,19
15611605422162142,456,19
165334737638589800,456,19
122048397368135286,456,19
66885396616331501,456,19
5461899235921390,456,19
92339340088944204,456,19
19230468243808901,456,19
62121835453077910,456,19
59113610099302325,456,19
126860271391638903,456,19
16266486680432379,456,19
3147368928659570,456,19
264098049776416226,456,19
8475820925986392,456,19
46748337493196613,456,19
202570830470762694,456,19
109646661671764484,456,19
80367946403121047,456,19
177653158139619868,456,19
3602531093886065,456,19
17864669932769057,456,19
102577604293941328,456,19
116884143057290885,456,19
9458263091833712,456,19
112908427744884013,456,19
128553714990764539,456,19
10834389056185536,456,19
20692030431148467,456,19
156047054565911335,456,19
250211312585626681,456,19
166808399286908427,456,19
22619312878572822,456,19
17568266038513051,456,19
78765031259860689,456,19
56004971647024466,456,19
203175928612928965,456,19
16878730494046387,456,19
51394530128138225,456,19
35086891254207805,456,19
15869179529363820,456,19
28912016734768793,456,19
434239523889526258,456,19
44883318847805579,456,19
397337443677753426,456,19
2678244892271573,456,19
90715613393311027,456,19
146040440238976694,456,19
18545205474860835,456,19
6160698002478894,456,19
46242164711990435,456,19
120111567980353957,456,19
55154697611396970,456,19
196709706056405544,456,19
104394611606714130,456,19
8722823534954943,456,19
110028615589694092,456,19
2500679783700867,456,19
29501324803049735,456,19
92673387916761480,456,19
26902113272288632,456,19
1650709476969966,456,19
112499911401786021,456,19
41487883220105133,456,19
73711903710058445,456,19
8033457324397862,456,19
103132199697624400,456,19
114535085746420427,456,19
107302916723125701,456,19
74416028983176052,456,19
369551884267082736,456,19
2488813991066001,456,19
12334842990031203,456,19
17663579630990496,456,19
108129027311665170,456,19
116170585548073621,456,19
35031445717218531,456,19
182203962167312399,456,19
24633941426402839,456,19
3226274637742206,456,19
31545289629989569,456,19
36852839273715454,456,19
18408122011035192,456,19
31542897850013534,456,19
25829799843131399,456,19
32108865727754594,456,19
2560125220626770,456,19
10498093555588151,456,19
3425260801548067,456,19
94485360958708597,456,19
4757410286220125,456,19
155072469496595567,456,19
32296934264352305,456,19
15619157011840937,456,19
14198895886572721,456,19
29465759772095231,1080,45
20150082472981051,1080,45
17986611652881111,1080,45
305375206977527185,1080,45
23539911278517328,1080,45
3812078236207608,1080,45
7618285332652676,1080,45
5208117889720354,1080,45
111329014936164365,1080,45
4205540253374842,1080,45
6027942579999319,1080,45
590903797155887638,1080,45
34910621112656343,1080,45
14974565773530804,1080,45
3603374640611910,1080,45
224359816512293567,1080,45
36715108247831892,1080,45
222133811902917550,1080,45
128513752581900742,1080,45
25754479878620735,1080,45
69601895445497408,1080,45
153596927621605013,1080,45
23427086025942835,1080,45
250590848099642608,1080,45
21483731094465374,1080,45
62710952704608786,1080,45
62721349531894782,1080,45
293562641258519979,1080,45
53802241170797201,1080,45
281565264570974,1080,45
19080403541581372,1080,45
104090453412064896,1080,45
24045350208030377,1080,45
24576872431621096,1080,45
59703045240189097,1080,45
61763062571428138,1080,45
111806895058082340,1080,45
25325532175490085,1080,45
22912632984015799,1080,45
287577968752178014,1080,45
239998081220304802,1080,45
12539269722243211,1080,45
60874805542364915,1080,45
150032464510379856,1080,45
4967281624723989,1080,45
71426647899903562,1080,45
19194580636283938,1080,45
150857346686931081,1080,45
11772797036577074,1080,45
30528926535125523,1080,45
322128639489064603,1080,45
5352025244425016,1080,45
119224282843469114,1080,45
22439571451003643,1080,45
24574473899435456,1080,45
42315047138301310,1080,45
31961495417550136,1080,45
32962007862975724,1080,45
126702029788690685,1080,45
65869622975629329,1080,45
74203155695895300,1080,45
66229952743817532,1080,45
74680823394990131,1080,45
19664191525785822,1080,45
7021272979256245,1080,45
288866378364730184,1080,45
110158123800441334,1080,45
312837395308603760,1080,45
21121296343234428,1080,45
3084758982539184,1080,45
42846550006756812,1080,45
257785616598731496,1080,45
10120078419512076,1080,45
90684006451413606,1080,45
159862678747779456,1080,45
18509410935521514,1080,45
9722621901500941,1080,45
58578533474135761,1080,45
102711568989865482,1080,45
34791179576002625,1080,45
101164895536564772,1080,45
94798808014208517,1080,45
122636634201339179,1080,45
68616080504682494,1080,45
37025214541951675,1080,45
37657501636715369,1080,45
126377364237494706,1080,45
25891311557923919,1080,45
4270639852896821,1080,45
4015604799232878,1080,45
103904512758275344,1080,45
8059024676074275,1080,45
4736340467435560,1080,45
7687071183237933,1080,45
74461236438989027,1080,45
34222967130556800,1080,45
29162675774400238,1080,45
607486680941589,1080,45
4893239780237995,1080,45
31341320458348914,1080,45
114738485559364190,1080,45
82841656439030206,1080,45
33459739181737144,1080,45
17070464548080237,1080,45
9165080960343012,1080,45
32971113286125536,1080,45
120640579377671657,1080,45
42770469469371720,1080,45
30704115411877071,1080,45
2016409979474050,1080,45
102560541396477026,1080,45
21785011495296825,1080,45
6201362336369773,1080,45
25284817632039071,1080,45
19160354174133339,1080,45
122021196003713776,1080,45
32333920493577491,1080,45
15301399956876616,1080,45
52302077122212734,1080,45
320077221403490309,1080,45
25885912992494751,1080,45
10421154487360030,1080,45
330909472146280052,1080,45
23020343850004795,1080,45
355524699985581528,1080,45
9078223590560882,1080,45
98315586842711592,1080,45
20394011557920107,1080,45
122585689341983788,1080,45
108205789559422646,1080,45
168254996974882233,1080,45
7648428838279728,1080,45
66715464638099779,1080,45
214064819393276669,1080,45
54245815254510427,1080,45
3256207784619692,1080,45
150113129239440,1080,45
100861366947064755,1080,45
13843111738074416,1080,45
10412447540519144,1080,45
10017458597760373,1080,45
119098374179402484,1080,45
49389186758692387,1080,45
77367433978566606,1080,45
170541843062558595,1080,45
5722274665687188,1080,45
39139914780004390,1080,45
94631245216332193,1080,45
6697252999104759,1080,45
12679898396076078,1080,45
206112333383131768,1080,45
168611501216905436,1080,45
349473629818850745,1080,45
10326633133386167,1080,45
169209687516200737,1080,45
108212660935525105,1080,45
8099053650403288,1080,45
284866008124780489,1080,45
120297998980426534,1080,45
42463305214177969,1080,45
28917720846991374,1080,45
14692598772035070,1080,45
911985634786271,1080,45
106652206208926992,1080,45
214875344266816887,1080,45
24211426062562279,1080,45
57055282058265569,1080,45
39219353465647543,1080,45
21269917920583087,1080,45
127969651935362331,1080,45
52043245621673529,1080,45
88617134027910370,1080,45
20860013262229440,1080,45
15996448216879240,1080,45
351303487382382751,1080,45
260472379257462860,1080,45
37657628294337313,1080,45
281741107672315859,1080,45
84873549623134473,1080,45
35189855328042203,1080,45
35672929992773885,1080,45
4011882183138325,1080,45
78387394544647803,1080,45
38142393534722573,1080,45
157373245268434337,1080,45
26576985681071607,1080,45
27912748650737760,1080,45
42717988908022288,1080,45
2235772382849760,1080,45
304111083491579702,1080,45
1891707523569690,1080,45
19390830990227950,1080,45
22384290893714399,1080,45
23886140322537755,1080,45
18584889540491777,1080,45
258361948057405000,1080,45
117260774141264288,1080,45
100038342032053101,1080,45
285200922142945400,1080,45
10418122456906112,1080,45
173816589009231415,1080,45
2636189438853037,1080,45
10037275841525775,1080,45
304091201377574890,1080,45
7661099479063780,1080,45
513799642076450212,1080,45
10293292760705823,1080,45
110278343885132049,1080,45
69035269244983818,1080,45
22792150353413030,1080,45
68884352467413909,1080,45
9803585734650071,1080,45
24270023012594451,1080,45
19894218755525072,1080,45
81221417344474237,1080,45
43195334864353377,1080,45
36981510279476642,1080,45
50896147313623790,1080,45
58143290732969161,1080,45
12620010348038804,1080,45
12468170281805965,1080,45
64614343451019342,1080,45
28941915959690587,1080,45
76440286768553774,1080,45
104641217643218958,1080,45
12077834186610405,1080,45
174820250417561322,1128,47
100424508155347626,1128,47
172610320785869883,1128,47
30652614075629883,1128,47
124305678195933613,1128,47
61004490023446592,1128,47
13994609147660676,1128,47
42362744553541821,1128,47
26130521299217370,1128,47
6457968478845836,1128,47
34947447645534583,1128,47
19877542897756807,1128,47
123145265978435597,1128,47
118949504737205637,1128,47
39234634298736066,1128,47
37392783951255685,1128,47
66349438433354777,1128,47
37463095153251502,1128,47
109603458153554330,1128,47
28167345132921632,1128,47
129028475696084047,1128,47
342312133884180722,1128,47
6391560207754041,1128,47
15343693546319866,1128,47
62781379122474491,1128,47
15519755933893446,1128,47
7155892908969750,1128,47
112953376070646068,1128,47
7268334750041292,1128,47
15864444278382509,1128,47
419701147152737161,1128,47
11806278838251361,1128,47
217274570416109221,1128,47
336733447579757,1128,47
106904058265677586,1128,47
12583261548578008,1128,47
2831263616126752,1128,47
18354429194691390,1128,47
59736144277182013,1128,47
234576384404727053,1128,47
64017151414796596,1128,47
471426651567281082,1128,47
29142311038417365,1128,47
30562737256095698,1128,47
17355452081130360,1128,47
110114023390468030,1128,47
31817334689104252,1128,47
30722937974032130,1128,47
107024576818918850,1128,47
1504630289588176,1128,47
13599001812635312,1128,47
174477567561826991,1128,47
240725188153256216,1128,47
179842968476963414,1128,47
54641156025581291,1128,47
39241709809015141,1128,47
22770343874790515,1128,47
66994472811765907,1128,47
11336262083169356,1128,47
3225986661532051,1128,47
253471427032220841,1128,47
34174256815622045,1128,47
125217243837732450,1128,47
40062331174310570,1128,47
10824804257372541,1128,47
117744395055702316,1128,47
412115714141693750,1128,47
87002161244530550,1128,47
37477912934664048,1128,47
17404029716389850,1128,47
9643267570067947,1128,47
92132937704000822,1128,47
6917989733799620,1128,47
348079218758714730,1128,47
196869917089805760,1128,47
16790046077793888,1128,47
30485309222731629,1128,47
387610844022102675,1128,47
151497615535859609,1128,47
10090595050618948,1128,47
31834347229322581,1128,47
268943148885192867,1128,47
31887352008915318,1128,47
18846492673518788,1128,47
371083704487912254,1128,47
91109265920439906,1128,47
10530776923615088,1128,47
605746734577383006,1128,47
16329321066387385,1128,47
50051959529257243,1128,47
53247172254468162,1128,47
231691283471125813,1128,47
29609424120391280,1128,47
40111682579011210,1128,47
107105094022028351,1128,47
17448920798249548,1128,47
126876633441905453,1128,47
3057092795186662,1128,47
78883239603519299,1128,47
75550138959467086,1128,47
12379315752249028,1128,47
80999213057462539,1128,47
1545884868316574,1128,47
74890494983059350,1128,47
23040360752690254,1128,47
351413165437320683,1128,47
8691306551408973,1128,47
63856983517229668,1128,47
33743057133300250,1128,47
104152024305225162,1128,47
15793930678264908,1128,47
8777230817067699,1128,47
112416102500999638,1128,47
69142389513236567,1128,47
95436851237756606,1128,47
30037935653687862,1128,47
27690632733656818,1128,47
100281397475676210,1128,47
110913974359179577,1128,47
98567586252114320,1128,47
12183026908619192,1128,47
108610899243977314,1128,47
61133078605884916,1128,47
22891048921412057,1128,47
5127799868544732,1128,47
322002652020374951,1128,47
32852381282533795,1128,47
5220665026848310,1128,47
189814906418876193,1128,47
42982610775841384,1128,47
68650920031597669,1128,47
11076446549961693,1128,47
57676557947754323,1128,47
27174240803323424,1128,47
112775039745637776,1128,47
30608747239888455,1128,47
1433140081928323,1128,47
22926839360230735,1128,47
12857352037298227,1128,47
5545149187838955,1128,47
23815108898501642,1128,47
146653893621509,1128,47
20661552860759950,1128,47
14183543807001149,1128,47
12516680558394426,1128,47
1785186597776160,1128,47
27766006249705462,1128,47
23560078972926318,1128,47
23702345263737282,1128,47
63680957760716539,1128,47
31427290692172516,1128,47
255071172200765358,1128,47
125634097705543321,1128,47
115396141955615092,1128,47
19014987761865758,1128,47
87539875582178272,1128,47
34767748696773574,1128,47
42523204915043918,1128,47
21570003795096639,1128,47
290242345099328339,1128,47
13312842184161644,1128,47
97991671159913556,1128,47
13368128617412722,1128,47
285921803125840098,1128,47
971025584381556,1128,47
7052016697863975,1128,47
43338453311056340,1128,47
20685368720853334,1128,47
12583094795196873,1128,47
36291865149682155,1128,47
204327725116886765,1128,47
46585851468248150,1128,47
88421237462727055,1128,47
17749814142740794,1128,47
110653355010399862,1128,47
45864251006677842,1128,47
24456188721079282,1128,47
12968244053289526,1128,47
91080375452407601,1128,47
136706417197303955,1128,47
465644803812585275,1128,47
2357412199807123,1128,47
377179790298037740,1128,47
197394223950649060,1128,47
124661261069566211,1128,47
21500712082543556,1128,47
121289452449364700,1128,47
27009606992325923,1128,47
49382521172400581,1128,47
87135358649377105,1128,47
28827713907220226,1128,47
38037205612625327,1128,47
127304540105521382,1128,47
50487215930322571,1128,47
71610484905224209,1128,47
21290261742312890,1128,47
24621245314317506,1128,47
147590224263445547,1128,47
11266138547866154,1128,47
13883124731931410,1128,47
4035954213042763,1128,47
761646224880478,1128,47
149491384081697525,1128,47
11057300950528514,1128,47
104998329610157551,1128,47
14674236511719583,1128,47
41637451311418731,1128,47
74118721586619539,1128,47
10847066893799070,1128,47
76100281791331512,1128,47
8096541360036570,1128,47
20076884664219109,1128,47
198436057349675752,1128,47
14774564196695409,1128,47
24126895518670456,1128,47
14114811873920750,1128,47
126984250302734638,1128,47
39745248256532065,1128,47
100880203078553510,1128,47
17509316625791464,1128,47
111353070224376949,1128,47
11929138962340452,1128,47
19321883090392926,1128,47
105944688441549104,1128,47
193440649929669660,1128,47
15094632284823573,1128,47
497137256990523127,1128,47
64709368683812423,1128,47
27131460806242106,1128,47
11310298041995006,1128,47
88691658199155160,1128,47
68290142098505099,504,21
11291547192117393,504,21
26015438096437514,504,21
16079652352703701,504,21
120301194564919445,504,21
31952046571449627,504,21
290888641859302316,504,21
20811755037169359,504,21
13498822870276249,504,21
101528875279965081,504,21
11435406670541057,504,21
61195453881312120,504,21
31204989406584471,504,21
153365546677078862,504,21
14504144614277370,504,21
58820776168211813,504,21
2676346194207424,504,21
136965560490840762,504,21
22786250079767237,504,21
117039829900510812,504,21
118627678579108574,504,21
241479427309280009,504,21
12255283752276784,504,21
3264624322948206,504,21
642874204494027192,504,21
185079677915025840,504,21
27893730538315968,504,21
42584770457361968,504,21
113789798816825826,504,21
27066021002550155,504,21
6057561556358677,504,21
30451781697112848,504,21
90039048921832279,504,21
99745206967478708,504,21
62133869179808244,504,21
31537531438450551,504,21
328964297478531574,504,21
11583016565220634,504,21
17183812038336403,504,21
123819666320884418,504,21
1818856347212283,504,21
121725833647104282,504,21
239347730927812410,504,21
20360539484627429,504,21
129469779990968021,504,21
32056454992581866,504,21
45616651583599998,504,21
27791920864436250,504,21
5920784878950372,504,21
19918181863361533,504,21
1037039705520088,504,21
124559685157436069,504,21
183934057326673932,504,21
24070678426278885,504,21
24139894873419768,504,21
31224182048332860,504,21
8952037674509962,504,21
36646634788125622,504,21
100239152903273275,504,21
16677823071678555,504,21
123196071870943935,504,21
3896544511569770,504,21
30764257573341846,504,21
11958853220389997,504,21
11066097470776439,504,21
39785469003311303,504,21
18659355490841878,504,21
12055624407867844,504,21
30415515061079252,504,21
46797702108438420,504,21
123232036075094981,504,21
25319613713309814,504,21
47568621976089503,504,21
834042729341880,504,21
18406757164657230,504,21
21320497964577676,504,21
74426678506552044,504,21
10646808855128546,504,21
7211700301973906,504,21
29547499398202047,504,21
31301194663559376,504,21
82890008044506558,504,21
104903007927019169,504,21
15092096145740265,504,21
8457875004033631,504,21
73296677750548524,504,21
69911595029798605,504,21
20284053712834326,504,21
18404910628176267,504,21
19323756149272552,504,21
31816366634173350,504,21
296658756636792402,504,21
23429359923599542,504,21
75509425470533771,504,21
202786674205924174,504,21
364651528589177087,504,21
602491628626334942,504,21
1553939611324455,504,21
269645556758694233,504,21
81022112603539094,504,21
17734673959504058,504,21
4187827979060495,504,21
60349364487270108,504,21
15733197349711969,504,21
9994558617273144,504,21
59697536498388409,504,21
18068425599440094,504,21
20089756828208922,504,21
356295932749548315,504,21
75662633468274178,504,21
75020528201983712,504,21
33881923794207682,504,21
144931503066936632,504,21
2557280698288461,504,21
35141525514323688,504,21
67953693098248682,504,21
291547088768385308,504,21
92303067046633117,504,21
10056729486034908,504,21
135859935473524,504,21
102306776557145387,504,21
81036282134451767,504,21
129226832070044761,504,21
11994682273126890,504,21
331624829642414332,504,21
10932232475541950,504,21
328140400279598940,504,21
260396592671488434,504,21
80587764767899057,504,21
148397830494473146,504,21
48963933444984594,504,21
7601515494643614,504,21
787159379857105,504,21
92654974934863590,504,21
40415121301552120,504,21
10248786327230480,504,21
114535507831620311,504,21
47439743702926849,504,21
94983779540327006,504,21
109451725992152409,504,21
3922242680908157,504,21
128491582383792957,504,21
33195521653111242,504,21
137774561613882422,504,21
30582715860098963,504,21
2385970021913775,504,21
25545789209286236,504,21
34996998478299667,504,21
17189475170525456,504,21
99748312819379309,504,21
119113947138611095,504,21
72229782317443306,504,21
119383230552074456,504,21
28380653167919229,504,21
152871384100708185,504,21
10347586723360661,504,21
63564104492495888,504,21
34707470172924850,504,21
49194364149602918,504,21
171901472927082032,504,21
9281425064820578,504,21
11593108781720805,504,21
276624461944824228,504,21
19015490797890235,504,21
36337560548616590,504,21
297004585562906250,504,21
35952693987723362,504,21
132758906541237520,504,21
13128300966882834,504,21
21465385951934877,504,21
10011670665608324,504,21
208483759796498241,504,21
15733940169140252,504,21
39120545549454988,504,21
56203643837746707,504,21
12978484267595208,504,21
12533573011420974,504,21
3981198352159643,504,21
85948165666224827,504,21
288957560147109824,504,21
85339851046350841,504,21
107192761768350608,504,21
17985710432998108,504,21
383284802192063190,504,21
24101435821579414,504,21
24536664653722010,504,21
13381035752893059,504,21
21875067265938234,504,21
112553785183583083,504,21
21618828987660101,504,21
68453650745851001,504,21
124506899588051253,504,21
184858363450691427,504,21
33561694525370267,504,21
13157959645058502,504,21
70018559194015605,504,21
10413877731911805,504,21
26050561120424993,504,21
102843809113519930,504,21
70655570179977042,504,21
8739661515186134,504,21
12703255403150549,504,21
110053947175901642,504,21
88919873556474351,504,21
248256612940891173,504,21
97076605178518124,504,21
2651338533313303,504,21
6051488099314782,504,21
54338536932829381,504,21
26644818384786789,504,21
120156202069387779,504,21
91217853361293790,504,21
24083556841384632,504,21
804569028980121,504,21
277906445009802648,504,21
29067488261141511,504,21
190985551717595964,16944,706
15586957543137185,16944,706
5846264731616416,16944,706
149587867674416310,16944,706
146236316218640583,16944,706
35821863541880443,16944,706
33839906429403149,16944,706
100936765923133018,16944,706
235233333209808414,16944,706
17279489226193576,16944,706
19570698116149575,16944,706
128016602152830061,16944,706
113434883367120602,16944,706
248095742587496076,16944,706
186134482559068387,16944,706
4015968577355198,16944,706
29472503601113431,16944,706
105988220575465312,16944,706
18732544617384167,16944,706
1178440280884225,16944,706
19038032398931800,16944,706
234766725966116475,16944,706
22859485790268001,16944,706
142439658177362310,16944,706
61376481322869674,16944,706
23775566365899549,16944,706
21944299897279028,16944,706
108578241028696841,16944,706
13875127489632826,16944,706
437600142103256605,16944,706
25486935774364095,16944,706
437104625572263498,16944,706
236373860807065399,16944,706
29520467626998962,16944,706
271099368634776835,16944,706
194131362444742713,16944,706
43006238988082110,16944,706
1131385320497965,16944,706
71918221186188196,16944,706
27438837800087678,16944,706
30834982957953175,16944,706
127268710107342116,16944,706
15865306186129580,16944,706
18004299326341437,16944,706
19565345757664907,16944,706
10426632681736895,16944,706
10283146112156616,16944,706
73806171667589088,16944,706
89128881653690712,16944,706
26135888985092943,16944,706
198504540586572718,16944,706
31557129819878452,16944,706
22376556440864476,16944,706
336987097348151396,16944,706
114972835785503077,16944,706
3128091996079829,16944,706
2069741587273769,16944,706
63076165229774198,16944,706
104152448782971199,16944,706
34935429103620805,16944,706
53937150995271319,16944,706
29943146004498698,16944,706
399519056132017013,16944,706
36279504265336909,16944,706
263379376874206260,16944,706
134083172412586877,16944,706
189690101263244718,16944,706
334775479611368681,16944,706
20405286762316101,16944,706
39242417991680203,16944,706
26710417971637780,16944,706
1955883414268360,16944,706
14338975975347842,16944,706
50189231985209153,16944,706
34596931749387914,16944,706
128721944728018874,16944,706
45614448276745809,16944,706
103039674956847049,16944,706
33106620284021185,16944,706
97266160185823678,16944,706
28639643096807358,16944,706
13131830950752378,16944,706
23887503206383618,16944,706
8771334587956848,16944,706
75217872005565116,16944,706
255205233079658591,16944,706
71936474361589072,16944,706
180433378769221105,16944,706
11533617670845663,16944,706
34503672128760433,16944,706
80731895776982874,16944,706
11348291247669410,16944,706
24602975118018994,16944,706
11331329120456723,16944,706
42777788578889970,16944,706
31202204681095145,16944,706
10131572957331772,16944,706
188158917794321586,16944,706
20134512594336172,16944,706
25160869737526032,16944,706
3926932497356479,16944,706
34798415732459872,16944,706
18344638754598696,16944,706
23800559574254119,16944,706
155701674348970594,16944,706
110395569665164373,16944,706
12145302720318527,16944,706
209617474965676037,16944,706
2644517511830594,16944,706
30164155602374666,16944,706
105267215593343356,16944,706
34415831827437273,16944,706
35834010994089356,16944,706
6972842055051180,16944,706
76976132709096172,16944,706
141105801176839413,16944,706
15429631030895737,16944,706
69426696455495040,16944,706
14912655915109281,16944,706
94176629223919297,16944,706
94921436246383580,16944,706
21531744254673439,16944,706
84611184103522325,16944,706
466805685040483259,16944,706
13323620228212523,16944,706
10238417762986917,16944,706
5566555911664441,16944,706
20686164865548083,16944,706
29011267291784010,16944,706
70164515165066670,16944,706
28972102617814265,16944,706
8986050000366347,16944,706
110322662427283022,16944,706
218519865706439287,16944,706
7945952386175204,16944,706
16510822063504484,16944,706
72199651839314727,16944,706
26451604173471213,16944,706
112838881175054726,16944,706
179476013218866595,16944,706
91295268580178258,16944,706
43739042870611147,16944,706
92324809763018555,16944,706
12344249727904818,16944,706
63769084953757318,16944,706
43295227357440983,16944,706
16543904026381447,16944,706
37266770096564248,16944,706
49769293522564285,16944,706
31079513223879351,16944,706
116559551506490321,16944,706
323904755522245435,16944,706
20269205902764189,16944,706
30961198538123710,16944,706
86684946353277083,16944,706
15266455482392702,16944,706
120600125986303374,16944,706
3820746454713450,16944,706
22697719115646236,16944,706
28607467008013146,16944,706
418827120689930928,16944,706
12893584584650277,16944,706
4799268148495572,16944,706
141029058718080674,16944,706
22229934322412471,16944,706
3015997477430861,16944,706
112664499105817019,16944,706
2531590080805935,16944,706
617154536653673270,16944,706
17621737195746514,16944,706
18717715414360400,16944,706
16425272519055806,16944,706
61083232019366443,16944,706
57726508571407551,16944,706
61705659461166298,16944,706
501831752999516271,16944,706
17257099522673533,16944,706
118369492609451769,16944,706
127312706967264272,16944,706
49536917592914967,16944,706
66835949503584806,16944,706
9385390806516575,16944,706
68553832680647082,16944,706
49842829795744323,16944,706
19576568028597844,16944,706
10198638510683352,16944,706
100696788331297854,16944,706
68265305954185393,16944,706
156642000594803160,16944,706
13830281243276398,16944,706
2635364812153031,16944,706
116815220215093913,16944,706
28600387603352311,16944,706
37108259566721244,16944,706
7366397481635104,16944,706
49298578863318914,16944,706
71316286061308201,16944,706
10513519596296094,16944,706
1280222696578659,16944,706
6038311776696926,16944,706
18318829397665158,16944,706
2422256938244143,16944,706
18529480734802821,16944,706
7126182944488175,16944,706
276495901406173882,16944,706
12296755436492739,16944,706
190955377358764482,16944,706
70333981793168594,16944,706
101321849255159944,16944,706
4716734993025238,16944,706
2186163716926339,16944,706
119925290241596521,16944,706
40786094121418470,16944,706
121014836497386893,16944,706
27591897664872442,16944,706
58574665502504407,16944,706
76169409283991943,2448,102
125965949466942037,2448,102
63208310278062703,2448,102
12773659256001265,2448,102
331276064366829979,2448,102
19519809239709792,2448,102
27476054931620554,2448,102
19791861102973281,2448,102
23814763918844939,2448,102
15859612030952797,2448,102
4687312358769160,2448,102
6795629304471074,2448,102
54275152157016885,2448,102
87104770401393050,2448,102
88700293653161873,2448,102
157445657391520323,2448,102
152827543372626607,2448,102
7966646338933570,2448,102
18714023392551166,2448,102
289866732552098805,2448,102
23939486544103803,2448,102
7147721841993644,2448,102
25973856651851809,2448,102
24364567934588498,2448,102
1446847166877079,2448,102
79149768952377475,2448,102
14788622635731345,2448,102
18420984387629030,2448,102
89972369178095430,2448,102
53337757939946395,2448,102
119295165166070493,2448,102
1169409881599488,2448,102
14362560340722218,2448,102
13895351349041488,2448,102
598260173188843953,2448,102
101879789780388078,2448,102
39525198948977348,2448,102
22217151261234862,2448,102
20854568939031005,2448,102
18735778149821942,2448,102
18553799786012446,2448,102
103543413631758050,2448,102
86458348575210054,2448,102
58863212133827133,2448,102
28493887845563752,2448,102
20935542542810396,2448,102
11506470270930186,2448,102
21551064593466603,2448,102
89987325720263382,2448,102
89637576160594327,2448,102
75219614105830712,2448,102
94791734912246985,2448,102
19752066017493807,2448,102
186567845047010241,2448,102
190660447977525382,2448,102
9876537481625345,2448,102
95020280189440855,2448,102
10311933647411497,2448,102
99367555422118687,2448,102
9777133156633608,2448,102
14860476387441446,2448,102
150466005653532112,2448,102
36616739386394853,2448,102
5966314397750363,2448,102
169221229775419529,2448,102
84779443006144952,2448,102
61443517652538276,2448,102
71143799366379622,2448,102
122225770842860900,2448,102
88457520388574006,2448,102
102252231404883375,2448,102
24571790058201496,2448,102
115456123083118192,2448,102
19670588330699823,2448,102
234141821679408907,2448,102
68206699489365291,2448,102
11553738942027204,2448,102
15753908925662989,2448,102
113396623617798459,2448,102
5380599357237922,2448,102
320993713088286957,2448,102
3235568624109857,2448,102
29985748337592194,2448,102
10621024106204388,2448,102
28654796029669223,2448,102
17089266408663459,2448,102
242099156810968240,2448,102
252035097576318476,2448,102
145870390309239904,2448,102
218525127425060075,2448,102
105452465415097940,2448,102
57476618243289028,2448,102
23083959572581361,2448,102
29297448968777624,2448,102
91188745168140765,2448,102
60136043064883401,2448,102
202025939480965051,2448,102
39327250632248895,2448,102
149686247985562476,2448,102
7884867547827646,2448,102
106851991756425476,2448,102
25373440983484659,2448,102
319263943610843806,2448,102
35351376240833979,2448,102
6162678491373012,2448,102
25207969201371146,2448,102
88689700146833983,2448,102
50316502969988040,2448,102
1191236514386316,2448,102
79351574426762189,2448,102
18298363606228170,2448,102
20664998425816025,2448,102
102702700835290258,2448,102
14568567687564570,2448,102
21754351515150928,2448,102
21100478618789370,2448,102
23549407032320646,2448,102
127036806207840868,2448,102
20031307827653482,2448,102
92780449601760434,2448,102
6967062859776939,2448,102
32588301982202810,2448,102
32391853774088668,2448,102
441295203802504864,2448,102
82398368343957366,2448,102
17472878629206045,2448,102
6260700337902523,2448,102
19735056733446937,2448,102
16201991104569759,2448,102
32003263131458313,2448,102
7787711234649368,2448,102
20947955781515652,2448,102
149855948858505647,2448,102
295789236233482783,2448,102
25509593257349098,2448,102
22682223532325630,2448,102
54469355582119995,2448,102
85193795314110712,2448,102
14364727456537482,2448,102
4861337116479211,2448,102
13776769081970446,2448,102
45102732969804498,2448,102
147195324918228261,2448,102
18271937831096532,2448,102
5336839012556273,2448,102
33174668086391964,2448,102
95680970477289733,2448,102
9061945066961251,2448,102
36282146759773620,2448,102
10002135084606226,2448,102
2811875377093851,2448,102
37046118107246972,2448,102
26124873125178903,2448,102
9130969792862848,2448,102
126757486662236729,2448,102
131418746519912814,2448,102
30684953790010121,2448,102
2297042517626250,2448,102
97108898678265522,2448,102
24411345131034507,2448,102
24494861152362521,2448,102
17860355553252128,2448,102
19094847351936227,2448,102
260187905624071906,2448,102
78822999593097901,2448,102
22426562717297859,2448,102
4303268252935808,2448,102
38239544107709222,2448,102
6971618916250695,2448,102
197179641746365965,2448,102
66625490935009386,2448,102
39045167649639287,2448,102
11541727304978219,2448,102
137150442412852740,2448,102
91346070561682877,2448,102
166535468134518988,2448,102
5992076777009026,2448,102
20651244232240479,2448,102
21290351825018258,2448,102
4475255714766726,2448,102
138114025599882642,2448,102
90463289449071121,2448,102
63444636586676574,2448,102
23864326741205068,2448,102
16772853517067208,2448,102
26955479234327005,2448,102
188773127267655104,2448,102
247400424391756809,2448,102
17610257993144504,2448,102
147277175312537816,2448,102
57915540230273785,2448,102
35999628451131062,2448,102
40641002852763911,2448,102
28852159202895699,600,25
22623114356636939,600,25
159144708573089704,600,25
114830681502473634,600,25
2025596368514559,600,25
73243323413554331,600,25
120401267561277571,600,25
336771590026027132,600,25
19129292329488071,600,25
13563527925897668,600,25
100920680293799981,600,25
152746412937097451,600,25
14109102411180531,600,25
125736549438645964,600,25
18409588109471522,600,25
5671219547164001,600,25
88223680732844712,600,25
111252934354565,600,25
216978583282692600,600,25
57495622452166004,600,25
14898705713420522,600,25
153721219378442820,600,25
43851486114584804,600,25
5657977551327907,600,25
7171864699850947,600,25
10288764259246196,600,25
13412486390693128,600,25
112267995459033974,600,25
11285799849808428,600,25
16414447759248879,600,25
131863205721010374,600,25
109669501659730939,600,25
181921472468083352,600,25
146247079901774610,600,25
1033876142661207,600,25
49752739768307580,600,25
137849832174516620,600,25
169015481023353558,600,25
11692303715103121,600,25
135641387276961328,600,25
52914576906022605,600,25
102846269840173883,600,25
4339895375494788,600,25
62184629948032867,600,25
7642958542369127,600,25
63529844972168043,600,25
12391003233366857,600,25
110862045693712332,600,25
118506766766664743,600,25
83361472402483174,600,25
54094909778979035,600,25
303235897985721774,600,25
35681916108727125,600,25
360490886924323039,600,25
37645047007727935,600,25
28194414793698920,600,25
25910413013983647,600,25
86980051944846301,600,25
34817317687425609,600,25
383159778847990705,600,25
6682439722410452,600,25
23519841470762904,600,25
40212615507058726,600,25
30733293364392980,600,25
9147732026511952,600,25
127941966991309607,600,25
126567269708087687,600,25
25761338006937391,600,25
263682818682277569,600,25
95450736569703380,600,25
372004067720779,600,25
115179197644996803,600,25
122002807544321961,600,25
13278048923243553,600,25
123167075717894207,600,25
24386946275131776,600,25
721985323635660,600,25
29533410587685365,600,25
5566887240073788,600,25
72573047444212280,600,25
34368279770977656,600,25
100817241623413027,600,25
17109887393655015,600,25
251724974489471450,600,25
18152510130598029,600,25
16802956815409210,600,25
127962611087770398,600,25
120315256802484079,600,25
34378241239144110,600,25
87258625015663790,600,25
5551548446043895,600,25
91041042499982874,600,25
28322600623596916,600,25
333095773230439552,600,25
36779200128388065,600,25
34326992198742062,600,25
38864829474111353,600,25
47567193424755024,600,25
221866266707049588,600,25
51963630806941694,600,25
208446806934185984,600,25
32993984598509300,600,25
211827629332187319,600,25
235477242927427401,600,25
19223637485794300,600,25
17839503877585161,600,25
179626340207340802,600,25
85483743820829157,600,25
1337111117785518,600,25
161405322988952423,600,25
93654595740464192,600,25
97285902741397419,600,25
54961323668854080,600,25
103198234966572968,600,25
3202622123074729,600,25
1765986880975818,600,25
191118734255399874,600,25
43322740027775861,600,25
49834851735229710,600,25
167168845105825180,600,25
225449700837803751,600,25
515430326098046237,600,25
114106076444396702,600,25
22004972279096673,600,25
105028648025002715,600,25
4036783680054359,600,25
18352164846839999,600,25
5741440681016975,600,25
19551016930729190,600,25
80417421491513536,600,25
62284071862780572,600,25
38754875228461449,600,25
299240454591247297,600,25
15850066971893183,600,25
7222007314837028,600,25
120253236187607033,600,25
93925100984888142,600,25
65242849316703449,600,25
193251226466364836,600,25
15720857618777059,600,25
13813795444844560,600,25
80758453308417175,600,25
122061201312873298,600,25
30861080954013527,600,25
10636515863722185,600,25
191170410592450880,600,25
424252948092294,600,25
22260840921055289,600,25
88712608187467369,600,25
35941377877651958,600,25
503048282854927901,600,25
97189760132974596,600,25
32161311824339512,600,25
152098543708482319,600,25
31208589848453497,600,25
74814687522103624,600,25
107219968352890090,600,25
50651576042220849,600,25
18864524230487565,600,25
452687645006161554,600,25
52464182076578312,600,25
52644376942612920,600,25
110706306871346505,600,25
30361795241492273,600,25
11615763061585226,600,25
6261654948291989,600,25
4881099952992859,600,25
110708937986708030,600,25
114314365909589666,600,25
150967085155322065,600,25
163803749142641,600,25
420247221611126492,600,25
30741959941949900,600,25
1742901369650283,600,25
16642287275034171,600,25
10390101013643983,600,25
152948405584458588,600,25
26936376176282691,600,25
291577614025706051,600,25
28738291936397565,600,25
27562527340751721,600,25
25081663789430296,600,25
93651079940892993,600,25
345232286527145318,600,25
1256076882537243,600,25
35893456157686743,600,25
288569123868755390,600,25
31191796838476029,600,25
104662513343147318,600,25
107550673220928049,600,25
30926956220628383,600,25
35579741632095847,600,25
14302522072698352,600,25
36093501739810117,600,25
56284865442694848,600,25
96274636418738731,600,25
36097538960328040,600,25
12699365335041183,600,25
19617379596011354,600,25
23560171128638934,600,25
24593965321783418,600,25
15476397401351480,600,25
72692261897734038,600,25
506512616879148227,600,25
44884324689502221,600,25
11403725740969444,600,25
160424027623638498,600,25
70733788725400,600,25
39643429553729750,600,25
12043544556493962,600,25
28690305978164830,600,25
25735992591025245,1200,50
99554926701444091,1200,50
17844952000142052,1200,50
14159425289965632,1200,50
33714459251942310,1200,50
42542119987115312,1200,50
11903044938166877,1200,50
5253681407794397,1200,50
110934619335592965,1200,50
70178995219800030,1200,50
17223517478682216,1200,50
41892157932225934,1200,50
15024231936714858,1200,50
1010381842616955,1200,50
23014107361307581,1200,50
30511387452029450,1200,50
8680804663177220,1200,50
23194510069987399,1200,50
13838313383005477,1200,50
58989751197184358,1200,50
43072583937503983,1200,50
20965637523088094,1200,50
44500109965725150,1200,50
30021198328989471,1200,50
72170874522465887,1200,50
7946672435882933,1200,50
3907223142191075,1200,50
10842649793051987,1200,50
72758735907832336,1200,50
37161866525596982,1200,50
55710375174235662,1200,50
10091579960642376,1200,50
144291412350396881,1200,50
22528412619384714,1200,50
5507900585462474,1200,50
389665850319005746,1200,50
14789696556658700,1200,50
103786602188043892,1200,50
120211473057374088,1200,50
16482846062257039,1200,50
133528471688558721,1200,50
21444506364591077,1200,50
50782187187503031,1200,50
82724382471833870,1200,50
39556588724220070,1200,50
17456935883173587,1200,50
103182344864352005,1200,50
270228610679060560,1200,50
17108380449732164,1200,50
94914607487935173,1200,50
10907205333775638,1200,50
34239965008067862,1200,50
109844730212273892,1200,50
81932022934566799,1200,50
203730412170938103,1200,50
106379487358175324,1200,50
34977952821876625,1200,50
6256350224665977,1200,50
7012971565389431,1200,50
30076628794003228,1200,50
37758019440759546,1200,50
25426268823120715,1200,50
12513990647574798,1200,50
54976889438363350,1200,50
101152828757641350,1200,50
216148520485802577,1200,50
6201308445228807,1200,50
11992944459273876,1200,50
409065294112511369,1200,50
116809940778423439,1200,50
23907676480042611,1200,50
67818746218342892,1200,50
47773517103669658,1200,50
13077765641261091,1200,50
42862076466928918,1200,50
47763332096493258,1200,50
9632200433462276,1200,50
1484842053590711,1200,50
17568886772216698,1200,50
18888574710671423,1200,50
28476145306693333,1200,50
16099324039664604,1200,50
61631560602069091,1200,50
45148940487944347,1200,50
10438012759798738,1200,50
431124925426934905,1200,50
27512675621871212,1200,50
10813702715826852,1200,50
18559467751663535,1200,50
13601903311947740,1200,50
88465309841006810,1200,50
125651536525550522,1200,50
25116517754521648,1200,50
49052087707529757,1200,50
102237115359515632,1200,50
10623900663670638,1200,50
4290820746756706,1200,50
28701522424660192,1200,50
119221310094602315,1200,50
7042980552829192,1200,50
5377343096050326,1200,50
94927407602587158,1200,50
21990710474152727,1200,50
328114834606243072,1200,50
34373448173140008,1200,50
8103263498585405,1200,50
17298962479253326,1200,50
24331459021722632,1200,50
34875493418333953,1200,50
23080011212043367,1200,50
10564164120554575,1200,50
83044243313190034,1200,50
58559131550511087,1200,50
254126014623025509,1200,50
23680152950926566,1200,50
36925191920504426,1200,50
107605381972425510,1200,50
163199783946297642,1200,50
162820070236957954,1200,50
62776589052194372,1200,50
156332184581317340,1200,50
109558576269169816,1200,50
352528978423946084,1200,50
2906034604541683,1200,50
6716193024194710,1200,50
323518215890598585,1200,50
24186385116214852,1200,50
27345072194274883,1200,50
17615814032446461,1200,50
18038675158288142,1200,50
35239256887451581,1200,50
112511125040866440,1200,50
25930462441213458,1200,50
158001976953331059,1200,50
150006238163084612,1200,50
21581087762308706,1200,50
4381838714521190,1200,50
16580787078517844,1200,50
25091088110968750,1200,50
38544125366947063,1200,50
27190757918727180,1200,50
27825099152054359,1200,50
120439238121883296,1200,50
9698637270207085,1200,50
27330761202092016,1200,50
6167685360624778,1200,50
19752029695389880,1200,50
26290280002027008,1200,50
16854851723913895,1200,50
276810488703654599,1200,50
19391959358366253,1200,50
276415543357097278,1200,50
164885880201499663,1200,50
71456211193604450,1200,50
1956627367466948,1200,50
88667457212547097,1200,50
12998100806213316,1200,50
124652255045669984,1200,50
94291117132996528,1200,50
16354298812879670,1200,50
372493391527438124,1200,50
112346538716193110,1200,50
134847743311495914,1200,50
18126729266908779,1200,50
176235170372773005,1200,50
24492191709690544,1200,50
20785388007016791,1200,50
1734003034025697,1200,50
59055314116725149,1200,50
1030451803000675,1200,50
369767762563212967,1200,50
6316312262335088,1200,50
20189716616127619,1200,50
108376153811888065,1200,50
165920905054282134,1200,50
170549389052392885,1200,50
1683666426185190,1200,50
50467060782664058,1200,50
94083830158711428,1200,50
107868486969586963,1200,50
222669252844184044,1200,50
120355535572090064,1200,50
2592829768208346,1200,50
37172553759220233,1200,50
23883394525248312,1200,50
37533875698621327,1200,50
111399402514506996,1200,50
4737573254134489,1200,50
84873011609325518,1200,50
2564455517603676,1200,50
5034935019121093,1200,50
336320544993451514,1200,50
44931505895222702,1200,50
143706995480710263,1200,50
185947105939910571,1200,50
103537011170035376,1200,50
330825827131007685,1200,50
22380481885611313,1200,50
142721310427091882,1200,50
2231938739142522,1200,50
52148092913783941,1200,50
2397145058248130,1200,50
311377962839714,1200,50
16699256364837679,1200,50
137444583671170555,1200,50
18881069659964117,1200,50
86994542571801670,1200,50
29535441167233325,1200,50
30291119252520414,1200,50
15233387859492850,1200,50
25598968557187340,1200,50
3456502849541174,1200,50
77245131561993904,1200,50
8760495770112632,1200,50
423326678132680730,1200,50
56791919682672851,1200,50
31177167733390235,1200,50
15744301075828840,1200,50
40324141114420035,1200,50
350283727589511379,1200,50
5351346175281282,1200,50
16312968935478378,1200,50
26458830606806179,1200,50
4557953613315924,1200,50
67856911634945323,1200,50
82048678404883051,1200,50
37027112299631223,1200,50
405223910325473229,1200,50
50648151756917467,1200,50
159364274282424410,1200,50
56881169197765898,1200,50
70788887691283189,1200,50
80806092185163174,1200,50
457103124953326676,1200,50
17488765593969657,1200,50
151070117522272145,1200,50
99057601264412653,1200,50
37293741759750845,1200,50
120531206304519402,1200,50
388601666480605054,2880,120
23606166295118623,2880,120
54527049768023196,2880,120
11803823945830086,2880,120
18960481870512147,2880,120
107150789681904098,2880,120
28501568359582078,2880,120
3891477011387440,2880,120
311567241155906,2880,120
243348673866919929,2880,120
290413211684813148,2880,120
33231310008157423,2880,120
19406934670464921,2880,120
65027600744739701,2880,120
14803499207119563,2880,120
129534512411063518,2880,120
62101591737096997,2880,120
37615157214603020,2880,120
366902457306311981,2880,120
157848781295073803,2880,120
73241575493011526,2880,120
2099709650710424,2880,120
108991894357672894,2880,120
117414818561524406,2880,120
14650368067341999,2880,120
115032260063507640,2880,120
11817573736177341,2880,120
14947581833562154,2880,120
89410531961310195,2880,120
387291785535591644,2880,120
113735968482621900,2880,120
145355046051194581,2880,120
40975566455605238,2880,120
102462323516124406,2880,120
14512347120714188,2880,120
98346828133115714,2880,120
365172577935199830,2880,120
9967435918510082,2880,120
80806131138544111,2880,120
1046228767311799,2880,120
16818655679712950,2880,120
18158431324704320,2880,120
775664071847002,2880,120
3341909422671589,2880,120
14958340346378638,2880,120
30696022291231099,2880,120
31517710997296362,2880,120
101449176740089726,2880,120
2031996305902722,2880,120
43198693841934080,2880,120
62959899710701887,2880,120
3036161561494310,2880,120
28153736335143740,2880,120
32166165514963368,2880,120
123003910303497431,2880,120
4387514402339440,2880,120
43263023174368492,2880,120
65616379192030550,2880,120
46698274552907610,2880,120
211527071329593712,2880,120
13331532167841183,2880,120
275692098345025,2880,120
1350744255779,2880,120
12803930033736437,2880,120
19020799347473950,2880,120
132633596160926990,2880,120
10087411443281611,2880,120
122383638084785,2880,120
24244413719688019,2880,120
30409176282206508,2880,120
341981945961489018,2880,120
62225598341011966,2880,120
20763235522362710,2880,120
85821437108683117,2880,120
345502362321431109,2880,120
30873123333504594,2880,120
373817923092641307,2880,120
10480168290771669,2880,120
2964297796357564,2880,120
66398904434467638,2880,120
38131625297140586,2880,120
42985513696216771,2880,120
3057348859494590,2880,120
63070137198483119,2880,120
292887211679304436,2880,120
4917529425728998,2880,120
20359660591285528,2880,120
30696018111791604,2880,120
15168040454457964,2880,120
16449555209895380,2880,120
34016016878712872,2880,120
166806346973018202,2880,120
123297304109108045,2880,120
182809021872654128,2880,120
1807148218377958,2880,120
62383488996557825,2880,120
5991491469393039,2880,120
30325358815993318,2880,120
5365037806271713,2880,120
10172630621917076,2880,120
15819625473697198,2880,120
9336618623659626,2880,120
236721940701331214,2880,120
172965130298689239,2880,120
24402423899498439,2880,120
71236847184209841,2880,120
18962738043732263,2880,120
17656842599789029,2880,120
202957626660829490,2880,120
26889449523380584,2880,120
6705623112441566,2880,120
9580659818273157,2880,120
9350936557819619,2880,120
27671479980861555,2880,120
450022033081864488,2880,120
21960386225647344,2880,120
628676711955228236,2880,120
321508410320207499,2880,120
38115391893813772,2880,120
27639922467872637,2880,120
72100197383136594,2880,120
71563412772783156,2880,120
101602690600694908,2880,120
8626827663511085,2880,120
60695995685466611,2880,120
18827398172863535,2880,120
4216278747538579,2880,120
87499092485639185,2880,120
20026785201884841,2880,120
73079227054575959,2880,120
11194402821360697,2880,120
58660951313706874,2880,120
15990867791587874,2880,120
152696977461853848,2880,120
52345761925959054,2880,120
46475310110959522,2880,120
22082139801792022,2880,120
19909082746760206,2880,120
124636654291971141,2880,120
102022663655553585,2880,120
22782461157422912,2880,120
202425359638386973,2880,120
35809532300735964,2880,120
14537397608542417,2880,120
63109470370197800,2880,120
81162337997000993,2880,120
30823966374138998,2880,120
31351985710933350,2880,120
79995838333087008,2880,120
31735666523508435,2880,120
12194812269632862,2880,120
198401190560946338,2880,120
30048308292476106,2880,120
1654320922025676,2880,120
30482152274502705,2880,120
79163689858194409,2880,120
118185710024383993,2880,120
29705803831734697,2880,120
12078619285868105,2880,120
37157879953245549,2880,120
10945231145375002,2880,120
97588277548522605,2880,120
48141390324404577,2880,120
43167188148468662,2880,120
50608929081868150,2880,120
25701418653068797,2880,120
262626773704127142,2880,120
36843812274457419,2880,120
2101246439523608,2880,120
26756570458215793,2880,120
94255323660083259,2880,120
32160292326358239,2880,120
467589944745882007,2880,120
20040704359819572,2880,120
103412178897843652,2880,120
113824451019313113,2880,120
2626272291561775,2880,120
30301018039380719,2880,120
28805402323582777,2880,120
129061899937935259,2880,120
14074423774060875,2880,120
71492827184306862,2880,120
142260828931494924,2880,120
36098340802374753,2880,120
4800820408479157,2880,120
170510933776198441,2880,120
20819292465311814,2880,120
83768058826375874,2880,120
110935925872603771,2880,120
116125236087342129,2880,120
8072998207066496,2880,120
91629247923026361,2880,120
188224929792225830,2880,120
101877277068115576,2880,120
128382694302694586,2880,120
21958324674528066,2880,120
464154792288248220,2880,120
33931826151516000,2880,120
11555356881539302,2880,120
18748916299797370,2880,120
57845177929360361,2880,120
80926364953192575,2880,120
112151141663786137,2880,120
109943850463847759,2880,120
15478330489640898,2880,120
6188509283505712,2880,120
140014545116195800,2880,120
14009729447750840,2880,120
15987039978757,2880,120
23733212285592152,2880,120
106181164065811268,2880,120
76378661123346637,2880,120
16197274069510846,2880,120
20168549466033636,2880,120
249934058362825317,600,25
22937815076485571,600,25
75427591892838929,600,25
1063731798412828,600,25
124831060732757258,600,25
11801782741738244,600,25
58770346649441142,600,25
30746808955699913,600,25
23568770888544623,600,25
111579914710515525,600,25
58024747383996046,600,25
19879281463107262,600,25
23838046069289749,600,25
12423062145418217,600,25
20319344542160880,600,25
224474542174265,600,25
342626490962270474,600,25
133534806570674,600,25
396191915983779409,600,25
115301220779391727,600,25
49073420420300102,600,25
2295418263156179,600,25
14071200635275659,600,25
238967628573270337,600,25
23465210795103373,600,25
43655187271887110,600,25
6277587971589906,600,25
15297071995071555,600,25
115410392899326222,600,25
15637072353732346,600,25
6417205797509629,600,25
45030909290887442,600,25
117169588638922536,600,25
242533554076245879,600,25
5815885322790866,600,25
18514407908987651,600,25
72382241869219406,600,25
12675216317794976,600,25
13906973466832769,600,25
137469150489353750,600,25
31332594782977438,600,25
4377147505502033,600,25
108164591291806447,600,25
10175609899294998,600,25
77230149271822336,600,25
95186514908686867,600,25
109132771986720224,600,25
13723074977951962,600,25
109051624722396064,600,25
36790389567105157,600,25
3851715906552425,600,25
368906892035150887,600,25
3705880917558734,600,25
185527437221150243,600,25
41739795666164629,600,25
19578843799032212,600,25
17928059881171131,600,25
34048563721994292,600,25
119805397892084949,600,25
95851439101867942,600,25
122623108218074286,600,25
23539248833832200,600,25
234872901609022098,600,25
237232718524429722,600,25
83018503563899294,600,25
21377853294706365,600,25
60435940396818330,600,25
8152431550464430,600,25
43915613578083202,600,25
398828122426459058,600,25
10058167265202465,600,25
329054669793267088,600,25
18444405019695888,600,25
1582670416477284,600,25
33432163998284184,600,25
27185095098048174,600,25
14858536792911890,600,25
232897902881513892,600,25
2167257589545239,600,25
10452294348607325,600,25
3617179660769798,600,25
30337883896869524,600,25
979529742122374,600,25
38202030106376492,600,25
116515341110938910,600,25
18429354074972134,600,25
108246154282733415,600,25
23695850350371170,600,25
389147116920932060,600,25
18783410835110816,600,25
140664554813118782,600,25
78607140295631833,600,25
41277713995715405,600,25
287657493180169696,600,25
16446584887969083,600,25
83598176967272605,600,25
8688045906770756,600,25
27840763527589336,600,25
31208922929591244,600,25
29516234553119148,600,25
17952768268611948,600,25
37263880229264211,600,25
111363496634824154,600,25
22390763161601780,600,25
33220095703310208,600,25
16049702451794710,600,25
18049980228108590,600,25
9394739534916252,600,25
32372802036014826,600,25
83811159454136145,600,25
120972313345728001,600,25
329219506519910127,600,25
635384410295752,600,25
28168488361652726,600,25
75006709480014894,600,25
3737233320153147,600,25
104135037978355248,600,25
44921200891386566,600,25
39856682965652282,600,25
111523245220960297,600,25
130447419461962397,600,25
93443627985942165,600,25
8537960355762010,600,25
102780272852308964,600,25
285496078008149463,600,25
87357501052651193,600,25
12237395337595445,600,25
29935754199726255,600,25
4572416648743196,600,25
7706295883381529,600,25
3521956357550846,600,25
15289323575186229,600,25
5148378797802640,600,25
47492909778022664,600,25
9875278759967349,600,25
26284398765968009,600,25
94875874398840119,600,25
93261679082918595,600,25
56953145698402003,600,25
10557765718935720,600,25
26510455539653941,600,25
26512172796677364,600,25
78722825466347441,600,25
12178383378783023,600,25
50978492435337029,600,25
7001337988111513,600,25
105032396241525109,600,25
22836081768107723,600,25
732817400851506,600,25
105246672380613098,600,25
13361375526600247,600,25
94863439074196563,600,25
79497848854758931,600,25
19945725546995275,600,25
31475697375496580,600,25
37955644048963506,600,25
31758150673082906,600,25
1641236457082058,600,25
373049054458666490,600,25
58750450011586934,600,25
94643427609234205,600,25
7508153590870046,600,25
536234340511695705,600,25
148017152450020821,600,25
185474403481749559,600,25
16016852731430391,600,25
160457888874082532,600,25
4649159301953357,600,25
396897318337238802,600,25
91162865569935074,600,25
370603125303058946,600,25
160679092653967011,600,25
20652579444821287,600,25
240669961098113200,600,25
22975074944839569,600,25
120096572503537798,600,25
96556127989118198,600,25
9554803534283925,600,25
55548672942687374,600,25
1720012882977117,600,25
29796908804090094,600,25
21428694106505519,600,25
84686536056320557,600,25
128193976683191375,600,25
314407590558665344,600,25
27300954485793016,600,25
83332287813145354,600,25
90920087757132796,600,25
13499316446049687,600,25
49668172044534799,600,25
280641678698428271,600,25
24965498303971728,600,25
114597655141472690,600,25
30906633366151977,600,25
157908406804424055,600,25
12183743987621528,600,25
4305837747809803,600,25
274246298591610,600,25
196050791703347971,600,25
2402136685130507,600,25
18073438965096421,600,25
11279817996678756,600,25
91544429759841478,600,25
36713814639220634,600,25
24440091894837021,600,25
90289969643758234,600,25
5651241105542160,600,25
52426647179330589,600,25
45212692581879752,600,25
44214930090217304,600,25
127511953336269795,600,25
22046424614428855,600,25
75119700169317969,600,25
31177247982429590,600,25
268073350426395995,600,25
75511512742458331,600,25
1146899703879130,600,25
327480520440447201,600,25
11233938449375340,600,25
8116210261270223,600,25
21866022535323685,600,25
80211896786493920,600,25
199045695006257148,600,25
87766480706725762,600,25
157087487646620745,600,25
277045689292002407,600,25
6081498737007475,600,25
19804426882577296,600,25
113833111932940555,1080,45
33899368812112949,1080,45
15103622495800380,1080,45
60252590028040196,1080,45
167490385210182494,1080,45
22815179777630122,1080,45
377604731938479034,1080,45
105571854059287069,1080,45
10813594686304414,1080,45
114633796363897700,1080,45
20753689075626840,1080,45
74702959582748818,1080,45
26911187569415947,1080,45
60107595549455026,1080,45
65220453120090406,1080,45
16363509044569166,1080,45
180508349152289284,1080,45
1120652488132620,1080,45
126161005771978388,1080,45
196580847915101486,1080,45
118746265419748043,1080,45
118063811988145205,1080,45
43542776177310008,1080,45
19027400739333814,1080,45
50269098899686734,1080,45
25759919950524503,1080,45
123387746770273389,1080,45
41162116062300411,1080,45
23420117384329789,1080,45
28951564703891041,1080,45
89591253901894083,1080,45
127089370487733539,1080,45
229615817798826964,1080,45
142015511397678154,1080,45
127556848773358615,1080,45
132657569835422011,1080,45
23190133509296018,1080,45
124922561560354174,1080,45
15419875607029577,1080,45
6064487638319185,1080,45
513324374992048611,1080,45
16053339312180960,1080,45
30465878999665149,1080,45
164685699060229027,1080,45
402448218305849114,1080,45
11871348948773808,1080,45
71039164804153462,1080,45
60055839434102721,1080,45
33538972720556352,1080,45
29298015643410128,1080,45
175230427576677682,1080,45
33481853926966272,1080,45
40741885710023340,1080,45
10663901558441043,1080,45
89579444719703073,1080,45
11196236486998876,1080,45
108018055802113220,1080,45
119921095294763648,1080,45
7641799858275879,1080,45
35557578094551666,1080,45
12352969713298033,1080,45
6047815016341519,1080,45
38019585347021869,1080,45
66830427357165262,1080,45
18288427943247813,1080,45
19899493746352597,1080,45
114576831509753549,1080,45
3426593180489242,1080,45
37826518209398107,1080,45
11912368444456452,1080,45
53073919170457107,1080,45
119289436388074003,1080,45
107408410197849309,1080,45
22876189207299406,1080,45
34561239132206393,1080,45
31420565732736229,1080,45
43056090857548907,1080,45
209437284574512182,1080,45
20359082388998583,1080,45
69644676169493340,1080,45
6985633178109436,1080,45
15336751902398379,1080,45
129082982406281088,1080,45
19274306598659939,1080,45
15814029891064393,1080,45
37001738095413988,1080,45
77363313749948830,1080,45
37133208410931393,1080,45
2741255543446518,1080,45
22245271325237824,1080,45
34699794586699419,1080,45
116214546452599248,1080,45
19334195379518319,1080,45
74192271449293133,1080,45
256855883556670038,1080,45
86108143968644331,1080,45
10633857704175264,1080,45
46999117024758458,1080,45
36096749043594394,1080,45
3127160291624535,1080,45
119606697147474180,1080,45
29306764470468662,1080,45
303544144456904398,1080,45
17815357705790659,1080,45
24265080594941802,1080,45
73087263577736292,1080,45
1935221166438565,1080,45
27761175739964580,1080,45
53534902259998641,1080,45
7766977255903408,1080,45
4401351197528539,1080,45
13978257175065728,1080,45
67535935247725912,1080,45
84206781224580052,1080,45
228197628036984406,1080,45
53281842782626771,1080,45
29226923822874531,1080,45
65140716148315720,1080,45
38527944799303188,1080,45
172855620447386049,1080,45
99901348844411272,1080,45
33972599633603521,1080,45
53377478849248076,1080,45
176381809657206622,1080,45
29067346758786079,1080,45
11325030531875712,1080,45
21914439102673870,1080,45
9356430460960784,1080,45
27158940802171265,1080,45
24255684062203593,1080,45
117897551474654495,1080,45
121600680939553720,1080,45
169346727196687711,1080,45
91710903057647592,1080,45
255246802523631185,1080,45
44988669581379359,1080,45
61198321085216583,1080,45
9529275636970321,1080,45
47107937734519556,1080,45
89218249977338167,1080,45
1025370867813063,1080,45
17944340297872833,1080,45
69261954997209391,1080,45
142821675709977772,1080,45
213138987271560941,1080,45
384851086436665694,1080,45
20110663262889868,1080,45
108105410285201877,1080,45
372322532044162476,1080,45
167685676056312462,1080,45
249890282438695123,1080,45
36358216106982612,1080,45
106522975814817829,1080,45
80370929988498059,1080,45
75267099078161920,1080,45
140686224386767587,1080,45
665965882285614,1080,45
967710802052709,1080,45
155811328484920133,1080,45
24193050217813966,1080,45
119815615874071000,1080,45
9966044909205190,1080,45
63577735814486982,1080,45
13313042724414944,1080,45
30376333895846789,1080,45
16467722293908293,1080,45
3085800022097020,1080,45
31396442974202698,1080,45
31902069477984901,1080,45
98964432082929567,1080,45
58940982221489917,1080,45
278490568519236038,1080,45
3147560974624710,1080,45
24263725557680161,1080,45
36031165838625108,1080,45
159634436087713263,1080,45
18541163571708745,1080,45
771946058836061,1080,45
18854265977964194,1080,45
7742469558350455,1080,45
23279581880874393,1080,45
46125886880467499,1080,45
274556311963523605,1080,45
4562718407510416,1080,45
22841968552309001,1080,45
56571760610112800,1080,45
32686684245756526,1080,45
4166383451587813,1080,45
120247829111751137,1080,45
16227874819104430,1080,45
35768122765328684,1080,45
36120703211572758,1080,45
449601595230337836,1080,45
4915817584540214,1080,45
204887010882308091,1080,45
1888531193390624,1080,45
76615881341774693,1080,45
653056859701918,1080,45
501124811336568,1080,45
57412890676046380,1080,45
7968022406046533,1080,45
492840243880286346,1080,45
79613084179431740,1080,45
60211935490738807,1080,45
8487352988641074,1080,45
59872377893307757,1080,45
74166612074498414,1080,45
12818028653947533,1080,45
7042770012420765,1080,45
43682430885549489,1080,45
516000728876267307,1080,45
106892615396244442,1080,45
93836190977704369,1080,45
71234613662419798,1080,45
27362917394835610,1080,45
3586529972541373,1080,45
361902698058268,1080,45
52461157946915113,1080,45
9168625316194689,1080,45
107972723897830691,1080,45
86197676920663693,1080,45
11735259566652311,1080,45
74212242326719140,1080,45
96032107616771540,1080,45
220038641825544485,1080,45
81915999576677556,1080,45
21856448133679522,1080,45
1486936190218208,1080,45
261058058715213898,1080,45
129412097240736618,1080,45
165676037644065020,1080,45
72534193963102212,1080,45
60426180555073818,1080,45
19610284727252294,1080,45
830655016456659,1080,45
71550152585233559,1080,45
8407283040304730,1080,45
34226058009333120,1080,45
242325189389465894,1080,45
15674402066139322,1080,45
5427528171960045,1080,45
20060109163946164,1080,45
7385985778004042,1080,45
30096018372699511,912,38
26173760912226941,912,38
72035718124593356,912,38
68409969906550034,912,38
29741429058152439,912,38
198530862181755969,912,38
63354282852043575,912,38
38366956678506777,912,38
31624457040648632,912,38
12719220812063205,912,38
1306770108359922,912,38
65029707749017118,912,38
19914006405913386,912,38
14933502135694563,912,38
3752516140561093,912,38
6639561761912710,912,38
61546447616190809,912,38
18820181868182638,912,38
426913328392073969,912,38
108138900209372688,912,38
29500223490217483,912,38
22744573535024588,912,38
24099283446117918,912,38
109047896135327018,912,38
89649245197424721,912,38
9854504203712869,912,38
126926771122469330,912,38
59435696242551873,912,38
142656613311246744,912,38
68664696561416448,912,38
93995862561129726,912,38
52854534143766048,912,38
2611348613184986,912,38
12551931626353608,912,38
50631826534637962,912,38
75089545258050258,912,38
11758682723436686,912,38
3200965619486010,912,38
11106402640108569,912,38
339492683876316333,912,38
52840801092496065,912,38
27051978222283172,912,38
342796973581841307,912,38
1524735876747911,912,38
7657617184982131,912,38
65897616556748040,912,38
4262525011058791,912,38
54890081213400147,912,38
92547657034323824,912,38
2440979961572485,912,38
6937074114957796,912,38
1825194592085012,912,38
62124486587084309,912,38
120997075484022922,912,38
18942344809987485,912,38
5447196620323977,912,38
31017554892536493,912,38
20922514774438614,912,38
19929069037842883,912,38
18659081723134780,912,38
26785729146791753,912,38
31972131112172523,912,38
23621227742666781,912,38
31642229914270818,912,38
8152659869488615,912,38
27581943486724702,912,38
98698379978051053,912,38
13058168451013085,912,38
17824232523764177,912,38
70048084490366664,912,38
334375575983524757,912,38
131471826958305832,912,38
6875915906218090,912,38
105866119155805411,912,38
10936733173252546,912,38
61696542364834691,912,38
313068399715737859,912,38
15550448897064515,912,38
146725564880862442,912,38
82525634270530487,912,38
19760578745877370,912,38
24385236473034252,912,38
19044776540948096,912,38
130211975241529841,912,38
1055049516637516,912,38
2291117573434731,912,38
54588589345727530,912,38
3271472583802111,912,38
22915998901844217,912,38
82202006343289624,912,38
57374432406853267,912,38
174260327205832207,912,38
19244575134696096,912,38
121366675351053482,912,38
31900696086781214,912,38
29099714389898505,912,38
11410992442475374,912,38
160509921347889368,912,38
88903103987931938,912,38
27136425683586998,912,38
28781070750948837,912,38
2536676673196317,912,38
122551515146099529,912,38
19115263176420450,912,38
111760477992194015,912,38
198664463601132427,912,38
24686048020836022,912,38
29606949706271044,912,38
33979460373986166,912,38
122496376982408970,912,38
106720372845487010,912,38
11551903818996982,912,38
27616276177313346,912,38
28893132997300710,912,38
7758989308856861,912,38
118398125031042846,912,38
103021781361576144,912,38
11093924794319313,912,38
6687506365569437,912,38
15007001609817304,912,38
23273221952474895,912,38
97561172970224324,912,38
86702093072943298,912,38
21360299467879450,912,38
351938605855471916,912,38
29266409280154779,912,38
4730611029628573,912,38
241870046684638464,912,38
23946674323843709,912,38
86178929149552356,912,38
17184828035296746,912,38
77795775962058403,912,38
54849383816949235,912,38
493665768277284870,912,38
19925545191581574,912,38
52139786875711535,912,38
124514374645194896,912,38
68794725297132630,912,38
17239744131235127,912,38
18463582114661095,912,38
14169145332374662,912,38
29746962094076750,912,38
84159134171699793,912,38
20738885711910833,912,38
55241254300774939,912,38
55205298844932000,912,38
19715080248052743,912,38
32408855410989401,912,38
7162694344253375,912,38
7347202651064359,912,38
164450492131187069,912,38
391592523658628608,912,38
56520555821205004,912,38
58023444616881900,912,38
27671551407104193,912,38
33258147902175319,912,38
226962236662775030,912,38
90870227053058267,912,38
21907644602879219,912,38
8495950307273077,912,38
75434879559671426,912,38
1754948321587392,912,38
17734049089537036,912,38
16754504168587816,912,38
2777029455870480,912,38
159707772814005897,912,38
152872615845251119,912,38
29901539542174299,912,38
16887514495186016,912,38
200926309614968404,912,38
11181929440338,912,38
18768043902045511,912,38
349713612177573921,912,38
101483882436934982,912,38
22627772340750681,912,38
628804596877224,912,38
44988713385725061,912,38
26642151866539429,912,38
44727919056525751,912,38
38459625735858164,912,38
6211776714516685,912,38
101741743530241712,912,38
350859841876743782,912,38
61392317897342063,912,38
488959227300032278,912,38
1206753469145046,912,38
58310023138494287,912,38
102257921252340888,912,38
37609166219048770,912,38
14590636722190074,912,38
329120079659778048,912,38
21791067337555122,912,38
25156520577847221,912,38
43450807910191450,912,38
22105105632692078,912,38
5191659192010635,912,38
282110565702968434,912,38
100419603211361040,912,38
57748840227863445,912,38
18009185143633649,912,38
28557355867988775,912,38
20074703030288134,912,38
12292286316927978,912,38
100964225855393193,912,38
212478771412448000,912,38
64205131379056205,912,38
13092609778046192,912,38
55822149297338844,912,38
70949825058025459,912,38
161428827548657049,912,38
31481547423516067,912,38
79371307461305547,912,38
240939039488000331,912,38
74401168356824773,912,38
346208331167982778,912,38
96763778665455766,912,38
66364637101719516,912,38
148197501363138572,912,38
92433280179552677,912,38
16498214389138500,912,38
67686852288121769,912,38
22646620752614886,912,38
267494197979084539,912,38
21742271299828480,912,38
1831266682706529,912,38
94362553958871595,912,38
967167017315012,912,38
109176093473691,912,38
42836674891818122,4704,196
59786094582151271,4704,196
21817989625347313,4704,196
7230131124729144,4704,196
19053701048947775,4704,196
37274563161878276,4704,196
213613133069532979,4704,196
169605464505483045,4704,196
22249833815731084,4704,196
22802277004782685,4704,196
3491006855383053,4704,196
54187715182010952,4704,196
167819128761983245,4704,196
7286556335073968,4704,196
231712927268501566,4704,196
27115412448774390,4704,196
880195492215558,4704,196
40424621585838673,4704,196
9027293722430942,4704,196
6601940411360630,4704,196
2412116189842124,4704,196
29467281355591993,4704,196
15846425690656759,4704,196
128732252674250397,4704,196
24281563607396889,4704,196
18228420608109694,4704,196
25341169023393154,4704,196
1876441129084658,4704,196
385396712971672,4704,196
28116897168427046,4704,196
13775615448537268,4704,196
26856784793696643,4704,196
105610561053328569,4704,196
152953376552266187,4704,196
250626836871862314,4704,196
117424925226502924,4704,196
49169394299460018,4704,196
36107519144921459,4704,196
39986366354887189,4704,196
124215974655395146,4704,196
28028360389729455,4704,196
49270988101737730,4704,196
2715691647111629,4704,196
30417098713103446,4704,196
4651032050721113,4704,196
53274353246271324,4704,196
164015035692890528,4704,196
411254849027931322,4704,196
20997306525081493,4704,196
22847423829916196,4704,196
38784157649837435,4704,196
55047144716732974,4704,196
7901657903055393,4704,196
110177729536940561,4704,196
245884178430395085,4704,196
105253677114088560,4704,196
3835238952814805,4704,196
191764359071055870,4704,196
307606048616016172,4704,196
6583278878564509,4704,196
3063364146430495,4704,196
40048090916094534,4704,196
30409811497356288,4704,196
89789712593368615,4704,196
191840105421732081,4704,196
22116821085194139,4704,196
1704944310266745,4704,196
361305298295534883,4704,196
30480200358328281,4704,196
92265774997993751,4704,196
11663638686163678,4704,196
63600594230490588,4704,196
24268249506594724,4704,196
74456484618186916,4704,196
30475523513499488,4704,196
34261116123153741,4704,196
18964695649465228,4704,196
16963961465678817,4704,196
276131446961248566,4704,196
4618245639924469,4704,196
129047131056656712,4704,196
20868272113370377,4704,196
182819330202364230,4704,196
5541655717778291,4704,196
23155911787276924,4704,196
39944827125996,4704,196
17848020313454780,4704,196
32775405912562032,4704,196
18906901831917041,4704,196
69436557619115958,4704,196
26101630688074456,4704,196
36151118152570335,4704,196
33959077789469424,4704,196
282945657470274265,4704,196
1656159846694433,4704,196
32875618980712328,4704,196
103266639816315005,4704,196
104687884081914813,4704,196
11973360253135022,4704,196
3001334863242547,4704,196
68621873859718251,4704,196
75287231058014619,4704,196
235617851295485642,4704,196
166048308774422837,4704,196
28338017735607165,4704,196
32341078823450155,4704,196
31406020042323924,4704,196
6146678161728894,4704,196
39360238387743130,4704,196
11819577811188568,4704,196
26109239099443334,4704,196
45518444487497301,4704,196
665888696797586,4704,196
29066929574516548,4704,196
1798020961441911,4704,196
140006277602084338,4704,196
16095210476621834,4704,196
103137136900747523,4704,196
115532602956930798,4704,196
40722318783681530,4704,196
2230781037261171,4704,196
22900166180133103,4704,196
62673557368219614,4704,196
17144852352128469,4704,196
86548062946386377,4704,196
301435121063980451,4704,196
11777407496779861,4704,196
161138509833660009,4704,196
86251792232707239,4704,196
121007342043223565,4704,196
9844839026495437,4704,196
154063117058543195,4704,196
3890821121288615,4704,196
61359400350511503,4704,196
15819684454567680,4704,196
7665136115626526,4704,196
101466839771869537,4704,196
27827201833062809,4704,196
120846443370572078,4704,196
437804349132378069,4704,196
4747905553279046,4704,196
363010624590701859,4704,196
77154121160820418,4704,196
104387562002353372,4704,196
105184675306539324,4704,196
167155891827267143,4704,196
14198093239328345,4704,196
20502448447645076,4704,196
20565417789280994,4704,196
8906766589339690,4704,196
49764221671432210,4704,196
94446112923423355,4704,196
74040687000164051,4704,196
179738751605714522,4704,196
31360530121020817,4704,196
96163625762217181,4704,196
10673538093248694,4704,196
7142752899735321,4704,196
17199272692956160,4704,196
16218856588661969,4704,196
120999865377856952,4704,196
16028616023267607,4704,196
17337820448875234,4704,196
292263891917542669,4704,196
16328466514577765,4704,196
17393111536293843,4704,196
56049744298267242,4704,196
21857907107524478,4704,196
214799417207315051,4704,196
360831412060341300,4704,196
131181373708518735,4704,196
4686566972354586,4704,196
282035992126097943,4704,196
78723797122736523,4704,196
39695424772273933,4704,196
24391746794647127,4704,196
108519224254215430,4704,196
39134836176729070,4704,196
516624901574795058,4704,196
17699251910461654,4704,196
92445126429191928,4704,196
124497307520212488,4704,196
79610786249673856,4704,196
13857288136177147,4704,196
256311894360158741,4704,196
22553028511445498,4704,196
7823156635611437,4704,196
30384065689578881,4704,196
92250835611156669,4704,196
107566135773604552,4704,196
21694456476646183,4704,196
8516272754978104,4704,196
299144189792344417,4704,196
108088847067786520,4704,196
163439275764073568,4704,196
2497162327420908,4704,196
74866901966407036,4704,196
74517552437739098,4704,196
118655114301030835,4704,196
102472076296159843,4704,196
76480319483341732,4704,196
20137774375988637,4704,196
26622987041740662,4704,196
80051446753633237,4704,196
26715061442820545,4704,196
56426392743110831,4704,196
257132888115372290,4704,196
112623632624973397,4704,196
75131531431169004,4704,196
41240683427209405,4704,196
1001027908207854,4704,196
73267686793478275,4704,196
31442574125824611,4704,196
24620125434602145,4704,196
2705965911987754,4704,196
62359206633706253,4704,196
50833476996413767,4704,196
273864188963231719,4704,196
14253608875393405,4704,196
119083461267186346,4704,196
76916374829665851,4704,196
3425157219265562,4704,196
22565193204674614,4704,196
14803311143098830,4704,196
121806176874157275,504,21
17875274420426779,504,21
22390005912994005,504,21
191285892060802399,504,21
153652275534131673,504,21
33871918650750652,504,21
205991544226341701,504,21
4883493237553373,504,21
70539385699169227,504,21
16722671302445260,504,21
225209494426482811,504,21
6527587594857580,504,21
16975010261801530,504,21
54544231080943637,504,21
384209650838295311,504,21
28546313853651769,504,21
110123888623028816,504,21
23588293074940734,504,21
29318432753512231,504,21
19055401175966824,504,21
110043275930946465,504,21
241450200230060275,504,21
113044641472474562,504,21
15317434312873496,504,21
364562106054122888,504,21
535343653709326,504,21
137249535340454961,504,21
41657004531030376,504,21
10513899003956037,504,21
34193223457189580,504,21
3917252245979884,504,21
17670139756660340,504,21
286821542961974067,504,21
17164299638283499,504,21
10857900254493506,504,21
11583752211166505,504,21
135643809102559746,504,21
12893853339530605,504,21
30196383741029569,504,21
326389661121402640,504,21
9853876527409829,504,21
5872454978955309,504,21
113320425082516077,504,21
461145326339668927,504,21
20522021984327552,504,21
417291660680805586,504,21
94502473151706828,504,21
90206409083386598,504,21
259685907760095215,504,21
28290545792070518,504,21
16263116452956339,504,21
61975689348321819,504,21
14043683346300743,504,21
28611313484473316,504,21
16592150904432738,504,21
108955955552145985,504,21
19715456999945634,504,21
18493398064552335,504,21
8703663412702333,504,21
12022756404472782,504,21
16600961405684296,504,21
97004399327039460,504,21
1750000450391947,504,21
12586013805500359,504,21
11950130750077239,504,21
116839781143207947,504,21
124830958204789344,504,21
31955522781545453,504,21
43720759121887539,504,21
3571656140614212,504,21
15168710995774204,504,21
30511661717033882,504,21
87005595325658179,504,21
2975745751359142,504,21
10389656773814036,504,21
854166449302617,504,21
75523143039333935,504,21
32065090938554522,504,21
5484893488301675,504,21
41285739552185744,504,21
18394348652972460,504,21
11145585344206384,504,21
199230036228793087,504,21
350718751903903770,504,21
44357259354178862,504,21
86839060352719354,504,21
77759731524022461,504,21
6936831825675222,504,21
241340001409544897,504,21
72636118759926702,504,21
17652599368634587,504,21
212192754536143263,504,21
1896201929932420,504,21
2543160807398502,504,21
127055330911945211,504,21
62615671213832271,504,21
81104094647581017,504,21
203189089200375,504,21
3795728957306017,504,21
12747093897438253,504,21
81637923810049519,504,21
118627231921920592,504,21
4751586171390556,504,21
277114462565803390,504,21
98843471092913679,504,21
18020016823286720,504,21
25160053430860695,504,21
98967546615263610,504,21
37402487609440646,504,21
26658557349435255,504,21
112616414246774126,504,21
145960177314930520,504,21
26037558213796557,504,21
238693163188957189,504,21
53739865284794160,504,21
627211336584109,504,21
17860047170017836,504,21
37176219858219579,504,21
126256227017255213,504,21
4817720203597359,504,21
61160453506661122,504,21
69345755822249043,504,21
30835625917705190,504,21
2380069579983986,504,21
67520436910853464,504,21
17984269303693218,504,21
77821793834569312,504,21
121478077231826798,504,21
166372455026273,504,21
24301172632021274,504,21
130751729647301112,504,21
354865516440269891,504,21
10448406641921879,504,21
52375593263777912,504,21
7302903838814892,504,21
141748723649908644,504,21
18892143980881819,504,21
11639378173089786,504,21
50177078329507398,504,21
19210787282226727,504,21
108796365076123590,504,21
84321474557168784,504,21
20088237192676647,504,21
91583211622161258,504,21
28039358935099506,504,21
100907122944821032,504,21
71507598254828946,504,21
340916646245398634,504,21
264684643262155810,504,21
8901599310223744,504,21
46561479853065528,504,21
20435246383152924,504,21
119127768064238908,504,21
125944216445779295,504,21
1094730252212489,504,21
27910780771671368,504,21
24756514008212961,504,21
30009366235969070,504,21
139303617370098051,504,21
21534423539543943,504,21
10737428391145904,504,21
54219279893209714,504,21
157553608287040454,504,21
55674681804418757,504,21
11085838574971113,504,21
62430875351492969,504,21
1583156068713024,504,21
37856461580527961,504,21
239950055945626045,504,21
13076554693945413,504,21
95593758276261537,504,21
126412085860967992,504,21
23951129236089270,504,21
121929847222687246,504,21
124802290495160281,504,21
17809940062258981,504,21
23200604181090754,504,21
12291297966789942,504,21
34979248548552219,504,21
13236459302669710,504,21
243175644598811386,504,21
25854645108475186,504,21
21835093690502100,504,21
73279835461609762,504,21
78116712054361034,504,21
25555623256306954,504,21
39162344543879423,504,21
392646686421595545,504,21
66004341615699446,504,21
39774015476485166,504,21
28009528392417066,504,21
59012405921484008,504,21
70525229375123535,504,21
157218775023279584,504,21
22887310459467047,504,21
15284486773861907,504,21
76615342467545820,504,21
150055927675158197,504,21
13328722069342279,504,21
5237494957569591,504,21
87231693756158586,504,21
112213509398367691,504,21
301415682456406,504,21
103325513668319665,504,21
95481471566164978,504,21
1494131602817166,504,21
28194786840250494,504,21
71093425612112319,504,21
44636214328173067,504,21
7567596010606321,504,21
17538747750452985,504,21
30177373080118246,504,21
269178078559014798,504,21
